ds,station_id,y
2026-01-01 00:00:00,STATION_001,6.46
2026-01-01 00:15:00,STATION_001,5.72
2026-01-01 00:30:00,STATION_001,4.91
2026-01-01 00:45:00,STATION_001,10.92
2026-01-01 01:00:00,STATION_001,11.81
2026-01-01 01:15:00,STATION_001,17.26
2026-01-01 01:30:00,STATION_001,19.21
2026-01-01 01:45:00,STATION_001,21.04
2026-01-01 02:00:00,STATION_001,22.57
2026-01-01 02:15:00,STATION_001,22.85
2026-01-01 02:30:00,STATION_001,23.96
2026-01-01 02:45:00,STATION_001,24.56
2026-01-01 03:00:00,STATION_001,21.55
2026-01-01 03:15:00,STATION_001,21.57
2026-01-01 03:30:00,STATION_001,21.73
2026-01-01 03:45:00,STATION_001,18.98
2026-01-01 04:00:00,STATION_001,22.43
2026-01-01 04:15:00,STATION_001,24.66
2026-01-01 04:30:00,STATION_001,26.67
2026-01-01 04:45:00,STATION_001,26.59
2026-01-01 05:00:00,STATION_001,26.4
2026-01-01 05:15:00,STATION_001,28.86
2026-01-01 05:30:00,STATION_001,29.02
2026-01-01 05:45:00,STATION_001,32.48
2026-01-01 06:00:00,STATION_001,32.5
2026-01-01 06:15:00,STATION_001,32.61
2026-01-01 06:30:00,STATION_001,33.99
2026-01-01 06:45:00,STATION_001,35.05
2026-01-01 07:00:00,STATION_001,35.09
2026-01-01 07:15:00,STATION_001,36.58
2026-01-01 07:30:00,STATION_001,37.9
2026-01-01 07:45:00,STATION_001,40.1
2026-01-01 08:00:00,STATION_001,40.27
2026-01-01 08:15:00,STATION_001,39.65
2026-01-01 08:30:00,STATION_001,35.36
2026-01-01 08:45:00,STATION_001,39.87
2026-01-01 09:00:00,STATION_001,42.02
2026-01-01 09:15:00,STATION_001,43.44
2026-01-01 09:30:00,STATION_001,44.43
2026-01-01 09:45:00,STATION_001,45.62
2026-01-01 10:00:00,STATION_001,49.08
2026-01-01 10:15:00,STATION_001,49.86
2026-01-01 10:30:00,STATION_001,50.83
2026-01-01 10:45:00,STATION_001,53.21
2026-01-01 11:00:00,STATION_001,51.84
2026-01-01 11:15:00,STATION_001,49.99
2026-01-01 11:30:00,STATION_001,50.08
2026-01-01 11:45:00,STATION_001,49.1
2026-01-01 12:00:00,STATION_001,51.82
2026-01-01 12:15:00,STATION_001,56.0
2026-01-01 12:30:00,STATION_001,57.51
2026-01-01 12:45:00,STATION_001,64.55
2026-01-01 13:00:00,STATION_001,68.54
2026-01-01 13:15:00,STATION_001,70.62
2026-01-01 13:30:00,STATION_001,74.15
2026-01-01 13:45:00,STATION_001,75.59
2026-01-01 14:00:00,STATION_001,77.71
2026-01-01 14:15:00,STATION_001,75.0
2026-01-01 14:30:00,STATION_001,76.06
2026-01-01 14:45:00,STATION_001,75.66
2026-01-01 15:00:00,STATION_001,75.93
2026-01-01 15:15:00,STATION_001,76.85
2026-01-01 15:30:00,STATION_001,78.35
2026-01-01 15:45:00,STATION_001,78.85
2026-01-01 16:00:00,STATION_001,80.3
2026-01-01 16:15:00,STATION_001,76.13
2026-01-01 16:30:00,STATION_001,80.1
2026-01-01 16:45:00,STATION_001,80.46
2026-01-01 17:00:00,STATION_001,82.23
2026-01-01 17:15:00,STATION_001,81.98
2026-01-01 17:30:00,STATION_001,82.48
2026-01-01 17:45:00,STATION_001,84.65
2026-01-01 18:00:00,STATION_001,88.68
2026-01-01 18:15:00,STATION_001,91.83
2026-01-01 18:30:00,STATION_001,92.44
2026-01-01 18:45:00,STATION_001,94.69
2026-01-01 19:00:00,STATION_001,5.0
2026-01-01 19:15:00,STATION_001,8.97
2026-01-01 19:30:00,STATION_001,10.48
2026-01-01 19:45:00,STATION_001,12.82
2026-01-01 20:00:00,STATION_001,15.31
2026-01-01 20:15:00,STATION_001,19.24
2026-01-01 20:30:00,STATION_001,20.75
2026-01-01 20:45:00,STATION_001,25.6
2026-01-01 21:00:00,STATION_001,26.02
2026-01-01 21:15:00,STATION_001,25.2
2026-01-01 21:30:00,STATION_001,25.55
2026-01-01 21:45:00,STATION_001,25.88
2026-01-01 22:00:00,STATION_001,29.19
2026-01-01 22:15:00,STATION_001,29.39
2026-01-01 22:30:00,STATION_001,29.53
2026-01-01 22:45:00,STATION_001,30.05
2026-01-01 23:00:00,STATION_001,30.44
2026-01-01 23:15:00,STATION_001,30.62
2026-01-01 23:30:00,STATION_001,32.09
2026-01-01 23:45:00,STATION_001,32.94
2026-01-02 00:00:00,STATION_001,32.63
2026-01-02 00:15:00,STATION_001,33.97
2026-01-02 00:30:00,STATION_001,35.67
2026-01-02 00:45:00,STATION_001,34.28
2026-01-02 01:00:00,STATION_001,33.43
2026-01-02 01:15:00,STATION_001,31.1
2026-01-02 01:30:00,STATION_001,29.7
2026-01-02 01:45:00,STATION_001,35.59
2026-01-02 02:00:00,STATION_001,38.41
2026-01-02 02:15:00,STATION_001,42.93
2026-01-02 02:30:00,STATION_001,42.74
2026-01-02 02:45:00,STATION_001,41.79
2026-01-02 03:00:00,STATION_001,44.25
2026-01-02 03:15:00,STATION_001,45.15
2026-01-02 03:30:00,STATION_001,48.04
2026-01-02 03:45:00,STATION_001,47.4
2026-01-02 04:00:00,STATION_001,47.82
2026-01-02 04:15:00,STATION_001,46.64
2026-01-02 04:30:00,STATION_001,47.09
2026-01-02 04:45:00,STATION_001,46.92
2026-01-02 05:00:00,STATION_001,48.79
2026-01-02 05:15:00,STATION_001,49.56
2026-01-02 05:30:00,STATION_001,54.87
2026-01-02 05:45:00,STATION_001,50.13
2026-01-02 06:00:00,STATION_001,48.75
2026-01-02 06:15:00,STATION_001,53.82
2026-01-02 06:30:00,STATION_001,55.65
2026-01-02 06:45:00,STATION_001,55.16
2026-01-02 07:00:00,STATION_001,54.27
2026-01-02 07:15:00,STATION_001,57.93
2026-01-02 07:30:00,STATION_001,60.44
2026-01-02 07:45:00,STATION_001,63.29
2026-01-02 08:00:00,STATION_001,64.48
2026-01-02 08:15:00,STATION_001,67.14
2026-01-02 08:30:00,STATION_001,68.33
2026-01-02 08:45:00,STATION_001,69.58
2026-01-02 09:00:00,STATION_001,67.66
2026-01-02 09:15:00,STATION_001,65.98
2026-01-02 09:30:00,STATION_001,64.56
2026-01-02 09:45:00,STATION_001,63.41
2026-01-02 10:00:00,STATION_001,59.85
2026-01-02 10:15:00,STATION_001,58.53
2026-01-02 10:30:00,STATION_001,59.85
2026-01-02 10:45:00,STATION_001,63.16
2026-01-02 11:00:00,STATION_001,63.27
2026-01-02 11:15:00,STATION_001,63.7
2026-01-02 11:30:00,STATION_001,64.92
2026-01-02 11:45:00,STATION_001,62.76
2026-01-02 12:00:00,STATION_001,67.11
2026-01-02 12:15:00,STATION_001,69.31
2026-01-02 12:30:00,STATION_001,72.81
2026-01-02 12:45:00,STATION_001,74.65
2026-01-02 13:00:00,STATION_001,78.12
2026-01-02 13:15:00,STATION_001,79.09
2026-01-02 13:30:00,STATION_001,82.24
2026-01-02 13:45:00,STATION_001,86.44
2026-01-02 14:00:00,STATION_001,88.79
2026-01-02 14:15:00,STATION_001,90.53
2026-01-02 14:30:00,STATION_001,86.92
2026-01-02 14:45:00,STATION_001,87.37
2026-01-02 15:00:00,STATION_001,85.03
2026-01-02 15:15:00,STATION_001,84.21
2026-01-02 15:30:00,STATION_001,85.48
2026-01-02 15:45:00,STATION_001,85.63
2026-01-02 16:00:00,STATION_001,87.72
2026-01-02 16:15:00,STATION_001,87.31
2026-01-02 16:30:00,STATION_001,86.9
2026-01-02 16:45:00,STATION_001,89.68
2026-01-02 17:00:00,STATION_001,90.43
2026-01-02 17:15:00,STATION_001,90.25
2026-01-02 17:30:00,STATION_001,92.61
2026-01-02 17:45:00,STATION_001,94.18
2026-01-02 18:00:00,STATION_001,5.0
2026-01-02 18:15:00,STATION_001,9.48
2026-01-02 18:30:00,STATION_001,13.95
2026-01-02 18:45:00,STATION_001,16.15
2026-01-02 19:00:00,STATION_001,20.95
2026-01-02 19:15:00,STATION_001,24.38
2026-01-02 19:30:00,STATION_001,28.11
2026-01-02 19:45:00,STATION_001,31.62
2026-01-02 20:00:00,STATION_001,36.73
2026-01-02 20:15:00,STATION_001,38.16
2026-01-02 20:30:00,STATION_001,39.67
2026-01-02 20:45:00,STATION_001,45.73
2026-01-02 21:00:00,STATION_001,45.68
2026-01-02 21:15:00,STATION_001,43.66
2026-01-02 21:30:00,STATION_001,44.96
2026-01-02 21:45:00,STATION_001,45.25
2026-01-02 22:00:00,STATION_001,43.85
2026-01-02 22:15:00,STATION_001,43.41
2026-01-02 22:30:00,STATION_001,43.26
2026-01-02 22:45:00,STATION_001,43.86
2026-01-02 23:00:00,STATION_001,45.02
2026-01-02 23:15:00,STATION_001,47.96
2026-01-02 23:30:00,STATION_001,47.65
2026-01-02 23:45:00,STATION_001,47.09
2026-01-03 00:00:00,STATION_001,45.08
2026-01-03 00:15:00,STATION_001,48.9
2026-01-03 00:30:00,STATION_001,50.6
2026-01-03 00:45:00,STATION_001,44.98
2026-01-03 01:00:00,STATION_001,45.95
2026-01-03 01:15:00,STATION_001,49.89
2026-01-03 01:30:00,STATION_001,50.37
2026-01-03 01:45:00,STATION_001,51.86
2026-01-03 02:00:00,STATION_001,50.53
2026-01-03 02:15:00,STATION_001,48.02
2026-01-03 02:30:00,STATION_001,49.51
2026-01-03 02:45:00,STATION_001,50.79
2026-01-03 03:00:00,STATION_001,54.24
2026-01-03 03:15:00,STATION_001,55.21
2026-01-03 03:30:00,STATION_001,56.42
2026-01-03 03:45:00,STATION_001,57.34
2026-01-03 04:00:00,STATION_001,60.97
2026-01-03 04:15:00,STATION_001,58.31
2026-01-03 04:30:00,STATION_001,61.83
2026-01-03 04:45:00,STATION_001,62.66
2026-01-03 05:00:00,STATION_001,63.7
2026-01-03 05:15:00,STATION_001,63.03
2026-01-03 05:30:00,STATION_001,63.25
2026-01-03 05:45:00,STATION_001,61.69
2026-01-03 06:00:00,STATION_001,64.01
2026-01-03 06:15:00,STATION_001,64.56
2026-01-03 06:30:00,STATION_001,68.49
2026-01-03 06:45:00,STATION_001,68.59
2026-01-03 07:00:00,STATION_001,66.97
2026-01-03 07:15:00,STATION_001,67.35
2026-01-03 07:30:00,STATION_001,66.84
2026-01-03 07:45:00,STATION_001,70.69
2026-01-03 08:00:00,STATION_001,72.9
2026-01-03 08:15:00,STATION_001,76.36
2026-01-03 08:30:00,STATION_001,77.83
2026-01-03 08:45:00,STATION_001,82.94
2026-01-03 09:00:00,STATION_001,83.06
2026-01-03 09:15:00,STATION_001,81.86
2026-01-03 09:30:00,STATION_001,81.95
2026-01-03 09:45:00,STATION_001,84.81
2026-01-03 10:00:00,STATION_001,86.06
2026-01-03 10:15:00,STATION_001,86.35
2026-01-03 10:30:00,STATION_001,86.36
2026-01-03 10:45:00,STATION_001,85.22
2026-01-03 11:00:00,STATION_001,89.04
2026-01-03 11:15:00,STATION_001,93.48
2026-01-03 11:30:00,STATION_001,5.0
2026-01-03 11:45:00,STATION_001,5.54
2026-01-03 12:00:00,STATION_001,6.89
2026-01-03 12:15:00,STATION_001,11.34
2026-01-03 12:30:00,STATION_001,15.58
2026-01-03 12:45:00,STATION_001,19.21
2026-01-03 13:00:00,STATION_001,22.14
2026-01-03 13:15:00,STATION_001,23.17
2026-01-03 13:30:00,STATION_001,24.87
2026-01-03 13:45:00,STATION_001,27.16
2026-01-03 14:00:00,STATION_001,30.71
2026-01-03 14:15:00,STATION_001,33.25
2026-01-03 14:30:00,STATION_001,37.55
2026-01-03 14:45:00,STATION_001,41.01
2026-01-03 15:00:00,STATION_001,43.28
2026-01-03 15:15:00,STATION_001,41.54
2026-01-03 15:30:00,STATION_001,39.56
2026-01-03 15:45:00,STATION_001,41.76
2026-01-03 16:00:00,STATION_001,40.89
2026-01-03 16:15:00,STATION_001,41.93
2026-01-03 16:30:00,STATION_001,43.96
2026-01-03 16:45:00,STATION_001,46.33
2026-01-03 17:00:00,STATION_001,45.76
2026-01-03 17:15:00,STATION_001,49.57
2026-01-03 17:30:00,STATION_001,54.88
2026-01-03 17:45:00,STATION_001,54.41
2026-01-03 18:00:00,STATION_001,59.2
2026-01-03 18:15:00,STATION_001,62.75
2026-01-03 18:30:00,STATION_001,61.86
2026-01-03 18:45:00,STATION_001,63.76
2026-01-03 19:00:00,STATION_001,62.25
2026-01-03 19:15:00,STATION_001,63.54
2026-01-03 19:30:00,STATION_001,65.64
2026-01-03 19:45:00,STATION_001,68.09
2026-01-03 20:00:00,STATION_001,65.04
2026-01-03 20:15:00,STATION_001,65.52
2026-01-03 20:30:00,STATION_001,65.35
2026-01-03 20:45:00,STATION_001,64.03
2026-01-03 21:00:00,STATION_001,62.16
2026-01-03 21:15:00,STATION_001,60.51
2026-01-03 21:30:00,STATION_001,63.96
2026-01-03 21:45:00,STATION_001,63.71
2026-01-03 22:00:00,STATION_001,63.89
2026-01-03 22:15:00,STATION_001,63.8
2026-01-03 22:30:00,STATION_001,64.31
2026-01-03 22:45:00,STATION_001,65.16
2026-01-03 23:00:00,STATION_001,64.95
2026-01-03 23:15:00,STATION_001,65.72
2026-01-03 23:30:00,STATION_001,67.56
2026-01-03 23:45:00,STATION_001,70.12
2026-01-04 00:00:00,STATION_001,69.89
2026-01-04 00:15:00,STATION_001,67.79
2026-01-04 00:30:00,STATION_001,70.99
2026-01-04 00:45:00,STATION_001,68.05
2026-01-04 01:00:00,STATION_001,64.54
2026-01-04 01:15:00,STATION_001,65.28
2026-01-04 01:30:00,STATION_001,65.37
2026-01-04 01:45:00,STATION_001,65.33
2026-01-04 02:00:00,STATION_001,65.66
2026-01-04 02:15:00,STATION_001,67.41
2026-01-04 02:30:00,STATION_001,68.86
2026-01-04 02:45:00,STATION_001,71.03
2026-01-04 03:00:00,STATION_001,70.81
2026-01-04 03:15:00,STATION_001,73.12
2026-01-04 03:30:00,STATION_001,74.61
2026-01-04 03:45:00,STATION_001,75.45
2026-01-04 04:00:00,STATION_001,77.6
2026-01-04 04:15:00,STATION_001,81.49
2026-01-04 04:30:00,STATION_001,82.46
2026-01-04 04:45:00,STATION_001,80.79
2026-01-04 05:00:00,STATION_001,80.68
2026-01-04 05:15:00,STATION_001,80.74
2026-01-04 05:30:00,STATION_001,84.43
2026-01-04 05:45:00,STATION_001,84.39
2026-01-04 06:00:00,STATION_001,81.51
2026-01-04 06:15:00,STATION_001,82.55
2026-01-04 06:30:00,STATION_001,80.94
2026-01-04 06:45:00,STATION_001,78.71
2026-01-04 07:00:00,STATION_001,84.26
2026-01-04 07:15:00,STATION_001,82.16
2026-01-04 07:30:00,STATION_001,84.43
2026-01-04 07:45:00,STATION_001,88.32
2026-01-04 08:00:00,STATION_001,86.34
2026-01-04 08:15:00,STATION_001,89.15
2026-01-04 08:30:00,STATION_001,90.54
2026-01-04 08:45:00,STATION_001,92.06
2026-01-04 09:00:00,STATION_001,89.58
2026-01-04 09:15:00,STATION_001,90.59
2026-01-04 09:30:00,STATION_001,92.74
2026-01-04 09:45:00,STATION_001,94.79
2026-01-04 10:00:00,STATION_001,5.0
2026-01-04 10:15:00,STATION_001,6.69
2026-01-04 10:30:00,STATION_001,9.15
2026-01-04 10:45:00,STATION_001,6.28
2026-01-04 11:00:00,STATION_001,9.98
2026-01-04 11:15:00,STATION_001,14.25
2026-01-04 11:30:00,STATION_001,17.04
2026-01-04 11:45:00,STATION_001,24.27
2026-01-04 12:00:00,STATION_001,28.52
2026-01-04 12:15:00,STATION_001,32.72
2026-01-04 12:30:00,STATION_001,36.58
2026-01-04 12:45:00,STATION_001,38.75
2026-01-04 13:00:00,STATION_001,42.06
2026-01-04 13:15:00,STATION_001,45.79
2026-01-04 13:30:00,STATION_001,45.61
2026-01-04 13:45:00,STATION_001,45.42
2026-01-04 14:00:00,STATION_001,50.2
2026-01-04 14:15:00,STATION_001,50.84
2026-01-04 14:30:00,STATION_001,53.87
2026-01-04 14:45:00,STATION_001,54.94
2026-01-04 15:00:00,STATION_001,54.82
2026-01-04 15:15:00,STATION_001,55.95
2026-01-04 15:30:00,STATION_001,59.72
2026-01-04 15:45:00,STATION_001,60.45
2026-01-04 16:00:00,STATION_001,59.93
2026-01-04 16:15:00,STATION_001,61.97
2026-01-04 16:30:00,STATION_001,63.3
2026-01-04 16:45:00,STATION_001,63.97
2026-01-04 17:00:00,STATION_001,66.81
2026-01-04 17:15:00,STATION_001,68.56
2026-01-04 17:30:00,STATION_001,66.74
2026-01-04 17:45:00,STATION_001,68.3
2026-01-04 18:00:00,STATION_001,69.32
2026-01-04 18:15:00,STATION_001,69.3
2026-01-04 18:30:00,STATION_001,67.9
2026-01-04 18:45:00,STATION_001,67.39
2026-01-04 19:00:00,STATION_001,66.82
2026-01-04 19:15:00,STATION_001,63.7
2026-01-04 19:30:00,STATION_001,66.48
2026-01-04 19:45:00,STATION_001,67.48
2026-01-04 20:00:00,STATION_001,69.3
2026-01-04 20:15:00,STATION_001,73.0
2026-01-04 20:30:00,STATION_001,72.47
2026-01-04 20:45:00,STATION_001,71.42
2026-01-04 21:00:00,STATION_001,72.48
2026-01-04 21:15:00,STATION_001,72.97
2026-01-04 21:30:00,STATION_001,74.29
2026-01-04 21:45:00,STATION_001,76.78
2026-01-04 22:00:00,STATION_001,76.22
2026-01-04 22:15:00,STATION_001,73.98
2026-01-04 22:30:00,STATION_001,74.47
2026-01-04 22:45:00,STATION_001,76.99
2026-01-04 23:00:00,STATION_001,78.12
2026-01-04 23:15:00,STATION_001,78.2
2026-01-04 23:30:00,STATION_001,77.16
2026-01-04 23:45:00,STATION_001,79.91
2026-01-05 00:00:00,STATION_001,78.69
2026-01-05 00:15:00,STATION_001,79.3
2026-01-05 00:30:00,STATION_001,79.92
2026-01-05 00:45:00,STATION_001,82.09
2026-01-05 01:00:00,STATION_001,79.79
2026-01-05 01:15:00,STATION_001,82.51
2026-01-05 01:30:00,STATION_001,83.7
2026-01-05 01:45:00,STATION_001,85.29
2026-01-05 02:00:00,STATION_001,85.3
2026-01-05 02:15:00,STATION_001,84.4
2026-01-05 02:30:00,STATION_001,86.42
2026-01-05 02:45:00,STATION_001,88.73
2026-01-05 03:00:00,STATION_001,88.72
2026-01-05 03:15:00,STATION_001,88.71
2026-01-05 03:30:00,STATION_001,88.51
2026-01-05 03:45:00,STATION_001,86.17
2026-01-05 04:00:00,STATION_001,87.46
2026-01-05 04:15:00,STATION_001,87.43
2026-01-05 04:30:00,STATION_001,90.54
2026-01-05 04:45:00,STATION_001,92.09
2026-01-05 05:00:00,STATION_001,93.21
2026-01-05 05:15:00,STATION_001,5.0
2026-01-05 05:30:00,STATION_001,6.26
2026-01-05 05:45:00,STATION_001,4.8
2026-01-05 06:00:00,STATION_001,5.95
2026-01-05 06:15:00,STATION_001,1.97
2026-01-05 06:30:00,STATION_001,0.0
2026-01-05 06:45:00,STATION_001,0.96
2026-01-05 07:00:00,STATION_001,0.0
2026-01-05 07:15:00,STATION_001,3.37
2026-01-05 07:30:00,STATION_001,5.41
2026-01-05 07:45:00,STATION_001,5.47
2026-01-05 08:00:00,STATION_001,5.01
2026-01-05 08:15:00,STATION_001,4.85
2026-01-05 08:30:00,STATION_001,3.88
2026-01-05 08:45:00,STATION_001,7.25
2026-01-05 09:00:00,STATION_001,8.35
2026-01-05 09:15:00,STATION_001,9.24
2026-01-05 09:30:00,STATION_001,7.22
2026-01-05 09:45:00,STATION_001,8.8
2026-01-05 10:00:00,STATION_001,13.22
2026-01-05 10:15:00,STATION_001,15.58
2026-01-05 10:30:00,STATION_001,17.38
2026-01-05 10:45:00,STATION_001,15.28
2026-01-05 11:00:00,STATION_001,18.32
2026-01-05 11:15:00,STATION_001,20.59
2026-01-05 11:30:00,STATION_001,20.65
2026-01-05 11:45:00,STATION_001,18.63
2026-01-05 12:00:00,STATION_001,20.0
2026-01-05 12:15:00,STATION_001,22.09
2026-01-05 12:30:00,STATION_001,22.92
2026-01-05 12:45:00,STATION_001,25.66
2026-01-05 13:00:00,STATION_001,27.16
2026-01-05 13:15:00,STATION_001,30.2
2026-01-05 13:30:00,STATION_001,33.16
2026-01-05 13:45:00,STATION_001,37.92
2026-01-05 14:00:00,STATION_001,40.11
2026-01-05 14:15:00,STATION_001,45.02
2026-01-05 14:30:00,STATION_001,48.33
2026-01-05 14:45:00,STATION_001,50.24
2026-01-05 15:00:00,STATION_001,55.73
2026-01-05 15:15:00,STATION_001,56.21
2026-01-05 15:30:00,STATION_001,62.21
2026-01-05 15:45:00,STATION_001,63.49
2026-01-05 16:00:00,STATION_001,65.18
2026-01-05 16:15:00,STATION_001,63.27
2026-01-05 16:30:00,STATION_001,64.64
2026-01-05 16:45:00,STATION_001,65.64
2026-01-05 17:00:00,STATION_001,64.95
2026-01-05 17:15:00,STATION_001,67.35
2026-01-05 17:30:00,STATION_001,66.35
2026-01-05 17:45:00,STATION_001,68.43
2026-01-05 18:00:00,STATION_001,69.29
2026-01-05 18:15:00,STATION_001,73.27
2026-01-05 18:30:00,STATION_001,78.22
2026-01-05 18:45:00,STATION_001,79.23
2026-01-05 19:00:00,STATION_001,85.47
2026-01-05 19:15:00,STATION_001,88.04
2026-01-05 19:30:00,STATION_001,90.32
2026-01-05 19:45:00,STATION_001,5.0
2026-01-05 20:00:00,STATION_001,8.59
2026-01-05 20:15:00,STATION_001,14.59
2026-01-05 20:30:00,STATION_001,19.25
2026-01-05 20:45:00,STATION_001,21.49
2026-01-05 21:00:00,STATION_001,24.36
2026-01-05 21:15:00,STATION_001,27.22
2026-01-05 21:30:00,STATION_001,29.47
2026-01-05 21:45:00,STATION_001,30.57
2026-01-05 22:00:00,STATION_001,31.87
2026-01-05 22:15:00,STATION_001,28.63
2026-01-05 22:30:00,STATION_001,27.1
2026-01-05 22:45:00,STATION_001,29.79
2026-01-05 23:00:00,STATION_001,30.37
2026-01-05 23:15:00,STATION_001,29.5
2026-01-05 23:30:00,STATION_001,27.89
2026-01-05 23:45:00,STATION_001,30.48
2026-01-06 00:00:00,STATION_001,33.73
2026-01-06 00:15:00,STATION_001,35.49
2026-01-06 00:30:00,STATION_001,39.83
2026-01-06 00:45:00,STATION_001,43.2
2026-01-06 01:00:00,STATION_001,45.06
2026-01-06 01:15:00,STATION_001,43.37
2026-01-06 01:30:00,STATION_001,45.19
2026-01-06 01:45:00,STATION_001,46.26
2026-01-06 02:00:00,STATION_001,45.32
2026-01-06 02:15:00,STATION_001,42.72
2026-01-06 02:30:00,STATION_001,41.01
2026-01-06 02:45:00,STATION_001,45.94
2026-01-06 03:00:00,STATION_001,43.11
2026-01-06 03:15:00,STATION_001,46.47
2026-01-06 03:30:00,STATION_001,46.04
2026-01-06 03:45:00,STATION_001,44.85
2026-01-06 04:00:00,STATION_001,43.94
2026-01-06 04:15:00,STATION_001,47.31
2026-01-06 04:30:00,STATION_001,48.21
2026-01-06 04:45:00,STATION_001,51.5
2026-01-06 05:00:00,STATION_001,53.06
2026-01-06 05:15:00,STATION_001,54.18
2026-01-06 05:30:00,STATION_001,54.21
2026-01-06 05:45:00,STATION_001,53.97
2026-01-06 06:00:00,STATION_001,56.47
2026-01-06 06:15:00,STATION_001,54.31
2026-01-06 06:30:00,STATION_001,52.4
2026-01-06 06:45:00,STATION_001,53.3
2026-01-06 07:00:00,STATION_001,52.29
2026-01-06 07:15:00,STATION_001,54.41
2026-01-06 07:30:00,STATION_001,53.56
2026-01-06 07:45:00,STATION_001,50.46
2026-01-06 08:00:00,STATION_001,54.09
2026-01-06 08:15:00,STATION_001,53.32
2026-01-06 08:30:00,STATION_001,52.24
2026-01-06 08:45:00,STATION_001,52.47
2026-01-06 09:00:00,STATION_001,53.8
2026-01-06 09:15:00,STATION_001,55.52
2026-01-06 09:30:00,STATION_001,59.71
2026-01-06 09:45:00,STATION_001,59.67
2026-01-06 10:00:00,STATION_001,59.67
2026-01-06 10:15:00,STATION_001,57.15
2026-01-06 10:30:00,STATION_001,59.25
2026-01-06 10:45:00,STATION_001,58.57
2026-01-06 11:00:00,STATION_001,58.43
2026-01-06 11:15:00,STATION_001,62.79
2026-01-06 11:30:00,STATION_001,62.24
2026-01-06 11:45:00,STATION_001,64.42
2026-01-06 12:00:00,STATION_001,69.85
2026-01-06 12:15:00,STATION_001,69.63
2026-01-06 12:30:00,STATION_001,76.7
2026-01-06 12:45:00,STATION_001,78.62
2026-01-06 13:00:00,STATION_001,81.7
2026-01-06 13:15:00,STATION_001,87.14
2026-01-06 13:30:00,STATION_001,90.5
2026-01-06 13:45:00,STATION_001,93.42
2026-01-06 14:00:00,STATION_001,93.24
2026-01-06 14:15:00,STATION_001,93.16
2026-01-06 14:30:00,STATION_001,94.65
2026-01-06 14:45:00,STATION_001,91.81
2026-01-06 15:00:00,STATION_001,92.85
2026-01-06 15:15:00,STATION_001,93.25
2026-01-06 15:30:00,STATION_001,92.04
2026-01-06 15:45:00,STATION_001,94.26
2026-01-06 16:00:00,STATION_001,5.0
2026-01-06 16:15:00,STATION_001,2.26
2026-01-06 16:30:00,STATION_001,2.99
2026-01-06 16:45:00,STATION_001,3.61
2026-01-06 17:00:00,STATION_001,5.04
2026-01-06 17:15:00,STATION_001,2.52
2026-01-06 17:30:00,STATION_001,4.72
2026-01-06 17:45:00,STATION_001,3.35
2026-01-06 18:00:00,STATION_001,5.72
2026-01-06 18:15:00,STATION_001,9.76
2026-01-06 18:30:00,STATION_001,10.22
2026-01-06 18:45:00,STATION_001,13.33
2026-01-06 19:00:00,STATION_001,14.92
2026-01-06 19:15:00,STATION_001,16.78
2026-01-06 19:30:00,STATION_001,22.71
2026-01-06 19:45:00,STATION_001,24.17
2026-01-06 20:00:00,STATION_001,30.73
2026-01-06 20:15:00,STATION_001,33.44
2026-01-06 20:30:00,STATION_001,37.6
2026-01-06 20:45:00,STATION_001,41.7
2026-01-06 21:00:00,STATION_001,45.8
2026-01-06 21:15:00,STATION_001,45.13
2026-01-06 21:30:00,STATION_001,46.87
2026-01-06 21:45:00,STATION_001,44.16
2026-01-06 22:00:00,STATION_001,45.41
2026-01-06 22:15:00,STATION_001,50.46
2026-01-06 22:30:00,STATION_001,52.2
2026-01-06 22:45:00,STATION_001,51.87
2026-01-06 23:00:00,STATION_001,52.22
2026-01-06 23:15:00,STATION_001,53.25
2026-01-06 23:30:00,STATION_001,53.84
2026-01-06 23:45:00,STATION_001,55.89
2026-01-07 00:00:00,STATION_001,56.07
2026-01-07 00:15:00,STATION_001,58.55
2026-01-07 00:30:00,STATION_001,60.21
2026-01-07 00:45:00,STATION_001,58.45
2026-01-07 01:00:00,STATION_001,58.55
2026-01-07 01:15:00,STATION_001,60.53
2026-01-07 01:30:00,STATION_001,58.17
2026-01-07 01:45:00,STATION_001,57.86
2026-01-07 02:00:00,STATION_001,57.73
2026-01-07 02:15:00,STATION_001,60.67
2026-01-07 02:30:00,STATION_001,61.31
2026-01-07 02:45:00,STATION_001,63.39
2026-01-07 03:00:00,STATION_001,71.0
2026-01-07 03:15:00,STATION_001,70.9
2026-01-07 03:30:00,STATION_001,71.38
2026-01-07 03:45:00,STATION_001,73.09
2026-01-07 04:00:00,STATION_001,73.88
2026-01-07 04:15:00,STATION_001,73.62
2026-01-07 04:30:00,STATION_001,73.24
2026-01-07 04:45:00,STATION_001,74.95
2026-01-07 05:00:00,STATION_001,69.62
2026-01-07 05:15:00,STATION_001,71.23
2026-01-07 05:30:00,STATION_001,70.85
2026-01-07 05:45:00,STATION_001,70.26
2026-01-07 06:00:00,STATION_001,68.18
2026-01-07 06:15:00,STATION_001,69.77
2026-01-07 06:30:00,STATION_001,70.5
2026-01-07 06:45:00,STATION_001,69.81
2026-01-07 07:00:00,STATION_001,73.12
2026-01-07 07:15:00,STATION_001,74.43
2026-01-07 07:30:00,STATION_001,76.66
2026-01-07 07:45:00,STATION_001,78.54
2026-01-07 08:00:00,STATION_001,78.24
2026-01-07 08:15:00,STATION_001,77.06
2026-01-07 08:30:00,STATION_001,77.34
2026-01-07 08:45:00,STATION_001,79.13
2026-01-07 09:00:00,STATION_001,76.94
2026-01-07 09:15:00,STATION_001,80.74
2026-01-07 09:30:00,STATION_001,83.19
2026-01-07 09:45:00,STATION_001,81.49
2026-01-07 10:00:00,STATION_001,81.34
2026-01-07 10:15:00,STATION_001,80.36
2026-01-07 10:30:00,STATION_001,80.81
2026-01-07 10:45:00,STATION_001,80.32
2026-01-07 11:00:00,STATION_001,83.03
2026-01-07 11:15:00,STATION_001,81.6
2026-01-07 11:30:00,STATION_001,82.53
2026-01-07 11:45:00,STATION_001,80.91
2026-01-07 12:00:00,STATION_001,83.06
2026-01-07 12:15:00,STATION_001,86.96
2026-01-07 12:30:00,STATION_001,87.3
2026-01-07 12:45:00,STATION_001,94.1
2026-01-07 13:00:00,STATION_001,5.0
2026-01-07 13:15:00,STATION_001,7.1
2026-01-07 13:30:00,STATION_001,11.62
2026-01-07 13:45:00,STATION_001,11.83
2026-01-07 14:00:00,STATION_001,10.85
2026-01-07 14:15:00,STATION_001,10.16
2026-01-07 14:30:00,STATION_001,8.37
2026-01-07 14:45:00,STATION_001,13.22
2026-01-07 15:00:00,STATION_001,15.05
2026-01-07 15:15:00,STATION_001,16.96
2026-01-07 15:30:00,STATION_001,18.82
2026-01-07 15:45:00,STATION_001,19.55
2026-01-07 16:00:00,STATION_001,20.03
2026-01-07 16:15:00,STATION_001,20.66
2026-01-07 16:30:00,STATION_001,21.41
2026-01-07 16:45:00,STATION_001,25.02
2026-01-07 17:00:00,STATION_001,27.93
2026-01-07 17:15:00,STATION_001,27.13
2026-01-07 17:30:00,STATION_001,24.73
2026-01-07 17:45:00,STATION_001,24.29
2026-01-07 18:00:00,STATION_001,26.89
2026-01-07 18:15:00,STATION_001,32.46
2026-01-07 18:30:00,STATION_001,35.62
2026-01-07 18:45:00,STATION_001,40.8
2026-01-07 19:00:00,STATION_001,45.19
2026-01-07 19:15:00,STATION_001,47.23
2026-01-07 19:30:00,STATION_001,51.81
2026-01-07 19:45:00,STATION_001,53.21
2026-01-07 20:00:00,STATION_001,52.07
2026-01-07 20:15:00,STATION_001,51.47
2026-01-07 20:30:00,STATION_001,52.74
2026-01-07 20:45:00,STATION_001,55.74
2026-01-07 21:00:00,STATION_001,55.66
2026-01-07 21:15:00,STATION_001,56.91
2026-01-07 21:30:00,STATION_001,59.22
2026-01-07 21:45:00,STATION_001,56.77
2026-01-07 22:00:00,STATION_001,57.3
2026-01-07 22:15:00,STATION_001,56.65
2026-01-07 22:30:00,STATION_001,58.5
2026-01-07 22:45:00,STATION_001,59.26
2026-01-07 23:00:00,STATION_001,59.39
2026-01-07 23:15:00,STATION_001,58.44
2026-01-07 23:30:00,STATION_001,58.33
2026-01-07 23:45:00,STATION_001,59.8
2026-01-08 00:00:00,STATION_001,60.6
2026-01-08 00:15:00,STATION_001,61.6
2026-01-08 00:30:00,STATION_001,63.46
2026-01-08 00:45:00,STATION_001,65.1
2026-01-08 01:00:00,STATION_001,61.58
2026-01-08 01:15:00,STATION_001,64.43
2026-01-08 01:30:00,STATION_001,66.66
2026-01-08 01:45:00,STATION_001,66.76
2026-01-08 02:00:00,STATION_001,71.26
2026-01-08 02:15:00,STATION_001,72.03
2026-01-08 02:30:00,STATION_001,72.58
2026-01-08 02:45:00,STATION_001,70.85
2026-01-08 03:00:00,STATION_001,69.57
2026-01-08 03:15:00,STATION_001,70.45
2026-01-08 03:30:00,STATION_001,70.82
2026-01-08 03:45:00,STATION_001,74.48
2026-01-08 04:00:00,STATION_001,72.58
2026-01-08 04:15:00,STATION_001,73.59
2026-01-08 04:30:00,STATION_001,70.93
2026-01-08 04:45:00,STATION_001,70.62
2026-01-08 05:00:00,STATION_001,70.88
2026-01-08 05:15:00,STATION_001,69.75
2026-01-08 05:30:00,STATION_001,68.71
2026-01-08 05:45:00,STATION_001,68.75
2026-01-08 06:00:00,STATION_001,68.34
2026-01-08 06:15:00,STATION_001,72.2
2026-01-08 06:30:00,STATION_001,76.18
2026-01-08 06:45:00,STATION_001,78.17
2026-01-08 07:00:00,STATION_001,80.48
2026-01-08 07:15:00,STATION_001,78.37
2026-01-08 07:30:00,STATION_001,81.31
2026-01-08 07:45:00,STATION_001,77.22
2026-01-08 08:00:00,STATION_001,75.63
2026-01-08 08:15:00,STATION_001,77.04
2026-01-08 08:30:00,STATION_001,75.52
2026-01-08 08:45:00,STATION_001,74.33
2026-01-08 09:00:00,STATION_001,76.95
2026-01-08 09:15:00,STATION_001,83.18
2026-01-08 09:30:00,STATION_001,83.65
2026-01-08 09:45:00,STATION_001,81.67
2026-01-08 10:00:00,STATION_001,84.58
2026-01-08 10:15:00,STATION_001,84.24
2026-01-08 10:30:00,STATION_001,85.87
2026-01-08 10:45:00,STATION_001,88.39
2026-01-08 11:00:00,STATION_001,88.41
2026-01-08 11:15:00,STATION_001,91.78
2026-01-08 11:30:00,STATION_001,89.27
2026-01-08 11:45:00,STATION_001,86.84
2026-01-08 12:00:00,STATION_001,87.16
2026-01-08 12:15:00,STATION_001,86.24
2026-01-08 12:30:00,STATION_001,86.6
2026-01-08 12:45:00,STATION_001,85.29
2026-01-08 13:00:00,STATION_001,86.79
2026-01-08 13:15:00,STATION_001,92.06
2026-01-08 13:30:00,STATION_001,5.0
2026-01-08 13:45:00,STATION_001,5.97
2026-01-08 14:00:00,STATION_001,5.04
2026-01-08 14:15:00,STATION_001,1.74
2026-01-08 14:30:00,STATION_001,1.86
2026-01-08 14:45:00,STATION_001,4.25
2026-01-08 15:00:00,STATION_001,4.29
2026-01-08 15:15:00,STATION_001,5.39
2026-01-08 15:30:00,STATION_001,5.58
2026-01-08 15:45:00,STATION_001,5.49
2026-01-08 16:00:00,STATION_001,8.1
2026-01-08 16:15:00,STATION_001,7.55
2026-01-08 16:30:00,STATION_001,4.52
2026-01-08 16:45:00,STATION_001,6.75
2026-01-08 17:00:00,STATION_001,12.11
2026-01-08 17:15:00,STATION_001,12.4
2026-01-08 17:30:00,STATION_001,9.52
2026-01-08 17:45:00,STATION_001,9.03
2026-01-08 18:00:00,STATION_001,10.35
2026-01-08 18:15:00,STATION_001,13.46
2026-01-08 18:30:00,STATION_001,19.84
2026-01-08 18:45:00,STATION_001,23.6
2026-01-08 19:00:00,STATION_001,28.04
2026-01-08 19:15:00,STATION_001,30.98
2026-01-08 19:30:00,STATION_001,32.24
2026-01-08 19:45:00,STATION_001,34.32
2026-01-08 20:00:00,STATION_001,33.96
2026-01-08 20:15:00,STATION_001,36.21
2026-01-08 20:30:00,STATION_001,40.42
2026-01-08 20:45:00,STATION_001,43.7
2026-01-08 21:00:00,STATION_001,44.83
2026-01-08 21:15:00,STATION_001,46.82
2026-01-08 21:30:00,STATION_001,49.44
2026-01-08 21:45:00,STATION_001,52.74
2026-01-08 22:00:00,STATION_001,51.0
2026-01-08 22:15:00,STATION_001,49.36
2026-01-08 22:30:00,STATION_001,47.24
2026-01-08 22:45:00,STATION_001,49.42
2026-01-08 23:00:00,STATION_001,54.31
2026-01-08 23:15:00,STATION_001,54.0
2026-01-08 23:30:00,STATION_001,54.81
2026-01-08 23:45:00,STATION_001,56.06
2026-01-09 00:00:00,STATION_001,59.42
2026-01-09 00:15:00,STATION_001,59.53
2026-01-09 00:30:00,STATION_001,59.84
2026-01-09 00:45:00,STATION_001,60.0
2026-01-09 01:00:00,STATION_001,63.59
2026-01-09 01:15:00,STATION_001,63.11
2026-01-09 01:30:00,STATION_001,62.01
2026-01-09 01:45:00,STATION_001,59.34
2026-01-09 02:00:00,STATION_001,58.67
2026-01-09 02:15:00,STATION_001,56.43
2026-01-09 02:30:00,STATION_001,57.04
2026-01-09 02:45:00,STATION_001,56.93
2026-01-09 03:00:00,STATION_001,54.08
2026-01-09 03:15:00,STATION_001,57.2
2026-01-09 03:30:00,STATION_001,58.27
2026-01-09 03:45:00,STATION_001,58.67
2026-01-09 04:00:00,STATION_001,58.71
2026-01-09 04:15:00,STATION_001,60.43
2026-01-09 04:30:00,STATION_001,59.19
2026-01-09 04:45:00,STATION_001,55.68
2026-01-09 05:00:00,STATION_001,57.58
2026-01-09 05:15:00,STATION_001,58.08
2026-01-09 05:30:00,STATION_001,57.86
2026-01-09 05:45:00,STATION_001,59.0
2026-01-09 06:00:00,STATION_001,60.65
2026-01-09 06:15:00,STATION_001,60.89
2026-01-09 06:30:00,STATION_001,60.42
2026-01-09 06:45:00,STATION_001,60.26
2026-01-09 07:00:00,STATION_001,62.63
2026-01-09 07:15:00,STATION_001,64.41
2026-01-09 07:30:00,STATION_001,64.51
2026-01-09 07:45:00,STATION_001,66.64
2026-01-09 08:00:00,STATION_001,66.25
2026-01-09 08:15:00,STATION_001,67.93
2026-01-09 08:30:00,STATION_001,70.86
2026-01-09 08:45:00,STATION_001,71.4
2026-01-09 09:00:00,STATION_001,71.29
2026-01-09 09:15:00,STATION_001,71.07
2026-01-09 09:30:00,STATION_001,71.62
2026-01-09 09:45:00,STATION_001,73.75
2026-01-09 10:00:00,STATION_001,76.1
2026-01-09 10:15:00,STATION_001,79.41
2026-01-09 10:30:00,STATION_001,79.99
2026-01-09 10:45:00,STATION_001,84.26
2026-01-09 11:00:00,STATION_001,88.96
2026-01-09 11:15:00,STATION_001,88.62
2026-01-09 11:30:00,STATION_001,88.94
2026-01-09 11:45:00,STATION_001,87.67
2026-01-09 12:00:00,STATION_001,94.91
2026-01-09 12:15:00,STATION_001,5.0
2026-01-09 12:30:00,STATION_001,4.36
2026-01-09 12:45:00,STATION_001,6.75
2026-01-09 13:00:00,STATION_001,7.47
2026-01-09 13:15:00,STATION_001,11.29
2026-01-09 13:30:00,STATION_001,11.56
2026-01-09 13:45:00,STATION_001,16.07
2026-01-09 14:00:00,STATION_001,18.35
2026-01-09 14:15:00,STATION_001,16.03
2026-01-09 14:30:00,STATION_001,17.64
2026-01-09 14:45:00,STATION_001,18.07
2026-01-09 15:00:00,STATION_001,21.8
2026-01-09 15:15:00,STATION_001,20.61
2026-01-09 15:30:00,STATION_001,21.53
2026-01-09 15:45:00,STATION_001,19.93
2026-01-09 16:00:00,STATION_001,18.05
2026-01-09 16:15:00,STATION_001,20.69
2026-01-09 16:30:00,STATION_001,21.37
2026-01-09 16:45:00,STATION_001,24.6
2026-01-09 17:00:00,STATION_001,24.16
2026-01-09 17:15:00,STATION_001,25.14
2026-01-09 17:30:00,STATION_001,27.66
2026-01-09 17:45:00,STATION_001,30.98
2026-01-09 18:00:00,STATION_001,32.76
2026-01-09 18:15:00,STATION_001,33.71
2026-01-09 18:30:00,STATION_001,37.86
2026-01-09 18:45:00,STATION_001,41.92
2026-01-09 19:00:00,STATION_001,43.3
2026-01-09 19:15:00,STATION_001,47.79
2026-01-09 19:30:00,STATION_001,48.64
2026-01-09 19:45:00,STATION_001,50.81
2026-01-09 20:00:00,STATION_001,55.78
2026-01-09 20:15:00,STATION_001,57.4
2026-01-09 20:30:00,STATION_001,63.23
2026-01-09 20:45:00,STATION_001,67.01
2026-01-09 21:00:00,STATION_001,71.66
2026-01-09 21:15:00,STATION_001,75.29
2026-01-09 21:30:00,STATION_001,76.5
2026-01-09 21:45:00,STATION_001,77.29
2026-01-09 22:00:00,STATION_001,81.85
2026-01-09 22:15:00,STATION_001,80.47
2026-01-09 22:30:00,STATION_001,80.99
2026-01-09 22:45:00,STATION_001,82.68
2026-01-09 23:00:00,STATION_001,85.28
2026-01-09 23:15:00,STATION_001,84.68
2026-01-09 23:30:00,STATION_001,85.22
2026-01-09 23:45:00,STATION_001,86.17
2026-01-10 00:00:00,STATION_001,92.34
2026-01-10 00:15:00,STATION_001,5.0
2026-01-10 00:30:00,STATION_001,10.51
2026-01-10 00:45:00,STATION_001,10.59
2026-01-10 01:00:00,STATION_001,14.68
2026-01-10 01:15:00,STATION_001,17.06
2026-01-10 01:30:00,STATION_001,18.16
2026-01-10 01:45:00,STATION_001,19.77
2026-01-10 02:00:00,STATION_001,19.36
2026-01-10 02:15:00,STATION_001,16.22
2026-01-10 02:30:00,STATION_001,15.51
2026-01-10 02:45:00,STATION_001,16.71
2026-01-10 03:00:00,STATION_001,18.1
2026-01-10 03:15:00,STATION_001,21.65
2026-01-10 03:30:00,STATION_001,23.93
2026-01-10 03:45:00,STATION_001,26.67
2026-01-10 04:00:00,STATION_001,26.26
2026-01-10 04:15:00,STATION_001,25.62
2026-01-10 04:30:00,STATION_001,24.43
2026-01-10 04:45:00,STATION_001,22.14
2026-01-10 05:00:00,STATION_001,22.27
2026-01-10 05:15:00,STATION_001,22.4
2026-01-10 05:30:00,STATION_001,24.58
2026-01-10 05:45:00,STATION_001,28.9
2026-01-10 06:00:00,STATION_001,26.13
2026-01-10 06:15:00,STATION_001,26.2
2026-01-10 06:30:00,STATION_001,26.31
2026-01-10 06:45:00,STATION_001,26.7
2026-01-10 07:00:00,STATION_001,27.88
2026-01-10 07:15:00,STATION_001,27.24
2026-01-10 07:30:00,STATION_001,28.84
2026-01-10 07:45:00,STATION_001,27.48
2026-01-10 08:00:00,STATION_001,26.17
2026-01-10 08:15:00,STATION_001,28.98
2026-01-10 08:30:00,STATION_001,32.48
2026-01-10 08:45:00,STATION_001,31.53
2026-01-10 09:00:00,STATION_001,30.72
2026-01-10 09:15:00,STATION_001,28.8
2026-01-10 09:30:00,STATION_001,29.01
2026-01-10 09:45:00,STATION_001,27.58
2026-01-10 10:00:00,STATION_001,29.63
2026-01-10 10:15:00,STATION_001,27.57
2026-01-10 10:30:00,STATION_001,29.46
2026-01-10 10:45:00,STATION_001,31.35
2026-01-10 11:00:00,STATION_001,34.07
2026-01-10 11:15:00,STATION_001,40.11
2026-01-10 11:30:00,STATION_001,40.0
2026-01-10 11:45:00,STATION_001,45.1
2026-01-10 12:00:00,STATION_001,46.46
2026-01-10 12:15:00,STATION_001,51.61
2026-01-10 12:30:00,STATION_001,55.5
2026-01-10 12:45:00,STATION_001,57.73
2026-01-10 13:00:00,STATION_001,56.72
2026-01-10 13:15:00,STATION_001,57.43
2026-01-10 13:30:00,STATION_001,63.38
2026-01-10 13:45:00,STATION_001,69.01
2026-01-10 14:00:00,STATION_001,71.25
2026-01-10 14:15:00,STATION_001,76.68
2026-01-10 14:30:00,STATION_001,79.6
2026-01-10 14:45:00,STATION_001,79.5
2026-01-10 15:00:00,STATION_001,79.59
2026-01-10 15:15:00,STATION_001,78.54
2026-01-10 15:30:00,STATION_001,81.03
2026-01-10 15:45:00,STATION_001,78.16
2026-01-10 16:00:00,STATION_001,82.55
2026-01-10 16:15:00,STATION_001,83.9
2026-01-10 16:30:00,STATION_001,88.14
2026-01-10 16:45:00,STATION_001,90.82
2026-01-10 17:00:00,STATION_001,87.82
2026-01-10 17:15:00,STATION_001,86.55
2026-01-10 17:30:00,STATION_001,86.31
2026-01-10 17:45:00,STATION_001,85.92
2026-01-10 18:00:00,STATION_001,91.36
2026-01-10 18:15:00,STATION_001,92.33
2026-01-10 18:30:00,STATION_001,93.98
2026-01-10 18:45:00,STATION_001,90.41
2026-01-10 19:00:00,STATION_001,94.67
2026-01-10 19:15:00,STATION_001,94.07
2026-01-10 19:30:00,STATION_001,91.31
2026-01-10 19:45:00,STATION_001,92.24
2026-01-10 20:00:00,STATION_001,93.22
2026-01-10 20:15:00,STATION_001,93.23
2026-01-10 20:30:00,STATION_001,94.69
2026-01-10 20:45:00,STATION_001,5.0
2026-01-10 21:00:00,STATION_001,5.51
2026-01-10 21:15:00,STATION_001,7.9
2026-01-10 21:30:00,STATION_001,12.17
2026-01-10 21:45:00,STATION_001,11.29
2026-01-10 22:00:00,STATION_001,10.37
2026-01-10 22:15:00,STATION_001,12.27
2026-01-10 22:30:00,STATION_001,12.36
2026-01-10 22:45:00,STATION_001,14.03
2026-01-10 23:00:00,STATION_001,13.02
2026-01-10 23:15:00,STATION_001,17.8
2026-01-10 23:30:00,STATION_001,17.82
2026-01-10 23:45:00,STATION_001,21.74
2026-01-11 00:00:00,STATION_001,23.78
2026-01-11 00:15:00,STATION_001,24.7
2026-01-11 00:30:00,STATION_001,25.14
2026-01-11 00:45:00,STATION_001,24.67
2026-01-11 01:00:00,STATION_001,25.59
2026-01-11 01:15:00,STATION_001,27.81
2026-01-11 01:30:00,STATION_001,27.7
2026-01-11 01:45:00,STATION_001,28.61
2026-01-11 02:00:00,STATION_001,28.55
2026-01-11 02:15:00,STATION_001,25.69
2026-01-11 02:30:00,STATION_001,26.94
2026-01-11 02:45:00,STATION_001,25.88
2026-01-11 03:00:00,STATION_001,23.61
2026-01-11 03:15:00,STATION_001,25.92
2026-01-11 03:30:00,STATION_001,23.73
2026-01-11 03:45:00,STATION_001,24.01
2026-01-11 04:00:00,STATION_001,21.4
2026-01-11 04:15:00,STATION_001,21.86
2026-01-11 04:30:00,STATION_001,20.34
2026-01-11 04:45:00,STATION_001,21.36
2026-01-11 05:00:00,STATION_001,18.27
2026-01-11 05:15:00,STATION_001,20.65
2026-01-11 05:30:00,STATION_001,23.43
2026-01-11 05:45:00,STATION_001,22.92
2026-01-11 06:00:00,STATION_001,29.07
2026-01-11 06:15:00,STATION_001,31.14
2026-01-11 06:30:00,STATION_001,30.22
2026-01-11 06:45:00,STATION_001,29.7
2026-01-11 07:00:00,STATION_001,27.41
2026-01-11 07:15:00,STATION_001,30.95
2026-01-11 07:30:00,STATION_001,32.47
2026-01-11 07:45:00,STATION_001,35.38
2026-01-11 08:00:00,STATION_001,32.41
2026-01-11 08:15:00,STATION_001,30.97
2026-01-11 08:30:00,STATION_001,36.64
2026-01-11 08:45:00,STATION_001,36.91
2026-01-11 09:00:00,STATION_001,37.49
2026-01-11 09:15:00,STATION_001,39.45
2026-01-11 09:30:00,STATION_001,38.2
2026-01-11 09:45:00,STATION_001,40.75
2026-01-11 10:00:00,STATION_001,42.74
2026-01-11 10:15:00,STATION_001,43.86
2026-01-11 10:30:00,STATION_001,43.92
2026-01-11 10:45:00,STATION_001,44.09
2026-01-11 11:00:00,STATION_001,50.15
2026-01-11 11:15:00,STATION_001,51.92
2026-01-11 11:30:00,STATION_001,54.1
2026-01-11 11:45:00,STATION_001,57.65
2026-01-11 12:00:00,STATION_001,56.65
2026-01-11 12:15:00,STATION_001,60.12
2026-01-11 12:30:00,STATION_001,59.12
2026-01-11 12:45:00,STATION_001,61.49
2026-01-11 13:00:00,STATION_001,63.58
2026-01-11 13:15:00,STATION_001,68.24
2026-01-11 13:30:00,STATION_001,72.37
2026-01-11 13:45:00,STATION_001,74.26
2026-01-11 14:00:00,STATION_001,74.26
2026-01-11 14:15:00,STATION_001,75.95
2026-01-11 14:30:00,STATION_001,76.67
2026-01-11 14:45:00,STATION_001,77.93
2026-01-11 15:00:00,STATION_001,77.77
2026-01-11 15:15:00,STATION_001,79.46
2026-01-11 15:30:00,STATION_001,78.88
2026-01-11 15:45:00,STATION_001,81.4
2026-01-11 16:00:00,STATION_001,83.52
2026-01-11 16:15:00,STATION_001,82.99
2026-01-11 16:30:00,STATION_001,84.15
2026-01-11 16:45:00,STATION_001,83.2
2026-01-11 17:00:00,STATION_001,82.65
2026-01-11 17:15:00,STATION_001,80.43
2026-01-11 17:30:00,STATION_001,81.71
2026-01-11 17:45:00,STATION_001,79.51
2026-01-11 18:00:00,STATION_001,79.6
2026-01-11 18:15:00,STATION_001,78.63
2026-01-11 18:30:00,STATION_001,82.67
2026-01-11 18:45:00,STATION_001,81.04
2026-01-11 19:00:00,STATION_001,83.02
2026-01-11 19:15:00,STATION_001,84.62
2026-01-11 19:30:00,STATION_001,85.51
2026-01-11 19:45:00,STATION_001,86.5
2026-01-11 20:00:00,STATION_001,84.65
2026-01-11 20:15:00,STATION_001,89.1
2026-01-11 20:30:00,STATION_001,92.03
2026-01-11 20:45:00,STATION_001,92.45
2026-01-11 21:00:00,STATION_001,93.29
2026-01-11 21:15:00,STATION_001,5.0
2026-01-11 21:30:00,STATION_001,9.85
2026-01-11 21:45:00,STATION_001,13.2
2026-01-11 22:00:00,STATION_001,15.4
2026-01-11 22:15:00,STATION_001,14.54
2026-01-11 22:30:00,STATION_001,15.94
2026-01-11 22:45:00,STATION_001,13.95
2026-01-11 23:00:00,STATION_001,13.13
2026-01-11 23:15:00,STATION_001,11.72
2026-01-11 23:30:00,STATION_001,14.11
2026-01-11 23:45:00,STATION_001,18.54
2026-01-12 00:00:00,STATION_001,18.75
2026-01-12 00:15:00,STATION_001,19.79
2026-01-12 00:30:00,STATION_001,17.56
2026-01-12 00:45:00,STATION_001,16.01
2026-01-12 01:00:00,STATION_001,15.08
2026-01-12 01:15:00,STATION_001,16.21
2026-01-12 01:30:00,STATION_001,19.4
2026-01-12 01:45:00,STATION_001,20.01
2026-01-12 02:00:00,STATION_001,19.47
2026-01-12 02:15:00,STATION_001,19.38
2026-01-12 02:30:00,STATION_001,24.55
2026-01-12 02:45:00,STATION_001,23.83
2026-01-12 03:00:00,STATION_001,26.68
2026-01-12 03:15:00,STATION_001,27.43
2026-01-12 03:30:00,STATION_001,26.62
2026-01-12 03:45:00,STATION_001,26.48
2026-01-12 04:00:00,STATION_001,28.01
2026-01-12 04:15:00,STATION_001,30.78
2026-01-12 04:30:00,STATION_001,30.83
2026-01-12 04:45:00,STATION_001,27.66
2026-01-12 05:00:00,STATION_001,25.81
2026-01-12 05:15:00,STATION_001,27.8
2026-01-12 05:30:00,STATION_001,27.9
2026-01-12 05:45:00,STATION_001,29.06
2026-01-12 06:00:00,STATION_001,28.8
2026-01-12 06:15:00,STATION_001,29.06
2026-01-12 06:30:00,STATION_001,27.77
2026-01-12 06:45:00,STATION_001,27.75
2026-01-12 07:00:00,STATION_001,25.49
2026-01-12 07:15:00,STATION_001,26.54
2026-01-12 07:30:00,STATION_001,30.94
2026-01-12 07:45:00,STATION_001,31.21
2026-01-12 08:00:00,STATION_001,33.8
2026-01-12 08:15:00,STATION_001,37.41
2026-01-12 08:30:00,STATION_001,37.81
2026-01-12 08:45:00,STATION_001,41.46
2026-01-12 09:00:00,STATION_001,40.26
2026-01-12 09:15:00,STATION_001,39.08
2026-01-12 09:30:00,STATION_001,43.17
2026-01-12 09:45:00,STATION_001,43.5
2026-01-12 10:00:00,STATION_001,42.92
2026-01-12 10:15:00,STATION_001,40.72
2026-01-12 10:30:00,STATION_001,42.33
2026-01-12 10:45:00,STATION_001,43.37
2026-01-12 11:00:00,STATION_001,45.89
2026-01-12 11:15:00,STATION_001,48.93
2026-01-12 11:30:00,STATION_001,48.79
2026-01-12 11:45:00,STATION_001,49.88
2026-01-12 12:00:00,STATION_001,52.1
2026-01-12 12:15:00,STATION_001,55.34
2026-01-12 12:30:00,STATION_001,59.97
2026-01-12 12:45:00,STATION_001,61.59
2026-01-12 13:00:00,STATION_001,63.94
2026-01-12 13:15:00,STATION_001,70.09
2026-01-12 13:30:00,STATION_001,72.26
2026-01-12 13:45:00,STATION_001,76.07
2026-01-12 14:00:00,STATION_001,76.26
2026-01-12 14:15:00,STATION_001,77.14
2026-01-12 14:30:00,STATION_001,76.45
2026-01-12 14:45:00,STATION_001,75.44
2026-01-12 15:00:00,STATION_001,76.03
2026-01-12 15:15:00,STATION_001,78.46
2026-01-12 15:30:00,STATION_001,79.64
2026-01-12 15:45:00,STATION_001,76.26
2026-01-12 16:00:00,STATION_001,80.01
2026-01-12 16:15:00,STATION_001,80.8
2026-01-12 16:30:00,STATION_001,77.33
2026-01-12 16:45:00,STATION_001,77.2
2026-01-12 17:00:00,STATION_001,73.88
2026-01-12 17:15:00,STATION_001,75.24
2026-01-12 17:30:00,STATION_001,74.85
2026-01-12 17:45:00,STATION_001,75.13
2026-01-12 18:00:00,STATION_001,78.14
2026-01-12 18:15:00,STATION_001,78.6
2026-01-12 18:30:00,STATION_001,81.31
2026-01-12 18:45:00,STATION_001,83.17
2026-01-12 19:00:00,STATION_001,86.39
2026-01-12 19:15:00,STATION_001,87.26
2026-01-12 19:30:00,STATION_001,91.57
2026-01-12 19:45:00,STATION_001,92.87
2026-01-12 20:00:00,STATION_001,92.86
2026-01-12 20:15:00,STATION_001,5.0
2026-01-12 20:30:00,STATION_001,9.23
2026-01-12 20:45:00,STATION_001,11.33
2026-01-12 21:00:00,STATION_001,11.6
2026-01-12 21:15:00,STATION_001,11.5
2026-01-12 21:30:00,STATION_001,13.59
2026-01-12 21:45:00,STATION_001,13.83
2026-01-12 22:00:00,STATION_001,14.11
2026-01-12 22:15:00,STATION_001,14.48
2026-01-12 22:30:00,STATION_001,10.0
2026-01-12 22:45:00,STATION_001,7.41
2026-01-12 23:00:00,STATION_001,11.28
2026-01-12 23:15:00,STATION_001,12.88
2026-01-12 23:30:00,STATION_001,15.53
2026-01-12 23:45:00,STATION_001,16.58
2026-01-13 00:00:00,STATION_001,17.89
2026-01-13 00:15:00,STATION_001,18.54
2026-01-13 00:30:00,STATION_001,16.44
2026-01-13 00:45:00,STATION_001,18.34
2026-01-13 01:00:00,STATION_001,19.78
2026-01-13 01:15:00,STATION_001,18.08
2026-01-13 01:30:00,STATION_001,20.16
2026-01-13 01:45:00,STATION_001,23.68
2026-01-13 02:00:00,STATION_001,25.12
2026-01-13 02:15:00,STATION_001,29.03
2026-01-13 02:30:00,STATION_001,27.01
2026-01-13 02:45:00,STATION_001,28.92
2026-01-13 03:00:00,STATION_001,31.92
2026-01-13 03:15:00,STATION_001,32.59
2026-01-13 03:30:00,STATION_001,30.98
2026-01-13 03:45:00,STATION_001,33.82
2026-01-13 04:00:00,STATION_001,36.04
2026-01-13 04:15:00,STATION_001,35.16
2026-01-13 04:30:00,STATION_001,34.26
2026-01-13 04:45:00,STATION_001,34.95
2026-01-13 05:00:00,STATION_001,41.96
2026-01-13 05:15:00,STATION_001,41.19
2026-01-13 05:30:00,STATION_001,43.01
2026-01-13 05:45:00,STATION_001,42.51
2026-01-13 06:00:00,STATION_001,43.71
2026-01-13 06:15:00,STATION_001,42.72
2026-01-13 06:30:00,STATION_001,42.8
2026-01-13 06:45:00,STATION_001,46.16
2026-01-13 07:00:00,STATION_001,47.78
2026-01-13 07:15:00,STATION_001,43.61
2026-01-13 07:30:00,STATION_001,46.19
2026-01-13 07:45:00,STATION_001,48.49
2026-01-13 08:00:00,STATION_001,47.71
2026-01-13 08:15:00,STATION_001,48.11
2026-01-13 08:30:00,STATION_001,47.09
2026-01-13 08:45:00,STATION_001,48.55
2026-01-13 09:00:00,STATION_001,48.98
2026-01-13 09:15:00,STATION_001,46.96
2026-01-13 09:30:00,STATION_001,48.38
2026-01-13 09:45:00,STATION_001,47.3
2026-01-13 10:00:00,STATION_001,48.95
2026-01-13 10:15:00,STATION_001,49.08
2026-01-13 10:30:00,STATION_001,48.27
2026-01-13 10:45:00,STATION_001,46.01
2026-01-13 11:00:00,STATION_001,41.8
2026-01-13 11:15:00,STATION_001,41.88
2026-01-13 11:30:00,STATION_001,45.23
2026-01-13 11:45:00,STATION_001,45.08
2026-01-13 12:00:00,STATION_001,47.21
2026-01-13 12:15:00,STATION_001,51.53
2026-01-13 12:30:00,STATION_001,54.28
2026-01-13 12:45:00,STATION_001,58.95
2026-01-13 13:00:00,STATION_001,63.0
2026-01-13 13:15:00,STATION_001,66.25
2026-01-13 13:30:00,STATION_001,70.76
2026-01-13 13:45:00,STATION_001,76.67
2026-01-13 14:00:00,STATION_001,76.46
2026-01-13 14:15:00,STATION_001,79.34
2026-01-13 14:30:00,STATION_001,80.16
2026-01-13 14:45:00,STATION_001,81.45
2026-01-13 15:00:00,STATION_001,79.28
2026-01-13 15:15:00,STATION_001,79.88
2026-01-13 15:30:00,STATION_001,79.28
2026-01-13 15:45:00,STATION_001,77.93
2026-01-13 16:00:00,STATION_001,78.34
2026-01-13 16:15:00,STATION_001,81.07
2026-01-13 16:30:00,STATION_001,81.66
2026-01-13 16:45:00,STATION_001,85.2
2026-01-13 17:00:00,STATION_001,82.53
2026-01-13 17:15:00,STATION_001,80.18
2026-01-13 17:30:00,STATION_001,82.34
2026-01-13 17:45:00,STATION_001,85.48
2026-01-13 18:00:00,STATION_001,87.63
2026-01-13 18:15:00,STATION_001,87.3
2026-01-13 18:30:00,STATION_001,93.99
2026-01-13 18:45:00,STATION_001,5.0
2026-01-13 19:00:00,STATION_001,6.27
2026-01-13 19:15:00,STATION_001,8.82
2026-01-13 19:30:00,STATION_001,11.15
2026-01-13 19:45:00,STATION_001,16.99
2026-01-13 20:00:00,STATION_001,26.59
2026-01-13 20:15:00,STATION_001,31.91
2026-01-13 20:30:00,STATION_001,36.72
2026-01-13 20:45:00,STATION_001,40.67
2026-01-13 21:00:00,STATION_001,39.94
2026-01-13 21:15:00,STATION_001,40.52
2026-01-13 21:30:00,STATION_001,38.17
2026-01-13 21:45:00,STATION_001,35.99
2026-01-13 22:00:00,STATION_001,41.41
2026-01-13 22:15:00,STATION_001,46.1
2026-01-13 22:30:00,STATION_001,48.55
2026-01-13 22:45:00,STATION_001,50.82
2026-01-13 23:00:00,STATION_001,50.17
2026-01-13 23:15:00,STATION_001,51.09
2026-01-13 23:30:00,STATION_001,53.22
2026-01-13 23:45:00,STATION_001,53.59
2026-01-14 00:00:00,STATION_001,52.62
2026-01-14 00:15:00,STATION_001,56.38
2026-01-14 00:30:00,STATION_001,61.53
2026-01-14 00:45:00,STATION_001,63.04
2026-01-14 01:00:00,STATION_001,64.66
2026-01-14 01:15:00,STATION_001,65.98
2026-01-14 01:30:00,STATION_001,68.92
2026-01-14 01:45:00,STATION_001,66.89
2026-01-14 02:00:00,STATION_001,66.5
2026-01-14 02:15:00,STATION_001,68.61
2026-01-14 02:30:00,STATION_001,69.06
2026-01-14 02:45:00,STATION_001,70.91
2026-01-14 03:00:00,STATION_001,69.65
2026-01-14 03:15:00,STATION_001,71.45
2026-01-14 03:30:00,STATION_001,72.91
2026-01-14 03:45:00,STATION_001,73.63
2026-01-14 04:00:00,STATION_001,73.07
2026-01-14 04:15:00,STATION_001,75.04
2026-01-14 04:30:00,STATION_001,74.36
2026-01-14 04:45:00,STATION_001,74.38
2026-01-14 05:00:00,STATION_001,76.15
2026-01-14 05:15:00,STATION_001,78.16
2026-01-14 05:30:00,STATION_001,77.18
2026-01-14 05:45:00,STATION_001,74.39
2026-01-14 06:00:00,STATION_001,74.91
2026-01-14 06:15:00,STATION_001,76.19
2026-01-14 06:30:00,STATION_001,76.07
2026-01-14 06:45:00,STATION_001,78.04
2026-01-14 07:00:00,STATION_001,79.35
2026-01-14 07:15:00,STATION_001,78.8
2026-01-14 07:30:00,STATION_001,80.66
2026-01-14 07:45:00,STATION_001,78.29
2026-01-14 08:00:00,STATION_001,85.1
2026-01-14 08:15:00,STATION_001,87.25
2026-01-14 08:30:00,STATION_001,85.72
2026-01-14 08:45:00,STATION_001,84.98
2026-01-14 09:00:00,STATION_001,85.55
2026-01-14 09:15:00,STATION_001,82.38
2026-01-14 09:30:00,STATION_001,83.15
2026-01-14 09:45:00,STATION_001,83.6
2026-01-14 10:00:00,STATION_001,82.08
2026-01-14 10:15:00,STATION_001,84.38
2026-01-14 10:30:00,STATION_001,84.42
2026-01-14 10:45:00,STATION_001,81.29
2026-01-14 11:00:00,STATION_001,80.75
2026-01-14 11:15:00,STATION_001,80.34
2026-01-14 11:30:00,STATION_001,80.66
2026-01-14 11:45:00,STATION_001,83.67
2026-01-14 12:00:00,STATION_001,90.82
2026-01-14 12:15:00,STATION_001,5.0
2026-01-14 12:30:00,STATION_001,7.72
2026-01-14 12:45:00,STATION_001,11.38
2026-01-14 13:00:00,STATION_001,17.23
2026-01-14 13:15:00,STATION_001,20.84
2026-01-14 13:30:00,STATION_001,24.38
2026-01-14 13:45:00,STATION_001,28.08
2026-01-14 14:00:00,STATION_001,29.88
2026-01-14 14:15:00,STATION_001,32.68
2026-01-14 14:30:00,STATION_001,33.24
2026-01-14 14:45:00,STATION_001,34.09
2026-01-14 15:00:00,STATION_001,33.37
2026-01-14 15:15:00,STATION_001,34.93
2026-01-14 15:30:00,STATION_001,36.1
2026-01-14 15:45:00,STATION_001,37.58
2026-01-14 16:00:00,STATION_001,39.47
2026-01-14 16:15:00,STATION_001,39.91
2026-01-14 16:30:00,STATION_001,38.96
2026-01-14 16:45:00,STATION_001,41.25
2026-01-14 17:00:00,STATION_001,40.12
2026-01-14 17:15:00,STATION_001,41.77
2026-01-14 17:30:00,STATION_001,45.08
2026-01-14 17:45:00,STATION_001,46.12
2026-01-14 18:00:00,STATION_001,49.67
2026-01-14 18:15:00,STATION_001,56.26
2026-01-14 18:30:00,STATION_001,61.7
2026-01-14 18:45:00,STATION_001,61.29
2026-01-14 19:00:00,STATION_001,69.6
2026-01-14 19:15:00,STATION_001,74.35
2026-01-14 19:30:00,STATION_001,78.97
2026-01-14 19:45:00,STATION_001,84.52
2026-01-14 20:00:00,STATION_001,88.55
2026-01-14 20:15:00,STATION_001,94.82
2026-01-14 20:30:00,STATION_001,5.0
2026-01-14 20:45:00,STATION_001,7.43
2026-01-14 21:00:00,STATION_001,7.45
2026-01-14 21:15:00,STATION_001,6.69
2026-01-14 21:30:00,STATION_001,5.53
2026-01-14 21:45:00,STATION_001,5.61
2026-01-14 22:00:00,STATION_001,6.67
2026-01-14 22:15:00,STATION_001,9.5
2026-01-14 22:30:00,STATION_001,8.41
2026-01-14 22:45:00,STATION_001,8.67
2026-01-14 23:00:00,STATION_001,9.91
2026-01-14 23:15:00,STATION_001,11.35
2026-01-14 23:30:00,STATION_001,14.16
2026-01-14 23:45:00,STATION_001,15.85
2026-01-15 00:00:00,STATION_001,17.51
2026-01-15 00:15:00,STATION_001,14.49
2026-01-15 00:30:00,STATION_001,13.32
2026-01-15 00:45:00,STATION_001,16.32
2026-01-15 01:00:00,STATION_001,16.92
2026-01-15 01:15:00,STATION_001,21.44
2026-01-15 01:30:00,STATION_001,27.57
2026-01-15 01:45:00,STATION_001,27.24
2026-01-15 02:00:00,STATION_001,26.84
2026-01-15 02:15:00,STATION_001,30.22
2026-01-15 02:30:00,STATION_001,30.07
2026-01-15 02:45:00,STATION_001,30.15
2026-01-15 03:00:00,STATION_001,31.0
2026-01-15 03:15:00,STATION_001,31.23
2026-01-15 03:30:00,STATION_001,35.14
2026-01-15 03:45:00,STATION_001,36.72
2026-01-15 04:00:00,STATION_001,36.57
2026-01-15 04:15:00,STATION_001,39.63
2026-01-15 04:30:00,STATION_001,41.55
2026-01-15 04:45:00,STATION_001,44.53
2026-01-15 05:00:00,STATION_001,44.73
2026-01-15 05:15:00,STATION_001,48.68
2026-01-15 05:30:00,STATION_001,48.2
2026-01-15 05:45:00,STATION_001,46.57
2026-01-15 06:00:00,STATION_001,49.8
2026-01-15 06:15:00,STATION_001,45.47
2026-01-15 06:30:00,STATION_001,45.69
2026-01-15 06:45:00,STATION_001,44.14
2026-01-15 07:00:00,STATION_001,47.94
2026-01-15 07:15:00,STATION_001,49.86
2026-01-15 07:30:00,STATION_001,52.43
2026-01-15 07:45:00,STATION_001,54.66
2026-01-15 08:00:00,STATION_001,53.23
2026-01-15 08:15:00,STATION_001,53.21
2026-01-15 08:30:00,STATION_001,54.17
2026-01-15 08:45:00,STATION_001,60.07
2026-01-15 09:00:00,STATION_001,58.57
2026-01-15 09:15:00,STATION_001,56.26
2026-01-15 09:30:00,STATION_001,60.39
2026-01-15 09:45:00,STATION_001,62.14
2026-01-15 10:00:00,STATION_001,64.21
2026-01-15 10:15:00,STATION_001,62.78
2026-01-15 10:30:00,STATION_001,64.73
2026-01-15 10:45:00,STATION_001,63.71
2026-01-15 11:00:00,STATION_001,61.23
2026-01-15 11:15:00,STATION_001,63.2
2026-01-15 11:30:00,STATION_001,62.93
2026-01-15 11:45:00,STATION_001,62.72
2026-01-15 12:00:00,STATION_001,62.28
2026-01-15 12:15:00,STATION_001,66.73
2026-01-15 12:30:00,STATION_001,72.46
2026-01-15 12:45:00,STATION_001,76.36
2026-01-15 13:00:00,STATION_001,83.02
2026-01-15 13:15:00,STATION_001,85.17
2026-01-15 13:30:00,STATION_001,86.83
2026-01-15 13:45:00,STATION_001,87.57
2026-01-15 14:00:00,STATION_001,90.02
2026-01-15 14:15:00,STATION_001,88.46
2026-01-15 14:30:00,STATION_001,88.85
2026-01-15 14:45:00,STATION_001,93.18
2026-01-15 15:00:00,STATION_001,93.51
2026-01-15 15:15:00,STATION_001,5.0
2026-01-15 15:30:00,STATION_001,6.27
2026-01-15 15:45:00,STATION_001,8.0
2026-01-15 16:00:00,STATION_001,5.66
2026-01-15 16:15:00,STATION_001,6.08
2026-01-15 16:30:00,STATION_001,7.54
2026-01-15 16:45:00,STATION_001,7.25
2026-01-15 17:00:00,STATION_001,5.26
2026-01-15 17:15:00,STATION_001,6.25
2026-01-15 17:30:00,STATION_001,15.15
2026-01-15 17:45:00,STATION_001,14.03
2026-01-15 18:00:00,STATION_001,12.8
2026-01-15 18:15:00,STATION_001,13.46
2026-01-15 18:30:00,STATION_001,19.03
2026-01-15 18:45:00,STATION_001,21.56
2026-01-15 19:00:00,STATION_001,23.01
2026-01-15 19:15:00,STATION_001,23.55
2026-01-15 19:30:00,STATION_001,27.49
2026-01-15 19:45:00,STATION_001,32.16
2026-01-15 20:00:00,STATION_001,37.13
2026-01-15 20:15:00,STATION_001,38.65
2026-01-15 20:30:00,STATION_001,45.56
2026-01-15 20:45:00,STATION_001,46.83
2026-01-15 21:00:00,STATION_001,48.88
2026-01-15 21:15:00,STATION_001,49.57
2026-01-15 21:30:00,STATION_001,52.89
2026-01-15 21:45:00,STATION_001,53.17
2026-01-15 22:00:00,STATION_001,55.56
2026-01-15 22:15:00,STATION_001,55.32
2026-01-15 22:30:00,STATION_001,52.15
2026-01-15 22:45:00,STATION_001,51.33
2026-01-15 23:00:00,STATION_001,52.11
2026-01-15 23:15:00,STATION_001,54.65
2026-01-15 23:30:00,STATION_001,54.08
2026-01-15 23:45:00,STATION_001,54.74
2026-01-16 00:00:00,STATION_001,57.5
2026-01-16 00:15:00,STATION_001,57.53
2026-01-16 00:30:00,STATION_001,58.12
2026-01-16 00:45:00,STATION_001,58.92
2026-01-16 01:00:00,STATION_001,60.5
2026-01-16 01:15:00,STATION_001,60.39
2026-01-16 01:30:00,STATION_001,61.13
2026-01-16 01:45:00,STATION_001,62.9
2026-01-16 02:00:00,STATION_001,64.7
2026-01-16 02:15:00,STATION_001,61.36
2026-01-16 02:30:00,STATION_001,64.97
2026-01-16 02:45:00,STATION_001,66.32
2026-01-16 03:00:00,STATION_001,65.01
2026-01-16 03:15:00,STATION_001,64.49
2026-01-16 03:30:00,STATION_001,63.66
2026-01-16 03:45:00,STATION_001,63.11
2026-01-16 04:00:00,STATION_001,65.7
2026-01-16 04:15:00,STATION_001,68.51
2026-01-16 04:30:00,STATION_001,70.49
2026-01-16 04:45:00,STATION_001,69.03
2026-01-16 05:00:00,STATION_001,68.84
2026-01-16 05:15:00,STATION_001,68.13
2026-01-16 05:30:00,STATION_001,67.25
2026-01-16 05:45:00,STATION_001,67.22
2026-01-16 06:00:00,STATION_001,66.65
2026-01-16 06:15:00,STATION_001,66.27
2026-01-16 06:30:00,STATION_001,67.37
2026-01-16 06:45:00,STATION_001,67.09
2026-01-16 07:00:00,STATION_001,67.45
2026-01-16 07:15:00,STATION_001,70.98
2026-01-16 07:30:00,STATION_001,68.35
2026-01-16 07:45:00,STATION_001,69.17
2026-01-16 08:00:00,STATION_001,69.1
2026-01-16 08:15:00,STATION_001,71.83
2026-01-16 08:30:00,STATION_001,72.9
2026-01-16 08:45:00,STATION_001,73.0
2026-01-16 09:00:00,STATION_001,73.58
2026-01-16 09:15:00,STATION_001,70.92
2026-01-16 09:30:00,STATION_001,70.28
2026-01-16 09:45:00,STATION_001,74.27
2026-01-16 10:00:00,STATION_001,76.84
2026-01-16 10:15:00,STATION_001,77.71
2026-01-16 10:30:00,STATION_001,77.06
2026-01-16 10:45:00,STATION_001,78.24
2026-01-16 11:00:00,STATION_001,79.69
2026-01-16 11:15:00,STATION_001,82.58
2026-01-16 11:30:00,STATION_001,78.64
2026-01-16 11:45:00,STATION_001,76.45
2026-01-16 12:00:00,STATION_001,81.37
2026-01-16 12:15:00,STATION_001,86.7
2026-01-16 12:30:00,STATION_001,91.53
2026-01-16 12:45:00,STATION_001,5.0
2026-01-16 13:00:00,STATION_001,5.7
2026-01-16 13:15:00,STATION_001,10.89
2026-01-16 13:30:00,STATION_001,14.46
2026-01-16 13:45:00,STATION_001,17.35
2026-01-16 14:00:00,STATION_001,16.4
2026-01-16 14:15:00,STATION_001,14.8
2026-01-16 14:30:00,STATION_001,14.53
2026-01-16 14:45:00,STATION_001,16.08
2026-01-16 15:00:00,STATION_001,17.53
2026-01-16 15:15:00,STATION_001,24.44
2026-01-16 15:30:00,STATION_001,27.19
2026-01-16 15:45:00,STATION_001,27.65
2026-01-16 16:00:00,STATION_001,29.11
2026-01-16 16:15:00,STATION_001,26.13
2026-01-16 16:30:00,STATION_001,25.89
2026-01-16 16:45:00,STATION_001,27.36
2026-01-16 17:00:00,STATION_001,30.01
2026-01-16 17:15:00,STATION_001,30.32
2026-01-16 17:30:00,STATION_001,31.71
2026-01-16 17:45:00,STATION_001,34.68
2026-01-16 18:00:00,STATION_001,37.29
2026-01-16 18:15:00,STATION_001,37.09
2026-01-16 18:30:00,STATION_001,41.51
2026-01-16 18:45:00,STATION_001,43.43
2026-01-16 19:00:00,STATION_001,44.77
2026-01-16 19:15:00,STATION_001,48.96
2026-01-16 19:30:00,STATION_001,50.35
2026-01-16 19:45:00,STATION_001,49.25
2026-01-16 20:00:00,STATION_001,54.72
2026-01-16 20:15:00,STATION_001,55.84
2026-01-16 20:30:00,STATION_001,59.21
2026-01-16 20:45:00,STATION_001,66.58
2026-01-16 21:00:00,STATION_001,67.65
2026-01-16 21:15:00,STATION_001,69.49
2026-01-16 21:30:00,STATION_001,69.97
2026-01-16 21:45:00,STATION_001,70.74
2026-01-16 22:00:00,STATION_001,70.48
2026-01-16 22:15:00,STATION_001,71.06
2026-01-16 22:30:00,STATION_001,72.49
2026-01-16 22:45:00,STATION_001,70.52
2026-01-16 23:00:00,STATION_001,69.25
2026-01-16 23:15:00,STATION_001,67.9
2026-01-16 23:30:00,STATION_001,68.26
2026-01-16 23:45:00,STATION_001,70.8
2026-01-17 00:00:00,STATION_001,72.78
2026-01-17 00:15:00,STATION_001,72.56
2026-01-17 00:30:00,STATION_001,73.43
2026-01-17 00:45:00,STATION_001,73.84
2026-01-17 01:00:00,STATION_001,78.15
2026-01-17 01:15:00,STATION_001,79.13
2026-01-17 01:30:00,STATION_001,76.86
2026-01-17 01:45:00,STATION_001,76.18
2026-01-17 02:00:00,STATION_001,73.77
2026-01-17 02:15:00,STATION_001,73.1
2026-01-17 02:30:00,STATION_001,75.25
2026-01-17 02:45:00,STATION_001,76.67
2026-01-17 03:00:00,STATION_001,76.93
2026-01-17 03:15:00,STATION_001,79.04
2026-01-17 03:30:00,STATION_001,80.33
2026-01-17 03:45:00,STATION_001,83.91
2026-01-17 04:00:00,STATION_001,84.31
2026-01-17 04:15:00,STATION_001,82.14
2026-01-17 04:30:00,STATION_001,82.95
2026-01-17 04:45:00,STATION_001,85.16
2026-01-17 05:00:00,STATION_001,86.19
2026-01-17 05:15:00,STATION_001,89.19
2026-01-17 05:30:00,STATION_001,89.82
2026-01-17 05:45:00,STATION_001,88.23
2026-01-17 06:00:00,STATION_001,87.26
2026-01-17 06:15:00,STATION_001,84.73
2026-01-17 06:30:00,STATION_001,86.19
2026-01-17 06:45:00,STATION_001,87.27
2026-01-17 07:00:00,STATION_001,89.68
2026-01-17 07:15:00,STATION_001,86.94
2026-01-17 07:30:00,STATION_001,87.87
2026-01-17 07:45:00,STATION_001,86.65
2026-01-17 08:00:00,STATION_001,84.05
2026-01-17 08:15:00,STATION_001,86.16
2026-01-17 08:30:00,STATION_001,89.41
2026-01-17 08:45:00,STATION_001,87.14
2026-01-17 09:00:00,STATION_001,89.54
2026-01-17 09:15:00,STATION_001,89.32
2026-01-17 09:30:00,STATION_001,90.43
2026-01-17 09:45:00,STATION_001,92.77
2026-01-17 10:00:00,STATION_001,91.82
2026-01-17 10:15:00,STATION_001,92.73
2026-01-17 10:30:00,STATION_001,93.08
2026-01-17 10:45:00,STATION_001,93.47
2026-01-17 11:00:00,STATION_001,5.0
2026-01-17 11:15:00,STATION_001,7.76
2026-01-17 11:30:00,STATION_001,11.81
2026-01-17 11:45:00,STATION_001,15.74
2026-01-17 12:00:00,STATION_001,15.66
2026-01-17 12:15:00,STATION_001,17.07
2026-01-17 12:30:00,STATION_001,21.3
2026-01-17 12:45:00,STATION_001,24.89
2026-01-17 13:00:00,STATION_001,24.17
2026-01-17 13:15:00,STATION_001,28.92
2026-01-17 13:30:00,STATION_001,32.82
2026-01-17 13:45:00,STATION_001,31.62
2026-01-17 14:00:00,STATION_001,33.88
2026-01-17 14:15:00,STATION_001,37.44
2026-01-17 14:30:00,STATION_001,42.15
2026-01-17 14:45:00,STATION_001,42.51
2026-01-17 15:00:00,STATION_001,44.25
2026-01-17 15:15:00,STATION_001,45.75
2026-01-17 15:30:00,STATION_001,45.63
2026-01-17 15:45:00,STATION_001,43.53
2026-01-17 16:00:00,STATION_001,42.22
2026-01-17 16:15:00,STATION_001,39.3
2026-01-17 16:30:00,STATION_001,40.79
2026-01-17 16:45:00,STATION_001,40.87
2026-01-17 17:00:00,STATION_001,44.49
2026-01-17 17:15:00,STATION_001,46.92
2026-01-17 17:30:00,STATION_001,48.26
2026-01-17 17:45:00,STATION_001,47.56
2026-01-17 18:00:00,STATION_001,50.57
2026-01-17 18:15:00,STATION_001,49.71
2026-01-17 18:30:00,STATION_001,49.44
2026-01-17 18:45:00,STATION_001,48.97
2026-01-17 19:00:00,STATION_001,52.12
2026-01-17 19:15:00,STATION_001,52.73
2026-01-17 19:30:00,STATION_001,52.5
2026-01-17 19:45:00,STATION_001,54.78
2026-01-17 20:00:00,STATION_001,55.11
2026-01-17 20:15:00,STATION_001,54.53
2026-01-17 20:30:00,STATION_001,55.29
2026-01-17 20:45:00,STATION_001,55.33
2026-01-17 21:00:00,STATION_001,59.31
2026-01-17 21:15:00,STATION_001,58.92
2026-01-17 21:30:00,STATION_001,56.41
2026-01-17 21:45:00,STATION_001,60.38
2026-01-17 22:00:00,STATION_001,61.5
2026-01-17 22:15:00,STATION_001,63.68
2026-01-17 22:30:00,STATION_001,66.2
2026-01-17 22:45:00,STATION_001,68.25
2026-01-17 23:00:00,STATION_001,69.84
2026-01-17 23:15:00,STATION_001,67.23
2026-01-17 23:30:00,STATION_001,70.09
2026-01-17 23:45:00,STATION_001,70.13
2026-01-18 00:00:00,STATION_001,74.89
2026-01-18 00:15:00,STATION_001,79.82
2026-01-18 00:30:00,STATION_001,80.55
2026-01-18 00:45:00,STATION_001,85.38
2026-01-18 01:00:00,STATION_001,86.46
2026-01-18 01:15:00,STATION_001,88.27
2026-01-18 01:30:00,STATION_001,89.5
2026-01-18 01:45:00,STATION_001,89.11
2026-01-18 02:00:00,STATION_001,90.19
2026-01-18 02:15:00,STATION_001,89.95
2026-01-18 02:30:00,STATION_001,90.46
2026-01-18 02:45:00,STATION_001,94.63
2026-01-18 03:00:00,STATION_001,5.0
2026-01-18 03:15:00,STATION_001,8.43
2026-01-18 03:30:00,STATION_001,9.67
2026-01-18 03:45:00,STATION_001,11.15
2026-01-18 04:00:00,STATION_001,13.61
2026-01-18 04:15:00,STATION_001,11.33
2026-01-18 04:30:00,STATION_001,10.7
2026-01-18 04:45:00,STATION_001,13.5
2026-01-18 05:00:00,STATION_001,15.11
2026-01-18 05:15:00,STATION_001,13.58
2026-01-18 05:30:00,STATION_001,16.25
2026-01-18 05:45:00,STATION_001,19.28
2026-01-18 06:00:00,STATION_001,16.3
2026-01-18 06:15:00,STATION_001,18.61
2026-01-18 06:30:00,STATION_001,20.87
2026-01-18 06:45:00,STATION_001,24.58
2026-01-18 07:00:00,STATION_001,27.34
2026-01-18 07:15:00,STATION_001,22.87
2026-01-18 07:30:00,STATION_001,27.3
2026-01-18 07:45:00,STATION_001,26.35
2026-01-18 08:00:00,STATION_001,26.21
2026-01-18 08:15:00,STATION_001,29.8
2026-01-18 08:30:00,STATION_001,29.62
2026-01-18 08:45:00,STATION_001,35.18
2026-01-18 09:00:00,STATION_001,32.84
2026-01-18 09:15:00,STATION_001,30.43
2026-01-18 09:30:00,STATION_001,28.73
2026-01-18 09:45:00,STATION_001,29.75
2026-01-18 10:00:00,STATION_001,33.0
2026-01-18 10:15:00,STATION_001,34.93
2026-01-18 10:30:00,STATION_001,36.46
2026-01-18 10:45:00,STATION_001,36.87
2026-01-18 11:00:00,STATION_001,38.27
2026-01-18 11:15:00,STATION_001,36.81
2026-01-18 11:30:00,STATION_001,40.54
2026-01-18 11:45:00,STATION_001,44.07
2026-01-18 12:00:00,STATION_001,47.3
2026-01-18 12:15:00,STATION_001,52.97
2026-01-18 12:30:00,STATION_001,52.83
2026-01-18 12:45:00,STATION_001,52.22
2026-01-18 13:00:00,STATION_001,54.03
2026-01-18 13:15:00,STATION_001,54.37
2026-01-18 13:30:00,STATION_001,57.95
2026-01-18 13:45:00,STATION_001,59.78
2026-01-18 14:00:00,STATION_001,64.03
2026-01-18 14:15:00,STATION_001,64.13
2026-01-18 14:30:00,STATION_001,70.47
2026-01-18 14:45:00,STATION_001,74.53
2026-01-18 15:00:00,STATION_001,73.12
2026-01-18 15:15:00,STATION_001,71.66
2026-01-18 15:30:00,STATION_001,72.43
2026-01-18 15:45:00,STATION_001,72.11
2026-01-18 16:00:00,STATION_001,68.68
2026-01-18 16:15:00,STATION_001,71.68
2026-01-18 16:30:00,STATION_001,73.14
2026-01-18 16:45:00,STATION_001,73.94
2026-01-18 17:00:00,STATION_001,74.55
2026-01-18 17:15:00,STATION_001,75.86
2026-01-18 17:30:00,STATION_001,75.94
2026-01-18 17:45:00,STATION_001,75.16
2026-01-18 18:00:00,STATION_001,77.35
2026-01-18 18:15:00,STATION_001,76.34
2026-01-18 18:30:00,STATION_001,77.73
2026-01-18 18:45:00,STATION_001,82.52
2026-01-18 19:00:00,STATION_001,86.16
2026-01-18 19:15:00,STATION_001,85.6
2026-01-18 19:30:00,STATION_001,85.72
2026-01-18 19:45:00,STATION_001,89.8
2026-01-18 20:00:00,STATION_001,90.37
2026-01-18 20:15:00,STATION_001,93.8
2026-01-18 20:30:00,STATION_001,94.69
2026-01-18 20:45:00,STATION_001,5.0
2026-01-18 21:00:00,STATION_001,5.65
2026-01-18 21:15:00,STATION_001,6.89
2026-01-18 21:30:00,STATION_001,11.06
2026-01-18 21:45:00,STATION_001,7.35
2026-01-18 22:00:00,STATION_001,9.55
2026-01-18 22:15:00,STATION_001,10.67
2026-01-18 22:30:00,STATION_001,13.86
2026-01-18 22:45:00,STATION_001,15.02
2026-01-18 23:00:00,STATION_001,17.19
2026-01-18 23:15:00,STATION_001,18.04
2026-01-18 23:30:00,STATION_001,23.79
2026-01-18 23:45:00,STATION_001,22.88
2026-01-19 00:00:00,STATION_001,25.31
2026-01-19 00:15:00,STATION_001,27.42
2026-01-19 00:30:00,STATION_001,26.94
2026-01-19 00:45:00,STATION_001,26.41
2026-01-19 01:00:00,STATION_001,27.26
2026-01-19 01:15:00,STATION_001,26.92
2026-01-19 01:30:00,STATION_001,28.06
2026-01-19 01:45:00,STATION_001,29.43
2026-01-19 02:00:00,STATION_001,28.68
2026-01-19 02:15:00,STATION_001,30.83
2026-01-19 02:30:00,STATION_001,30.9
2026-01-19 02:45:00,STATION_001,31.48
2026-01-19 03:00:00,STATION_001,27.86
2026-01-19 03:15:00,STATION_001,32.06
2026-01-19 03:30:00,STATION_001,31.86
2026-01-19 03:45:00,STATION_001,31.16
2026-01-19 04:00:00,STATION_001,28.15
2026-01-19 04:15:00,STATION_001,28.08
2026-01-19 04:30:00,STATION_001,27.45
2026-01-19 04:45:00,STATION_001,30.68
2026-01-19 05:00:00,STATION_001,31.35
2026-01-19 05:15:00,STATION_001,31.37
2026-01-19 05:30:00,STATION_001,31.2
2026-01-19 05:45:00,STATION_001,30.12
2026-01-19 06:00:00,STATION_001,30.17
2026-01-19 06:15:00,STATION_001,33.48
2026-01-19 06:30:00,STATION_001,32.4
2026-01-19 06:45:00,STATION_001,31.6
2026-01-19 07:00:00,STATION_001,29.74
2026-01-19 07:15:00,STATION_001,29.81
2026-01-19 07:30:00,STATION_001,31.68
2026-01-19 07:45:00,STATION_001,31.35
2026-01-19 08:00:00,STATION_001,33.05
2026-01-19 08:15:00,STATION_001,36.83
2026-01-19 08:30:00,STATION_001,37.18
2026-01-19 08:45:00,STATION_001,37.57
2026-01-19 09:00:00,STATION_001,39.46
2026-01-19 09:15:00,STATION_001,39.12
2026-01-19 09:30:00,STATION_001,36.45
2026-01-19 09:45:00,STATION_001,32.47
2026-01-19 10:00:00,STATION_001,35.42
2026-01-19 10:15:00,STATION_001,36.74
2026-01-19 10:30:00,STATION_001,38.65
2026-01-19 10:45:00,STATION_001,42.5
2026-01-19 11:00:00,STATION_001,45.85
2026-01-19 11:15:00,STATION_001,44.09
2026-01-19 11:30:00,STATION_001,44.35
2026-01-19 11:45:00,STATION_001,41.58
2026-01-19 12:00:00,STATION_001,46.34
2026-01-19 12:15:00,STATION_001,53.73
2026-01-19 12:30:00,STATION_001,57.26
2026-01-19 12:45:00,STATION_001,59.61
2026-01-19 13:00:00,STATION_001,60.58
2026-01-19 13:15:00,STATION_001,61.4
2026-01-19 13:30:00,STATION_001,62.59
2026-01-19 13:45:00,STATION_001,63.82
2026-01-19 14:00:00,STATION_001,61.02
2026-01-19 14:15:00,STATION_001,61.9
2026-01-19 14:30:00,STATION_001,65.06
2026-01-19 14:45:00,STATION_001,64.67
2026-01-19 15:00:00,STATION_001,67.78
2026-01-19 15:15:00,STATION_001,67.73
2026-01-19 15:30:00,STATION_001,69.2
2026-01-19 15:45:00,STATION_001,68.66
2026-01-19 16:00:00,STATION_001,68.74
2026-01-19 16:15:00,STATION_001,68.29
2026-01-19 16:30:00,STATION_001,67.49
2026-01-19 16:45:00,STATION_001,67.94
2026-01-19 17:00:00,STATION_001,69.05
2026-01-19 17:15:00,STATION_001,72.56
2026-01-19 17:30:00,STATION_001,73.3
2026-01-19 17:45:00,STATION_001,70.54
2026-01-19 18:00:00,STATION_001,72.09
2026-01-19 18:15:00,STATION_001,72.48
2026-01-19 18:30:00,STATION_001,77.26
2026-01-19 18:45:00,STATION_001,79.5
2026-01-19 19:00:00,STATION_001,81.65
2026-01-19 19:15:00,STATION_001,84.35
2026-01-19 19:30:00,STATION_001,90.11
2026-01-19 19:45:00,STATION_001,90.68
2026-01-19 20:00:00,STATION_001,5.0
2026-01-19 20:15:00,STATION_001,2.72
2026-01-19 20:30:00,STATION_001,6.57
2026-01-19 20:45:00,STATION_001,8.42
2026-01-19 21:00:00,STATION_001,9.67
2026-01-19 21:15:00,STATION_001,9.74
2026-01-19 21:30:00,STATION_001,8.4
2026-01-19 21:45:00,STATION_001,7.39
2026-01-19 22:00:00,STATION_001,7.57
2026-01-19 22:15:00,STATION_001,8.23
2026-01-19 22:30:00,STATION_001,9.66
2026-01-19 22:45:00,STATION_001,8.96
2026-01-19 23:00:00,STATION_001,9.59
2026-01-19 23:15:00,STATION_001,12.92
2026-01-19 23:30:00,STATION_001,12.58
2026-01-19 23:45:00,STATION_001,17.06
2026-01-20 00:00:00,STATION_001,20.28
2026-01-20 00:15:00,STATION_001,22.19
2026-01-20 00:30:00,STATION_001,20.84
2026-01-20 00:45:00,STATION_001,17.72
2026-01-20 01:00:00,STATION_001,17.8
2026-01-20 01:15:00,STATION_001,20.57
2026-01-20 01:30:00,STATION_001,24.36
2026-01-20 01:45:00,STATION_001,24.24
2026-01-20 02:00:00,STATION_001,26.3
2026-01-20 02:15:00,STATION_001,28.24
2026-01-20 02:30:00,STATION_001,28.97
2026-01-20 02:45:00,STATION_001,32.55
2026-01-20 03:00:00,STATION_001,32.89
2026-01-20 03:15:00,STATION_001,33.12
2026-01-20 03:30:00,STATION_001,29.94
2026-01-20 03:45:00,STATION_001,32.76
2026-01-20 04:00:00,STATION_001,33.14
2026-01-20 04:15:00,STATION_001,33.39
2026-01-20 04:30:00,STATION_001,32.6
2026-01-20 04:45:00,STATION_001,38.67
2026-01-20 05:00:00,STATION_001,42.57
2026-01-20 05:15:00,STATION_001,44.61
2026-01-20 05:30:00,STATION_001,45.61
2026-01-20 05:45:00,STATION_001,42.08
2026-01-20 06:00:00,STATION_001,40.91
2026-01-20 06:15:00,STATION_001,41.98
2026-01-20 06:30:00,STATION_001,40.09
2026-01-20 06:45:00,STATION_001,41.54
2026-01-20 07:00:00,STATION_001,42.49
2026-01-20 07:15:00,STATION_001,43.69
2026-01-20 07:30:00,STATION_001,47.61
2026-01-20 07:45:00,STATION_001,47.02
2026-01-20 08:00:00,STATION_001,44.95
2026-01-20 08:15:00,STATION_001,43.77
2026-01-20 08:30:00,STATION_001,42.47
2026-01-20 08:45:00,STATION_001,48.02
2026-01-20 09:00:00,STATION_001,47.44
2026-01-20 09:15:00,STATION_001,50.71
2026-01-20 09:30:00,STATION_001,50.82
2026-01-20 09:45:00,STATION_001,51.37
2026-01-20 10:00:00,STATION_001,50.61
2026-01-20 10:15:00,STATION_001,53.17
2026-01-20 10:30:00,STATION_001,50.78
2026-01-20 10:45:00,STATION_001,50.89
2026-01-20 11:00:00,STATION_001,54.04
2026-01-20 11:15:00,STATION_001,52.81
2026-01-20 11:30:00,STATION_001,51.02
2026-01-20 11:45:00,STATION_001,52.32
2026-01-20 12:00:00,STATION_001,57.27
2026-01-20 12:15:00,STATION_001,60.0
2026-01-20 12:30:00,STATION_001,58.08
2026-01-20 12:45:00,STATION_001,62.98
2026-01-20 13:00:00,STATION_001,64.68
2026-01-20 13:15:00,STATION_001,67.74
2026-01-20 13:30:00,STATION_001,71.09
2026-01-20 13:45:00,STATION_001,74.68
2026-01-20 14:00:00,STATION_001,73.99
2026-01-20 14:15:00,STATION_001,72.29
2026-01-20 14:30:00,STATION_001,73.3
2026-01-20 14:45:00,STATION_001,73.97
2026-01-20 15:00:00,STATION_001,73.4
2026-01-20 15:15:00,STATION_001,74.54
2026-01-20 15:30:00,STATION_001,75.13
2026-01-20 15:45:00,STATION_001,79.52
2026-01-20 16:00:00,STATION_001,82.34
2026-01-20 16:15:00,STATION_001,84.39
2026-01-20 16:30:00,STATION_001,86.25
2026-01-20 16:45:00,STATION_001,87.81
2026-01-20 17:00:00,STATION_001,88.39
2026-01-20 17:15:00,STATION_001,87.19
2026-01-20 17:30:00,STATION_001,86.19
2026-01-20 17:45:00,STATION_001,86.31
2026-01-20 18:00:00,STATION_001,88.91
2026-01-20 18:15:00,STATION_001,93.69
2026-01-20 18:30:00,STATION_001,5.0
2026-01-20 18:45:00,STATION_001,9.03
2026-01-20 19:00:00,STATION_001,14.93
2026-01-20 19:15:00,STATION_001,20.91
2026-01-20 19:30:00,STATION_001,27.49
2026-01-20 19:45:00,STATION_001,28.57
2026-01-20 20:00:00,STATION_001,32.4
2026-01-20 20:15:00,STATION_001,39.02
2026-01-20 20:30:00,STATION_001,43.78
2026-01-20 20:45:00,STATION_001,45.06
2026-01-20 21:00:00,STATION_001,45.3
2026-01-20 21:15:00,STATION_001,45.96
2026-01-20 21:30:00,STATION_001,46.13
2026-01-20 21:45:00,STATION_001,45.92
2026-01-20 22:00:00,STATION_001,48.26
2026-01-20 22:15:00,STATION_001,51.87
2026-01-20 22:30:00,STATION_001,52.31
2026-01-20 22:45:00,STATION_001,52.48
2026-01-20 23:00:00,STATION_001,55.61
2026-01-20 23:15:00,STATION_001,55.2
2026-01-20 23:30:00,STATION_001,56.15
2026-01-20 23:45:00,STATION_001,57.04
2026-01-21 00:00:00,STATION_001,56.37
2026-01-21 00:15:00,STATION_001,56.43
2026-01-21 00:30:00,STATION_001,53.47
2026-01-21 00:45:00,STATION_001,54.1
2026-01-21 01:00:00,STATION_001,53.67
2026-01-21 01:15:00,STATION_001,53.14
2026-01-21 01:30:00,STATION_001,55.75
2026-01-21 01:45:00,STATION_001,58.28
2026-01-21 02:00:00,STATION_001,57.9
2026-01-21 02:15:00,STATION_001,56.88
2026-01-21 02:30:00,STATION_001,59.14
2026-01-21 02:45:00,STATION_001,58.21
2026-01-21 03:00:00,STATION_001,58.23
2026-01-21 03:15:00,STATION_001,54.44
2026-01-21 03:30:00,STATION_001,54.92
2026-01-21 03:45:00,STATION_001,57.01
2026-01-21 04:00:00,STATION_001,59.12
2026-01-21 04:15:00,STATION_001,62.58
2026-01-21 04:30:00,STATION_001,61.27
2026-01-21 04:45:00,STATION_001,58.59
2026-01-21 05:00:00,STATION_001,57.02
2026-01-21 05:15:00,STATION_001,55.28
2026-01-21 05:30:00,STATION_001,57.19
2026-01-21 05:45:00,STATION_001,59.06
2026-01-21 06:00:00,STATION_001,61.81
2026-01-21 06:15:00,STATION_001,60.51
2026-01-21 06:30:00,STATION_001,62.76
2026-01-21 06:45:00,STATION_001,65.53
2026-01-21 07:00:00,STATION_001,68.16
2026-01-21 07:15:00,STATION_001,70.47
2026-01-21 07:30:00,STATION_001,70.7
2026-01-21 07:45:00,STATION_001,70.09
2026-01-21 08:00:00,STATION_001,72.67
2026-01-21 08:15:00,STATION_001,70.36
2026-01-21 08:30:00,STATION_001,67.79
2026-01-21 08:45:00,STATION_001,69.07
2026-01-21 09:00:00,STATION_001,67.71
2026-01-21 09:15:00,STATION_001,67.79
2026-01-21 09:30:00,STATION_001,69.51
2026-01-21 09:45:00,STATION_001,68.55
2026-01-21 10:00:00,STATION_001,68.62
2026-01-21 10:15:00,STATION_001,70.32
2026-01-21 10:30:00,STATION_001,71.85
2026-01-21 10:45:00,STATION_001,74.14
2026-01-21 11:00:00,STATION_001,74.01
2026-01-21 11:15:00,STATION_001,75.73
2026-01-21 11:30:00,STATION_001,74.66
2026-01-21 11:45:00,STATION_001,77.04
2026-01-21 12:00:00,STATION_001,77.49
2026-01-21 12:15:00,STATION_001,80.18
2026-01-21 12:30:00,STATION_001,84.87
2026-01-21 12:45:00,STATION_001,88.03
2026-01-21 13:00:00,STATION_001,91.95
2026-01-21 13:15:00,STATION_001,91.99
2026-01-21 13:30:00,STATION_001,93.02
2026-01-21 13:45:00,STATION_001,94.74
2026-01-21 14:00:00,STATION_001,5.0
2026-01-21 14:15:00,STATION_001,6.79
2026-01-21 14:30:00,STATION_001,9.1
2026-01-21 14:45:00,STATION_001,11.04
2026-01-21 15:00:00,STATION_001,12.95
2026-01-21 15:15:00,STATION_001,14.27
2026-01-21 15:30:00,STATION_001,14.05
2026-01-21 15:45:00,STATION_001,14.24
2026-01-21 16:00:00,STATION_001,14.96
2026-01-21 16:15:00,STATION_001,14.1
2026-01-21 16:30:00,STATION_001,14.81
2026-01-21 16:45:00,STATION_001,17.6
2026-01-21 17:00:00,STATION_001,15.94
2026-01-21 17:15:00,STATION_001,18.44
2026-01-21 17:30:00,STATION_001,22.41
2026-01-21 17:45:00,STATION_001,24.87
2026-01-21 18:00:00,STATION_001,27.37
2026-01-21 18:15:00,STATION_001,29.06
2026-01-21 18:30:00,STATION_001,31.79
2026-01-21 18:45:00,STATION_001,33.67
2026-01-21 19:00:00,STATION_001,35.6
2026-01-21 19:15:00,STATION_001,42.27
2026-01-21 19:30:00,STATION_001,46.55
2026-01-21 19:45:00,STATION_001,50.81
2026-01-21 20:00:00,STATION_001,56.7
2026-01-21 20:15:00,STATION_001,58.55
2026-01-21 20:30:00,STATION_001,63.96
2026-01-21 20:45:00,STATION_001,70.2
2026-01-21 21:00:00,STATION_001,67.43
2026-01-21 21:15:00,STATION_001,64.97
2026-01-21 21:30:00,STATION_001,67.78
2026-01-21 21:45:00,STATION_001,70.18
2026-01-21 22:00:00,STATION_001,71.88
2026-01-21 22:15:00,STATION_001,72.73
2026-01-21 22:30:00,STATION_001,74.56
2026-01-21 22:45:00,STATION_001,74.05
2026-01-21 23:00:00,STATION_001,73.68
2026-01-21 23:15:00,STATION_001,74.38
2026-01-21 23:30:00,STATION_001,74.17
2026-01-21 23:45:00,STATION_001,73.31
2026-01-22 00:00:00,STATION_001,77.21
2026-01-22 00:15:00,STATION_001,78.25
2026-01-22 00:30:00,STATION_001,78.43
2026-01-22 00:45:00,STATION_001,80.58
2026-01-22 01:00:00,STATION_001,83.38
2026-01-22 01:15:00,STATION_001,81.89
2026-01-22 01:30:00,STATION_001,80.68
2026-01-22 01:45:00,STATION_001,83.51
2026-01-22 02:00:00,STATION_001,87.71
2026-01-22 02:15:00,STATION_001,90.06
2026-01-22 02:30:00,STATION_001,90.69
2026-01-22 02:45:00,STATION_001,93.19
2026-01-22 03:00:00,STATION_001,92.07
2026-01-22 03:15:00,STATION_001,92.38
2026-01-22 03:30:00,STATION_001,91.88
2026-01-22 03:45:00,STATION_001,90.18
2026-01-22 04:00:00,STATION_001,92.29
2026-01-22 04:15:00,STATION_001,84.18
2026-01-22 04:30:00,STATION_001,82.97
2026-01-22 04:45:00,STATION_001,82.68
2026-01-22 05:00:00,STATION_001,84.7
2026-01-22 05:15:00,STATION_001,85.75
2026-01-22 05:30:00,STATION_001,86.71
2026-01-22 05:45:00,STATION_001,89.24
2026-01-22 06:00:00,STATION_001,90.55
2026-01-22 06:15:00,STATION_001,89.49
2026-01-22 06:30:00,STATION_001,86.7
2026-01-22 06:45:00,STATION_001,88.75
2026-01-22 07:00:00,STATION_001,90.61
2026-01-22 07:15:00,STATION_001,89.21
2026-01-22 07:30:00,STATION_001,91.0
2026-01-22 07:45:00,STATION_001,89.23
2026-01-22 08:00:00,STATION_001,93.59
2026-01-22 08:15:00,STATION_001,92.96
2026-01-22 08:30:00,STATION_001,90.87
2026-01-22 08:45:00,STATION_001,92.82
2026-01-22 09:00:00,STATION_001,93.4
2026-01-22 09:15:00,STATION_001,92.07
2026-01-22 09:30:00,STATION_001,91.13
2026-01-22 09:45:00,STATION_001,88.05
2026-01-22 10:00:00,STATION_001,85.77
2026-01-22 10:15:00,STATION_001,87.04
2026-01-22 10:30:00,STATION_001,86.1
2026-01-22 10:45:00,STATION_001,85.98
2026-01-22 11:00:00,STATION_001,85.18
2026-01-22 11:15:00,STATION_001,88.82
2026-01-22 11:30:00,STATION_001,89.47
2026-01-22 11:45:00,STATION_001,90.22
2026-01-22 12:00:00,STATION_001,93.32
2026-01-22 12:15:00,STATION_001,5.0
2026-01-22 12:30:00,STATION_001,8.03
2026-01-22 12:45:00,STATION_001,10.51
2026-01-22 13:00:00,STATION_001,16.34
2026-01-22 13:15:00,STATION_001,18.57
2026-01-22 13:30:00,STATION_001,18.52
2026-01-22 13:45:00,STATION_001,24.16
2026-01-22 14:00:00,STATION_001,22.16
2026-01-22 14:15:00,STATION_001,21.1
2026-01-22 14:30:00,STATION_001,18.15
2026-01-22 14:45:00,STATION_001,18.68
2026-01-22 15:00:00,STATION_001,18.75
2026-01-22 15:15:00,STATION_001,21.35
2026-01-22 15:30:00,STATION_001,22.16
2026-01-22 15:45:00,STATION_001,18.69
2026-01-22 16:00:00,STATION_001,23.15
2026-01-22 16:15:00,STATION_001,22.37
2026-01-22 16:30:00,STATION_001,24.04
2026-01-22 16:45:00,STATION_001,26.13
2026-01-22 17:00:00,STATION_001,26.92
2026-01-22 17:15:00,STATION_001,32.38
2026-01-22 17:30:00,STATION_001,30.67
2026-01-22 17:45:00,STATION_001,34.3
2026-01-22 18:00:00,STATION_001,37.44
2026-01-22 18:15:00,STATION_001,42.43
2026-01-22 18:30:00,STATION_001,42.88
2026-01-22 18:45:00,STATION_001,46.5
2026-01-22 19:00:00,STATION_001,52.82
2026-01-22 19:15:00,STATION_001,52.73
2026-01-22 19:30:00,STATION_001,54.4
2026-01-22 19:45:00,STATION_001,57.36
2026-01-22 20:00:00,STATION_001,60.48
2026-01-22 20:15:00,STATION_001,62.03
2026-01-22 20:30:00,STATION_001,64.48
2026-01-22 20:45:00,STATION_001,68.29
2026-01-22 21:00:00,STATION_001,70.34
2026-01-22 21:15:00,STATION_001,69.72
2026-01-22 21:30:00,STATION_001,72.99
2026-01-22 21:45:00,STATION_001,73.5
2026-01-22 22:00:00,STATION_001,77.81
2026-01-22 22:15:00,STATION_001,79.8
2026-01-22 22:30:00,STATION_001,80.86
2026-01-22 22:45:00,STATION_001,79.8
2026-01-22 23:00:00,STATION_001,74.01
2026-01-22 23:15:00,STATION_001,75.33
2026-01-22 23:30:00,STATION_001,72.11
2026-01-22 23:45:00,STATION_001,73.31
2026-01-23 00:00:00,STATION_001,72.44
2026-01-23 00:15:00,STATION_001,72.31
2026-01-23 00:30:00,STATION_001,76.78
2026-01-23 00:45:00,STATION_001,73.5
2026-01-23 01:00:00,STATION_001,80.61
2026-01-23 01:15:00,STATION_001,82.67
2026-01-23 01:30:00,STATION_001,84.18
2026-01-23 01:45:00,STATION_001,80.99
2026-01-23 02:00:00,STATION_001,79.86
2026-01-23 02:15:00,STATION_001,75.23
2026-01-23 02:30:00,STATION_001,76.14
2026-01-23 02:45:00,STATION_001,73.43
2026-01-23 03:00:00,STATION_001,73.28
2026-01-23 03:15:00,STATION_001,75.8
2026-01-23 03:30:00,STATION_001,74.83
2026-01-23 03:45:00,STATION_001,77.11
2026-01-23 04:00:00,STATION_001,78.34
2026-01-23 04:15:00,STATION_001,78.87
2026-01-23 04:30:00,STATION_001,77.5
2026-01-23 04:45:00,STATION_001,77.28
2026-01-23 05:00:00,STATION_001,78.07
2026-01-23 05:15:00,STATION_001,74.49
2026-01-23 05:30:00,STATION_001,76.89
2026-01-23 05:45:00,STATION_001,80.58
2026-01-23 06:00:00,STATION_001,81.3
2026-01-23 06:15:00,STATION_001,82.39
2026-01-23 06:30:00,STATION_001,84.85
2026-01-23 06:45:00,STATION_001,85.53
2026-01-23 07:00:00,STATION_001,87.69
2026-01-23 07:15:00,STATION_001,89.88
2026-01-23 07:30:00,STATION_001,90.69
2026-01-23 07:45:00,STATION_001,89.23
2026-01-23 08:00:00,STATION_001,91.21
2026-01-23 08:15:00,STATION_001,89.55
2026-01-23 08:30:00,STATION_001,89.78
2026-01-23 08:45:00,STATION_001,93.54
2026-01-23 09:00:00,STATION_001,5.0
2026-01-23 09:15:00,STATION_001,6.93
2026-01-23 09:30:00,STATION_001,9.5
2026-01-23 09:45:00,STATION_001,12.05
2026-01-23 10:00:00,STATION_001,10.94
2026-01-23 10:15:00,STATION_001,13.1
2026-01-23 10:30:00,STATION_001,11.26
2026-01-23 10:45:00,STATION_001,10.45
2026-01-23 11:00:00,STATION_001,12.24
2026-01-23 11:15:00,STATION_001,13.09
2026-01-23 11:30:00,STATION_001,15.58
2026-01-23 11:45:00,STATION_001,13.14
2026-01-23 12:00:00,STATION_001,15.56
2026-01-23 12:15:00,STATION_001,21.14
2026-01-23 12:30:00,STATION_001,27.61
2026-01-23 12:45:00,STATION_001,32.11
2026-01-23 13:00:00,STATION_001,40.98
2026-01-23 13:15:00,STATION_001,44.17
2026-01-23 13:30:00,STATION_001,47.3
2026-01-23 13:45:00,STATION_001,46.05
2026-01-23 14:00:00,STATION_001,45.9
2026-01-23 14:15:00,STATION_001,48.38
2026-01-23 14:30:00,STATION_001,46.43
2026-01-23 14:45:00,STATION_001,48.52
2026-01-23 15:00:00,STATION_001,51.66
2026-01-23 15:15:00,STATION_001,49.46
2026-01-23 15:30:00,STATION_001,52.59
2026-01-23 15:45:00,STATION_001,52.02
2026-01-23 16:00:00,STATION_001,55.06
2026-01-23 16:15:00,STATION_001,58.15
2026-01-23 16:30:00,STATION_001,59.03
2026-01-23 16:45:00,STATION_001,59.71
2026-01-23 17:00:00,STATION_001,60.7
2026-01-23 17:15:00,STATION_001,60.35
2026-01-23 17:30:00,STATION_001,63.36
2026-01-23 17:45:00,STATION_001,62.81
2026-01-23 18:00:00,STATION_001,65.27
2026-01-23 18:15:00,STATION_001,67.33
2026-01-23 18:30:00,STATION_001,69.32
2026-01-23 18:45:00,STATION_001,70.4
2026-01-23 19:00:00,STATION_001,75.29
2026-01-23 19:15:00,STATION_001,78.84
2026-01-23 19:30:00,STATION_001,82.07
2026-01-23 19:45:00,STATION_001,84.02
2026-01-23 20:00:00,STATION_001,83.08
2026-01-23 20:15:00,STATION_001,85.94
2026-01-23 20:30:00,STATION_001,90.79
2026-01-23 20:45:00,STATION_001,92.9
2026-01-23 21:00:00,STATION_001,94.16
2026-01-23 21:15:00,STATION_001,5.0
2026-01-23 21:30:00,STATION_001,6.15
2026-01-23 21:45:00,STATION_001,7.95
2026-01-23 22:00:00,STATION_001,7.14
2026-01-23 22:15:00,STATION_001,10.94
2026-01-23 22:30:00,STATION_001,10.04
2026-01-23 22:45:00,STATION_001,8.68
2026-01-23 23:00:00,STATION_001,8.11
2026-01-23 23:15:00,STATION_001,5.02
2026-01-23 23:30:00,STATION_001,4.07
2026-01-23 23:45:00,STATION_001,4.97
2026-01-24 00:00:00,STATION_001,2.72
2026-01-24 00:15:00,STATION_001,4.88
2026-01-24 00:30:00,STATION_001,7.15
2026-01-24 00:45:00,STATION_001,6.88
2026-01-24 01:00:00,STATION_001,6.49
2026-01-24 01:15:00,STATION_001,9.76
2026-01-24 01:30:00,STATION_001,10.73
2026-01-24 01:45:00,STATION_001,10.92
2026-01-24 02:00:00,STATION_001,11.66
2026-01-24 02:15:00,STATION_001,10.64
2026-01-24 02:30:00,STATION_001,11.39
2026-01-24 02:45:00,STATION_001,12.41
2026-01-24 03:00:00,STATION_001,10.92
2026-01-24 03:15:00,STATION_001,10.85
2026-01-24 03:30:00,STATION_001,11.62
2026-01-24 03:45:00,STATION_001,12.23
2026-01-24 04:00:00,STATION_001,14.9
2026-01-24 04:15:00,STATION_001,16.68
2026-01-24 04:30:00,STATION_001,20.09
2026-01-24 04:45:00,STATION_001,20.19
2026-01-24 05:00:00,STATION_001,20.6
2026-01-24 05:15:00,STATION_001,22.7
2026-01-24 05:30:00,STATION_001,26.12
2026-01-24 05:45:00,STATION_001,30.74
2026-01-24 06:00:00,STATION_001,32.86
2026-01-24 06:15:00,STATION_001,34.04
2026-01-24 06:30:00,STATION_001,33.73
2026-01-24 06:45:00,STATION_001,34.81
2026-01-24 07:00:00,STATION_001,33.23
2026-01-24 07:15:00,STATION_001,30.64
2026-01-24 07:30:00,STATION_001,32.7
2026-01-24 07:45:00,STATION_001,33.89
2026-01-24 08:00:00,STATION_001,33.07
2026-01-24 08:15:00,STATION_001,33.17
2026-01-24 08:30:00,STATION_001,32.93
2026-01-24 08:45:00,STATION_001,33.76
2026-01-24 09:00:00,STATION_001,35.89
2026-01-24 09:15:00,STATION_001,37.57
2026-01-24 09:30:00,STATION_001,36.4
2026-01-24 09:45:00,STATION_001,38.42
2026-01-24 10:00:00,STATION_001,39.48
2026-01-24 10:15:00,STATION_001,41.29
2026-01-24 10:30:00,STATION_001,36.64
2026-01-24 10:45:00,STATION_001,35.59
2026-01-24 11:00:00,STATION_001,36.54
2026-01-24 11:15:00,STATION_001,41.88
2026-01-24 11:30:00,STATION_001,43.75
2026-01-24 11:45:00,STATION_001,45.23
2026-01-24 12:00:00,STATION_001,49.21
2026-01-24 12:15:00,STATION_001,51.28
2026-01-24 12:30:00,STATION_001,55.78
2026-01-24 12:45:00,STATION_001,61.12
2026-01-24 13:00:00,STATION_001,62.67
2026-01-24 13:15:00,STATION_001,66.3
2026-01-24 13:30:00,STATION_001,70.27
2026-01-24 13:45:00,STATION_001,74.93
2026-01-24 14:00:00,STATION_001,78.46
2026-01-24 14:15:00,STATION_001,78.91
2026-01-24 14:30:00,STATION_001,80.86
2026-01-24 14:45:00,STATION_001,81.71
2026-01-24 15:00:00,STATION_001,78.82
2026-01-24 15:15:00,STATION_001,78.77
2026-01-24 15:30:00,STATION_001,74.99
2026-01-24 15:45:00,STATION_001,76.83
2026-01-24 16:00:00,STATION_001,77.4
2026-01-24 16:15:00,STATION_001,77.44
2026-01-24 16:30:00,STATION_001,78.65
2026-01-24 16:45:00,STATION_001,79.33
2026-01-24 17:00:00,STATION_001,76.87
2026-01-24 17:15:00,STATION_001,76.04
2026-01-24 17:30:00,STATION_001,72.01
2026-01-24 17:45:00,STATION_001,74.67
2026-01-24 18:00:00,STATION_001,75.29
2026-01-24 18:15:00,STATION_001,73.85
2026-01-24 18:30:00,STATION_001,78.23
2026-01-24 18:45:00,STATION_001,76.98
2026-01-24 19:00:00,STATION_001,77.19
2026-01-24 19:15:00,STATION_001,76.02
2026-01-24 19:30:00,STATION_001,73.69
2026-01-24 19:45:00,STATION_001,77.77
2026-01-24 20:00:00,STATION_001,82.37
2026-01-24 20:15:00,STATION_001,85.62
2026-01-24 20:30:00,STATION_001,86.92
2026-01-24 20:45:00,STATION_001,90.22
2026-01-24 21:00:00,STATION_001,93.13
2026-01-24 21:15:00,STATION_001,5.0
2026-01-24 21:30:00,STATION_001,4.9
2026-01-24 21:45:00,STATION_001,4.6
2026-01-24 22:00:00,STATION_001,7.11
2026-01-24 22:15:00,STATION_001,8.3
2026-01-24 22:30:00,STATION_001,8.78
2026-01-24 22:45:00,STATION_001,8.5
2026-01-24 23:00:00,STATION_001,9.94
2026-01-24 23:15:00,STATION_001,5.4
2026-01-24 23:30:00,STATION_001,9.61
2026-01-24 23:45:00,STATION_001,12.06
2026-01-25 00:00:00,STATION_001,12.0
2026-01-25 00:15:00,STATION_001,12.28
2026-01-25 00:30:00,STATION_001,10.4
2026-01-25 00:45:00,STATION_001,11.2
2026-01-25 01:00:00,STATION_001,11.5
2026-01-25 01:15:00,STATION_001,9.04
2026-01-25 01:30:00,STATION_001,10.77
2026-01-25 01:45:00,STATION_001,10.7
2026-01-25 02:00:00,STATION_001,11.72
2026-01-25 02:15:00,STATION_001,14.22
2026-01-25 02:30:00,STATION_001,15.26
2026-01-25 02:45:00,STATION_001,15.96
2026-01-25 03:00:00,STATION_001,16.95
2026-01-25 03:15:00,STATION_001,17.76
2026-01-25 03:30:00,STATION_001,18.17
2026-01-25 03:45:00,STATION_001,17.65
2026-01-25 04:00:00,STATION_001,19.8
2026-01-25 04:15:00,STATION_001,21.46
2026-01-25 04:30:00,STATION_001,24.3
2026-01-25 04:45:00,STATION_001,26.93
2026-01-25 05:00:00,STATION_001,26.08
2026-01-25 05:15:00,STATION_001,25.9
2026-01-25 05:30:00,STATION_001,25.89
2026-01-25 05:45:00,STATION_001,27.12
2026-01-25 06:00:00,STATION_001,29.16
2026-01-25 06:15:00,STATION_001,31.29
2026-01-25 06:30:00,STATION_001,30.41
2026-01-25 06:45:00,STATION_001,31.2
2026-01-25 07:00:00,STATION_001,30.06
2026-01-25 07:15:00,STATION_001,32.62
2026-01-25 07:30:00,STATION_001,33.62
2026-01-25 07:45:00,STATION_001,33.66
2026-01-25 08:00:00,STATION_001,35.37
2026-01-25 08:15:00,STATION_001,38.27
2026-01-25 08:30:00,STATION_001,42.45
2026-01-25 08:45:00,STATION_001,44.82
2026-01-25 09:00:00,STATION_001,42.78
2026-01-25 09:15:00,STATION_001,41.25
2026-01-25 09:30:00,STATION_001,45.21
2026-01-25 09:45:00,STATION_001,46.61
2026-01-25 10:00:00,STATION_001,46.46
2026-01-25 10:15:00,STATION_001,47.36
2026-01-25 10:30:00,STATION_001,49.53
2026-01-25 10:45:00,STATION_001,49.01
2026-01-25 11:00:00,STATION_001,49.49
2026-01-25 11:15:00,STATION_001,50.34
2026-01-25 11:30:00,STATION_001,56.92
2026-01-25 11:45:00,STATION_001,58.43
2026-01-25 12:00:00,STATION_001,63.53
2026-01-25 12:15:00,STATION_001,62.37
2026-01-25 12:30:00,STATION_001,65.96
2026-01-25 12:45:00,STATION_001,67.28
2026-01-25 13:00:00,STATION_001,66.88
2026-01-25 13:15:00,STATION_001,69.22
2026-01-25 13:30:00,STATION_001,73.42
2026-01-25 13:45:00,STATION_001,77.52
2026-01-25 14:00:00,STATION_001,76.66
2026-01-25 14:15:00,STATION_001,78.03
2026-01-25 14:30:00,STATION_001,79.96
2026-01-25 14:45:00,STATION_001,82.66
2026-01-25 15:00:00,STATION_001,83.75
2026-01-25 15:15:00,STATION_001,85.27
2026-01-25 15:30:00,STATION_001,83.93
2026-01-25 15:45:00,STATION_001,85.7
2026-01-25 16:00:00,STATION_001,86.02
2026-01-25 16:15:00,STATION_001,87.9
2026-01-25 16:30:00,STATION_001,91.53
2026-01-25 16:45:00,STATION_001,93.43
2026-01-25 17:00:00,STATION_001,5.0
2026-01-25 17:15:00,STATION_001,3.57
2026-01-25 17:30:00,STATION_001,5.37
2026-01-25 17:45:00,STATION_001,6.99
2026-01-25 18:00:00,STATION_001,8.47
2026-01-25 18:15:00,STATION_001,9.2
2026-01-25 18:30:00,STATION_001,7.48
2026-01-25 18:45:00,STATION_001,4.74
2026-01-25 19:00:00,STATION_001,4.76
2026-01-25 19:15:00,STATION_001,4.67
2026-01-25 19:30:00,STATION_001,8.36
2026-01-25 19:45:00,STATION_001,8.87
2026-01-25 20:00:00,STATION_001,7.96
2026-01-25 20:15:00,STATION_001,8.79
2026-01-25 20:30:00,STATION_001,12.03
2026-01-25 20:45:00,STATION_001,13.91
2026-01-25 21:00:00,STATION_001,15.74
2026-01-25 21:15:00,STATION_001,18.16
2026-01-25 21:30:00,STATION_001,19.72
2026-01-25 21:45:00,STATION_001,24.09
2026-01-25 22:00:00,STATION_001,26.25
2026-01-25 22:15:00,STATION_001,28.21
2026-01-25 22:30:00,STATION_001,31.6
2026-01-25 22:45:00,STATION_001,28.73
2026-01-25 23:00:00,STATION_001,30.26
2026-01-25 23:15:00,STATION_001,29.19
2026-01-25 23:30:00,STATION_001,28.35
2026-01-25 23:45:00,STATION_001,30.24
2026-01-26 00:00:00,STATION_001,31.03
2026-01-26 00:15:00,STATION_001,36.44
2026-01-26 00:30:00,STATION_001,35.57
2026-01-26 00:45:00,STATION_001,38.97
2026-01-26 01:00:00,STATION_001,41.4
2026-01-26 01:15:00,STATION_001,40.44
2026-01-26 01:30:00,STATION_001,41.36
2026-01-26 01:45:00,STATION_001,40.4
2026-01-26 02:00:00,STATION_001,41.64
2026-01-26 02:15:00,STATION_001,46.01
2026-01-26 02:30:00,STATION_001,49.61
2026-01-26 02:45:00,STATION_001,54.41
2026-01-26 03:00:00,STATION_001,52.29
2026-01-26 03:15:00,STATION_001,51.07
2026-01-26 03:30:00,STATION_001,51.03
2026-01-26 03:45:00,STATION_001,50.37
2026-01-26 04:00:00,STATION_001,49.52
2026-01-26 04:15:00,STATION_001,53.54
2026-01-26 04:30:00,STATION_001,55.35
2026-01-26 04:45:00,STATION_001,57.06
2026-01-26 05:00:00,STATION_001,60.23
2026-01-26 05:15:00,STATION_001,56.81
2026-01-26 05:30:00,STATION_001,55.2
2026-01-26 05:45:00,STATION_001,54.36
2026-01-26 06:00:00,STATION_001,51.93
2026-01-26 06:15:00,STATION_001,51.82
2026-01-26 06:30:00,STATION_001,53.9
2026-01-26 06:45:00,STATION_001,54.34
2026-01-26 07:00:00,STATION_001,56.75
2026-01-26 07:15:00,STATION_001,55.64
2026-01-26 07:30:00,STATION_001,57.8
2026-01-26 07:45:00,STATION_001,56.4
2026-01-26 08:00:00,STATION_001,54.83
2026-01-26 08:15:00,STATION_001,58.92
2026-01-26 08:30:00,STATION_001,60.06
2026-01-26 08:45:00,STATION_001,57.58
2026-01-26 09:00:00,STATION_001,55.86
2026-01-26 09:15:00,STATION_001,57.96
2026-01-26 09:30:00,STATION_001,61.27
2026-01-26 09:45:00,STATION_001,60.06
2026-01-26 10:00:00,STATION_001,60.99
2026-01-26 10:15:00,STATION_001,59.69
2026-01-26 10:30:00,STATION_001,58.86
2026-01-26 10:45:00,STATION_001,61.84
2026-01-26 11:00:00,STATION_001,59.9
2026-01-26 11:15:00,STATION_001,57.81
2026-01-26 11:30:00,STATION_001,58.38
2026-01-26 11:45:00,STATION_001,58.31
2026-01-26 12:00:00,STATION_001,58.61
2026-01-26 12:15:00,STATION_001,61.02
2026-01-26 12:30:00,STATION_001,62.06
2026-01-26 12:45:00,STATION_001,59.78
2026-01-26 13:00:00,STATION_001,64.18
2026-01-26 13:15:00,STATION_001,65.81
2026-01-26 13:30:00,STATION_001,66.02
2026-01-26 13:45:00,STATION_001,67.1
2026-01-26 14:00:00,STATION_001,70.45
2026-01-26 14:15:00,STATION_001,74.29
2026-01-26 14:30:00,STATION_001,78.22
2026-01-26 14:45:00,STATION_001,77.08
2026-01-26 15:00:00,STATION_001,78.32
2026-01-26 15:15:00,STATION_001,77.15
2026-01-26 15:30:00,STATION_001,77.06
2026-01-26 15:45:00,STATION_001,77.82
2026-01-26 16:00:00,STATION_001,79.27
2026-01-26 16:15:00,STATION_001,83.81
2026-01-26 16:30:00,STATION_001,84.48
2026-01-26 16:45:00,STATION_001,86.51
2026-01-26 17:00:00,STATION_001,85.5
2026-01-26 17:15:00,STATION_001,83.87
2026-01-26 17:30:00,STATION_001,86.72
2026-01-26 17:45:00,STATION_001,88.86
2026-01-26 18:00:00,STATION_001,92.52
2026-01-26 18:15:00,STATION_001,92.77
2026-01-26 18:30:00,STATION_001,5.0
2026-01-26 18:45:00,STATION_001,5.92
2026-01-26 19:00:00,STATION_001,11.57
2026-01-26 19:15:00,STATION_001,15.19
2026-01-26 19:30:00,STATION_001,17.42
2026-01-26 19:45:00,STATION_001,22.13
2026-01-26 20:00:00,STATION_001,28.37
2026-01-26 20:15:00,STATION_001,36.07
2026-01-26 20:30:00,STATION_001,39.51
2026-01-26 20:45:00,STATION_001,45.99
2026-01-26 21:00:00,STATION_001,49.06
2026-01-26 21:15:00,STATION_001,52.98
2026-01-26 21:30:00,STATION_001,57.52
2026-01-26 21:45:00,STATION_001,57.15
2026-01-26 22:00:00,STATION_001,60.66
2026-01-26 22:15:00,STATION_001,59.53
2026-01-26 22:30:00,STATION_001,57.45
2026-01-26 22:45:00,STATION_001,57.91
2026-01-26 23:00:00,STATION_001,57.19
2026-01-26 23:15:00,STATION_001,60.26
2026-01-26 23:30:00,STATION_001,59.45
2026-01-26 23:45:00,STATION_001,60.12
2026-01-27 00:00:00,STATION_001,62.17
2026-01-27 00:15:00,STATION_001,62.05
2026-01-27 00:30:00,STATION_001,64.89
2026-01-27 00:45:00,STATION_001,66.47
2026-01-27 01:00:00,STATION_001,64.89
2026-01-27 01:15:00,STATION_001,67.3
2026-01-27 01:30:00,STATION_001,66.99
2026-01-27 01:45:00,STATION_001,68.46
2026-01-27 02:00:00,STATION_001,68.61
2026-01-27 02:15:00,STATION_001,70.21
2026-01-27 02:30:00,STATION_001,72.4
2026-01-27 02:45:00,STATION_001,74.81
2026-01-27 03:00:00,STATION_001,75.36
2026-01-27 03:15:00,STATION_001,79.21
2026-01-27 03:30:00,STATION_001,81.13
2026-01-27 03:45:00,STATION_001,82.61
2026-01-27 04:00:00,STATION_001,83.57
2026-01-27 04:15:00,STATION_001,85.3
2026-01-27 04:30:00,STATION_001,85.78
2026-01-27 04:45:00,STATION_001,88.47
2026-01-27 05:00:00,STATION_001,89.39
2026-01-27 05:15:00,STATION_001,92.25
2026-01-27 05:30:00,STATION_001,91.9
2026-01-27 05:45:00,STATION_001,89.25
2026-01-27 06:00:00,STATION_001,93.98
2026-01-27 06:15:00,STATION_001,92.99
2026-01-27 06:30:00,STATION_001,94.28
2026-01-27 06:45:00,STATION_001,94.62
2026-01-27 07:00:00,STATION_001,5.0
2026-01-27 07:15:00,STATION_001,3.78
2026-01-27 07:30:00,STATION_001,5.83
2026-01-27 07:45:00,STATION_001,6.34
2026-01-27 08:00:00,STATION_001,6.39
2026-01-27 08:15:00,STATION_001,9.93
2026-01-27 08:30:00,STATION_001,8.8
2026-01-27 08:45:00,STATION_001,9.67
2026-01-27 09:00:00,STATION_001,11.73
2026-01-27 09:15:00,STATION_001,15.61
2026-01-27 09:30:00,STATION_001,17.85
2026-01-27 09:45:00,STATION_001,18.2
2026-01-27 10:00:00,STATION_001,24.01
2026-01-27 10:15:00,STATION_001,28.45
2026-01-27 10:30:00,STATION_001,31.01
2026-01-27 10:45:00,STATION_001,34.99
2026-01-27 11:00:00,STATION_001,36.42
2026-01-27 11:15:00,STATION_001,39.19
2026-01-27 11:30:00,STATION_001,40.49
2026-01-27 11:45:00,STATION_001,43.14
2026-01-27 12:00:00,STATION_001,46.15
2026-01-27 12:15:00,STATION_001,46.67
2026-01-27 12:30:00,STATION_001,48.85
2026-01-27 12:45:00,STATION_001,51.32
2026-01-27 13:00:00,STATION_001,54.67
2026-01-27 13:15:00,STATION_001,57.85
2026-01-27 13:30:00,STATION_001,57.42
2026-01-27 13:45:00,STATION_001,62.15
2026-01-27 14:00:00,STATION_001,62.86
2026-01-27 14:15:00,STATION_001,64.65
2026-01-27 14:30:00,STATION_001,64.32
2026-01-27 14:45:00,STATION_001,65.49
2026-01-27 15:00:00,STATION_001,70.68
2026-01-27 15:15:00,STATION_001,73.09
2026-01-27 15:30:00,STATION_001,73.75
2026-01-27 15:45:00,STATION_001,75.77
2026-01-27 16:00:00,STATION_001,76.35
2026-01-27 16:15:00,STATION_001,79.41
2026-01-27 16:30:00,STATION_001,80.94
2026-01-27 16:45:00,STATION_001,80.94
2026-01-27 17:00:00,STATION_001,85.66
2026-01-27 17:15:00,STATION_001,83.68
2026-01-27 17:30:00,STATION_001,83.65
2026-01-27 17:45:00,STATION_001,84.82
2026-01-27 18:00:00,STATION_001,88.53
2026-01-27 18:15:00,STATION_001,90.65
2026-01-27 18:30:00,STATION_001,93.49
2026-01-27 18:45:00,STATION_001,94.34
2026-01-27 19:00:00,STATION_001,5.0
2026-01-27 19:15:00,STATION_001,9.06
2026-01-27 19:30:00,STATION_001,14.22
2026-01-27 19:45:00,STATION_001,15.61
2026-01-27 20:00:00,STATION_001,16.54
2026-01-27 20:15:00,STATION_001,19.72
2026-01-27 20:30:00,STATION_001,23.57
2026-01-27 20:45:00,STATION_001,26.73
2026-01-27 21:00:00,STATION_001,28.6
2026-01-27 21:15:00,STATION_001,35.2
2026-01-27 21:30:00,STATION_001,36.66
2026-01-27 21:45:00,STATION_001,39.02
2026-01-27 22:00:00,STATION_001,42.69
2026-01-27 22:15:00,STATION_001,41.2
2026-01-27 22:30:00,STATION_001,43.11
2026-01-27 22:45:00,STATION_001,45.87
2026-01-27 23:00:00,STATION_001,46.49
2026-01-27 23:15:00,STATION_001,45.21
2026-01-27 23:30:00,STATION_001,44.14
2026-01-27 23:45:00,STATION_001,47.15
2026-01-28 00:00:00,STATION_001,49.12
2026-01-28 00:15:00,STATION_001,47.41
2026-01-28 00:30:00,STATION_001,51.25
2026-01-28 00:45:00,STATION_001,53.83
2026-01-28 01:00:00,STATION_001,48.89
2026-01-28 01:15:00,STATION_001,51.41
2026-01-28 01:30:00,STATION_001,51.53
2026-01-28 01:45:00,STATION_001,49.66
2026-01-28 02:00:00,STATION_001,50.31
2026-01-28 02:15:00,STATION_001,53.27
2026-01-28 02:30:00,STATION_001,53.7
2026-01-28 02:45:00,STATION_001,55.78
2026-01-28 03:00:00,STATION_001,59.34
2026-01-28 03:15:00,STATION_001,62.35
2026-01-28 03:30:00,STATION_001,60.88
2026-01-28 03:45:00,STATION_001,63.22
2026-01-28 04:00:00,STATION_001,66.14
2026-01-28 04:15:00,STATION_001,65.28
2026-01-28 04:30:00,STATION_001,67.83
2026-01-28 04:45:00,STATION_001,68.47
2026-01-28 05:00:00,STATION_001,72.38
2026-01-28 05:15:00,STATION_001,73.23
2026-01-28 05:30:00,STATION_001,76.63
2026-01-28 05:45:00,STATION_001,73.05
2026-01-28 06:00:00,STATION_001,75.55
2026-01-28 06:15:00,STATION_001,77.01
2026-01-28 06:30:00,STATION_001,77.98
2026-01-28 06:45:00,STATION_001,74.68
2026-01-28 07:00:00,STATION_001,73.82
2026-01-28 07:15:00,STATION_001,71.87
2026-01-28 07:30:00,STATION_001,73.58
2026-01-28 07:45:00,STATION_001,77.18
2026-01-28 08:00:00,STATION_001,81.84
2026-01-28 08:15:00,STATION_001,81.58
2026-01-28 08:30:00,STATION_001,83.1
2026-01-28 08:45:00,STATION_001,85.79
2026-01-28 09:00:00,STATION_001,85.33
2026-01-28 09:15:00,STATION_001,84.22
2026-01-28 09:30:00,STATION_001,81.39
2026-01-28 09:45:00,STATION_001,81.92
2026-01-28 10:00:00,STATION_001,83.54
2026-01-28 10:15:00,STATION_001,83.46
2026-01-28 10:30:00,STATION_001,85.26
2026-01-28 10:45:00,STATION_001,83.8
2026-01-28 11:00:00,STATION_001,89.61
2026-01-28 11:15:00,STATION_001,91.54
2026-01-28 11:30:00,STATION_001,93.9
2026-01-28 11:45:00,STATION_001,5.0
2026-01-28 12:00:00,STATION_001,5.14
2026-01-28 12:15:00,STATION_001,11.17
2026-01-28 12:30:00,STATION_001,15.71
2026-01-28 12:45:00,STATION_001,19.84
2026-01-28 13:00:00,STATION_001,23.45
2026-01-28 13:15:00,STATION_001,27.93
2026-01-28 13:30:00,STATION_001,31.25
2026-01-28 13:45:00,STATION_001,35.61
2026-01-28 14:00:00,STATION_001,32.55
2026-01-28 14:15:00,STATION_001,34.14
2026-01-28 14:30:00,STATION_001,34.74
2026-01-28 14:45:00,STATION_001,34.77
2026-01-28 15:00:00,STATION_001,36.12
2026-01-28 15:15:00,STATION_001,36.34
2026-01-28 15:30:00,STATION_001,36.08
2026-01-28 15:45:00,STATION_001,39.62
2026-01-28 16:00:00,STATION_001,41.65
2026-01-28 16:15:00,STATION_001,42.92
2026-01-28 16:30:00,STATION_001,42.95
2026-01-28 16:45:00,STATION_001,46.34
2026-01-28 17:00:00,STATION_001,49.3
2026-01-28 17:15:00,STATION_001,50.92
2026-01-28 17:30:00,STATION_001,49.37
2026-01-28 17:45:00,STATION_001,49.25
2026-01-28 18:00:00,STATION_001,53.68
2026-01-28 18:15:00,STATION_001,59.49
2026-01-28 18:30:00,STATION_001,62.3
2026-01-28 18:45:00,STATION_001,65.2
2026-01-28 19:00:00,STATION_001,67.89
2026-01-28 19:15:00,STATION_001,72.67
2026-01-28 19:30:00,STATION_001,75.28
2026-01-28 19:45:00,STATION_001,77.96
2026-01-28 20:00:00,STATION_001,82.82
2026-01-28 20:15:00,STATION_001,86.96
2026-01-28 20:30:00,STATION_001,91.3
2026-01-28 20:45:00,STATION_001,90.54
2026-01-28 21:00:00,STATION_001,91.4
2026-01-28 21:15:00,STATION_001,93.51
2026-01-28 21:30:00,STATION_001,5.0
2026-01-28 21:45:00,STATION_001,7.75
2026-01-28 22:00:00,STATION_001,8.63
2026-01-28 22:15:00,STATION_001,10.47
2026-01-28 22:30:00,STATION_001,10.62
2026-01-28 22:45:00,STATION_001,12.15
2026-01-28 23:00:00,STATION_001,13.2
2026-01-28 23:15:00,STATION_001,14.81
2026-01-28 23:30:00,STATION_001,15.42
2026-01-28 23:45:00,STATION_001,14.32
2026-01-29 00:00:00,STATION_001,15.97
2026-01-29 00:15:00,STATION_001,16.2
2026-01-29 00:30:00,STATION_001,18.67
2026-01-29 00:45:00,STATION_001,21.45
2026-01-29 01:00:00,STATION_001,20.15
2026-01-29 01:15:00,STATION_001,22.04
2026-01-29 01:30:00,STATION_001,23.05
2026-01-29 01:45:00,STATION_001,23.73
2026-01-29 02:00:00,STATION_001,23.54
2026-01-29 02:15:00,STATION_001,22.93
2026-01-29 02:30:00,STATION_001,21.93
2026-01-29 02:45:00,STATION_001,22.57
2026-01-29 03:00:00,STATION_001,20.62
2026-01-29 03:15:00,STATION_001,22.64
2026-01-29 03:30:00,STATION_001,22.88
2026-01-29 03:45:00,STATION_001,28.97
2026-01-29 04:00:00,STATION_001,27.96
2026-01-29 04:15:00,STATION_001,29.39
2026-01-29 04:30:00,STATION_001,29.75
2026-01-29 04:45:00,STATION_001,29.02
2026-01-29 05:00:00,STATION_001,29.91
2026-01-29 05:15:00,STATION_001,30.19
2026-01-29 05:30:00,STATION_001,32.5
2026-01-29 05:45:00,STATION_001,31.1
2026-01-29 06:00:00,STATION_001,30.48
2026-01-29 06:15:00,STATION_001,33.85
2026-01-29 06:30:00,STATION_001,36.0
2026-01-29 06:45:00,STATION_001,38.48
2026-01-29 07:00:00,STATION_001,38.22
2026-01-29 07:15:00,STATION_001,35.72
2026-01-29 07:30:00,STATION_001,35.94
2026-01-29 07:45:00,STATION_001,41.67
2026-01-29 08:00:00,STATION_001,46.53
2026-01-29 08:15:00,STATION_001,45.87
2026-01-29 08:30:00,STATION_001,45.05
2026-01-29 08:45:00,STATION_001,47.8
2026-01-29 09:00:00,STATION_001,49.21
2026-01-29 09:15:00,STATION_001,50.4
2026-01-29 09:30:00,STATION_001,52.0
2026-01-29 09:45:00,STATION_001,50.01
2026-01-29 10:00:00,STATION_001,49.36
2026-01-29 10:15:00,STATION_001,51.21
2026-01-29 10:30:00,STATION_001,49.63
2026-01-29 10:45:00,STATION_001,52.14
2026-01-29 11:00:00,STATION_001,52.9
2026-01-29 11:15:00,STATION_001,55.62
2026-01-29 11:30:00,STATION_001,55.7
2026-01-29 11:45:00,STATION_001,53.78
2026-01-29 12:00:00,STATION_001,56.22
2026-01-29 12:15:00,STATION_001,62.12
2026-01-29 12:30:00,STATION_001,66.05
2026-01-29 12:45:00,STATION_001,68.25
2026-01-29 13:00:00,STATION_001,69.87
2026-01-29 13:15:00,STATION_001,73.29
2026-01-29 13:30:00,STATION_001,78.41
2026-01-29 13:45:00,STATION_001,81.95
2026-01-29 14:00:00,STATION_001,80.16
2026-01-29 14:15:00,STATION_001,77.5
2026-01-29 14:30:00,STATION_001,80.74
2026-01-29 14:45:00,STATION_001,83.4
2026-01-29 15:00:00,STATION_001,83.69
2026-01-29 15:15:00,STATION_001,85.05
2026-01-29 15:30:00,STATION_001,80.64
2026-01-29 15:45:00,STATION_001,83.59
2026-01-29 16:00:00,STATION_001,82.14
2026-01-29 16:15:00,STATION_001,82.49
2026-01-29 16:30:00,STATION_001,84.15
2026-01-29 16:45:00,STATION_001,85.42
2026-01-29 17:00:00,STATION_001,83.16
2026-01-29 17:15:00,STATION_001,88.63
2026-01-29 17:30:00,STATION_001,90.76
2026-01-29 17:45:00,STATION_001,92.24
2026-01-29 18:00:00,STATION_001,5.0
2026-01-29 18:15:00,STATION_001,8.19
2026-01-29 18:30:00,STATION_001,10.03
2026-01-29 18:45:00,STATION_001,9.35
2026-01-29 19:00:00,STATION_001,8.25
2026-01-29 19:15:00,STATION_001,10.58
2026-01-29 19:30:00,STATION_001,14.76
2026-01-29 19:45:00,STATION_001,15.6
2026-01-29 20:00:00,STATION_001,20.92
2026-01-29 20:15:00,STATION_001,21.49
2026-01-29 20:30:00,STATION_001,24.64
2026-01-29 20:45:00,STATION_001,25.25
2026-01-29 21:00:00,STATION_001,25.86
2026-01-29 21:15:00,STATION_001,24.69
2026-01-29 21:30:00,STATION_001,28.1
2026-01-29 21:45:00,STATION_001,32.51
2026-01-29 22:00:00,STATION_001,32.51
2026-01-29 22:15:00,STATION_001,33.7
2026-01-29 22:30:00,STATION_001,33.45
2026-01-29 22:45:00,STATION_001,31.58
2026-01-29 23:00:00,STATION_001,34.73
2026-01-29 23:15:00,STATION_001,36.56
2026-01-29 23:30:00,STATION_001,35.19
2026-01-29 23:45:00,STATION_001,34.14
2026-01-30 00:00:00,STATION_001,35.89
2026-01-30 00:15:00,STATION_001,36.35
2026-01-30 00:30:00,STATION_001,38.82
2026-01-30 00:45:00,STATION_001,41.49
2026-01-30 01:00:00,STATION_001,44.26
2026-01-30 01:15:00,STATION_001,45.53
2026-01-30 01:30:00,STATION_001,45.24
2026-01-30 01:45:00,STATION_001,48.39
2026-01-30 02:00:00,STATION_001,49.38
2026-01-30 02:15:00,STATION_001,46.21
2026-01-30 02:30:00,STATION_001,48.8
2026-01-30 02:45:00,STATION_001,51.31
2026-01-30 03:00:00,STATION_001,50.56
2026-01-30 03:15:00,STATION_001,50.58
2026-01-30 03:30:00,STATION_001,52.88
2026-01-30 03:45:00,STATION_001,54.58
2026-01-30 04:00:00,STATION_001,55.63
2026-01-30 04:15:00,STATION_001,54.84
2026-01-30 04:30:00,STATION_001,55.93
2026-01-30 04:45:00,STATION_001,54.23
2026-01-30 05:00:00,STATION_001,56.37
2026-01-30 05:15:00,STATION_001,57.77
2026-01-30 05:30:00,STATION_001,60.8
2026-01-30 05:45:00,STATION_001,61.14
2026-01-30 06:00:00,STATION_001,63.88
2026-01-30 06:15:00,STATION_001,63.97
2026-01-30 06:30:00,STATION_001,68.14
2026-01-30 06:45:00,STATION_001,69.54
2026-01-30 07:00:00,STATION_001,71.96
2026-01-30 07:15:00,STATION_001,73.67
2026-01-30 07:30:00,STATION_001,75.8
2026-01-30 07:45:00,STATION_001,75.08
2026-01-30 08:00:00,STATION_001,75.18
2026-01-30 08:15:00,STATION_001,74.5
2026-01-30 08:30:00,STATION_001,77.14
2026-01-30 08:45:00,STATION_001,76.87
2026-01-30 09:00:00,STATION_001,78.54
2026-01-30 09:15:00,STATION_001,81.78
2026-01-30 09:30:00,STATION_001,82.73
2026-01-30 09:45:00,STATION_001,83.03
2026-01-30 10:00:00,STATION_001,85.15
2026-01-30 10:15:00,STATION_001,89.0
2026-01-30 10:30:00,STATION_001,90.69
2026-01-30 10:45:00,STATION_001,89.87
2026-01-30 11:00:00,STATION_001,91.14
2026-01-30 11:15:00,STATION_001,93.12
2026-01-30 11:30:00,STATION_001,92.23
2026-01-30 11:45:00,STATION_001,94.41
2026-01-30 12:00:00,STATION_001,5.0
2026-01-30 12:15:00,STATION_001,6.82
2026-01-30 12:30:00,STATION_001,11.32
2026-01-30 12:45:00,STATION_001,11.93
2026-01-30 13:00:00,STATION_001,15.5
2026-01-30 13:15:00,STATION_001,18.2
2026-01-30 13:30:00,STATION_001,17.06
2026-01-30 13:45:00,STATION_001,20.31
2026-01-30 14:00:00,STATION_001,19.46
2026-01-30 14:15:00,STATION_001,19.84
2026-01-30 14:30:00,STATION_001,18.64
2026-01-30 14:45:00,STATION_001,17.57
2026-01-30 15:00:00,STATION_001,22.11
2026-01-30 15:15:00,STATION_001,23.4
2026-01-30 15:30:00,STATION_001,25.51
2026-01-30 15:45:00,STATION_001,30.2
2026-01-30 16:00:00,STATION_001,30.19
2026-01-30 16:15:00,STATION_001,30.25
2026-01-30 16:30:00,STATION_001,34.83
2026-01-30 16:45:00,STATION_001,33.27
2026-01-30 17:00:00,STATION_001,31.18
2026-01-30 17:15:00,STATION_001,34.61
2026-01-30 17:30:00,STATION_001,38.43
2026-01-30 17:45:00,STATION_001,40.71
2026-01-30 18:00:00,STATION_001,47.2
2026-01-30 18:15:00,STATION_001,54.08
2026-01-30 18:30:00,STATION_001,58.81
2026-01-30 18:45:00,STATION_001,59.3
2026-01-30 19:00:00,STATION_001,56.78
2026-01-30 19:15:00,STATION_001,58.43
2026-01-30 19:30:00,STATION_001,60.46
2026-01-30 19:45:00,STATION_001,63.49
2026-01-30 20:00:00,STATION_001,65.67
2026-01-30 20:15:00,STATION_001,69.97
2026-01-30 20:30:00,STATION_001,69.64
2026-01-30 20:45:00,STATION_001,74.47
2026-01-30 21:00:00,STATION_001,70.88
2026-01-30 21:15:00,STATION_001,73.08
2026-01-30 21:30:00,STATION_001,73.84
2026-01-30 21:45:00,STATION_001,77.77
2026-01-30 22:00:00,STATION_001,76.51
2026-01-30 22:15:00,STATION_001,80.35
2026-01-30 22:30:00,STATION_001,79.88
2026-01-30 22:45:00,STATION_001,82.07
2026-01-30 23:00:00,STATION_001,83.47
2026-01-30 23:15:00,STATION_001,80.69
2026-01-30 23:30:00,STATION_001,85.89
2026-01-30 23:45:00,STATION_001,86.74
2026-01-31 00:00:00,STATION_001,85.93
2026-01-31 00:15:00,STATION_001,83.84
2026-01-31 00:30:00,STATION_001,86.82
2026-01-31 00:45:00,STATION_001,90.49
2026-01-31 01:00:00,STATION_001,92.73
2026-01-31 01:15:00,STATION_001,94.06
2026-01-31 01:30:00,STATION_001,5.0
2026-01-31 01:45:00,STATION_001,6.7
2026-01-31 02:00:00,STATION_001,7.19
2026-01-31 02:15:00,STATION_001,9.06
2026-01-31 02:30:00,STATION_001,13.09
2026-01-31 02:45:00,STATION_001,13.57
2026-01-31 03:00:00,STATION_001,14.82
2026-01-31 03:15:00,STATION_001,16.42
2026-01-31 03:30:00,STATION_001,17.46
2026-01-31 03:45:00,STATION_001,18.75
2026-01-31 04:00:00,STATION_001,22.8
2026-01-31 04:15:00,STATION_001,22.23
2026-01-31 04:30:00,STATION_001,21.3
2026-01-31 04:45:00,STATION_001,26.14
2026-01-31 05:00:00,STATION_001,25.24
2026-01-31 05:15:00,STATION_001,27.1
2026-01-31 05:30:00,STATION_001,27.97
2026-01-31 05:45:00,STATION_001,31.4
2026-01-31 06:00:00,STATION_001,30.92
2026-01-31 06:15:00,STATION_001,27.82
2026-01-31 06:30:00,STATION_001,31.82
2026-01-31 06:45:00,STATION_001,30.08
2026-01-31 07:00:00,STATION_001,30.19
2026-01-31 07:15:00,STATION_001,28.43
2026-01-31 07:30:00,STATION_001,29.04
2026-01-31 07:45:00,STATION_001,32.16
2026-01-31 08:00:00,STATION_001,32.63
2026-01-31 08:15:00,STATION_001,33.28
2026-01-31 08:30:00,STATION_001,31.78
2026-01-31 08:45:00,STATION_001,30.61
2026-01-31 09:00:00,STATION_001,29.32
2026-01-31 09:15:00,STATION_001,27.6
2026-01-31 09:30:00,STATION_001,28.33
2026-01-31 09:45:00,STATION_001,28.98
2026-01-31 10:00:00,STATION_001,30.59
2026-01-31 10:15:00,STATION_001,28.39
2026-01-31 10:30:00,STATION_001,26.85
2026-01-31 10:45:00,STATION_001,30.27
2026-01-31 11:00:00,STATION_001,29.88
2026-01-31 11:15:00,STATION_001,35.21
2026-01-31 11:30:00,STATION_001,39.58
2026-01-31 11:45:00,STATION_001,39.71
2026-01-31 12:00:00,STATION_001,40.04
2026-01-31 12:15:00,STATION_001,44.13
2026-01-31 12:30:00,STATION_001,44.67
2026-01-31 12:45:00,STATION_001,46.12
2026-01-31 13:00:00,STATION_001,47.18
2026-01-31 13:15:00,STATION_001,48.14
2026-01-31 13:30:00,STATION_001,51.51
2026-01-31 13:45:00,STATION_001,54.24
2026-01-31 14:00:00,STATION_001,54.65
2026-01-31 14:15:00,STATION_001,58.41
2026-01-31 14:30:00,STATION_001,59.61
2026-01-31 14:45:00,STATION_001,65.17
2026-01-31 15:00:00,STATION_001,67.04
2026-01-31 15:15:00,STATION_001,63.52
2026-01-31 15:30:00,STATION_001,62.3
2026-01-31 15:45:00,STATION_001,61.73
2026-01-31 16:00:00,STATION_001,63.02
2026-01-31 16:15:00,STATION_001,66.85
2026-01-31 16:30:00,STATION_001,67.74
2026-01-31 16:45:00,STATION_001,68.03
2026-01-31 17:00:00,STATION_001,67.4
2026-01-31 17:15:00,STATION_001,70.92
2026-01-31 17:30:00,STATION_001,70.96
2026-01-31 17:45:00,STATION_001,68.9
2026-01-31 18:00:00,STATION_001,67.87
2026-01-31 18:15:00,STATION_001,67.03
2026-01-31 18:30:00,STATION_001,67.73
2026-01-31 18:45:00,STATION_001,66.85
2026-01-31 19:00:00,STATION_001,67.62
2026-01-31 19:15:00,STATION_001,69.35
2026-01-31 19:30:00,STATION_001,70.22
2026-01-31 19:45:00,STATION_001,66.61
2026-01-31 20:00:00,STATION_001,69.08
2026-01-31 20:15:00,STATION_001,67.41
2026-01-31 20:30:00,STATION_001,70.5
2026-01-31 20:45:00,STATION_001,71.98
2026-01-31 21:00:00,STATION_001,75.08
2026-01-31 21:15:00,STATION_001,77.93
2026-01-31 21:30:00,STATION_001,77.77
2026-01-31 21:45:00,STATION_001,76.39
2026-01-31 22:00:00,STATION_001,75.63
2026-01-31 22:15:00,STATION_001,76.27
2026-01-31 22:30:00,STATION_001,79.5
2026-01-31 22:45:00,STATION_001,83.96
2026-01-31 23:00:00,STATION_001,83.95
2026-01-31 23:15:00,STATION_001,83.22
2026-01-31 23:30:00,STATION_001,85.26
2026-01-31 23:45:00,STATION_001,86.05
2026-02-01 00:00:00,STATION_001,85.53
2026-02-01 00:15:00,STATION_001,85.49
2026-02-01 00:30:00,STATION_001,85.9
2026-02-01 00:45:00,STATION_001,87.06
2026-02-01 01:00:00,STATION_001,90.07
2026-02-01 01:15:00,STATION_001,91.4
2026-02-01 01:30:00,STATION_001,91.01
2026-02-01 01:45:00,STATION_001,90.28
2026-02-01 02:00:00,STATION_001,91.57
2026-02-01 02:15:00,STATION_001,93.19
2026-02-01 02:30:00,STATION_001,5.0
2026-02-01 02:45:00,STATION_001,7.17
2026-02-01 03:00:00,STATION_001,7.94
2026-02-01 03:15:00,STATION_001,5.72
2026-02-01 03:30:00,STATION_001,1.94
2026-02-01 03:45:00,STATION_001,2.8
2026-02-01 04:00:00,STATION_001,2.42
2026-02-01 04:15:00,STATION_001,2.89
2026-02-01 04:30:00,STATION_001,2.36
2026-02-01 04:45:00,STATION_001,3.86
2026-02-01 05:00:00,STATION_001,6.97
2026-02-01 05:15:00,STATION_001,9.06
2026-02-01 05:30:00,STATION_001,6.38
2026-02-01 05:45:00,STATION_001,6.18
2026-02-01 06:00:00,STATION_001,5.81
2026-02-01 06:15:00,STATION_001,7.79
2026-02-01 06:30:00,STATION_001,6.83
2026-02-01 06:45:00,STATION_001,8.12
2026-02-01 07:00:00,STATION_001,7.93
2026-02-01 07:15:00,STATION_001,7.91
2026-02-01 07:30:00,STATION_001,8.14
2026-02-01 07:45:00,STATION_001,6.92
2026-02-01 08:00:00,STATION_001,8.17
2026-02-01 08:15:00,STATION_001,9.49
2026-02-01 08:30:00,STATION_001,9.59
2026-02-01 08:45:00,STATION_001,7.59
2026-02-01 09:00:00,STATION_001,10.48
2026-02-01 09:15:00,STATION_001,12.16
2026-02-01 09:30:00,STATION_001,11.69
2026-02-01 09:45:00,STATION_001,15.2
2026-02-01 10:00:00,STATION_001,14.97
2026-02-01 10:15:00,STATION_001,15.49
2026-02-01 10:30:00,STATION_001,19.55
2026-02-01 10:45:00,STATION_001,21.08
2026-02-01 11:00:00,STATION_001,22.93
2026-02-01 11:15:00,STATION_001,25.52
2026-02-01 11:30:00,STATION_001,29.99
2026-02-01 11:45:00,STATION_001,34.39
2026-02-01 12:00:00,STATION_001,38.01
2026-02-01 12:15:00,STATION_001,37.26
2026-02-01 12:30:00,STATION_001,41.24
2026-02-01 12:45:00,STATION_001,41.64
2026-02-01 13:00:00,STATION_001,44.55
2026-02-01 13:15:00,STATION_001,47.68
2026-02-01 13:30:00,STATION_001,50.46
2026-02-01 13:45:00,STATION_001,51.09
2026-02-01 14:00:00,STATION_001,57.29
2026-02-01 14:15:00,STATION_001,60.73
2026-02-01 14:30:00,STATION_001,62.42
2026-02-01 14:45:00,STATION_001,70.43
2026-02-01 15:00:00,STATION_001,69.26
2026-02-01 15:15:00,STATION_001,71.75
2026-02-01 15:30:00,STATION_001,71.98
2026-02-01 15:45:00,STATION_001,74.38
2026-02-01 16:00:00,STATION_001,77.78
2026-02-01 16:15:00,STATION_001,79.81
2026-02-01 16:30:00,STATION_001,78.35
2026-02-01 16:45:00,STATION_001,81.25
2026-02-01 17:00:00,STATION_001,83.59
2026-02-01 17:15:00,STATION_001,82.6
2026-02-01 17:30:00,STATION_001,84.95
2026-02-01 17:45:00,STATION_001,86.68
2026-02-01 18:00:00,STATION_001,87.95
2026-02-01 18:15:00,STATION_001,90.45
2026-02-01 18:30:00,STATION_001,89.96
2026-02-01 18:45:00,STATION_001,92.18
2026-02-01 19:00:00,STATION_001,92.27
2026-02-01 19:15:00,STATION_001,92.33
2026-02-01 19:30:00,STATION_001,94.78
2026-02-01 19:45:00,STATION_001,5.0
2026-02-01 20:00:00,STATION_001,4.41
2026-02-01 20:15:00,STATION_001,6.16
2026-02-01 20:30:00,STATION_001,4.47
2026-02-01 20:45:00,STATION_001,5.91
2026-02-01 21:00:00,STATION_001,7.32
2026-02-01 21:15:00,STATION_001,8.01
2026-02-01 21:30:00,STATION_001,11.21
2026-02-01 21:45:00,STATION_001,13.61
2026-02-01 22:00:00,STATION_001,15.86
2026-02-01 22:15:00,STATION_001,17.31
2026-02-01 22:30:00,STATION_001,19.4
2026-02-01 22:45:00,STATION_001,19.57
2026-02-01 23:00:00,STATION_001,20.67
2026-02-01 23:15:00,STATION_001,21.26
2026-02-01 23:30:00,STATION_001,21.88
2026-02-01 23:45:00,STATION_001,23.9
2026-02-02 00:00:00,STATION_001,21.2
2026-02-02 00:15:00,STATION_001,22.63
2026-02-02 00:30:00,STATION_001,23.26
2026-02-02 00:45:00,STATION_001,26.72
2026-02-02 01:00:00,STATION_001,28.56
2026-02-02 01:15:00,STATION_001,27.81
2026-02-02 01:30:00,STATION_001,28.45
2026-02-02 01:45:00,STATION_001,25.56
2026-02-02 02:00:00,STATION_001,26.68
2026-02-02 02:15:00,STATION_001,31.51
2026-02-02 02:30:00,STATION_001,33.14
2026-02-02 02:45:00,STATION_001,33.1
2026-02-02 03:00:00,STATION_001,34.08
2026-02-02 03:15:00,STATION_001,31.15
2026-02-02 03:30:00,STATION_001,31.17
2026-02-02 03:45:00,STATION_001,33.75
2026-02-02 04:00:00,STATION_001,36.58
2026-02-02 04:15:00,STATION_001,42.45
2026-02-02 04:30:00,STATION_001,44.98
2026-02-02 04:45:00,STATION_001,45.81
2026-02-02 05:00:00,STATION_001,46.28
2026-02-02 05:15:00,STATION_001,48.91
2026-02-02 05:30:00,STATION_001,48.81
2026-02-02 05:45:00,STATION_001,49.91
2026-02-02 06:00:00,STATION_001,55.3
2026-02-02 06:15:00,STATION_001,54.88
2026-02-02 06:30:00,STATION_001,52.78
2026-02-02 06:45:00,STATION_001,55.48
2026-02-02 07:00:00,STATION_001,54.72
2026-02-02 07:15:00,STATION_001,56.56
2026-02-02 07:30:00,STATION_001,61.08
2026-02-02 07:45:00,STATION_001,63.03
2026-02-02 08:00:00,STATION_001,62.51
2026-02-02 08:15:00,STATION_001,61.58
2026-02-02 08:30:00,STATION_001,59.53
2026-02-02 08:45:00,STATION_001,60.42
2026-02-02 09:00:00,STATION_001,58.75
2026-02-02 09:15:00,STATION_001,58.67
2026-02-02 09:30:00,STATION_001,56.04
2026-02-02 09:45:00,STATION_001,58.34
2026-02-02 10:00:00,STATION_001,58.61
2026-02-02 10:15:00,STATION_001,64.29
2026-02-02 10:30:00,STATION_001,66.21
2026-02-02 10:45:00,STATION_001,65.04
2026-02-02 11:00:00,STATION_001,66.99
2026-02-02 11:15:00,STATION_001,68.67
2026-02-02 11:30:00,STATION_001,73.66
2026-02-02 11:45:00,STATION_001,74.82
2026-02-02 12:00:00,STATION_001,77.95
2026-02-02 12:15:00,STATION_001,81.01
2026-02-02 12:30:00,STATION_001,85.99
2026-02-02 12:45:00,STATION_001,86.9
2026-02-02 13:00:00,STATION_001,89.64
2026-02-02 13:15:00,STATION_001,5.0
2026-02-02 13:30:00,STATION_001,11.16
2026-02-02 13:45:00,STATION_001,12.07
2026-02-02 14:00:00,STATION_001,13.63
2026-02-02 14:15:00,STATION_001,12.63
2026-02-02 14:30:00,STATION_001,14.41
2026-02-02 14:45:00,STATION_001,15.64
2026-02-02 15:00:00,STATION_001,17.26
2026-02-02 15:15:00,STATION_001,17.7
2026-02-02 15:30:00,STATION_001,16.46
2026-02-02 15:45:00,STATION_001,17.24
2026-02-02 16:00:00,STATION_001,19.64
2026-02-02 16:15:00,STATION_001,22.45
2026-02-02 16:30:00,STATION_001,23.12
2026-02-02 16:45:00,STATION_001,23.99
2026-02-02 17:00:00,STATION_001,27.78
2026-02-02 17:15:00,STATION_001,30.94
2026-02-02 17:30:00,STATION_001,33.04
2026-02-02 17:45:00,STATION_001,33.3
2026-02-02 18:00:00,STATION_001,34.24
2026-02-02 18:15:00,STATION_001,38.3
2026-02-02 18:30:00,STATION_001,46.55
2026-02-02 18:45:00,STATION_001,47.5
2026-02-02 19:00:00,STATION_001,50.72
2026-02-02 19:15:00,STATION_001,53.05
2026-02-02 19:30:00,STATION_001,56.38
2026-02-02 19:45:00,STATION_001,60.76
2026-02-02 20:00:00,STATION_001,62.85
2026-02-02 20:15:00,STATION_001,66.55
2026-02-02 20:30:00,STATION_001,69.36
2026-02-02 20:45:00,STATION_001,68.52
2026-02-02 21:00:00,STATION_001,69.79
2026-02-02 21:15:00,STATION_001,69.0
2026-02-02 21:30:00,STATION_001,69.07
2026-02-02 21:45:00,STATION_001,67.32
2026-02-02 22:00:00,STATION_001,65.64
2026-02-02 22:15:00,STATION_001,69.36
2026-02-02 22:30:00,STATION_001,75.58
2026-02-02 22:45:00,STATION_001,75.32
2026-02-02 23:00:00,STATION_001,72.86
2026-02-02 23:15:00,STATION_001,73.21
2026-02-02 23:30:00,STATION_001,74.35
2026-02-02 23:45:00,STATION_001,77.15
2026-02-03 00:00:00,STATION_001,82.43
2026-02-03 00:15:00,STATION_001,84.44
2026-02-03 00:30:00,STATION_001,88.09
2026-02-03 00:45:00,STATION_001,91.25
2026-02-03 01:00:00,STATION_001,5.0
2026-02-03 01:15:00,STATION_001,4.38
2026-02-03 01:30:00,STATION_001,3.85
2026-02-03 01:45:00,STATION_001,1.56
2026-02-03 02:00:00,STATION_001,0.3
2026-02-03 02:15:00,STATION_001,0.0
2026-02-03 02:30:00,STATION_001,3.43
2026-02-03 02:45:00,STATION_001,5.68
2026-02-03 03:00:00,STATION_001,6.19
2026-02-03 03:15:00,STATION_001,3.9
2026-02-03 03:30:00,STATION_001,5.27
2026-02-03 03:45:00,STATION_001,3.92
2026-02-03 04:00:00,STATION_001,6.77
2026-02-03 04:15:00,STATION_001,10.57
2026-02-03 04:30:00,STATION_001,11.82
2026-02-03 04:45:00,STATION_001,9.83
2026-02-03 05:00:00,STATION_001,9.07
2026-02-03 05:15:00,STATION_001,9.37
2026-02-03 05:30:00,STATION_001,9.84
2026-02-03 05:45:00,STATION_001,9.43
2026-02-03 06:00:00,STATION_001,11.97
2026-02-03 06:15:00,STATION_001,9.79
2026-02-03 06:30:00,STATION_001,7.09
2026-02-03 06:45:00,STATION_001,4.7
2026-02-03 07:00:00,STATION_001,5.35
2026-02-03 07:15:00,STATION_001,7.0
2026-02-03 07:30:00,STATION_001,10.43
2026-02-03 07:45:00,STATION_001,11.96
2026-02-03 08:00:00,STATION_001,9.86
2026-02-03 08:15:00,STATION_001,8.5
2026-02-03 08:30:00,STATION_001,10.42
2026-02-03 08:45:00,STATION_001,10.76
2026-02-03 09:00:00,STATION_001,10.43
2026-02-03 09:15:00,STATION_001,11.75
2026-02-03 09:30:00,STATION_001,12.88
2026-02-03 09:45:00,STATION_001,14.51
2026-02-03 10:00:00,STATION_001,14.25
2026-02-03 10:15:00,STATION_001,14.81
2026-02-03 10:30:00,STATION_001,18.59
2026-02-03 10:45:00,STATION_001,19.44
2026-02-03 11:00:00,STATION_001,19.38
2026-02-03 11:15:00,STATION_001,22.4
2026-02-03 11:30:00,STATION_001,25.38
2026-02-03 11:45:00,STATION_001,27.94
2026-02-03 12:00:00,STATION_001,33.49
2026-02-03 12:15:00,STATION_001,35.31
2026-02-03 12:30:00,STATION_001,38.26
2026-02-03 12:45:00,STATION_001,39.39
2026-02-03 13:00:00,STATION_001,38.67
2026-02-03 13:15:00,STATION_001,41.25
2026-02-03 13:30:00,STATION_001,43.78
2026-02-03 13:45:00,STATION_001,46.01
2026-02-03 14:00:00,STATION_001,42.65
2026-02-03 14:15:00,STATION_001,44.77
2026-02-03 14:30:00,STATION_001,45.65
2026-02-03 14:45:00,STATION_001,42.69
2026-02-03 15:00:00,STATION_001,41.28
2026-02-03 15:15:00,STATION_001,43.82
2026-02-03 15:30:00,STATION_001,46.59
2026-02-03 15:45:00,STATION_001,43.93
2026-02-03 16:00:00,STATION_001,41.17
2026-02-03 16:15:00,STATION_001,43.27
2026-02-03 16:30:00,STATION_001,41.72
2026-02-03 16:45:00,STATION_001,44.2
2026-02-03 17:00:00,STATION_001,44.66
2026-02-03 17:15:00,STATION_001,45.71
2026-02-03 17:30:00,STATION_001,46.2
2026-02-03 17:45:00,STATION_001,42.7
2026-02-03 18:00:00,STATION_001,44.27
2026-02-03 18:15:00,STATION_001,44.52
2026-02-03 18:30:00,STATION_001,47.54
2026-02-03 18:45:00,STATION_001,53.11
2026-02-03 19:00:00,STATION_001,55.59
2026-02-03 19:15:00,STATION_001,58.61
2026-02-03 19:30:00,STATION_001,58.83
2026-02-03 19:45:00,STATION_001,59.59
2026-02-03 20:00:00,STATION_001,61.19
2026-02-03 20:15:00,STATION_001,64.92
2026-02-03 20:30:00,STATION_001,68.16
2026-02-03 20:45:00,STATION_001,74.52
2026-02-03 21:00:00,STATION_001,74.89
2026-02-03 21:15:00,STATION_001,74.19
2026-02-03 21:30:00,STATION_001,71.49
2026-02-03 21:45:00,STATION_001,75.25
2026-02-03 22:00:00,STATION_001,79.03
2026-02-03 22:15:00,STATION_001,80.35
2026-02-03 22:30:00,STATION_001,80.14
2026-02-03 22:45:00,STATION_001,78.23
2026-02-03 23:00:00,STATION_001,76.95
2026-02-03 23:15:00,STATION_001,78.55
2026-02-03 23:30:00,STATION_001,81.63
2026-02-03 23:45:00,STATION_001,81.65
2026-02-04 00:00:00,STATION_001,80.63
2026-02-04 00:15:00,STATION_001,80.75
2026-02-04 00:30:00,STATION_001,78.72
2026-02-04 00:45:00,STATION_001,79.58
2026-02-04 01:00:00,STATION_001,80.78
2026-02-04 01:15:00,STATION_001,80.0
2026-02-04 01:30:00,STATION_001,80.72
2026-02-04 01:45:00,STATION_001,82.69
2026-02-04 02:00:00,STATION_001,84.53
2026-02-04 02:15:00,STATION_001,85.91
2026-02-04 02:30:00,STATION_001,87.05
2026-02-04 02:45:00,STATION_001,86.58
2026-02-04 03:00:00,STATION_001,87.69
2026-02-04 03:15:00,STATION_001,89.2
2026-02-04 03:30:00,STATION_001,89.5
2026-02-04 03:45:00,STATION_001,87.37
2026-02-04 04:00:00,STATION_001,86.79
2026-02-04 04:15:00,STATION_001,83.76
2026-02-04 04:30:00,STATION_001,83.88
2026-02-04 04:45:00,STATION_001,87.07
2026-02-04 05:00:00,STATION_001,91.11
2026-02-04 05:15:00,STATION_001,94.21
2026-02-04 05:30:00,STATION_001,5.0
2026-02-04 05:45:00,STATION_001,6.14
2026-02-04 06:00:00,STATION_001,7.9
2026-02-04 06:15:00,STATION_001,6.7
2026-02-04 06:30:00,STATION_001,6.27
2026-02-04 06:45:00,STATION_001,8.29
2026-02-04 07:00:00,STATION_001,9.11
2026-02-04 07:15:00,STATION_001,9.73
2026-02-04 07:30:00,STATION_001,6.47
2026-02-04 07:45:00,STATION_001,10.52
2026-02-04 08:00:00,STATION_001,8.42
2026-02-04 08:15:00,STATION_001,11.66
2026-02-04 08:30:00,STATION_001,10.65
2026-02-04 08:45:00,STATION_001,14.09
2026-02-04 09:00:00,STATION_001,16.92
2026-02-04 09:15:00,STATION_001,17.79
2026-02-04 09:30:00,STATION_001,18.22
2026-02-04 09:45:00,STATION_001,20.16
2026-02-04 10:00:00,STATION_001,25.72
2026-02-04 10:15:00,STATION_001,27.43
2026-02-04 10:30:00,STATION_001,30.98
2026-02-04 10:45:00,STATION_001,34.13
2026-02-04 11:00:00,STATION_001,37.24
2026-02-04 11:15:00,STATION_001,38.96
2026-02-04 11:30:00,STATION_001,36.36
2026-02-04 11:45:00,STATION_001,38.47
2026-02-04 12:00:00,STATION_001,39.95
2026-02-04 12:15:00,STATION_001,40.62
2026-02-04 12:30:00,STATION_001,46.94
2026-02-04 12:45:00,STATION_001,54.95
2026-02-04 13:00:00,STATION_001,59.89
2026-02-04 13:15:00,STATION_001,62.34
2026-02-04 13:30:00,STATION_001,64.89
2026-02-04 13:45:00,STATION_001,67.73
2026-02-04 14:00:00,STATION_001,70.68
2026-02-04 14:15:00,STATION_001,72.37
2026-02-04 14:30:00,STATION_001,75.56
2026-02-04 14:45:00,STATION_001,74.53
2026-02-04 15:00:00,STATION_001,71.8
2026-02-04 15:15:00,STATION_001,72.94
2026-02-04 15:30:00,STATION_001,79.03
2026-02-04 15:45:00,STATION_001,78.41
2026-02-04 16:00:00,STATION_001,74.81
2026-02-04 16:15:00,STATION_001,78.67
2026-02-04 16:30:00,STATION_001,80.65
2026-02-04 16:45:00,STATION_001,81.78
2026-02-04 17:00:00,STATION_001,82.32
2026-02-04 17:15:00,STATION_001,80.93
2026-02-04 17:30:00,STATION_001,84.36
2026-02-04 17:45:00,STATION_001,84.03
2026-02-04 18:00:00,STATION_001,88.34
2026-02-04 18:15:00,STATION_001,90.13
2026-02-04 18:30:00,STATION_001,92.74
2026-02-04 18:45:00,STATION_001,5.0
2026-02-04 19:00:00,STATION_001,5.28
2026-02-04 19:15:00,STATION_001,8.07
2026-02-04 19:30:00,STATION_001,10.93
2026-02-04 19:45:00,STATION_001,13.89
2026-02-04 20:00:00,STATION_001,18.05
2026-02-04 20:15:00,STATION_001,24.98
2026-02-04 20:30:00,STATION_001,31.87
2026-02-04 20:45:00,STATION_001,34.03
2026-02-04 21:00:00,STATION_001,35.19
2026-02-04 21:15:00,STATION_001,39.23
2026-02-04 21:30:00,STATION_001,38.93
2026-02-04 21:45:00,STATION_001,39.07
2026-02-04 22:00:00,STATION_001,39.8
2026-02-04 22:15:00,STATION_001,41.47
2026-02-04 22:30:00,STATION_001,42.05
2026-02-04 22:45:00,STATION_001,44.75
2026-02-04 23:00:00,STATION_001,44.59
2026-02-04 23:15:00,STATION_001,46.77
2026-02-04 23:30:00,STATION_001,51.63
2026-02-04 23:45:00,STATION_001,50.59
2026-02-05 00:00:00,STATION_001,53.21
2026-02-05 00:15:00,STATION_001,55.16
2026-02-05 00:30:00,STATION_001,56.8
2026-02-05 00:45:00,STATION_001,57.26
2026-02-05 01:00:00,STATION_001,55.76
2026-02-05 01:15:00,STATION_001,60.22
2026-02-05 01:30:00,STATION_001,62.08
2026-02-05 01:45:00,STATION_001,60.48
2026-02-05 02:00:00,STATION_001,60.84
2026-02-05 02:15:00,STATION_001,62.27
2026-02-05 02:30:00,STATION_001,64.56
2026-02-05 02:45:00,STATION_001,62.05
2026-02-05 03:00:00,STATION_001,61.87
2026-02-05 03:15:00,STATION_001,61.24
2026-02-05 03:30:00,STATION_001,65.27
2026-02-05 03:45:00,STATION_001,62.63
2026-02-05 04:00:00,STATION_001,58.58
2026-02-05 04:15:00,STATION_001,57.74
2026-02-05 04:30:00,STATION_001,58.22
2026-02-05 04:45:00,STATION_001,60.41
2026-02-05 05:00:00,STATION_001,63.7
2026-02-05 05:15:00,STATION_001,62.48
2026-02-05 05:30:00,STATION_001,62.94
2026-02-05 05:45:00,STATION_001,64.49
2026-02-05 06:00:00,STATION_001,64.35
2026-02-05 06:15:00,STATION_001,64.21
2026-02-05 06:30:00,STATION_001,66.07
2026-02-05 06:45:00,STATION_001,68.26
2026-02-05 07:00:00,STATION_001,69.91
2026-02-05 07:15:00,STATION_001,71.29
2026-02-05 07:30:00,STATION_001,72.45
2026-02-05 07:45:00,STATION_001,72.36
2026-02-05 08:00:00,STATION_001,69.91
2026-02-05 08:15:00,STATION_001,72.05
2026-02-05 08:30:00,STATION_001,77.85
2026-02-05 08:45:00,STATION_001,80.81
2026-02-05 09:00:00,STATION_001,81.45
2026-02-05 09:15:00,STATION_001,82.09
2026-02-05 09:30:00,STATION_001,82.86
2026-02-05 09:45:00,STATION_001,82.33
2026-02-05 10:00:00,STATION_001,82.4
2026-02-05 10:15:00,STATION_001,85.35
2026-02-05 10:30:00,STATION_001,89.56
2026-02-05 10:45:00,STATION_001,89.16
2026-02-05 11:00:00,STATION_001,90.41
2026-02-05 11:15:00,STATION_001,91.82
2026-02-05 11:30:00,STATION_001,5.0
2026-02-05 11:45:00,STATION_001,7.35
2026-02-05 12:00:00,STATION_001,8.95
2026-02-05 12:15:00,STATION_001,10.57
2026-02-05 12:30:00,STATION_001,14.52
2026-02-05 12:45:00,STATION_001,16.71
2026-02-05 13:00:00,STATION_001,19.62
2026-02-05 13:15:00,STATION_001,22.57
2026-02-05 13:30:00,STATION_001,27.0
2026-02-05 13:45:00,STATION_001,31.37
2026-02-05 14:00:00,STATION_001,32.25
2026-02-05 14:15:00,STATION_001,33.98
2026-02-05 14:30:00,STATION_001,33.52
2026-02-05 14:45:00,STATION_001,34.37
2026-02-05 15:00:00,STATION_001,34.28
2026-02-05 15:15:00,STATION_001,32.92
2026-02-05 15:30:00,STATION_001,34.13
2026-02-05 15:45:00,STATION_001,32.14
2026-02-05 16:00:00,STATION_001,36.02
2026-02-05 16:15:00,STATION_001,35.41
2026-02-05 16:30:00,STATION_001,37.65
2026-02-05 16:45:00,STATION_001,36.24
2026-02-05 17:00:00,STATION_001,37.58
2026-02-05 17:15:00,STATION_001,37.01
2026-02-05 17:30:00,STATION_001,36.75
2026-02-05 17:45:00,STATION_001,36.64
2026-02-05 18:00:00,STATION_001,42.43
2026-02-05 18:15:00,STATION_001,46.73
2026-02-05 18:30:00,STATION_001,51.33
2026-02-05 18:45:00,STATION_001,56.15
2026-02-05 19:00:00,STATION_001,60.88
2026-02-05 19:15:00,STATION_001,66.73
2026-02-05 19:30:00,STATION_001,72.55
2026-02-05 19:45:00,STATION_001,76.8
2026-02-05 20:00:00,STATION_001,80.15
2026-02-05 20:15:00,STATION_001,80.65
2026-02-05 20:30:00,STATION_001,79.74
2026-02-05 20:45:00,STATION_001,84.13
2026-02-05 21:00:00,STATION_001,84.2
2026-02-05 21:15:00,STATION_001,86.79
2026-02-05 21:30:00,STATION_001,87.05
2026-02-05 21:45:00,STATION_001,85.89
2026-02-05 22:00:00,STATION_001,86.99
2026-02-05 22:15:00,STATION_001,90.14
2026-02-05 22:30:00,STATION_001,90.01
2026-02-05 22:45:00,STATION_001,93.02
2026-02-05 23:00:00,STATION_001,93.89
2026-02-05 23:15:00,STATION_001,5.0
2026-02-05 23:30:00,STATION_001,7.51
2026-02-05 23:45:00,STATION_001,4.46
2026-02-06 00:00:00,STATION_001,4.04
2026-02-06 00:15:00,STATION_001,7.53
2026-02-06 00:30:00,STATION_001,10.49
2026-02-06 00:45:00,STATION_001,10.68
2026-02-06 01:00:00,STATION_001,7.49
2026-02-06 01:15:00,STATION_001,8.07
2026-02-06 01:30:00,STATION_001,9.96
2026-02-06 01:45:00,STATION_001,13.99
2026-02-06 02:00:00,STATION_001,17.34
2026-02-06 02:15:00,STATION_001,18.39
2026-02-06 02:30:00,STATION_001,20.75
2026-02-06 02:45:00,STATION_001,22.29
2026-02-06 03:00:00,STATION_001,27.21
2026-02-06 03:15:00,STATION_001,26.14
2026-02-06 03:30:00,STATION_001,29.12
2026-02-06 03:45:00,STATION_001,25.95
2026-02-06 04:00:00,STATION_001,24.5
2026-02-06 04:15:00,STATION_001,23.58
2026-02-06 04:30:00,STATION_001,28.71
2026-02-06 04:45:00,STATION_001,31.55
2026-02-06 05:00:00,STATION_001,31.44
2026-02-06 05:15:00,STATION_001,30.38
2026-02-06 05:30:00,STATION_001,35.56
2026-02-06 05:45:00,STATION_001,35.25
2026-02-06 06:00:00,STATION_001,35.39
2026-02-06 06:15:00,STATION_001,37.78
2026-02-06 06:30:00,STATION_001,40.34
2026-02-06 06:45:00,STATION_001,41.09
2026-02-06 07:00:00,STATION_001,40.21
2026-02-06 07:15:00,STATION_001,40.85
2026-02-06 07:30:00,STATION_001,43.46
2026-02-06 07:45:00,STATION_001,43.9
2026-02-06 08:00:00,STATION_001,44.27
2026-02-06 08:15:00,STATION_001,42.02
2026-02-06 08:30:00,STATION_001,42.3
2026-02-06 08:45:00,STATION_001,44.02
2026-02-06 09:00:00,STATION_001,46.4
2026-02-06 09:15:00,STATION_001,46.21
2026-02-06 09:30:00,STATION_001,48.01
2026-02-06 09:45:00,STATION_001,52.45
2026-02-06 10:00:00,STATION_001,52.66
2026-02-06 10:15:00,STATION_001,53.43
2026-02-06 10:30:00,STATION_001,51.75
2026-02-06 10:45:00,STATION_001,55.42
2026-02-06 11:00:00,STATION_001,53.81
2026-02-06 11:15:00,STATION_001,52.11
2026-02-06 11:30:00,STATION_001,51.02
2026-02-06 11:45:00,STATION_001,54.09
2026-02-06 12:00:00,STATION_001,58.69
2026-02-06 12:15:00,STATION_001,61.26
2026-02-06 12:30:00,STATION_001,60.83
2026-02-06 12:45:00,STATION_001,69.32
2026-02-06 13:00:00,STATION_001,74.2
2026-02-06 13:15:00,STATION_001,76.5
2026-02-06 13:30:00,STATION_001,78.57
2026-02-06 13:45:00,STATION_001,77.99
2026-02-06 14:00:00,STATION_001,75.49
2026-02-06 14:15:00,STATION_001,77.59
2026-02-06 14:30:00,STATION_001,75.29
2026-02-06 14:45:00,STATION_001,73.03
2026-02-06 15:00:00,STATION_001,76.04
2026-02-06 15:15:00,STATION_001,76.36
2026-02-06 15:30:00,STATION_001,72.43
2026-02-06 15:45:00,STATION_001,72.23
2026-02-06 16:00:00,STATION_001,74.76
2026-02-06 16:15:00,STATION_001,77.63
2026-02-06 16:30:00,STATION_001,80.28
2026-02-06 16:45:00,STATION_001,81.43
2026-02-06 17:00:00,STATION_001,80.57
2026-02-06 17:15:00,STATION_001,79.62
2026-02-06 17:30:00,STATION_001,78.95
2026-02-06 17:45:00,STATION_001,77.2
2026-02-06 18:00:00,STATION_001,79.96
2026-02-06 18:15:00,STATION_001,81.05
2026-02-06 18:30:00,STATION_001,86.99
2026-02-06 18:45:00,STATION_001,90.6
2026-02-06 19:00:00,STATION_001,94.27
2026-02-06 19:15:00,STATION_001,93.75
2026-02-06 19:30:00,STATION_001,92.99
2026-02-06 19:45:00,STATION_001,5.0
2026-02-06 20:00:00,STATION_001,10.36
2026-02-06 20:15:00,STATION_001,11.65
2026-02-06 20:30:00,STATION_001,16.22
2026-02-06 20:45:00,STATION_001,21.65
2026-02-06 21:00:00,STATION_001,22.57
2026-02-06 21:15:00,STATION_001,17.81
2026-02-06 21:30:00,STATION_001,21.22
2026-02-06 21:45:00,STATION_001,19.04
2026-02-06 22:00:00,STATION_001,18.39
2026-02-06 22:15:00,STATION_001,17.92
2026-02-06 22:30:00,STATION_001,16.9
2026-02-06 22:45:00,STATION_001,19.68
2026-02-06 23:00:00,STATION_001,23.31
2026-02-06 23:15:00,STATION_001,21.66
2026-02-06 23:30:00,STATION_001,23.54
2026-02-06 23:45:00,STATION_001,22.45
2026-02-07 00:00:00,STATION_001,22.43
2026-02-07 00:15:00,STATION_001,23.1
2026-02-07 00:30:00,STATION_001,24.57
2026-02-07 00:45:00,STATION_001,25.67
2026-02-07 01:00:00,STATION_001,28.09
2026-02-07 01:15:00,STATION_001,26.24
2026-02-07 01:30:00,STATION_001,26.56
2026-02-07 01:45:00,STATION_001,29.01
2026-02-07 02:00:00,STATION_001,34.52
2026-02-07 02:15:00,STATION_001,36.91
2026-02-07 02:30:00,STATION_001,35.45
2026-02-07 02:45:00,STATION_001,38.95
2026-02-07 03:00:00,STATION_001,37.77
2026-02-07 03:15:00,STATION_001,38.68
2026-02-07 03:30:00,STATION_001,41.96
2026-02-07 03:45:00,STATION_001,41.53
2026-02-07 04:00:00,STATION_001,43.3
2026-02-07 04:15:00,STATION_001,45.39
2026-02-07 04:30:00,STATION_001,45.23
2026-02-07 04:45:00,STATION_001,44.9
2026-02-07 05:00:00,STATION_001,41.78
2026-02-07 05:15:00,STATION_001,43.09
2026-02-07 05:30:00,STATION_001,45.54
2026-02-07 05:45:00,STATION_001,45.35
2026-02-07 06:00:00,STATION_001,46.94
2026-02-07 06:15:00,STATION_001,47.68
2026-02-07 06:30:00,STATION_001,49.97
2026-02-07 06:45:00,STATION_001,50.84
2026-02-07 07:00:00,STATION_001,51.48
2026-02-07 07:15:00,STATION_001,51.63
2026-02-07 07:30:00,STATION_001,50.65
2026-02-07 07:45:00,STATION_001,49.65
2026-02-07 08:00:00,STATION_001,53.15
2026-02-07 08:15:00,STATION_001,56.56
2026-02-07 08:30:00,STATION_001,53.22
2026-02-07 08:45:00,STATION_001,50.46
2026-02-07 09:00:00,STATION_001,47.27
2026-02-07 09:15:00,STATION_001,46.51
2026-02-07 09:30:00,STATION_001,48.63
2026-02-07 09:45:00,STATION_001,48.36
2026-02-07 10:00:00,STATION_001,50.34
2026-02-07 10:15:00,STATION_001,49.82
2026-02-07 10:30:00,STATION_001,51.57
2026-02-07 10:45:00,STATION_001,53.77
2026-02-07 11:00:00,STATION_001,56.08
2026-02-07 11:15:00,STATION_001,61.1
2026-02-07 11:30:00,STATION_001,61.45
2026-02-07 11:45:00,STATION_001,62.95
2026-02-07 12:00:00,STATION_001,65.25
2026-02-07 12:15:00,STATION_001,66.48
2026-02-07 12:30:00,STATION_001,69.2
2026-02-07 12:45:00,STATION_001,72.47
2026-02-07 13:00:00,STATION_001,75.98
2026-02-07 13:15:00,STATION_001,81.74
2026-02-07 13:30:00,STATION_001,86.73
2026-02-07 13:45:00,STATION_001,91.79
2026-02-07 14:00:00,STATION_001,5.0
2026-02-07 14:15:00,STATION_001,9.07
2026-02-07 14:30:00,STATION_001,12.73
2026-02-07 14:45:00,STATION_001,14.64
2026-02-07 15:00:00,STATION_001,16.1
2026-02-07 15:15:00,STATION_001,13.37
2026-02-07 15:30:00,STATION_001,15.22
2026-02-07 15:45:00,STATION_001,17.48
2026-02-07 16:00:00,STATION_001,19.0
2026-02-07 16:15:00,STATION_001,21.67
2026-02-07 16:30:00,STATION_001,21.25
2026-02-07 16:45:00,STATION_001,23.05
2026-02-07 17:00:00,STATION_001,24.73
2026-02-07 17:15:00,STATION_001,23.63
2026-02-07 17:30:00,STATION_001,26.55
2026-02-07 17:45:00,STATION_001,25.21
2026-02-07 18:00:00,STATION_001,28.98
2026-02-07 18:15:00,STATION_001,35.51
2026-02-07 18:30:00,STATION_001,36.08
2026-02-07 18:45:00,STATION_001,36.12
2026-02-07 19:00:00,STATION_001,36.5
2026-02-07 19:15:00,STATION_001,34.74
2026-02-07 19:30:00,STATION_001,35.23
2026-02-07 19:45:00,STATION_001,38.73
2026-02-07 20:00:00,STATION_001,40.07
2026-02-07 20:15:00,STATION_001,39.63
2026-02-07 20:30:00,STATION_001,39.66
2026-02-07 20:45:00,STATION_001,40.5
2026-02-07 21:00:00,STATION_001,40.24
2026-02-07 21:15:00,STATION_001,38.35
2026-02-07 21:30:00,STATION_001,39.17
2026-02-07 21:45:00,STATION_001,37.53
2026-02-07 22:00:00,STATION_001,38.37
2026-02-07 22:15:00,STATION_001,35.86
2026-02-07 22:30:00,STATION_001,35.39
2026-02-07 22:45:00,STATION_001,40.36
2026-02-07 23:00:00,STATION_001,42.15
2026-02-07 23:15:00,STATION_001,44.85
2026-02-07 23:30:00,STATION_001,42.98
2026-02-07 23:45:00,STATION_001,43.87
2026-02-08 00:00:00,STATION_001,41.95
2026-02-08 00:15:00,STATION_001,42.63
2026-02-08 00:30:00,STATION_001,38.15
2026-02-08 00:45:00,STATION_001,37.25
2026-02-08 01:00:00,STATION_001,40.19
2026-02-08 01:15:00,STATION_001,40.95
2026-02-08 01:30:00,STATION_001,44.63
2026-02-08 01:45:00,STATION_001,43.55
2026-02-08 02:00:00,STATION_001,42.04
2026-02-08 02:15:00,STATION_001,42.14
2026-02-08 02:30:00,STATION_001,40.75
2026-02-08 02:45:00,STATION_001,39.16
2026-02-08 03:00:00,STATION_001,39.43
2026-02-08 03:15:00,STATION_001,40.62
2026-02-08 03:30:00,STATION_001,44.45
2026-02-08 03:45:00,STATION_001,44.64
2026-02-08 04:00:00,STATION_001,45.59
2026-02-08 04:15:00,STATION_001,45.91
2026-02-08 04:30:00,STATION_001,46.74
2026-02-08 04:45:00,STATION_001,51.79
2026-02-08 05:00:00,STATION_001,51.66
2026-02-08 05:15:00,STATION_001,56.56
2026-02-08 05:30:00,STATION_001,59.17
2026-02-08 05:45:00,STATION_001,55.28
2026-02-08 06:00:00,STATION_001,57.09
2026-02-08 06:15:00,STATION_001,59.19
2026-02-08 06:30:00,STATION_001,61.59
2026-02-08 06:45:00,STATION_001,61.16
2026-02-08 07:00:00,STATION_001,64.38
2026-02-08 07:15:00,STATION_001,65.28
2026-02-08 07:30:00,STATION_001,69.1
2026-02-08 07:45:00,STATION_001,69.81
2026-02-08 08:00:00,STATION_001,70.75
2026-02-08 08:15:00,STATION_001,66.23
2026-02-08 08:30:00,STATION_001,66.11
2026-02-08 08:45:00,STATION_001,65.4
2026-02-08 09:00:00,STATION_001,67.1
2026-02-08 09:15:00,STATION_001,64.14
2026-02-08 09:30:00,STATION_001,62.93
2026-02-08 09:45:00,STATION_001,63.64
2026-02-08 10:00:00,STATION_001,66.6
2026-02-08 10:15:00,STATION_001,62.14
2026-02-08 10:30:00,STATION_001,60.91
2026-02-08 10:45:00,STATION_001,58.97
2026-02-08 11:00:00,STATION_001,61.8
2026-02-08 11:15:00,STATION_001,63.77
2026-02-08 11:30:00,STATION_001,69.11
2026-02-08 11:45:00,STATION_001,73.94
2026-02-08 12:00:00,STATION_001,78.21
2026-02-08 12:15:00,STATION_001,84.54
2026-02-08 12:30:00,STATION_001,88.78
2026-02-08 12:45:00,STATION_001,89.68
2026-02-08 13:00:00,STATION_001,91.27
2026-02-08 13:15:00,STATION_001,5.0
2026-02-08 13:30:00,STATION_001,10.19
2026-02-08 13:45:00,STATION_001,10.8
2026-02-08 14:00:00,STATION_001,13.84
2026-02-08 14:15:00,STATION_001,15.93
2026-02-08 14:30:00,STATION_001,20.48
2026-02-08 14:45:00,STATION_001,23.62
2026-02-08 15:00:00,STATION_001,25.23
2026-02-08 15:15:00,STATION_001,26.89
2026-02-08 15:30:00,STATION_001,29.6
2026-02-08 15:45:00,STATION_001,28.38
2026-02-08 16:00:00,STATION_001,28.07
2026-02-08 16:15:00,STATION_001,26.25
2026-02-08 16:30:00,STATION_001,26.53
2026-02-08 16:45:00,STATION_001,30.26
2026-02-08 17:00:00,STATION_001,31.13
2026-02-08 17:15:00,STATION_001,31.37
2026-02-08 17:30:00,STATION_001,33.28
2026-02-08 17:45:00,STATION_001,32.98
2026-02-08 18:00:00,STATION_001,34.32
2026-02-08 18:15:00,STATION_001,35.44
2026-02-08 18:30:00,STATION_001,37.34
2026-02-08 18:45:00,STATION_001,38.52
2026-02-08 19:00:00,STATION_001,42.46
2026-02-08 19:15:00,STATION_001,41.07
2026-02-08 19:30:00,STATION_001,44.27
2026-02-08 19:45:00,STATION_001,40.39
2026-02-08 20:00:00,STATION_001,43.13
2026-02-08 20:15:00,STATION_001,47.18
2026-02-08 20:30:00,STATION_001,50.05
2026-02-08 20:45:00,STATION_001,51.73
2026-02-08 21:00:00,STATION_001,54.34
2026-02-08 21:15:00,STATION_001,52.98
2026-02-08 21:30:00,STATION_001,51.08
2026-02-08 21:45:00,STATION_001,54.11
2026-02-08 22:00:00,STATION_001,57.88
2026-02-08 22:15:00,STATION_001,57.9
2026-02-08 22:30:00,STATION_001,58.47
2026-02-08 22:45:00,STATION_001,58.78
2026-02-08 23:00:00,STATION_001,59.57
2026-02-08 23:15:00,STATION_001,60.54
2026-02-08 23:30:00,STATION_001,59.25
2026-02-08 23:45:00,STATION_001,58.13
2026-02-09 00:00:00,STATION_001,61.1
2026-02-09 00:15:00,STATION_001,64.33
2026-02-09 00:30:00,STATION_001,63.74
2026-02-09 00:45:00,STATION_001,65.53
2026-02-09 01:00:00,STATION_001,67.13
2026-02-09 01:15:00,STATION_001,69.42
2026-02-09 01:30:00,STATION_001,71.34
2026-02-09 01:45:00,STATION_001,70.74
2026-02-09 02:00:00,STATION_001,72.42
2026-02-09 02:15:00,STATION_001,70.81
2026-02-09 02:30:00,STATION_001,75.71
2026-02-09 02:45:00,STATION_001,74.58
2026-02-09 03:00:00,STATION_001,72.62
2026-02-09 03:15:00,STATION_001,73.68
2026-02-09 03:30:00,STATION_001,73.45
2026-02-09 03:45:00,STATION_001,75.02
2026-02-09 04:00:00,STATION_001,75.78
2026-02-09 04:15:00,STATION_001,77.8
2026-02-09 04:30:00,STATION_001,77.44
2026-02-09 04:45:00,STATION_001,75.1
2026-02-09 05:00:00,STATION_001,78.48
2026-02-09 05:15:00,STATION_001,81.76
2026-02-09 05:30:00,STATION_001,83.69
2026-02-09 05:45:00,STATION_001,85.43
2026-02-09 06:00:00,STATION_001,86.46
2026-02-09 06:15:00,STATION_001,89.8
2026-02-09 06:30:00,STATION_001,90.3
2026-02-09 06:45:00,STATION_001,88.4
2026-02-09 07:00:00,STATION_001,90.25
2026-02-09 07:15:00,STATION_001,93.02
2026-02-09 07:30:00,STATION_001,5.0
2026-02-09 07:45:00,STATION_001,9.47
2026-02-09 08:00:00,STATION_001,14.49
2026-02-09 08:15:00,STATION_001,14.07
2026-02-09 08:30:00,STATION_001,8.4
2026-02-09 08:45:00,STATION_001,8.48
2026-02-09 09:00:00,STATION_001,8.08
2026-02-09 09:15:00,STATION_001,8.43
2026-02-09 09:30:00,STATION_001,10.22
2026-02-09 09:45:00,STATION_001,14.31
2026-02-09 10:00:00,STATION_001,16.22
2026-02-09 10:15:00,STATION_001,13.57
2026-02-09 10:30:00,STATION_001,13.91
2026-02-09 10:45:00,STATION_001,16.06
2026-02-09 11:00:00,STATION_001,17.7
2026-02-09 11:15:00,STATION_001,19.39
2026-02-09 11:30:00,STATION_001,19.21
2026-02-09 11:45:00,STATION_001,19.43
2026-02-09 12:00:00,STATION_001,23.31
2026-02-09 12:15:00,STATION_001,24.65
2026-02-09 12:30:00,STATION_001,25.91
2026-02-09 12:45:00,STATION_001,29.04
2026-02-09 13:00:00,STATION_001,30.67
2026-02-09 13:15:00,STATION_001,30.76
2026-02-09 13:30:00,STATION_001,33.13
2026-02-09 13:45:00,STATION_001,36.06
2026-02-09 14:00:00,STATION_001,36.16
2026-02-09 14:15:00,STATION_001,35.25
2026-02-09 14:30:00,STATION_001,34.25
2026-02-09 14:45:00,STATION_001,34.17
2026-02-09 15:00:00,STATION_001,33.75
2026-02-09 15:15:00,STATION_001,38.03
2026-02-09 15:30:00,STATION_001,36.63
2026-02-09 15:45:00,STATION_001,36.99
2026-02-09 16:00:00,STATION_001,37.6
2026-02-09 16:15:00,STATION_001,37.61
2026-02-09 16:30:00,STATION_001,39.05
2026-02-09 16:45:00,STATION_001,39.1
2026-02-09 17:00:00,STATION_001,38.49
2026-02-09 17:15:00,STATION_001,38.3
2026-02-09 17:30:00,STATION_001,39.91
2026-02-09 17:45:00,STATION_001,40.55
2026-02-09 18:00:00,STATION_001,44.7
2026-02-09 18:15:00,STATION_001,48.41
2026-02-09 18:30:00,STATION_001,54.67
2026-02-09 18:45:00,STATION_001,59.37
2026-02-09 19:00:00,STATION_001,64.94
2026-02-09 19:15:00,STATION_001,65.37
2026-02-09 19:30:00,STATION_001,66.38
2026-02-09 19:45:00,STATION_001,70.04
2026-02-09 20:00:00,STATION_001,73.48
2026-02-09 20:15:00,STATION_001,77.06
2026-02-09 20:30:00,STATION_001,80.44
2026-02-09 20:45:00,STATION_001,86.52
2026-02-09 21:00:00,STATION_001,89.94
2026-02-09 21:15:00,STATION_001,91.58
2026-02-09 21:30:00,STATION_001,92.19
2026-02-09 21:45:00,STATION_001,92.05
2026-02-09 22:00:00,STATION_001,90.95
2026-02-09 22:15:00,STATION_001,87.42
2026-02-09 22:30:00,STATION_001,89.25
2026-02-09 22:45:00,STATION_001,92.1
2026-02-09 23:00:00,STATION_001,92.59
2026-02-09 23:15:00,STATION_001,92.16
2026-02-09 23:30:00,STATION_001,5.0
2026-02-09 23:45:00,STATION_001,4.27
2026-02-10 00:00:00,STATION_001,3.39
2026-02-10 00:15:00,STATION_001,2.93
2026-02-10 00:30:00,STATION_001,6.4
2026-02-10 00:45:00,STATION_001,4.97
2026-02-10 01:00:00,STATION_001,8.37
2026-02-10 01:15:00,STATION_001,9.33
2026-02-10 01:30:00,STATION_001,12.34
2026-02-10 01:45:00,STATION_001,10.73
2026-02-10 02:00:00,STATION_001,11.17
2026-02-10 02:15:00,STATION_001,14.59
2026-02-10 02:30:00,STATION_001,15.71
2026-02-10 02:45:00,STATION_001,15.56
2026-02-10 03:00:00,STATION_001,18.23
2026-02-10 03:15:00,STATION_001,18.11
2026-02-10 03:30:00,STATION_001,18.36
2026-02-10 03:45:00,STATION_001,15.62
2026-02-10 04:00:00,STATION_001,16.83
2026-02-10 04:15:00,STATION_001,13.34
2026-02-10 04:30:00,STATION_001,16.49
2026-02-10 04:45:00,STATION_001,18.01
2026-02-10 05:00:00,STATION_001,15.12
2026-02-10 05:15:00,STATION_001,16.82
2026-02-10 05:30:00,STATION_001,21.0
2026-02-10 05:45:00,STATION_001,23.11
2026-02-10 06:00:00,STATION_001,24.52
2026-02-10 06:15:00,STATION_001,23.63
2026-02-10 06:30:00,STATION_001,20.22
2026-02-10 06:45:00,STATION_001,21.87
2026-02-10 07:00:00,STATION_001,23.62
2026-02-10 07:15:00,STATION_001,27.23
2026-02-10 07:30:00,STATION_001,26.88
2026-02-10 07:45:00,STATION_001,24.92
2026-02-10 08:00:00,STATION_001,27.78
2026-02-10 08:15:00,STATION_001,31.59
2026-02-10 08:30:00,STATION_001,27.73
2026-02-10 08:45:00,STATION_001,29.19
2026-02-10 09:00:00,STATION_001,31.12
2026-02-10 09:15:00,STATION_001,28.67
2026-02-10 09:30:00,STATION_001,28.72
2026-02-10 09:45:00,STATION_001,31.02
2026-02-10 10:00:00,STATION_001,32.25
2026-02-10 10:15:00,STATION_001,34.82
2026-02-10 10:30:00,STATION_001,35.72
2026-02-10 10:45:00,STATION_001,39.79
2026-02-10 11:00:00,STATION_001,41.56
2026-02-10 11:15:00,STATION_001,43.74
2026-02-10 11:30:00,STATION_001,44.65
2026-02-10 11:45:00,STATION_001,50.0
2026-02-10 12:00:00,STATION_001,53.31
2026-02-10 12:15:00,STATION_001,56.24
2026-02-10 12:30:00,STATION_001,60.0
2026-02-10 12:45:00,STATION_001,61.7
2026-02-10 13:00:00,STATION_001,64.98
2026-02-10 13:15:00,STATION_001,66.84
2026-02-10 13:30:00,STATION_001,70.13
2026-02-10 13:45:00,STATION_001,72.2
2026-02-10 14:00:00,STATION_001,72.8
2026-02-10 14:15:00,STATION_001,78.14
2026-02-10 14:30:00,STATION_001,82.63
2026-02-10 14:45:00,STATION_001,84.39
2026-02-10 15:00:00,STATION_001,82.82
2026-02-10 15:15:00,STATION_001,83.88
2026-02-10 15:30:00,STATION_001,80.15
2026-02-10 15:45:00,STATION_001,75.85
2026-02-10 16:00:00,STATION_001,79.92
2026-02-10 16:15:00,STATION_001,83.1
2026-02-10 16:30:00,STATION_001,82.82
2026-02-10 16:45:00,STATION_001,81.09
2026-02-10 17:00:00,STATION_001,86.33
2026-02-10 17:15:00,STATION_001,88.34
2026-02-10 17:30:00,STATION_001,87.56
2026-02-10 17:45:00,STATION_001,88.3
2026-02-10 18:00:00,STATION_001,94.87
2026-02-10 18:15:00,STATION_001,5.0
2026-02-10 18:30:00,STATION_001,7.1
2026-02-10 18:45:00,STATION_001,10.88
2026-02-10 19:00:00,STATION_001,14.66
2026-02-10 19:15:00,STATION_001,19.04
2026-02-10 19:30:00,STATION_001,24.41
2026-02-10 19:45:00,STATION_001,27.46
2026-02-10 20:00:00,STATION_001,27.07
2026-02-10 20:15:00,STATION_001,30.45
2026-02-10 20:30:00,STATION_001,34.38
2026-02-10 20:45:00,STATION_001,35.41
2026-02-10 21:00:00,STATION_001,32.61
2026-02-10 21:15:00,STATION_001,31.95
2026-02-10 21:30:00,STATION_001,29.51
2026-02-10 21:45:00,STATION_001,33.05
2026-02-10 22:00:00,STATION_001,35.05
2026-02-10 22:15:00,STATION_001,39.73
2026-02-10 22:30:00,STATION_001,38.26
2026-02-10 22:45:00,STATION_001,37.78
2026-02-10 23:00:00,STATION_001,40.79
2026-02-10 23:15:00,STATION_001,43.09
2026-02-10 23:30:00,STATION_001,42.38
2026-02-10 23:45:00,STATION_001,45.79
2026-02-11 00:00:00,STATION_001,46.52
2026-02-11 00:15:00,STATION_001,49.36
2026-02-11 00:30:00,STATION_001,52.48
2026-02-11 00:45:00,STATION_001,52.06
2026-02-11 01:00:00,STATION_001,51.45
2026-02-11 01:15:00,STATION_001,56.21
2026-02-11 01:30:00,STATION_001,57.8
2026-02-11 01:45:00,STATION_001,56.35
2026-02-11 02:00:00,STATION_001,54.06
2026-02-11 02:15:00,STATION_001,53.94
2026-02-11 02:30:00,STATION_001,57.95
2026-02-11 02:45:00,STATION_001,55.68
2026-02-11 03:00:00,STATION_001,60.56
2026-02-11 03:15:00,STATION_001,62.69
2026-02-11 03:30:00,STATION_001,60.18
2026-02-11 03:45:00,STATION_001,60.65
2026-02-11 04:00:00,STATION_001,61.37
2026-02-11 04:15:00,STATION_001,60.69
2026-02-11 04:30:00,STATION_001,66.33
2026-02-11 04:45:00,STATION_001,62.6
2026-02-11 05:00:00,STATION_001,63.62
2026-02-11 05:15:00,STATION_001,65.28
2026-02-11 05:30:00,STATION_001,69.79
2026-02-11 05:45:00,STATION_001,71.26
2026-02-11 06:00:00,STATION_001,71.56
2026-02-11 06:15:00,STATION_001,71.15
2026-02-11 06:30:00,STATION_001,72.52
2026-02-11 06:45:00,STATION_001,72.81
2026-02-11 07:00:00,STATION_001,73.33
2026-02-11 07:15:00,STATION_001,74.12
2026-02-11 07:30:00,STATION_001,72.48
2026-02-11 07:45:00,STATION_001,74.88
2026-02-11 08:00:00,STATION_001,73.79
2026-02-11 08:15:00,STATION_001,72.28
2026-02-11 08:30:00,STATION_001,71.97
2026-02-11 08:45:00,STATION_001,72.91
2026-02-11 09:00:00,STATION_001,72.11
2026-02-11 09:15:00,STATION_001,70.64
2026-02-11 09:30:00,STATION_001,73.44
2026-02-11 09:45:00,STATION_001,71.69
2026-02-11 10:00:00,STATION_001,71.86
2026-02-11 10:15:00,STATION_001,72.16
2026-02-11 10:30:00,STATION_001,75.63
2026-02-11 10:45:00,STATION_001,74.69
2026-02-11 11:00:00,STATION_001,75.67
2026-02-11 11:15:00,STATION_001,77.83
2026-02-11 11:30:00,STATION_001,78.11
2026-02-11 11:45:00,STATION_001,78.08
2026-02-11 12:00:00,STATION_001,79.07
2026-02-11 12:15:00,STATION_001,81.24
2026-02-11 12:30:00,STATION_001,82.98
2026-02-11 12:45:00,STATION_001,84.28
2026-02-11 13:00:00,STATION_001,90.63
2026-02-11 13:15:00,STATION_001,93.28
2026-02-11 13:30:00,STATION_001,5.0
2026-02-11 13:45:00,STATION_001,10.72
2026-02-11 14:00:00,STATION_001,13.58
2026-02-11 14:15:00,STATION_001,15.53
2026-02-11 14:30:00,STATION_001,16.56
2026-02-11 14:45:00,STATION_001,17.32
2026-02-11 15:00:00,STATION_001,15.2
2026-02-11 15:15:00,STATION_001,16.1
2026-02-11 15:30:00,STATION_001,14.95
2026-02-11 15:45:00,STATION_001,12.71
2026-02-11 16:00:00,STATION_001,14.71
2026-02-11 16:15:00,STATION_001,13.41
2026-02-11 16:30:00,STATION_001,18.63
2026-02-11 16:45:00,STATION_001,20.63
2026-02-11 17:00:00,STATION_001,19.54
2026-02-11 17:15:00,STATION_001,20.11
2026-02-11 17:30:00,STATION_001,20.97
2026-02-11 17:45:00,STATION_001,20.29
2026-02-11 18:00:00,STATION_001,25.05
2026-02-11 18:15:00,STATION_001,30.65
2026-02-11 18:30:00,STATION_001,36.03
2026-02-11 18:45:00,STATION_001,38.54
2026-02-11 19:00:00,STATION_001,41.13
2026-02-11 19:15:00,STATION_001,43.97
2026-02-11 19:30:00,STATION_001,49.49
2026-02-11 19:45:00,STATION_001,55.88
2026-02-11 20:00:00,STATION_001,63.32
2026-02-11 20:15:00,STATION_001,64.84
2026-02-11 20:30:00,STATION_001,67.99
2026-02-11 20:45:00,STATION_001,70.55
2026-02-11 21:00:00,STATION_001,74.15
2026-02-11 21:15:00,STATION_001,74.06
2026-02-11 21:30:00,STATION_001,73.17
2026-02-11 21:45:00,STATION_001,73.4
2026-02-11 22:00:00,STATION_001,78.2
2026-02-11 22:15:00,STATION_001,79.98
2026-02-11 22:30:00,STATION_001,81.15
2026-02-11 22:45:00,STATION_001,81.64
2026-02-11 23:00:00,STATION_001,82.38
2026-02-11 23:15:00,STATION_001,85.55
2026-02-11 23:30:00,STATION_001,88.33
2026-02-11 23:45:00,STATION_001,89.28
2026-02-12 00:00:00,STATION_001,89.58
2026-02-12 00:15:00,STATION_001,91.56
2026-02-12 00:30:00,STATION_001,93.98
2026-02-12 00:45:00,STATION_001,94.55
2026-02-12 01:00:00,STATION_001,5.0
2026-02-12 01:15:00,STATION_001,7.57
2026-02-12 01:30:00,STATION_001,12.12
2026-02-12 01:45:00,STATION_001,12.61
2026-02-12 02:00:00,STATION_001,12.83
2026-02-12 02:15:00,STATION_001,12.63
2026-02-12 02:30:00,STATION_001,14.07
2026-02-12 02:45:00,STATION_001,17.71
2026-02-12 03:00:00,STATION_001,18.9
2026-02-12 03:15:00,STATION_001,23.28
2026-02-12 03:30:00,STATION_001,28.04
2026-02-12 03:45:00,STATION_001,28.38
2026-02-12 04:00:00,STATION_001,27.16
2026-02-12 04:15:00,STATION_001,28.2
2026-02-12 04:30:00,STATION_001,27.32
2026-02-12 04:45:00,STATION_001,32.82
2026-02-12 05:00:00,STATION_001,31.81
2026-02-12 05:15:00,STATION_001,33.5
2026-02-12 05:30:00,STATION_001,30.88
2026-02-12 05:45:00,STATION_001,30.47
2026-02-12 06:00:00,STATION_001,30.77
2026-02-12 06:15:00,STATION_001,28.64
2026-02-12 06:30:00,STATION_001,28.08
2026-02-12 06:45:00,STATION_001,30.41
2026-02-12 07:00:00,STATION_001,28.97
2026-02-12 07:15:00,STATION_001,28.19
2026-02-12 07:30:00,STATION_001,30.29
2026-02-12 07:45:00,STATION_001,31.93
2026-02-12 08:00:00,STATION_001,30.63
2026-02-12 08:15:00,STATION_001,30.08
2026-02-12 08:30:00,STATION_001,28.1
2026-02-12 08:45:00,STATION_001,31.5
2026-02-12 09:00:00,STATION_001,31.71
2026-02-12 09:15:00,STATION_001,31.8
2026-02-12 09:30:00,STATION_001,31.21
2026-02-12 09:45:00,STATION_001,33.26
2026-02-12 10:00:00,STATION_001,34.73
2026-02-12 10:15:00,STATION_001,35.03
2026-02-12 10:30:00,STATION_001,35.53
2026-02-12 10:45:00,STATION_001,35.35
2026-02-12 11:00:00,STATION_001,36.3
2026-02-12 11:15:00,STATION_001,38.0
2026-02-12 11:30:00,STATION_001,36.62
2026-02-12 11:45:00,STATION_001,40.63
2026-02-12 12:00:00,STATION_001,41.39
2026-02-12 12:15:00,STATION_001,42.24
2026-02-12 12:30:00,STATION_001,48.53
2026-02-12 12:45:00,STATION_001,50.89
2026-02-12 13:00:00,STATION_001,53.83
2026-02-12 13:15:00,STATION_001,59.43
2026-02-12 13:30:00,STATION_001,62.91
2026-02-12 13:45:00,STATION_001,66.88
2026-02-12 14:00:00,STATION_001,68.06
2026-02-12 14:15:00,STATION_001,68.4
2026-02-12 14:30:00,STATION_001,68.44
2026-02-12 14:45:00,STATION_001,68.1
2026-02-12 15:00:00,STATION_001,69.98
2026-02-12 15:15:00,STATION_001,73.71
2026-02-12 15:30:00,STATION_001,75.56
2026-02-12 15:45:00,STATION_001,76.88
2026-02-12 16:00:00,STATION_001,81.38
2026-02-12 16:15:00,STATION_001,82.24
2026-02-12 16:30:00,STATION_001,83.28
2026-02-12 16:45:00,STATION_001,84.07
2026-02-12 17:00:00,STATION_001,85.81
2026-02-12 17:15:00,STATION_001,84.31
2026-02-12 17:30:00,STATION_001,83.34
2026-02-12 17:45:00,STATION_001,83.8
2026-02-12 18:00:00,STATION_001,87.76
2026-02-12 18:15:00,STATION_001,92.27
2026-02-12 18:30:00,STATION_001,89.5
2026-02-12 18:45:00,STATION_001,93.84
2026-02-12 19:00:00,STATION_001,5.0
2026-02-12 19:15:00,STATION_001,8.0
2026-02-12 19:30:00,STATION_001,7.5
2026-02-12 19:45:00,STATION_001,14.65
2026-02-12 20:00:00,STATION_001,19.57
2026-02-12 20:15:00,STATION_001,25.73
2026-02-12 20:30:00,STATION_001,30.13
2026-02-12 20:45:00,STATION_001,34.75
2026-02-12 21:00:00,STATION_001,37.97
2026-02-12 21:15:00,STATION_001,39.54
2026-02-12 21:30:00,STATION_001,39.77
2026-02-12 21:45:00,STATION_001,38.91
2026-02-12 22:00:00,STATION_001,37.32
2026-02-12 22:15:00,STATION_001,37.03
2026-02-12 22:30:00,STATION_001,38.75
2026-02-12 22:45:00,STATION_001,37.95
2026-02-12 23:00:00,STATION_001,41.13
2026-02-12 23:15:00,STATION_001,41.97
2026-02-12 23:30:00,STATION_001,42.06
2026-02-12 23:45:00,STATION_001,40.29
2026-02-13 00:00:00,STATION_001,38.91
2026-02-13 00:15:00,STATION_001,42.31
2026-02-13 00:30:00,STATION_001,43.72
2026-02-13 00:45:00,STATION_001,44.18
2026-02-13 01:00:00,STATION_001,44.32
2026-02-13 01:15:00,STATION_001,45.79
2026-02-13 01:30:00,STATION_001,46.37
2026-02-13 01:45:00,STATION_001,51.14
2026-02-13 02:00:00,STATION_001,52.96
2026-02-13 02:15:00,STATION_001,54.74
2026-02-13 02:30:00,STATION_001,56.1
2026-02-13 02:45:00,STATION_001,58.19
2026-02-13 03:00:00,STATION_001,58.6
2026-02-13 03:15:00,STATION_001,57.76
2026-02-13 03:30:00,STATION_001,60.57
2026-02-13 03:45:00,STATION_001,61.34
2026-02-13 04:00:00,STATION_001,61.35
2026-02-13 04:15:00,STATION_001,62.92
2026-02-13 04:30:00,STATION_001,62.95
2026-02-13 04:45:00,STATION_001,64.68
2026-02-13 05:00:00,STATION_001,66.66
2026-02-13 05:15:00,STATION_001,66.63
2026-02-13 05:30:00,STATION_001,67.77
2026-02-13 05:45:00,STATION_001,71.53
2026-02-13 06:00:00,STATION_001,77.21
2026-02-13 06:15:00,STATION_001,79.7
2026-02-13 06:30:00,STATION_001,81.87
2026-02-13 06:45:00,STATION_001,80.86
2026-02-13 07:00:00,STATION_001,82.15
2026-02-13 07:15:00,STATION_001,79.9
2026-02-13 07:30:00,STATION_001,79.25
2026-02-13 07:45:00,STATION_001,77.44
2026-02-13 08:00:00,STATION_001,79.05
2026-02-13 08:15:00,STATION_001,79.02
2026-02-13 08:30:00,STATION_001,78.23
2026-02-13 08:45:00,STATION_001,80.65
2026-02-13 09:00:00,STATION_001,80.99
2026-02-13 09:15:00,STATION_001,80.13
2026-02-13 09:30:00,STATION_001,85.06
2026-02-13 09:45:00,STATION_001,91.31
2026-02-13 10:00:00,STATION_001,5.0
2026-02-13 10:15:00,STATION_001,3.47
2026-02-13 10:30:00,STATION_001,2.83
2026-02-13 10:45:00,STATION_001,4.0
2026-02-13 11:00:00,STATION_001,6.25
2026-02-13 11:15:00,STATION_001,7.99
2026-02-13 11:30:00,STATION_001,10.39
2026-02-13 11:45:00,STATION_001,12.21
2026-02-13 12:00:00,STATION_001,13.66
2026-02-13 12:15:00,STATION_001,19.07
2026-02-13 12:30:00,STATION_001,25.68
2026-02-13 12:45:00,STATION_001,27.92
2026-02-13 13:00:00,STATION_001,31.62
2026-02-13 13:15:00,STATION_001,36.33
2026-02-13 13:30:00,STATION_001,36.5
2026-02-13 13:45:00,STATION_001,39.08
2026-02-13 14:00:00,STATION_001,37.54
2026-02-13 14:15:00,STATION_001,39.11
2026-02-13 14:30:00,STATION_001,38.25
2026-02-13 14:45:00,STATION_001,39.29
2026-02-13 15:00:00,STATION_001,35.96
2026-02-13 15:15:00,STATION_001,38.13
2026-02-13 15:30:00,STATION_001,37.64
2026-02-13 15:45:00,STATION_001,37.19
2026-02-13 16:00:00,STATION_001,35.32
2026-02-13 16:15:00,STATION_001,34.87
2026-02-13 16:30:00,STATION_001,33.49
2026-02-13 16:45:00,STATION_001,36.06
2026-02-13 17:00:00,STATION_001,37.88
2026-02-13 17:15:00,STATION_001,36.62
2026-02-13 17:30:00,STATION_001,38.16
2026-02-13 17:45:00,STATION_001,37.55
2026-02-13 18:00:00,STATION_001,41.32
2026-02-13 18:15:00,STATION_001,43.17
2026-02-13 18:30:00,STATION_001,43.72
2026-02-13 18:45:00,STATION_001,43.18
2026-02-13 19:00:00,STATION_001,45.38
2026-02-13 19:15:00,STATION_001,48.21
2026-02-13 19:30:00,STATION_001,54.53
2026-02-13 19:45:00,STATION_001,57.0
2026-02-13 20:00:00,STATION_001,59.9
2026-02-13 20:15:00,STATION_001,60.61
2026-02-13 20:30:00,STATION_001,62.19
2026-02-13 20:45:00,STATION_001,63.12
2026-02-13 21:00:00,STATION_001,62.69
2026-02-13 21:15:00,STATION_001,64.92
2026-02-13 21:30:00,STATION_001,65.56
2026-02-13 21:45:00,STATION_001,69.54
2026-02-13 22:00:00,STATION_001,71.33
2026-02-13 22:15:00,STATION_001,67.89
2026-02-13 22:30:00,STATION_001,69.85
2026-02-13 22:45:00,STATION_001,72.42
2026-02-13 23:00:00,STATION_001,71.87
2026-02-13 23:15:00,STATION_001,72.62
2026-02-13 23:30:00,STATION_001,73.68
2026-02-13 23:45:00,STATION_001,72.41
2026-02-14 00:00:00,STATION_001,77.29
2026-02-14 00:15:00,STATION_001,79.99
2026-02-14 00:30:00,STATION_001,80.14
2026-02-14 00:45:00,STATION_001,78.42
2026-02-14 01:00:00,STATION_001,80.21
2026-02-14 01:15:00,STATION_001,79.29
2026-02-14 01:30:00,STATION_001,78.32
2026-02-14 01:45:00,STATION_001,78.24
2026-02-14 02:00:00,STATION_001,79.0
2026-02-14 02:15:00,STATION_001,82.29
2026-02-14 02:30:00,STATION_001,82.97
2026-02-14 02:45:00,STATION_001,79.09
2026-02-14 03:00:00,STATION_001,80.25
2026-02-14 03:15:00,STATION_001,80.33
2026-02-14 03:30:00,STATION_001,79.99
2026-02-14 03:45:00,STATION_001,78.71
2026-02-14 04:00:00,STATION_001,80.35
2026-02-14 04:15:00,STATION_001,77.93
2026-02-14 04:30:00,STATION_001,81.46
2026-02-14 04:45:00,STATION_001,81.62
2026-02-14 05:00:00,STATION_001,84.97
2026-02-14 05:15:00,STATION_001,89.49
2026-02-14 05:30:00,STATION_001,89.81
2026-02-14 05:45:00,STATION_001,91.38
2026-02-14 06:00:00,STATION_001,93.96
2026-02-14 06:15:00,STATION_001,93.72
2026-02-14 06:30:00,STATION_001,5.0
2026-02-14 06:45:00,STATION_001,6.79
2026-02-14 07:00:00,STATION_001,7.0
2026-02-14 07:15:00,STATION_001,7.82
2026-02-14 07:30:00,STATION_001,7.37
2026-02-14 07:45:00,STATION_001,10.83
2026-02-14 08:00:00,STATION_001,11.85
2026-02-14 08:15:00,STATION_001,12.15
2026-02-14 08:30:00,STATION_001,17.05
2026-02-14 08:45:00,STATION_001,18.7
2026-02-14 09:00:00,STATION_001,20.98
2026-02-14 09:15:00,STATION_001,21.21
2026-02-14 09:30:00,STATION_001,20.0
2026-02-14 09:45:00,STATION_001,21.45
2026-02-14 10:00:00,STATION_001,20.64
2026-02-14 10:15:00,STATION_001,23.86
2026-02-14 10:30:00,STATION_001,23.12
2026-02-14 10:45:00,STATION_001,21.18
2026-02-14 11:00:00,STATION_001,20.42
2026-02-14 11:15:00,STATION_001,20.44
2026-02-14 11:30:00,STATION_001,21.39
2026-02-14 11:45:00,STATION_001,22.85
2026-02-14 12:00:00,STATION_001,25.42
2026-02-14 12:15:00,STATION_001,28.19
2026-02-14 12:30:00,STATION_001,26.83
2026-02-14 12:45:00,STATION_001,31.15
2026-02-14 13:00:00,STATION_001,33.61
2026-02-14 13:15:00,STATION_001,34.27
2026-02-14 13:30:00,STATION_001,33.89
2026-02-14 13:45:00,STATION_001,35.73
2026-02-14 14:00:00,STATION_001,35.97
2026-02-14 14:15:00,STATION_001,36.74
2026-02-14 14:30:00,STATION_001,37.43
2026-02-14 14:45:00,STATION_001,39.71
2026-02-14 15:00:00,STATION_001,40.35
2026-02-14 15:15:00,STATION_001,37.73
2026-02-14 15:30:00,STATION_001,41.31
2026-02-14 15:45:00,STATION_001,43.35
2026-02-14 16:00:00,STATION_001,42.34
2026-02-14 16:15:00,STATION_001,44.41
2026-02-14 16:30:00,STATION_001,45.02
2026-02-14 16:45:00,STATION_001,49.57
2026-02-14 17:00:00,STATION_001,53.87
2026-02-14 17:15:00,STATION_001,55.28
2026-02-14 17:30:00,STATION_001,58.78
2026-02-14 17:45:00,STATION_001,58.82
2026-02-14 18:00:00,STATION_001,60.59
2026-02-14 18:15:00,STATION_001,60.34
2026-02-14 18:30:00,STATION_001,64.29
2026-02-14 18:45:00,STATION_001,63.09
2026-02-14 19:00:00,STATION_001,62.62
2026-02-14 19:15:00,STATION_001,64.24
2026-02-14 19:30:00,STATION_001,63.43
2026-02-14 19:45:00,STATION_001,60.34
2026-02-14 20:00:00,STATION_001,63.05
2026-02-14 20:15:00,STATION_001,61.81
2026-02-14 20:30:00,STATION_001,60.18
2026-02-14 20:45:00,STATION_001,62.17
2026-02-14 21:00:00,STATION_001,61.96
2026-02-14 21:15:00,STATION_001,64.54
2026-02-14 21:30:00,STATION_001,65.93
2026-02-14 21:45:00,STATION_001,66.01
2026-02-14 22:00:00,STATION_001,69.18
2026-02-14 22:15:00,STATION_001,69.24
2026-02-14 22:30:00,STATION_001,71.25
2026-02-14 22:45:00,STATION_001,70.28
2026-02-14 23:00:00,STATION_001,71.45
2026-02-14 23:15:00,STATION_001,72.88
2026-02-14 23:30:00,STATION_001,74.71
2026-02-14 23:45:00,STATION_001,74.55
2026-02-15 00:00:00,STATION_001,76.16
2026-02-15 00:15:00,STATION_001,80.08
2026-02-15 00:30:00,STATION_001,79.98
2026-02-15 00:45:00,STATION_001,82.2
2026-02-15 01:00:00,STATION_001,82.8
2026-02-15 01:15:00,STATION_001,86.67
2026-02-15 01:30:00,STATION_001,86.94
2026-02-15 01:45:00,STATION_001,88.35
2026-02-15 02:00:00,STATION_001,89.01
2026-02-15 02:15:00,STATION_001,90.03
2026-02-15 02:30:00,STATION_001,86.11
2026-02-15 02:45:00,STATION_001,85.14
2026-02-15 03:00:00,STATION_001,85.54
2026-02-15 03:15:00,STATION_001,87.77
2026-02-15 03:30:00,STATION_001,89.35
2026-02-15 03:45:00,STATION_001,92.3
2026-02-15 04:00:00,STATION_001,92.68
2026-02-15 04:15:00,STATION_001,93.26
2026-02-15 04:30:00,STATION_001,5.0
2026-02-15 04:45:00,STATION_001,7.62
2026-02-15 05:00:00,STATION_001,9.93
2026-02-15 05:15:00,STATION_001,13.82
2026-02-15 05:30:00,STATION_001,14.06
2026-02-15 05:45:00,STATION_001,11.59
2026-02-15 06:00:00,STATION_001,11.49
2026-02-15 06:15:00,STATION_001,13.58
2026-02-15 06:30:00,STATION_001,13.27
2026-02-15 06:45:00,STATION_001,11.3
2026-02-15 07:00:00,STATION_001,13.14
2026-02-15 07:15:00,STATION_001,12.23
2026-02-15 07:30:00,STATION_001,13.4
2026-02-15 07:45:00,STATION_001,12.49
2026-02-15 08:00:00,STATION_001,11.89
2026-02-15 08:15:00,STATION_001,12.75
2026-02-15 08:30:00,STATION_001,13.28
2026-02-15 08:45:00,STATION_001,11.72
2026-02-15 09:00:00,STATION_001,13.7
2026-02-15 09:15:00,STATION_001,15.36
2026-02-15 09:30:00,STATION_001,19.2
2026-02-15 09:45:00,STATION_001,20.66
2026-02-15 10:00:00,STATION_001,23.76
2026-02-15 10:15:00,STATION_001,23.1
2026-02-15 10:30:00,STATION_001,23.97
2026-02-15 10:45:00,STATION_001,24.66
2026-02-15 11:00:00,STATION_001,26.14
2026-02-15 11:15:00,STATION_001,27.24
2026-02-15 11:30:00,STATION_001,30.9
2026-02-15 11:45:00,STATION_001,34.63
2026-02-15 12:00:00,STATION_001,35.28
2026-02-15 12:15:00,STATION_001,37.32
2026-02-15 12:30:00,STATION_001,41.43
2026-02-15 12:45:00,STATION_001,45.87
2026-02-15 13:00:00,STATION_001,49.86
2026-02-15 13:15:00,STATION_001,51.86
2026-02-15 13:30:00,STATION_001,56.3
2026-02-15 13:45:00,STATION_001,60.96
2026-02-15 14:00:00,STATION_001,60.6
2026-02-15 14:15:00,STATION_001,64.03
2026-02-15 14:30:00,STATION_001,62.57
2026-02-15 14:45:00,STATION_001,63.53
2026-02-15 15:00:00,STATION_001,67.07
2026-02-15 15:15:00,STATION_001,70.09
2026-02-15 15:30:00,STATION_001,70.8
2026-02-15 15:45:00,STATION_001,71.4
2026-02-15 16:00:00,STATION_001,72.68
2026-02-15 16:15:00,STATION_001,70.06
2026-02-15 16:30:00,STATION_001,69.7
2026-02-15 16:45:00,STATION_001,70.68
2026-02-15 17:00:00,STATION_001,72.19
2026-02-15 17:15:00,STATION_001,70.8
2026-02-15 17:30:00,STATION_001,71.41
2026-02-15 17:45:00,STATION_001,73.85
2026-02-15 18:00:00,STATION_001,76.3
2026-02-15 18:15:00,STATION_001,75.5
2026-02-15 18:30:00,STATION_001,74.09
2026-02-15 18:45:00,STATION_001,75.96
2026-02-15 19:00:00,STATION_001,77.48
2026-02-15 19:15:00,STATION_001,77.02
2026-02-15 19:30:00,STATION_001,74.64
2026-02-15 19:45:00,STATION_001,73.49
2026-02-15 20:00:00,STATION_001,74.12
2026-02-15 20:15:00,STATION_001,75.88
2026-02-15 20:30:00,STATION_001,79.03
2026-02-15 20:45:00,STATION_001,79.11
2026-02-15 21:00:00,STATION_001,81.39
2026-02-15 21:15:00,STATION_001,79.59
2026-02-15 21:30:00,STATION_001,80.65
2026-02-15 21:45:00,STATION_001,82.83
2026-02-15 22:00:00,STATION_001,85.75
2026-02-15 22:15:00,STATION_001,87.43
2026-02-15 22:30:00,STATION_001,86.56
2026-02-15 22:45:00,STATION_001,88.59
2026-02-15 23:00:00,STATION_001,89.01
2026-02-15 23:15:00,STATION_001,89.46
2026-02-15 23:30:00,STATION_001,88.49
2026-02-15 23:45:00,STATION_001,88.36
2026-02-16 00:00:00,STATION_001,91.78
2026-02-16 00:15:00,STATION_001,92.65
2026-02-16 00:30:00,STATION_001,91.86
2026-02-16 00:45:00,STATION_001,92.84
2026-02-16 01:00:00,STATION_001,92.94
2026-02-16 01:15:00,STATION_001,92.67
2026-02-16 01:30:00,STATION_001,93.08
2026-02-16 01:45:00,STATION_001,5.0
2026-02-16 02:00:00,STATION_001,4.08
2026-02-16 02:15:00,STATION_001,6.74
2026-02-16 02:30:00,STATION_001,9.0
2026-02-16 02:45:00,STATION_001,10.75
2026-02-16 03:00:00,STATION_001,11.74
2026-02-16 03:15:00,STATION_001,14.95
2026-02-16 03:30:00,STATION_001,15.88
2026-02-16 03:45:00,STATION_001,17.59
2026-02-16 04:00:00,STATION_001,19.03
2026-02-16 04:15:00,STATION_001,20.53
2026-02-16 04:30:00,STATION_001,24.68
2026-02-16 04:45:00,STATION_001,24.96
2026-02-16 05:00:00,STATION_001,22.89
2026-02-16 05:15:00,STATION_001,26.67
2026-02-16 05:30:00,STATION_001,26.44
2026-02-16 05:45:00,STATION_001,26.92
2026-02-16 06:00:00,STATION_001,25.07
2026-02-16 06:15:00,STATION_001,25.19
2026-02-16 06:30:00,STATION_001,24.54
2026-02-16 06:45:00,STATION_001,28.54
2026-02-16 07:00:00,STATION_001,26.72
2026-02-16 07:15:00,STATION_001,29.44
2026-02-16 07:30:00,STATION_001,29.11
2026-02-16 07:45:00,STATION_001,25.36
2026-02-16 08:00:00,STATION_001,28.89
2026-02-16 08:15:00,STATION_001,32.05
2026-02-16 08:30:00,STATION_001,32.92
2026-02-16 08:45:00,STATION_001,30.84
2026-02-16 09:00:00,STATION_001,31.79
2026-02-16 09:15:00,STATION_001,32.73
2026-02-16 09:30:00,STATION_001,32.79
2026-02-16 09:45:00,STATION_001,34.59
2026-02-16 10:00:00,STATION_001,34.47
2026-02-16 10:15:00,STATION_001,38.67
2026-02-16 10:30:00,STATION_001,37.51
2026-02-16 10:45:00,STATION_001,36.93
2026-02-16 11:00:00,STATION_001,36.02
2026-02-16 11:15:00,STATION_001,36.7
2026-02-16 11:30:00,STATION_001,34.8
2026-02-16 11:45:00,STATION_001,37.27
2026-02-16 12:00:00,STATION_001,39.95
2026-02-16 12:15:00,STATION_001,41.87
2026-02-16 12:30:00,STATION_001,45.9
2026-02-16 12:45:00,STATION_001,50.14
2026-02-16 13:00:00,STATION_001,50.28
2026-02-16 13:15:00,STATION_001,52.31
2026-02-16 13:30:00,STATION_001,56.55
2026-02-16 13:45:00,STATION_001,59.39
2026-02-16 14:00:00,STATION_001,61.67
2026-02-16 14:15:00,STATION_001,64.08
2026-02-16 14:30:00,STATION_001,60.29
2026-02-16 14:45:00,STATION_001,60.06
2026-02-16 15:00:00,STATION_001,62.28
2026-02-16 15:15:00,STATION_001,68.18
2026-02-16 15:30:00,STATION_001,65.57
2026-02-16 15:45:00,STATION_001,67.72
2026-02-16 16:00:00,STATION_001,66.92
2026-02-16 16:15:00,STATION_001,67.24
2026-02-16 16:30:00,STATION_001,70.15
2026-02-16 16:45:00,STATION_001,73.87
2026-02-16 17:00:00,STATION_001,74.36
2026-02-16 17:15:00,STATION_001,77.11
2026-02-16 17:30:00,STATION_001,79.93
2026-02-16 17:45:00,STATION_001,81.31
2026-02-16 18:00:00,STATION_001,85.52
2026-02-16 18:15:00,STATION_001,89.05
2026-02-16 18:30:00,STATION_001,86.67
2026-02-16 18:45:00,STATION_001,84.76
2026-02-16 19:00:00,STATION_001,87.61
2026-02-16 19:15:00,STATION_001,91.46
2026-02-16 19:30:00,STATION_001,94.8
2026-02-16 19:45:00,STATION_001,5.0
2026-02-16 20:00:00,STATION_001,7.81
2026-02-16 20:15:00,STATION_001,11.83
2026-02-16 20:30:00,STATION_001,15.07
2026-02-16 20:45:00,STATION_001,17.17
2026-02-16 21:00:00,STATION_001,19.98
2026-02-16 21:15:00,STATION_001,22.16
2026-02-16 21:30:00,STATION_001,24.37
2026-02-16 21:45:00,STATION_001,25.26
2026-02-16 22:00:00,STATION_001,22.11
2026-02-16 22:15:00,STATION_001,23.11
2026-02-16 22:30:00,STATION_001,24.01
2026-02-16 22:45:00,STATION_001,26.88
2026-02-16 23:00:00,STATION_001,31.68
2026-02-16 23:15:00,STATION_001,33.9
2026-02-16 23:30:00,STATION_001,35.91
2026-02-16 23:45:00,STATION_001,37.73
2026-02-17 00:00:00,STATION_001,37.89
2026-02-17 00:15:00,STATION_001,37.49
2026-02-17 00:30:00,STATION_001,39.52
2026-02-17 00:45:00,STATION_001,43.99
2026-02-17 01:00:00,STATION_001,43.06
2026-02-17 01:15:00,STATION_001,44.49
2026-02-17 01:30:00,STATION_001,44.9
2026-02-17 01:45:00,STATION_001,46.64
2026-02-17 02:00:00,STATION_001,46.2
2026-02-17 02:15:00,STATION_001,48.09
2026-02-17 02:30:00,STATION_001,45.7
2026-02-17 02:45:00,STATION_001,48.65
2026-02-17 03:00:00,STATION_001,50.87
2026-02-17 03:15:00,STATION_001,53.77
2026-02-17 03:30:00,STATION_001,55.34
2026-02-17 03:45:00,STATION_001,54.95
2026-02-17 04:00:00,STATION_001,54.46
2026-02-17 04:15:00,STATION_001,57.95
2026-02-17 04:30:00,STATION_001,56.32
2026-02-17 04:45:00,STATION_001,62.0
2026-02-17 05:00:00,STATION_001,63.78
2026-02-17 05:15:00,STATION_001,62.88
2026-02-17 05:30:00,STATION_001,61.53
2026-02-17 05:45:00,STATION_001,62.2
2026-02-17 06:00:00,STATION_001,64.05
2026-02-17 06:15:00,STATION_001,66.27
2026-02-17 06:30:00,STATION_001,67.32
2026-02-17 06:45:00,STATION_001,67.58
2026-02-17 07:00:00,STATION_001,67.02
2026-02-17 07:15:00,STATION_001,68.8
2026-02-17 07:30:00,STATION_001,66.84
2026-02-17 07:45:00,STATION_001,64.05
2026-02-17 08:00:00,STATION_001,65.46
2026-02-17 08:15:00,STATION_001,66.2
2026-02-17 08:30:00,STATION_001,70.94
2026-02-17 08:45:00,STATION_001,72.73
2026-02-17 09:00:00,STATION_001,72.48
2026-02-17 09:15:00,STATION_001,72.16
2026-02-17 09:30:00,STATION_001,74.04
2026-02-17 09:45:00,STATION_001,73.92
2026-02-17 10:00:00,STATION_001,76.29
2026-02-17 10:15:00,STATION_001,80.85
2026-02-17 10:30:00,STATION_001,83.99
2026-02-17 10:45:00,STATION_001,80.35
2026-02-17 11:00:00,STATION_001,81.86
2026-02-17 11:15:00,STATION_001,83.65
2026-02-17 11:30:00,STATION_001,80.72
2026-02-17 11:45:00,STATION_001,79.89
2026-02-17 12:00:00,STATION_001,83.75
2026-02-17 12:15:00,STATION_001,88.83
2026-02-17 12:30:00,STATION_001,91.55
2026-02-17 12:45:00,STATION_001,5.0
2026-02-17 13:00:00,STATION_001,10.74
2026-02-17 13:15:00,STATION_001,12.51
2026-02-17 13:30:00,STATION_001,13.88
2026-02-17 13:45:00,STATION_001,20.1
2026-02-17 14:00:00,STATION_001,23.33
2026-02-17 14:15:00,STATION_001,24.33
2026-02-17 14:30:00,STATION_001,26.09
2026-02-17 14:45:00,STATION_001,25.73
2026-02-17 15:00:00,STATION_001,28.21
2026-02-17 15:15:00,STATION_001,30.5
2026-02-17 15:30:00,STATION_001,28.91
2026-02-17 15:45:00,STATION_001,28.4
2026-02-17 16:00:00,STATION_001,31.84
2026-02-17 16:15:00,STATION_001,32.78
2026-02-17 16:30:00,STATION_001,33.08
2026-02-17 16:45:00,STATION_001,35.97
2026-02-17 17:00:00,STATION_001,37.53
2026-02-17 17:15:00,STATION_001,43.51
2026-02-17 17:30:00,STATION_001,41.97
2026-02-17 17:45:00,STATION_001,41.96
2026-02-17 18:00:00,STATION_001,43.79
2026-02-17 18:15:00,STATION_001,45.57
2026-02-17 18:30:00,STATION_001,51.91
2026-02-17 18:45:00,STATION_001,56.3
2026-02-17 19:00:00,STATION_001,57.86
2026-02-17 19:15:00,STATION_001,62.8
2026-02-17 19:30:00,STATION_001,66.5
2026-02-17 19:45:00,STATION_001,65.35
2026-02-17 20:00:00,STATION_001,68.25
2026-02-17 20:15:00,STATION_001,72.54
2026-02-17 20:30:00,STATION_001,71.56
2026-02-17 20:45:00,STATION_001,74.86
2026-02-17 21:00:00,STATION_001,72.9
2026-02-17 21:15:00,STATION_001,75.62
2026-02-17 21:30:00,STATION_001,78.05
2026-02-17 21:45:00,STATION_001,82.55
2026-02-17 22:00:00,STATION_001,84.02
2026-02-17 22:15:00,STATION_001,85.74
2026-02-17 22:30:00,STATION_001,84.27
2026-02-17 22:45:00,STATION_001,85.4
2026-02-17 23:00:00,STATION_001,85.46
2026-02-17 23:15:00,STATION_001,86.06
2026-02-17 23:30:00,STATION_001,86.29
2026-02-17 23:45:00,STATION_001,86.27
2026-02-18 00:00:00,STATION_001,83.31
2026-02-18 00:15:00,STATION_001,83.63
2026-02-18 00:30:00,STATION_001,83.08
2026-02-18 00:45:00,STATION_001,84.42
2026-02-18 01:00:00,STATION_001,84.25
2026-02-18 01:15:00,STATION_001,84.73
2026-02-18 01:30:00,STATION_001,85.3
2026-02-18 01:45:00,STATION_001,84.96
2026-02-18 02:00:00,STATION_001,84.94
2026-02-18 02:15:00,STATION_001,87.19
2026-02-18 02:30:00,STATION_001,87.41
2026-02-18 02:45:00,STATION_001,84.3
2026-02-18 03:00:00,STATION_001,82.98
2026-02-18 03:15:00,STATION_001,80.41
2026-02-18 03:30:00,STATION_001,80.17
2026-02-18 03:45:00,STATION_001,80.38
2026-02-18 04:00:00,STATION_001,83.18
2026-02-18 04:15:00,STATION_001,82.21
2026-02-18 04:30:00,STATION_001,83.79
2026-02-18 04:45:00,STATION_001,84.22
2026-02-18 05:00:00,STATION_001,85.49
2026-02-18 05:15:00,STATION_001,83.46
2026-02-18 05:30:00,STATION_001,80.09
2026-02-18 05:45:00,STATION_001,76.38
2026-02-18 06:00:00,STATION_001,75.35
2026-02-18 06:15:00,STATION_001,75.14
2026-02-18 06:30:00,STATION_001,74.65
2026-02-18 06:45:00,STATION_001,76.25
2026-02-18 07:00:00,STATION_001,75.52
2026-02-18 07:15:00,STATION_001,78.09
2026-02-18 07:30:00,STATION_001,82.03
2026-02-18 07:45:00,STATION_001,80.38
2026-02-18 08:00:00,STATION_001,78.59
2026-02-18 08:15:00,STATION_001,80.45
2026-02-18 08:30:00,STATION_001,80.44
2026-02-18 08:45:00,STATION_001,86.05
2026-02-18 09:00:00,STATION_001,86.89
2026-02-18 09:15:00,STATION_001,88.38
2026-02-18 09:30:00,STATION_001,91.23
2026-02-18 09:45:00,STATION_001,92.8
2026-02-18 10:00:00,STATION_001,5.0
2026-02-18 10:15:00,STATION_001,4.27
2026-02-18 10:30:00,STATION_001,7.33
2026-02-18 10:45:00,STATION_001,8.07
2026-02-18 11:00:00,STATION_001,7.62
2026-02-18 11:15:00,STATION_001,8.0
2026-02-18 11:30:00,STATION_001,11.17
2026-02-18 11:45:00,STATION_001,13.03
2026-02-18 12:00:00,STATION_001,14.67
2026-02-18 12:15:00,STATION_001,18.59
2026-02-18 12:30:00,STATION_001,22.04
2026-02-18 12:45:00,STATION_001,25.01
2026-02-18 13:00:00,STATION_001,26.14
2026-02-18 13:15:00,STATION_001,30.4
2026-02-18 13:30:00,STATION_001,31.31
2026-02-18 13:45:00,STATION_001,36.7
2026-02-18 14:00:00,STATION_001,37.38
2026-02-18 14:15:00,STATION_001,38.49
2026-02-18 14:30:00,STATION_001,43.12
2026-02-18 14:45:00,STATION_001,42.79
2026-02-18 15:00:00,STATION_001,46.08
2026-02-18 15:15:00,STATION_001,48.11
2026-02-18 15:30:00,STATION_001,48.15
2026-02-18 15:45:00,STATION_001,46.56
2026-02-18 16:00:00,STATION_001,48.42
2026-02-18 16:15:00,STATION_001,49.03
2026-02-18 16:30:00,STATION_001,52.12
2026-02-18 16:45:00,STATION_001,49.64
2026-02-18 17:00:00,STATION_001,48.66
2026-02-18 17:15:00,STATION_001,46.94
2026-02-18 17:30:00,STATION_001,49.86
2026-02-18 17:45:00,STATION_001,52.43
2026-02-18 18:00:00,STATION_001,54.16
2026-02-18 18:15:00,STATION_001,56.71
2026-02-18 18:30:00,STATION_001,62.52
2026-02-18 18:45:00,STATION_001,64.93
2026-02-18 19:00:00,STATION_001,69.13
2026-02-18 19:15:00,STATION_001,71.6
2026-02-18 19:30:00,STATION_001,72.5
2026-02-18 19:45:00,STATION_001,71.66
2026-02-18 20:00:00,STATION_001,75.04
2026-02-18 20:15:00,STATION_001,81.6
2026-02-18 20:30:00,STATION_001,84.61
2026-02-18 20:45:00,STATION_001,90.21
2026-02-18 21:00:00,STATION_001,92.33
2026-02-18 21:15:00,STATION_001,91.03
2026-02-18 21:30:00,STATION_001,92.86
2026-02-18 21:45:00,STATION_001,94.78
2026-02-18 22:00:00,STATION_001,5.0
2026-02-18 22:15:00,STATION_001,6.17
2026-02-18 22:30:00,STATION_001,5.81
2026-02-18 22:45:00,STATION_001,8.33
2026-02-18 23:00:00,STATION_001,7.46
2026-02-18 23:15:00,STATION_001,13.49
2026-02-18 23:30:00,STATION_001,14.17
2026-02-18 23:45:00,STATION_001,14.36
2026-02-19 00:00:00,STATION_001,14.66
2026-02-19 00:15:00,STATION_001,18.02
2026-02-19 00:30:00,STATION_001,16.48
2026-02-19 00:45:00,STATION_001,18.39
2026-02-19 01:00:00,STATION_001,19.1
2026-02-19 01:15:00,STATION_001,21.55
2026-02-19 01:30:00,STATION_001,26.12
2026-02-19 01:45:00,STATION_001,28.16
2026-02-19 02:00:00,STATION_001,27.85
2026-02-19 02:15:00,STATION_001,29.58
2026-02-19 02:30:00,STATION_001,29.24
2026-02-19 02:45:00,STATION_001,32.32
2026-02-19 03:00:00,STATION_001,34.55
2026-02-19 03:15:00,STATION_001,31.99
2026-02-19 03:30:00,STATION_001,32.1
2026-02-19 03:45:00,STATION_001,34.92
2026-02-19 04:00:00,STATION_001,35.43
2026-02-19 04:15:00,STATION_001,34.58
2026-02-19 04:30:00,STATION_001,34.42
2026-02-19 04:45:00,STATION_001,34.89
2026-02-19 05:00:00,STATION_001,34.89
2026-02-19 05:15:00,STATION_001,35.72
2026-02-19 05:30:00,STATION_001,38.41
2026-02-19 05:45:00,STATION_001,40.37
2026-02-19 06:00:00,STATION_001,39.7
2026-02-19 06:15:00,STATION_001,38.53
2026-02-19 06:30:00,STATION_001,39.32
2026-02-19 06:45:00,STATION_001,38.15
2026-02-19 07:00:00,STATION_001,37.06
2026-02-19 07:15:00,STATION_001,38.42
2026-02-19 07:30:00,STATION_001,34.43
2026-02-19 07:45:00,STATION_001,36.94
2026-02-19 08:00:00,STATION_001,41.38
2026-02-19 08:15:00,STATION_001,40.75
2026-02-19 08:30:00,STATION_001,40.33
2026-02-19 08:45:00,STATION_001,38.72
2026-02-19 09:00:00,STATION_001,41.15
2026-02-19 09:15:00,STATION_001,41.68
2026-02-19 09:30:00,STATION_001,41.03
2026-02-19 09:45:00,STATION_001,43.29
2026-02-19 10:00:00,STATION_001,45.18
2026-02-19 10:15:00,STATION_001,47.84
2026-02-19 10:30:00,STATION_001,45.66
2026-02-19 10:45:00,STATION_001,49.31
2026-02-19 11:00:00,STATION_001,50.71
2026-02-19 11:15:00,STATION_001,54.51
2026-02-19 11:30:00,STATION_001,55.93
2026-02-19 11:45:00,STATION_001,54.89
2026-02-19 12:00:00,STATION_001,54.54
2026-02-19 12:15:00,STATION_001,55.52
2026-02-19 12:30:00,STATION_001,57.94
2026-02-19 12:45:00,STATION_001,63.14
2026-02-19 13:00:00,STATION_001,63.72
2026-02-19 13:15:00,STATION_001,68.25
2026-02-19 13:30:00,STATION_001,73.07
2026-02-19 13:45:00,STATION_001,75.86
2026-02-19 14:00:00,STATION_001,79.66
2026-02-19 14:15:00,STATION_001,78.57
2026-02-19 14:30:00,STATION_001,81.37
2026-02-19 14:45:00,STATION_001,82.94
2026-02-19 15:00:00,STATION_001,83.86
2026-02-19 15:15:00,STATION_001,83.39
2026-02-19 15:30:00,STATION_001,86.45
2026-02-19 15:45:00,STATION_001,84.35
2026-02-19 16:00:00,STATION_001,83.91
2026-02-19 16:15:00,STATION_001,84.48
2026-02-19 16:30:00,STATION_001,81.69
2026-02-19 16:45:00,STATION_001,79.63
2026-02-19 17:00:00,STATION_001,77.12
2026-02-19 17:15:00,STATION_001,76.88
2026-02-19 17:30:00,STATION_001,79.51
2026-02-19 17:45:00,STATION_001,82.49
2026-02-19 18:00:00,STATION_001,86.81
2026-02-19 18:15:00,STATION_001,90.5
2026-02-19 18:30:00,STATION_001,91.6
2026-02-19 18:45:00,STATION_001,5.0
2026-02-19 19:00:00,STATION_001,10.15
2026-02-19 19:15:00,STATION_001,13.81
2026-02-19 19:30:00,STATION_001,15.07
2026-02-19 19:45:00,STATION_001,17.57
2026-02-19 20:00:00,STATION_001,17.03
2026-02-19 20:15:00,STATION_001,17.84
2026-02-19 20:30:00,STATION_001,21.12
2026-02-19 20:45:00,STATION_001,22.74
2026-02-19 21:00:00,STATION_001,25.92
2026-02-19 21:15:00,STATION_001,24.9
2026-02-19 21:30:00,STATION_001,24.13
2026-02-19 21:45:00,STATION_001,29.67
2026-02-19 22:00:00,STATION_001,31.72
2026-02-19 22:15:00,STATION_001,33.12
2026-02-19 22:30:00,STATION_001,35.46
2026-02-19 22:45:00,STATION_001,39.22
2026-02-19 23:00:00,STATION_001,42.31
2026-02-19 23:15:00,STATION_001,40.41
2026-02-19 23:30:00,STATION_001,37.33
2026-02-19 23:45:00,STATION_001,34.9
2026-02-20 00:00:00,STATION_001,36.75
2026-02-20 00:15:00,STATION_001,35.77
2026-02-20 00:30:00,STATION_001,33.85
2026-02-20 00:45:00,STATION_001,33.51
2026-02-20 01:00:00,STATION_001,36.79
2026-02-20 01:15:00,STATION_001,36.23
2026-02-20 01:30:00,STATION_001,36.71
2026-02-20 01:45:00,STATION_001,37.44
2026-02-20 02:00:00,STATION_001,37.95
2026-02-20 02:15:00,STATION_001,38.49
2026-02-20 02:30:00,STATION_001,40.5
2026-02-20 02:45:00,STATION_001,40.05
2026-02-20 03:00:00,STATION_001,38.55
2026-02-20 03:15:00,STATION_001,37.93
2026-02-20 03:30:00,STATION_001,37.53
2026-02-20 03:45:00,STATION_001,37.19
2026-02-20 04:00:00,STATION_001,39.2
2026-02-20 04:15:00,STATION_001,39.25
2026-02-20 04:30:00,STATION_001,34.34
2026-02-20 04:45:00,STATION_001,37.19
2026-02-20 05:00:00,STATION_001,40.66
2026-02-20 05:15:00,STATION_001,39.57
2026-02-20 05:30:00,STATION_001,41.55
2026-02-20 05:45:00,STATION_001,44.26
2026-02-20 06:00:00,STATION_001,48.51
2026-02-20 06:15:00,STATION_001,46.86
2026-02-20 06:30:00,STATION_001,49.74
2026-02-20 06:45:00,STATION_001,54.4
2026-02-20 07:00:00,STATION_001,55.09
2026-02-20 07:15:00,STATION_001,54.31
2026-02-20 07:30:00,STATION_001,57.94
2026-02-20 07:45:00,STATION_001,61.67
2026-02-20 08:00:00,STATION_001,64.18
2026-02-20 08:15:00,STATION_001,65.75
2026-02-20 08:30:00,STATION_001,64.01
2026-02-20 08:45:00,STATION_001,67.22
2026-02-20 09:00:00,STATION_001,68.74
2026-02-20 09:15:00,STATION_001,69.61
2026-02-20 09:30:00,STATION_001,71.76
2026-02-20 09:45:00,STATION_001,76.57
2026-02-20 10:00:00,STATION_001,75.03
2026-02-20 10:15:00,STATION_001,77.56
2026-02-20 10:30:00,STATION_001,77.54
2026-02-20 10:45:00,STATION_001,80.17
2026-02-20 11:00:00,STATION_001,79.25
2026-02-20 11:15:00,STATION_001,82.19
2026-02-20 11:30:00,STATION_001,83.76
2026-02-20 11:45:00,STATION_001,84.09
2026-02-20 12:00:00,STATION_001,84.44
2026-02-20 12:15:00,STATION_001,84.13
2026-02-20 12:30:00,STATION_001,88.41
2026-02-20 12:45:00,STATION_001,90.06
2026-02-20 13:00:00,STATION_001,91.27
2026-02-20 13:15:00,STATION_001,91.82
2026-02-20 13:30:00,STATION_001,93.44
2026-02-20 13:45:00,STATION_001,93.76
2026-02-20 14:00:00,STATION_001,94.23
2026-02-20 14:15:00,STATION_001,5.0
2026-02-20 14:30:00,STATION_001,4.79
2026-02-20 14:45:00,STATION_001,6.26
2026-02-20 15:00:00,STATION_001,5.72
2026-02-20 15:15:00,STATION_001,6.4
2026-02-20 15:30:00,STATION_001,4.59
2026-02-20 15:45:00,STATION_001,5.12
2026-02-20 16:00:00,STATION_001,5.91
2026-02-20 16:15:00,STATION_001,5.71
2026-02-20 16:30:00,STATION_001,5.01
2026-02-20 16:45:00,STATION_001,6.97
2026-02-20 17:00:00,STATION_001,10.95
2026-02-20 17:15:00,STATION_001,10.68
2026-02-20 17:30:00,STATION_001,10.62
2026-02-20 17:45:00,STATION_001,12.74
2026-02-20 18:00:00,STATION_001,19.3
2026-02-20 18:15:00,STATION_001,22.2
2026-02-20 18:30:00,STATION_001,25.88
2026-02-20 18:45:00,STATION_001,32.57
2026-02-20 19:00:00,STATION_001,32.64
2026-02-20 19:15:00,STATION_001,34.69
2026-02-20 19:30:00,STATION_001,36.74
2026-02-20 19:45:00,STATION_001,41.39
2026-02-20 20:00:00,STATION_001,42.97
2026-02-20 20:15:00,STATION_001,46.28
2026-02-20 20:30:00,STATION_001,53.06
2026-02-20 20:45:00,STATION_001,55.15
2026-02-20 21:00:00,STATION_001,54.82
2026-02-20 21:15:00,STATION_001,54.24
2026-02-20 21:30:00,STATION_001,58.72
2026-02-20 21:45:00,STATION_001,57.66
2026-02-20 22:00:00,STATION_001,57.0
2026-02-20 22:15:00,STATION_001,55.39
2026-02-20 22:30:00,STATION_001,55.39
2026-02-20 22:45:00,STATION_001,58.39
2026-02-20 23:00:00,STATION_001,58.99
2026-02-20 23:15:00,STATION_001,59.19
2026-02-20 23:30:00,STATION_001,60.28
2026-02-20 23:45:00,STATION_001,61.54
2026-02-21 00:00:00,STATION_001,63.32
2026-02-21 00:15:00,STATION_001,65.9
2026-02-21 00:30:00,STATION_001,66.68
2026-02-21 00:45:00,STATION_001,67.61
2026-02-21 01:00:00,STATION_001,70.5
2026-02-21 01:15:00,STATION_001,70.43
2026-02-21 01:30:00,STATION_001,71.11
2026-02-21 01:45:00,STATION_001,73.33
2026-02-21 02:00:00,STATION_001,73.24
2026-02-21 02:15:00,STATION_001,73.8
2026-02-21 02:30:00,STATION_001,76.05
2026-02-21 02:45:00,STATION_001,77.66
2026-02-21 03:00:00,STATION_001,75.52
2026-02-21 03:15:00,STATION_001,78.05
2026-02-21 03:30:00,STATION_001,83.51
2026-02-21 03:45:00,STATION_001,79.33
2026-02-21 04:00:00,STATION_001,79.1
2026-02-21 04:15:00,STATION_001,80.37
2026-02-21 04:30:00,STATION_001,82.28
2026-02-21 04:45:00,STATION_001,78.34
2026-02-21 05:00:00,STATION_001,76.67
2026-02-21 05:15:00,STATION_001,77.14
2026-02-21 05:30:00,STATION_001,77.84
2026-02-21 05:45:00,STATION_001,79.69
2026-02-21 06:00:00,STATION_001,78.78
2026-02-21 06:15:00,STATION_001,80.62
2026-02-21 06:30:00,STATION_001,80.84
2026-02-21 06:45:00,STATION_001,80.62
2026-02-21 07:00:00,STATION_001,82.26
2026-02-21 07:15:00,STATION_001,81.33
2026-02-21 07:30:00,STATION_001,80.93
2026-02-21 07:45:00,STATION_001,82.0
2026-02-21 08:00:00,STATION_001,81.41
2026-02-21 08:15:00,STATION_001,81.29
2026-02-21 08:30:00,STATION_001,81.51
2026-02-21 08:45:00,STATION_001,80.48
2026-02-21 09:00:00,STATION_001,82.26
2026-02-21 09:15:00,STATION_001,79.86
2026-02-21 09:30:00,STATION_001,80.6
2026-02-21 09:45:00,STATION_001,82.78
2026-02-21 10:00:00,STATION_001,82.61
2026-02-21 10:15:00,STATION_001,83.51
2026-02-21 10:30:00,STATION_001,85.28
2026-02-21 10:45:00,STATION_001,83.29
2026-02-21 11:00:00,STATION_001,85.23
2026-02-21 11:15:00,STATION_001,88.71
2026-02-21 11:30:00,STATION_001,88.46
2026-02-21 11:45:00,STATION_001,92.26
2026-02-21 12:00:00,STATION_001,94.74
2026-02-21 12:15:00,STATION_001,5.0
2026-02-21 12:30:00,STATION_001,8.28
2026-02-21 12:45:00,STATION_001,10.51
2026-02-21 13:00:00,STATION_001,16.03
2026-02-21 13:15:00,STATION_001,20.09
2026-02-21 13:30:00,STATION_001,24.39
2026-02-21 13:45:00,STATION_001,25.5
2026-02-21 14:00:00,STATION_001,31.15
2026-02-21 14:15:00,STATION_001,36.07
2026-02-21 14:30:00,STATION_001,42.1
2026-02-21 14:45:00,STATION_001,45.66
2026-02-21 15:00:00,STATION_001,42.86
2026-02-21 15:15:00,STATION_001,46.22
2026-02-21 15:30:00,STATION_001,44.88
2026-02-21 15:45:00,STATION_001,45.97
2026-02-21 16:00:00,STATION_001,47.41
2026-02-21 16:15:00,STATION_001,46.8
2026-02-21 16:30:00,STATION_001,43.97
2026-02-21 16:45:00,STATION_001,42.97
2026-02-21 17:00:00,STATION_001,44.53
2026-02-21 17:15:00,STATION_001,46.59
2026-02-21 17:30:00,STATION_001,43.83
2026-02-21 17:45:00,STATION_001,45.31
2026-02-21 18:00:00,STATION_001,49.36
2026-02-21 18:15:00,STATION_001,49.92
2026-02-21 18:30:00,STATION_001,47.61
2026-02-21 18:45:00,STATION_001,46.52
2026-02-21 19:00:00,STATION_001,46.3
2026-02-21 19:15:00,STATION_001,47.29
2026-02-21 19:30:00,STATION_001,46.26
2026-02-21 19:45:00,STATION_001,45.81
2026-02-21 20:00:00,STATION_001,45.29
2026-02-21 20:15:00,STATION_001,43.97
2026-02-21 20:30:00,STATION_001,42.72
2026-02-21 20:45:00,STATION_001,43.72
2026-02-21 21:00:00,STATION_001,44.31
2026-02-21 21:15:00,STATION_001,41.93
2026-02-21 21:30:00,STATION_001,38.89
2026-02-21 21:45:00,STATION_001,39.56
2026-02-21 22:00:00,STATION_001,38.81
2026-02-21 22:15:00,STATION_001,39.53
2026-02-21 22:30:00,STATION_001,35.04
2026-02-21 22:45:00,STATION_001,34.22
2026-02-21 23:00:00,STATION_001,37.47
2026-02-21 23:15:00,STATION_001,38.11
2026-02-21 23:30:00,STATION_001,39.26
2026-02-21 23:45:00,STATION_001,40.5
2026-02-22 00:00:00,STATION_001,40.59
2026-02-22 00:15:00,STATION_001,40.19
2026-02-22 00:30:00,STATION_001,37.16
2026-02-22 00:45:00,STATION_001,35.09
2026-02-22 01:00:00,STATION_001,30.88
2026-02-22 01:15:00,STATION_001,32.65
2026-02-22 01:30:00,STATION_001,32.73
2026-02-22 01:45:00,STATION_001,31.75
2026-02-22 02:00:00,STATION_001,31.62
2026-02-22 02:15:00,STATION_001,34.42
2026-02-22 02:30:00,STATION_001,34.0
2026-02-22 02:45:00,STATION_001,33.1
2026-02-22 03:00:00,STATION_001,30.95
2026-02-22 03:15:00,STATION_001,28.35
2026-02-22 03:30:00,STATION_001,26.47
2026-02-22 03:45:00,STATION_001,27.89
2026-02-22 04:00:00,STATION_001,29.37
2026-02-22 04:15:00,STATION_001,33.46
2026-02-22 04:30:00,STATION_001,32.73
2026-02-22 04:45:00,STATION_001,29.82
2026-02-22 05:00:00,STATION_001,27.15
2026-02-22 05:15:00,STATION_001,26.96
2026-02-22 05:30:00,STATION_001,30.05
2026-02-22 05:45:00,STATION_001,30.03
2026-02-22 06:00:00,STATION_001,31.03
2026-02-22 06:15:00,STATION_001,31.03
2026-02-22 06:30:00,STATION_001,29.71
2026-02-22 06:45:00,STATION_001,31.64
2026-02-22 07:00:00,STATION_001,34.15
2026-02-22 07:15:00,STATION_001,33.84
2026-02-22 07:30:00,STATION_001,35.13
2026-02-22 07:45:00,STATION_001,34.48
2026-02-22 08:00:00,STATION_001,35.77
2026-02-22 08:15:00,STATION_001,31.99
2026-02-22 08:30:00,STATION_001,32.42
2026-02-22 08:45:00,STATION_001,31.84
2026-02-22 09:00:00,STATION_001,33.62
2026-02-22 09:15:00,STATION_001,35.74
2026-02-22 09:30:00,STATION_001,34.23
2026-02-22 09:45:00,STATION_001,35.89
2026-02-22 10:00:00,STATION_001,35.83
2026-02-22 10:15:00,STATION_001,35.09
2026-02-22 10:30:00,STATION_001,35.93
2026-02-22 10:45:00,STATION_001,39.41
2026-02-22 11:00:00,STATION_001,42.5
2026-02-22 11:15:00,STATION_001,43.51
2026-02-22 11:30:00,STATION_001,42.5
2026-02-22 11:45:00,STATION_001,44.89
2026-02-22 12:00:00,STATION_001,45.66
2026-02-22 12:15:00,STATION_001,45.2
2026-02-22 12:30:00,STATION_001,47.93
2026-02-22 12:45:00,STATION_001,49.87
2026-02-22 13:00:00,STATION_001,55.78
2026-02-22 13:15:00,STATION_001,56.76
2026-02-22 13:30:00,STATION_001,59.66
2026-02-22 13:45:00,STATION_001,63.58
2026-02-22 14:00:00,STATION_001,65.11
2026-02-22 14:15:00,STATION_001,68.17
2026-02-22 14:30:00,STATION_001,69.06
2026-02-22 14:45:00,STATION_001,71.89
2026-02-22 15:00:00,STATION_001,69.94
2026-02-22 15:15:00,STATION_001,72.8
2026-02-22 15:30:00,STATION_001,71.07
2026-02-22 15:45:00,STATION_001,70.37
2026-02-22 16:00:00,STATION_001,70.92
2026-02-22 16:15:00,STATION_001,69.58
2026-02-22 16:30:00,STATION_001,70.0
2026-02-22 16:45:00,STATION_001,73.15
2026-02-22 17:00:00,STATION_001,70.19
2026-02-22 17:15:00,STATION_001,70.17
2026-02-22 17:30:00,STATION_001,71.12
2026-02-22 17:45:00,STATION_001,72.99
2026-02-22 18:00:00,STATION_001,74.72
2026-02-22 18:15:00,STATION_001,77.11
2026-02-22 18:30:00,STATION_001,79.21
2026-02-22 18:45:00,STATION_001,80.03
2026-02-22 19:00:00,STATION_001,78.2
2026-02-22 19:15:00,STATION_001,76.02
2026-02-22 19:30:00,STATION_001,76.86
2026-02-22 19:45:00,STATION_001,78.44
2026-02-22 20:00:00,STATION_001,80.49
2026-02-22 20:15:00,STATION_001,78.67
2026-02-22 20:30:00,STATION_001,81.41
2026-02-22 20:45:00,STATION_001,83.24
2026-02-22 21:00:00,STATION_001,82.8
2026-02-22 21:15:00,STATION_001,85.74
2026-02-22 21:30:00,STATION_001,87.27
2026-02-22 21:45:00,STATION_001,91.63
2026-02-22 22:00:00,STATION_001,93.81
2026-02-22 22:15:00,STATION_001,93.68
2026-02-22 22:30:00,STATION_001,92.69
2026-02-22 22:45:00,STATION_001,5.0
2026-02-22 23:00:00,STATION_001,5.45
2026-02-22 23:15:00,STATION_001,6.99
2026-02-22 23:30:00,STATION_001,8.01
2026-02-22 23:45:00,STATION_001,10.53
2026-02-23 00:00:00,STATION_001,12.59
2026-02-23 00:15:00,STATION_001,10.75
2026-02-23 00:30:00,STATION_001,13.48
2026-02-23 00:45:00,STATION_001,18.04
2026-02-23 01:00:00,STATION_001,21.47
2026-02-23 01:15:00,STATION_001,22.13
2026-02-23 01:30:00,STATION_001,22.17
2026-02-23 01:45:00,STATION_001,25.77
2026-02-23 02:00:00,STATION_001,29.21
2026-02-23 02:15:00,STATION_001,31.02
2026-02-23 02:30:00,STATION_001,32.38
2026-02-23 02:45:00,STATION_001,33.39
2026-02-23 03:00:00,STATION_001,31.5
2026-02-23 03:15:00,STATION_001,32.72
2026-02-23 03:30:00,STATION_001,34.76
2026-02-23 03:45:00,STATION_001,28.53
2026-02-23 04:00:00,STATION_001,29.65
2026-02-23 04:15:00,STATION_001,25.9
2026-02-23 04:30:00,STATION_001,28.11
2026-02-23 04:45:00,STATION_001,30.51
2026-02-23 05:00:00,STATION_001,29.68
2026-02-23 05:15:00,STATION_001,28.68
2026-02-23 05:30:00,STATION_001,27.29
2026-02-23 05:45:00,STATION_001,28.53
2026-02-23 06:00:00,STATION_001,29.01
2026-02-23 06:15:00,STATION_001,29.67
2026-02-23 06:30:00,STATION_001,29.87
2026-02-23 06:45:00,STATION_001,30.68
2026-02-23 07:00:00,STATION_001,31.73
2026-02-23 07:15:00,STATION_001,31.27
2026-02-23 07:30:00,STATION_001,30.22
2026-02-23 07:45:00,STATION_001,31.84
2026-02-23 08:00:00,STATION_001,34.42
2026-02-23 08:15:00,STATION_001,36.05
2026-02-23 08:30:00,STATION_001,40.98
2026-02-23 08:45:00,STATION_001,39.44
2026-02-23 09:00:00,STATION_001,40.63
2026-02-23 09:15:00,STATION_001,43.08
2026-02-23 09:30:00,STATION_001,43.13
2026-02-23 09:45:00,STATION_001,46.11
2026-02-23 10:00:00,STATION_001,47.64
2026-02-23 10:15:00,STATION_001,49.59
2026-02-23 10:30:00,STATION_001,51.59
2026-02-23 10:45:00,STATION_001,52.73
2026-02-23 11:00:00,STATION_001,48.91
2026-02-23 11:15:00,STATION_001,48.95
2026-02-23 11:30:00,STATION_001,52.59
2026-02-23 11:45:00,STATION_001,52.79
2026-02-23 12:00:00,STATION_001,56.64
2026-02-23 12:15:00,STATION_001,60.73
2026-02-23 12:30:00,STATION_001,60.94
2026-02-23 12:45:00,STATION_001,62.34
2026-02-23 13:00:00,STATION_001,65.2
2026-02-23 13:15:00,STATION_001,69.03
2026-02-23 13:30:00,STATION_001,71.7
2026-02-23 13:45:00,STATION_001,76.49
2026-02-23 14:00:00,STATION_001,78.41
2026-02-23 14:15:00,STATION_001,78.23
2026-02-23 14:30:00,STATION_001,79.05
2026-02-23 14:45:00,STATION_001,77.87
2026-02-23 15:00:00,STATION_001,78.63
2026-02-23 15:15:00,STATION_001,84.59
2026-02-23 15:30:00,STATION_001,82.03
2026-02-23 15:45:00,STATION_001,82.12
2026-02-23 16:00:00,STATION_001,83.88
2026-02-23 16:15:00,STATION_001,87.54
2026-02-23 16:30:00,STATION_001,91.09
2026-02-23 16:45:00,STATION_001,92.39
2026-02-23 17:00:00,STATION_001,93.3
2026-02-23 17:15:00,STATION_001,92.91
2026-02-23 17:30:00,STATION_001,94.55
2026-02-23 17:45:00,STATION_001,5.0
2026-02-23 18:00:00,STATION_001,10.17
2026-02-23 18:15:00,STATION_001,11.62
2026-02-23 18:30:00,STATION_001,14.4
2026-02-23 18:45:00,STATION_001,14.69
2026-02-23 19:00:00,STATION_001,18.31
2026-02-23 19:15:00,STATION_001,18.93
2026-02-23 19:30:00,STATION_001,23.48
2026-02-23 19:45:00,STATION_001,27.25
2026-02-23 20:00:00,STATION_001,32.39
2026-02-23 20:15:00,STATION_001,38.38
2026-02-23 20:30:00,STATION_001,39.66
2026-02-23 20:45:00,STATION_001,42.8
2026-02-23 21:00:00,STATION_001,45.14
2026-02-23 21:15:00,STATION_001,45.52
2026-02-23 21:30:00,STATION_001,46.99
2026-02-23 21:45:00,STATION_001,47.39
2026-02-23 22:00:00,STATION_001,50.19
2026-02-23 22:15:00,STATION_001,47.89
2026-02-23 22:30:00,STATION_001,49.15
2026-02-23 22:45:00,STATION_001,47.59
2026-02-23 23:00:00,STATION_001,50.57
2026-02-23 23:15:00,STATION_001,52.71
2026-02-23 23:30:00,STATION_001,49.91
2026-02-23 23:45:00,STATION_001,49.65
2026-02-24 00:00:00,STATION_001,51.24
2026-02-24 00:15:00,STATION_001,47.96
2026-02-24 00:30:00,STATION_001,47.09
2026-02-24 00:45:00,STATION_001,48.81
2026-02-24 01:00:00,STATION_001,46.51
2026-02-24 01:15:00,STATION_001,44.99
2026-02-24 01:30:00,STATION_001,44.57
2026-02-24 01:45:00,STATION_001,44.02
2026-02-24 02:00:00,STATION_001,44.94
2026-02-24 02:15:00,STATION_001,48.65
2026-02-24 02:30:00,STATION_001,49.95
2026-02-24 02:45:00,STATION_001,50.36
2026-02-24 03:00:00,STATION_001,52.24
2026-02-24 03:15:00,STATION_001,52.48
2026-02-24 03:30:00,STATION_001,55.01
2026-02-24 03:45:00,STATION_001,55.24
2026-02-24 04:00:00,STATION_001,57.99
2026-02-24 04:15:00,STATION_001,56.67
2026-02-24 04:30:00,STATION_001,55.55
2026-02-24 04:45:00,STATION_001,57.24
2026-02-24 05:00:00,STATION_001,56.97
2026-02-24 05:15:00,STATION_001,57.76
2026-02-24 05:30:00,STATION_001,59.11
2026-02-24 05:45:00,STATION_001,58.18
2026-02-24 06:00:00,STATION_001,58.33
2026-02-24 06:15:00,STATION_001,57.09
2026-02-24 06:30:00,STATION_001,57.14
2026-02-24 06:45:00,STATION_001,57.9
2026-02-24 07:00:00,STATION_001,59.95
2026-02-24 07:15:00,STATION_001,63.81
2026-02-24 07:30:00,STATION_001,66.52
2026-02-24 07:45:00,STATION_001,67.72
2026-02-24 08:00:00,STATION_001,71.6
2026-02-24 08:15:00,STATION_001,71.15
2026-02-24 08:30:00,STATION_001,73.84
2026-02-24 08:45:00,STATION_001,71.71
2026-02-24 09:00:00,STATION_001,72.44
2026-02-24 09:15:00,STATION_001,72.72
2026-02-24 09:30:00,STATION_001,72.03
2026-02-24 09:45:00,STATION_001,72.33
2026-02-24 10:00:00,STATION_001,73.14
2026-02-24 10:15:00,STATION_001,72.06
2026-02-24 10:30:00,STATION_001,73.3
2026-02-24 10:45:00,STATION_001,70.22
2026-02-24 11:00:00,STATION_001,68.59
2026-02-24 11:15:00,STATION_001,68.07
2026-02-24 11:30:00,STATION_001,66.85
2026-02-24 11:45:00,STATION_001,66.35
2026-02-24 12:00:00,STATION_001,70.73
2026-02-24 12:15:00,STATION_001,72.31
2026-02-24 12:30:00,STATION_001,72.96
2026-02-24 12:45:00,STATION_001,78.35
2026-02-24 13:00:00,STATION_001,81.39
2026-02-24 13:15:00,STATION_001,84.66
2026-02-24 13:30:00,STATION_001,89.04
2026-02-24 13:45:00,STATION_001,93.55
2026-02-24 14:00:00,STATION_001,5.0
2026-02-24 14:15:00,STATION_001,7.85
2026-02-24 14:30:00,STATION_001,13.34
2026-02-24 14:45:00,STATION_001,17.23
2026-02-24 15:00:00,STATION_001,16.54
2026-02-24 15:15:00,STATION_001,18.9
2026-02-24 15:30:00,STATION_001,22.73
2026-02-24 15:45:00,STATION_001,21.29
2026-02-24 16:00:00,STATION_001,21.46
2026-02-24 16:15:00,STATION_001,24.42
2026-02-24 16:30:00,STATION_001,22.15
2026-02-24 16:45:00,STATION_001,21.93
2026-02-24 17:00:00,STATION_001,22.76
2026-02-24 17:15:00,STATION_001,22.94
2026-02-24 17:30:00,STATION_001,22.46
2026-02-24 17:45:00,STATION_001,21.93
2026-02-24 18:00:00,STATION_001,28.02
2026-02-24 18:15:00,STATION_001,36.35
2026-02-24 18:30:00,STATION_001,40.43
2026-02-24 18:45:00,STATION_001,41.69
2026-02-24 19:00:00,STATION_001,42.56
2026-02-24 19:15:00,STATION_001,43.71
2026-02-24 19:30:00,STATION_001,45.54
2026-02-24 19:45:00,STATION_001,49.52
2026-02-24 20:00:00,STATION_001,50.72
2026-02-24 20:15:00,STATION_001,51.28
2026-02-24 20:30:00,STATION_001,52.95
2026-02-24 20:45:00,STATION_001,56.07
2026-02-24 21:00:00,STATION_001,55.57
2026-02-24 21:15:00,STATION_001,59.84
2026-02-24 21:30:00,STATION_001,56.4
2026-02-24 21:45:00,STATION_001,57.47
2026-02-24 22:00:00,STATION_001,57.52
2026-02-24 22:15:00,STATION_001,58.43
2026-02-24 22:30:00,STATION_001,61.12
2026-02-24 22:45:00,STATION_001,63.48
2026-02-24 23:00:00,STATION_001,68.71
2026-02-24 23:15:00,STATION_001,72.63
2026-02-24 23:30:00,STATION_001,73.72
2026-02-24 23:45:00,STATION_001,73.71
2026-02-25 00:00:00,STATION_001,73.92
2026-02-25 00:15:00,STATION_001,73.61
2026-02-25 00:30:00,STATION_001,76.43
2026-02-25 00:45:00,STATION_001,72.04
2026-02-25 01:00:00,STATION_001,73.73
2026-02-25 01:15:00,STATION_001,73.98
2026-02-25 01:30:00,STATION_001,74.65
2026-02-25 01:45:00,STATION_001,74.9
2026-02-25 02:00:00,STATION_001,77.32
2026-02-25 02:15:00,STATION_001,77.55
2026-02-25 02:30:00,STATION_001,79.03
2026-02-25 02:45:00,STATION_001,79.72
2026-02-25 03:00:00,STATION_001,80.45
2026-02-25 03:15:00,STATION_001,79.63
2026-02-25 03:30:00,STATION_001,79.13
2026-02-25 03:45:00,STATION_001,86.5
2026-02-25 04:00:00,STATION_001,85.52
2026-02-25 04:15:00,STATION_001,87.66
2026-02-25 04:30:00,STATION_001,91.95
2026-02-25 04:45:00,STATION_001,92.39
2026-02-25 05:00:00,STATION_001,89.8
2026-02-25 05:15:00,STATION_001,90.63
2026-02-25 05:30:00,STATION_001,5.0
2026-02-25 05:45:00,STATION_001,6.15
2026-02-25 06:00:00,STATION_001,5.16
2026-02-25 06:15:00,STATION_001,4.58
2026-02-25 06:30:00,STATION_001,6.37
2026-02-25 06:45:00,STATION_001,8.55
2026-02-25 07:00:00,STATION_001,11.12
2026-02-25 07:15:00,STATION_001,9.62
2026-02-25 07:30:00,STATION_001,10.42
2026-02-25 07:45:00,STATION_001,8.26
2026-02-25 08:00:00,STATION_001,6.09
2026-02-25 08:15:00,STATION_001,6.71
2026-02-25 08:30:00,STATION_001,9.24
2026-02-25 08:45:00,STATION_001,9.33
2026-02-25 09:00:00,STATION_001,9.48
2026-02-25 09:15:00,STATION_001,8.32
2026-02-25 09:30:00,STATION_001,9.63
2026-02-25 09:45:00,STATION_001,8.77
2026-02-25 10:00:00,STATION_001,10.88
2026-02-25 10:15:00,STATION_001,9.78
2026-02-25 10:30:00,STATION_001,10.37
2026-02-25 10:45:00,STATION_001,12.06
2026-02-25 11:00:00,STATION_001,14.33
2026-02-25 11:15:00,STATION_001,13.5
2026-02-25 11:30:00,STATION_001,12.0
2026-02-25 11:45:00,STATION_001,14.74
2026-02-25 12:00:00,STATION_001,17.89
2026-02-25 12:15:00,STATION_001,19.72
2026-02-25 12:30:00,STATION_001,25.37
2026-02-25 12:45:00,STATION_001,28.18
2026-02-25 13:00:00,STATION_001,29.76
2026-02-25 13:15:00,STATION_001,29.75
2026-02-25 13:30:00,STATION_001,32.07
2026-02-25 13:45:00,STATION_001,32.44
2026-02-25 14:00:00,STATION_001,35.19
2026-02-25 14:15:00,STATION_001,35.74
2026-02-25 14:30:00,STATION_001,39.43
2026-02-25 14:45:00,STATION_001,46.4
2026-02-25 15:00:00,STATION_001,48.3
2026-02-25 15:15:00,STATION_001,50.04
2026-02-25 15:30:00,STATION_001,48.24
2026-02-25 15:45:00,STATION_001,47.82
2026-02-25 16:00:00,STATION_001,46.55
2026-02-25 16:15:00,STATION_001,45.16
2026-02-25 16:30:00,STATION_001,47.13
2026-02-25 16:45:00,STATION_001,47.92
2026-02-25 17:00:00,STATION_001,47.32
2026-02-25 17:15:00,STATION_001,48.91
2026-02-25 17:30:00,STATION_001,51.23
2026-02-25 17:45:00,STATION_001,54.05
2026-02-25 18:00:00,STATION_001,58.62
2026-02-25 18:15:00,STATION_001,64.54
2026-02-25 18:30:00,STATION_001,69.85
2026-02-25 18:45:00,STATION_001,73.9
2026-02-25 19:00:00,STATION_001,77.08
2026-02-25 19:15:00,STATION_001,86.4
2026-02-25 19:30:00,STATION_001,90.33
2026-02-25 19:45:00,STATION_001,91.11
2026-02-25 20:00:00,STATION_001,93.46
2026-02-25 20:15:00,STATION_001,94.38
2026-02-25 20:30:00,STATION_001,93.72
2026-02-25 20:45:00,STATION_001,5.0
2026-02-25 21:00:00,STATION_001,10.38
2026-02-25 21:15:00,STATION_001,12.71
2026-02-25 21:30:00,STATION_001,15.03
2026-02-25 21:45:00,STATION_001,17.36
2026-02-25 22:00:00,STATION_001,20.44
2026-02-25 22:15:00,STATION_001,19.77
2026-02-25 22:30:00,STATION_001,18.7
2026-02-25 22:45:00,STATION_001,20.54
2026-02-25 23:00:00,STATION_001,18.18
2026-02-25 23:15:00,STATION_001,20.78
2026-02-25 23:30:00,STATION_001,21.99
2026-02-25 23:45:00,STATION_001,22.35
2026-02-26 00:00:00,STATION_001,26.58
2026-02-26 00:15:00,STATION_001,32.29
2026-02-26 00:30:00,STATION_001,34.65
2026-02-26 00:45:00,STATION_001,36.73
2026-02-26 01:00:00,STATION_001,38.34
2026-02-26 01:15:00,STATION_001,36.75
2026-02-26 01:30:00,STATION_001,33.41
2026-02-26 01:45:00,STATION_001,37.51
2026-02-26 02:00:00,STATION_001,38.69
2026-02-26 02:15:00,STATION_001,39.72
2026-02-26 02:30:00,STATION_001,41.12
2026-02-26 02:45:00,STATION_001,44.17
2026-02-26 03:00:00,STATION_001,42.49
2026-02-26 03:15:00,STATION_001,41.56
2026-02-26 03:30:00,STATION_001,45.83
2026-02-26 03:45:00,STATION_001,46.62
2026-02-26 04:00:00,STATION_001,47.63
2026-02-26 04:15:00,STATION_001,48.42
2026-02-26 04:30:00,STATION_001,52.51
2026-02-26 04:45:00,STATION_001,52.71
2026-02-26 05:00:00,STATION_001,53.17
2026-02-26 05:15:00,STATION_001,56.4
2026-02-26 05:30:00,STATION_001,55.88
2026-02-26 05:45:00,STATION_001,56.03
2026-02-26 06:00:00,STATION_001,55.88
2026-02-26 06:15:00,STATION_001,55.05
2026-02-26 06:30:00,STATION_001,58.29
2026-02-26 06:45:00,STATION_001,56.89
2026-02-26 07:00:00,STATION_001,61.55
2026-02-26 07:15:00,STATION_001,63.96
2026-02-26 07:30:00,STATION_001,66.89
2026-02-26 07:45:00,STATION_001,69.34
2026-02-26 08:00:00,STATION_001,69.87
2026-02-26 08:15:00,STATION_001,70.23
2026-02-26 08:30:00,STATION_001,71.79
2026-02-26 08:45:00,STATION_001,73.2
2026-02-26 09:00:00,STATION_001,71.75
2026-02-26 09:15:00,STATION_001,72.54
2026-02-26 09:30:00,STATION_001,74.53
2026-02-26 09:45:00,STATION_001,76.53
2026-02-26 10:00:00,STATION_001,78.42
2026-02-26 10:15:00,STATION_001,77.66
2026-02-26 10:30:00,STATION_001,82.29
2026-02-26 10:45:00,STATION_001,86.18
2026-02-26 11:00:00,STATION_001,87.15
2026-02-26 11:15:00,STATION_001,87.28
2026-02-26 11:30:00,STATION_001,91.98
2026-02-26 11:45:00,STATION_001,93.4
2026-02-26 12:00:00,STATION_001,5.0
2026-02-26 12:15:00,STATION_001,2.84
2026-02-26 12:30:00,STATION_001,6.79
2026-02-26 12:45:00,STATION_001,9.42
2026-02-26 13:00:00,STATION_001,16.36
2026-02-26 13:15:00,STATION_001,19.7
2026-02-26 13:30:00,STATION_001,17.65
2026-02-26 13:45:00,STATION_001,18.24
2026-02-26 14:00:00,STATION_001,20.99
2026-02-26 14:15:00,STATION_001,24.5
2026-02-26 14:30:00,STATION_001,27.4
2026-02-26 14:45:00,STATION_001,29.15
2026-02-26 15:00:00,STATION_001,27.55
2026-02-26 15:15:00,STATION_001,25.65
2026-02-26 15:30:00,STATION_001,29.67
2026-02-26 15:45:00,STATION_001,33.78
2026-02-26 16:00:00,STATION_001,32.29
2026-02-26 16:15:00,STATION_001,34.58
2026-02-26 16:30:00,STATION_001,34.48
2026-02-26 16:45:00,STATION_001,34.84
2026-02-26 17:00:00,STATION_001,37.06
2026-02-26 17:15:00,STATION_001,34.08
2026-02-26 17:30:00,STATION_001,33.46
2026-02-26 17:45:00,STATION_001,36.84
2026-02-26 18:00:00,STATION_001,37.22
2026-02-26 18:15:00,STATION_001,39.67
2026-02-26 18:30:00,STATION_001,44.12
2026-02-26 18:45:00,STATION_001,49.92
2026-02-26 19:00:00,STATION_001,50.02
2026-02-26 19:15:00,STATION_001,51.54
2026-02-26 19:30:00,STATION_001,57.48
2026-02-26 19:45:00,STATION_001,62.95
2026-02-26 20:00:00,STATION_001,66.05
2026-02-26 20:15:00,STATION_001,70.84
2026-02-26 20:30:00,STATION_001,73.02
2026-02-26 20:45:00,STATION_001,79.08
2026-02-26 21:00:00,STATION_001,80.76
2026-02-26 21:15:00,STATION_001,77.83
2026-02-26 21:30:00,STATION_001,78.27
2026-02-26 21:45:00,STATION_001,79.74
2026-02-26 22:00:00,STATION_001,83.89
2026-02-26 22:15:00,STATION_001,85.67
2026-02-26 22:30:00,STATION_001,85.14
2026-02-26 22:45:00,STATION_001,87.98
2026-02-26 23:00:00,STATION_001,90.57
2026-02-26 23:15:00,STATION_001,93.22
2026-02-26 23:30:00,STATION_001,92.61
2026-02-26 23:45:00,STATION_001,94.12
2026-02-27 00:00:00,STATION_001,93.82
2026-02-27 00:15:00,STATION_001,93.87
2026-02-27 00:30:00,STATION_001,94.16
2026-02-27 00:45:00,STATION_001,94.61
2026-02-27 01:00:00,STATION_001,93.54
2026-02-27 01:15:00,STATION_001,5.0
2026-02-27 01:30:00,STATION_001,5.61
2026-02-27 01:45:00,STATION_001,7.12
2026-02-27 02:00:00,STATION_001,9.88
2026-02-27 02:15:00,STATION_001,5.93
2026-02-27 02:30:00,STATION_001,5.76
2026-02-27 02:45:00,STATION_001,9.05
2026-02-27 03:00:00,STATION_001,8.21
2026-02-27 03:15:00,STATION_001,8.61
2026-02-27 03:30:00,STATION_001,4.9
2026-02-27 03:45:00,STATION_001,0.58
2026-02-27 04:00:00,STATION_001,0.82
2026-02-27 04:15:00,STATION_001,0.69
2026-02-27 04:30:00,STATION_001,0.0
2026-02-27 04:45:00,STATION_001,0.93
2026-02-27 05:00:00,STATION_001,2.31
2026-02-27 05:15:00,STATION_001,1.11
2026-02-27 05:30:00,STATION_001,3.64
2026-02-27 05:45:00,STATION_001,4.39
2026-02-27 06:00:00,STATION_001,6.94
2026-02-27 06:15:00,STATION_001,5.08
2026-02-27 06:30:00,STATION_001,6.11
2026-02-27 06:45:00,STATION_001,6.24
2026-02-27 07:00:00,STATION_001,7.49
2026-02-27 07:15:00,STATION_001,7.05
2026-02-27 07:30:00,STATION_001,7.5
2026-02-27 07:45:00,STATION_001,7.86
2026-02-27 08:00:00,STATION_001,10.41
2026-02-27 08:15:00,STATION_001,15.08
2026-02-27 08:30:00,STATION_001,16.18
2026-02-27 08:45:00,STATION_001,16.37
2026-02-27 09:00:00,STATION_001,12.72
2026-02-27 09:15:00,STATION_001,15.13
2026-02-27 09:30:00,STATION_001,15.58
2026-02-27 09:45:00,STATION_001,14.08
2026-02-27 10:00:00,STATION_001,15.97
2026-02-27 10:15:00,STATION_001,15.34
2026-02-27 10:30:00,STATION_001,14.18
2026-02-27 10:45:00,STATION_001,16.7
2026-02-27 11:00:00,STATION_001,18.72
2026-02-27 11:15:00,STATION_001,18.14
2026-02-27 11:30:00,STATION_001,18.26
2026-02-27 11:45:00,STATION_001,18.66
2026-02-27 12:00:00,STATION_001,22.32
2026-02-27 12:15:00,STATION_001,25.98
2026-02-27 12:30:00,STATION_001,32.33
2026-02-27 12:45:00,STATION_001,33.86
2026-02-27 13:00:00,STATION_001,36.25
2026-02-27 13:15:00,STATION_001,37.02
2026-02-27 13:30:00,STATION_001,37.81
2026-02-27 13:45:00,STATION_001,39.55
2026-02-27 14:00:00,STATION_001,38.9
2026-02-27 14:15:00,STATION_001,43.3
2026-02-27 14:30:00,STATION_001,44.49
2026-02-27 14:45:00,STATION_001,45.94
2026-02-27 15:00:00,STATION_001,46.99
2026-02-27 15:15:00,STATION_001,48.01
2026-02-27 15:30:00,STATION_001,46.96
2026-02-27 15:45:00,STATION_001,47.93
2026-02-27 16:00:00,STATION_001,46.47
2026-02-27 16:15:00,STATION_001,48.98
2026-02-27 16:30:00,STATION_001,46.67
2026-02-27 16:45:00,STATION_001,47.51
2026-02-27 17:00:00,STATION_001,48.16
2026-02-27 17:15:00,STATION_001,51.56
2026-02-27 17:30:00,STATION_001,52.67
2026-02-27 17:45:00,STATION_001,51.9
2026-02-27 18:00:00,STATION_001,51.56
2026-02-27 18:15:00,STATION_001,53.69
2026-02-27 18:30:00,STATION_001,58.25
2026-02-27 18:45:00,STATION_001,59.33
2026-02-27 19:00:00,STATION_001,61.9
2026-02-27 19:15:00,STATION_001,63.94
2026-02-27 19:30:00,STATION_001,67.36
2026-02-27 19:45:00,STATION_001,71.63
2026-02-27 20:00:00,STATION_001,74.41
2026-02-27 20:15:00,STATION_001,75.97
2026-02-27 20:30:00,STATION_001,79.19
2026-02-27 20:45:00,STATION_001,85.83
2026-02-27 21:00:00,STATION_001,85.48
2026-02-27 21:15:00,STATION_001,86.63
2026-02-27 21:30:00,STATION_001,84.21
2026-02-27 21:45:00,STATION_001,84.95
2026-02-27 22:00:00,STATION_001,85.14
2026-02-27 22:15:00,STATION_001,85.6
2026-02-27 22:30:00,STATION_001,85.99
2026-02-27 22:45:00,STATION_001,86.85
2026-02-27 23:00:00,STATION_001,86.37
2026-02-27 23:15:00,STATION_001,85.8
2026-02-27 23:30:00,STATION_001,86.68
2026-02-27 23:45:00,STATION_001,83.87
2026-02-28 00:00:00,STATION_001,83.3
2026-02-28 00:15:00,STATION_001,84.58
2026-02-28 00:30:00,STATION_001,86.76
2026-02-28 00:45:00,STATION_001,85.99
2026-02-28 01:00:00,STATION_001,88.39
2026-02-28 01:15:00,STATION_001,88.23
2026-02-28 01:30:00,STATION_001,87.77
2026-02-28 01:45:00,STATION_001,89.56
2026-02-28 02:00:00,STATION_001,91.54
2026-02-28 02:15:00,STATION_001,92.24
2026-02-28 02:30:00,STATION_001,90.28
2026-02-28 02:45:00,STATION_001,91.23
2026-02-28 03:00:00,STATION_001,88.84
2026-02-28 03:15:00,STATION_001,87.72
2026-02-28 03:30:00,STATION_001,88.06
2026-02-28 03:45:00,STATION_001,90.54
2026-02-28 04:00:00,STATION_001,90.94
2026-02-28 04:15:00,STATION_001,91.13
2026-02-28 04:30:00,STATION_001,89.47
2026-02-28 04:45:00,STATION_001,87.45
2026-02-28 05:00:00,STATION_001,86.94
2026-02-28 05:15:00,STATION_001,86.27
2026-02-28 05:30:00,STATION_001,86.34
2026-02-28 05:45:00,STATION_001,87.27
2026-02-28 06:00:00,STATION_001,90.95
2026-02-28 06:15:00,STATION_001,91.83
2026-02-28 06:30:00,STATION_001,91.86
2026-02-28 06:45:00,STATION_001,92.49
2026-02-28 07:00:00,STATION_001,93.84
2026-02-28 07:15:00,STATION_001,5.0
2026-02-28 07:30:00,STATION_001,5.83
2026-02-28 07:45:00,STATION_001,6.22
2026-02-28 08:00:00,STATION_001,6.65
2026-02-28 08:15:00,STATION_001,5.24
2026-02-28 08:30:00,STATION_001,6.66
2026-02-28 08:45:00,STATION_001,11.44
2026-02-28 09:00:00,STATION_001,13.46
2026-02-28 09:15:00,STATION_001,13.59
2026-02-28 09:30:00,STATION_001,12.55
2026-02-28 09:45:00,STATION_001,12.36
2026-02-28 10:00:00,STATION_001,12.92
2026-02-28 10:15:00,STATION_001,13.51
2026-02-28 10:30:00,STATION_001,14.39
2026-02-28 10:45:00,STATION_001,15.88
2026-02-28 11:00:00,STATION_001,17.5
2026-02-28 11:15:00,STATION_001,19.46
2026-02-28 11:30:00,STATION_001,24.07
2026-02-28 11:45:00,STATION_001,29.06
2026-02-28 12:00:00,STATION_001,33.13
2026-02-28 12:15:00,STATION_001,35.6
2026-02-28 12:30:00,STATION_001,36.56
2026-02-28 12:45:00,STATION_001,42.04
2026-02-28 13:00:00,STATION_001,46.17
2026-02-28 13:15:00,STATION_001,51.58
2026-02-28 13:30:00,STATION_001,56.14
2026-02-28 13:45:00,STATION_001,63.97
2026-02-28 14:00:00,STATION_001,70.14
2026-02-28 14:15:00,STATION_001,72.89
2026-02-28 14:30:00,STATION_001,73.47
2026-02-28 14:45:00,STATION_001,76.11
2026-02-28 15:00:00,STATION_001,75.69
2026-02-28 15:15:00,STATION_001,74.87
2026-02-28 15:30:00,STATION_001,76.88
2026-02-28 15:45:00,STATION_001,77.46
2026-02-28 16:00:00,STATION_001,81.46
2026-02-28 16:15:00,STATION_001,84.39
2026-02-28 16:30:00,STATION_001,87.1
2026-02-28 16:45:00,STATION_001,87.93
2026-02-28 17:00:00,STATION_001,90.4
2026-02-28 17:15:00,STATION_001,91.05
2026-02-28 17:30:00,STATION_001,89.67
2026-02-28 17:45:00,STATION_001,88.33
2026-02-28 18:00:00,STATION_001,94.51
2026-02-28 18:15:00,STATION_001,5.0
2026-02-28 18:30:00,STATION_001,7.0
2026-02-28 18:45:00,STATION_001,8.17
2026-02-28 19:00:00,STATION_001,8.24
2026-02-28 19:15:00,STATION_001,8.21
2026-02-28 19:30:00,STATION_001,9.78
2026-02-28 19:45:00,STATION_001,11.43
2026-02-28 20:00:00,STATION_001,14.58
2026-02-28 20:15:00,STATION_001,15.9
2026-02-28 20:30:00,STATION_001,14.55
2026-02-28 20:45:00,STATION_001,18.64
2026-02-28 21:00:00,STATION_001,22.76
2026-02-28 21:15:00,STATION_001,20.16
2026-02-28 21:30:00,STATION_001,19.79
2026-02-28 21:45:00,STATION_001,17.67
2026-02-28 22:00:00,STATION_001,20.52
2026-02-28 22:15:00,STATION_001,23.97
2026-02-28 22:30:00,STATION_001,25.62
2026-02-28 22:45:00,STATION_001,28.0
2026-02-28 23:00:00,STATION_001,31.48
2026-02-28 23:15:00,STATION_001,31.69
2026-02-28 23:30:00,STATION_001,37.37
2026-02-28 23:45:00,STATION_001,36.26
2026-03-01 00:00:00,STATION_001,38.7
2026-03-01 00:15:00,STATION_001,39.22
2026-03-01 00:30:00,STATION_001,40.31
2026-03-01 00:45:00,STATION_001,42.48
2026-03-01 01:00:00,STATION_001,43.48
2026-03-01 01:15:00,STATION_001,44.59
2026-03-01 01:30:00,STATION_001,48.34
2026-03-01 01:45:00,STATION_001,49.02
2026-03-01 02:00:00,STATION_001,51.02
2026-03-01 02:15:00,STATION_001,50.78
2026-03-01 02:30:00,STATION_001,51.67
2026-03-01 02:45:00,STATION_001,52.33
2026-03-01 03:00:00,STATION_001,53.56
2026-03-01 03:15:00,STATION_001,53.55
2026-03-01 03:30:00,STATION_001,55.79
2026-03-01 03:45:00,STATION_001,53.5
2026-03-01 04:00:00,STATION_001,54.51
2026-03-01 04:15:00,STATION_001,53.56
2026-03-01 04:30:00,STATION_001,53.33
2026-03-01 04:45:00,STATION_001,52.25
2026-03-01 05:00:00,STATION_001,52.85
2026-03-01 05:15:00,STATION_001,53.46
2026-03-01 05:30:00,STATION_001,53.07
2026-03-01 05:45:00,STATION_001,54.43
2026-03-01 06:00:00,STATION_001,54.34
2026-03-01 06:15:00,STATION_001,53.8
2026-03-01 06:30:00,STATION_001,60.33
2026-03-01 06:45:00,STATION_001,60.29
2026-03-01 07:00:00,STATION_001,62.73
2026-03-01 07:15:00,STATION_001,66.3
2026-03-01 07:30:00,STATION_001,67.98
2026-03-01 07:45:00,STATION_001,68.61
2026-03-01 08:00:00,STATION_001,66.53
2026-03-01 08:15:00,STATION_001,69.23
2026-03-01 08:30:00,STATION_001,73.51
2026-03-01 08:45:00,STATION_001,71.43
2026-03-01 09:00:00,STATION_001,71.09
2026-03-01 09:15:00,STATION_001,72.18
2026-03-01 09:30:00,STATION_001,72.14
2026-03-01 09:45:00,STATION_001,72.14
2026-03-01 10:00:00,STATION_001,71.8
2026-03-01 10:15:00,STATION_001,68.36
2026-03-01 10:30:00,STATION_001,67.73
2026-03-01 10:45:00,STATION_001,69.19
2026-03-01 11:00:00,STATION_001,72.02
2026-03-01 11:15:00,STATION_001,80.74
2026-03-01 11:30:00,STATION_001,85.25
2026-03-01 11:45:00,STATION_001,90.2
2026-03-01 12:00:00,STATION_001,94.47
2026-03-01 12:15:00,STATION_001,5.0
2026-03-01 12:30:00,STATION_001,10.21
2026-03-01 12:45:00,STATION_001,12.47
2026-03-01 13:00:00,STATION_001,13.59
2026-03-01 13:15:00,STATION_001,14.55
2026-03-01 13:30:00,STATION_001,14.59
2026-03-01 13:45:00,STATION_001,15.91
2026-03-01 14:00:00,STATION_001,20.37
2026-03-01 14:15:00,STATION_001,22.8
2026-03-01 14:30:00,STATION_001,24.1
2026-03-01 14:45:00,STATION_001,25.92
2026-03-01 15:00:00,STATION_001,25.44
2026-03-01 15:15:00,STATION_001,24.43
2026-03-01 15:30:00,STATION_001,22.79
2026-03-01 15:45:00,STATION_001,21.48
2026-03-01 16:00:00,STATION_001,21.22
2026-03-01 16:15:00,STATION_001,19.74
2026-03-01 16:30:00,STATION_001,22.26
2026-03-01 16:45:00,STATION_001,27.11
2026-03-01 17:00:00,STATION_001,25.22
2026-03-01 17:15:00,STATION_001,27.31
2026-03-01 17:30:00,STATION_001,31.12
2026-03-01 17:45:00,STATION_001,35.46
2026-03-01 18:00:00,STATION_001,36.74
2026-03-01 18:15:00,STATION_001,40.02
2026-03-01 18:30:00,STATION_001,40.37
2026-03-01 18:45:00,STATION_001,39.84
2026-03-01 19:00:00,STATION_001,39.64
2026-03-01 19:15:00,STATION_001,41.71
2026-03-01 19:30:00,STATION_001,42.9
2026-03-01 19:45:00,STATION_001,45.46
2026-03-01 20:00:00,STATION_001,45.65
2026-03-01 20:15:00,STATION_001,47.73
2026-03-01 20:30:00,STATION_001,49.35
2026-03-01 20:45:00,STATION_001,52.64
2026-03-01 21:00:00,STATION_001,49.75
2026-03-01 21:15:00,STATION_001,48.99
2026-03-01 21:30:00,STATION_001,49.72
2026-03-01 21:45:00,STATION_001,51.67
2026-03-01 22:00:00,STATION_001,51.49
2026-03-01 22:15:00,STATION_001,53.66
2026-03-01 22:30:00,STATION_001,54.46
2026-03-01 22:45:00,STATION_001,54.62
2026-03-01 23:00:00,STATION_001,56.57
2026-03-01 23:15:00,STATION_001,58.38
2026-03-01 23:30:00,STATION_001,59.27
2026-03-01 23:45:00,STATION_001,63.41
2026-03-02 00:00:00,STATION_001,60.62
2026-03-02 00:15:00,STATION_001,62.09
2026-03-02 00:30:00,STATION_001,59.03
2026-03-02 00:45:00,STATION_001,59.16
2026-03-02 01:00:00,STATION_001,60.65
2026-03-02 01:15:00,STATION_001,61.85
2026-03-02 01:30:00,STATION_001,61.44
2026-03-02 01:45:00,STATION_001,63.18
2026-03-02 02:00:00,STATION_001,65.83
2026-03-02 02:15:00,STATION_001,66.07
2026-03-02 02:30:00,STATION_001,67.39
2026-03-02 02:45:00,STATION_001,68.93
2026-03-02 03:00:00,STATION_001,66.86
2026-03-02 03:15:00,STATION_001,68.76
2026-03-02 03:30:00,STATION_001,71.29
2026-03-02 03:45:00,STATION_001,74.33
2026-03-02 04:00:00,STATION_001,76.17
2026-03-02 04:15:00,STATION_001,78.4
2026-03-02 04:30:00,STATION_001,78.87
2026-03-02 04:45:00,STATION_001,81.09
2026-03-02 05:00:00,STATION_001,84.23
2026-03-02 05:15:00,STATION_001,85.86
2026-03-02 05:30:00,STATION_001,86.66
2026-03-02 05:45:00,STATION_001,89.31
2026-03-02 06:00:00,STATION_001,84.54
2026-03-02 06:15:00,STATION_001,87.05
2026-03-02 06:30:00,STATION_001,86.33
2026-03-02 06:45:00,STATION_001,84.0
2026-03-02 07:00:00,STATION_001,84.35
2026-03-02 07:15:00,STATION_001,84.93
2026-03-02 07:30:00,STATION_001,83.57
2026-03-02 07:45:00,STATION_001,83.95
2026-03-02 08:00:00,STATION_001,83.19
2026-03-02 08:15:00,STATION_001,84.19
2026-03-02 08:30:00,STATION_001,81.61
2026-03-02 08:45:00,STATION_001,83.31
2026-03-02 09:00:00,STATION_001,82.59
2026-03-02 09:15:00,STATION_001,84.07
2026-03-02 09:30:00,STATION_001,82.97
2026-03-02 09:45:00,STATION_001,86.39
2026-03-02 10:00:00,STATION_001,89.3
2026-03-02 10:15:00,STATION_001,86.73
2026-03-02 10:30:00,STATION_001,88.35
2026-03-02 10:45:00,STATION_001,89.49
2026-03-02 11:00:00,STATION_001,90.76
2026-03-02 11:15:00,STATION_001,89.47
2026-03-02 11:30:00,STATION_001,88.09
2026-03-02 11:45:00,STATION_001,87.2
2026-03-02 12:00:00,STATION_001,88.37
2026-03-02 12:15:00,STATION_001,89.34
2026-03-02 12:30:00,STATION_001,91.55
2026-03-02 12:45:00,STATION_001,5.0
2026-03-02 13:00:00,STATION_001,6.86
2026-03-02 13:15:00,STATION_001,12.12
2026-03-02 13:30:00,STATION_001,11.4
2026-03-02 13:45:00,STATION_001,13.38
2026-03-02 14:00:00,STATION_001,11.16
2026-03-02 14:15:00,STATION_001,10.82
2026-03-02 14:30:00,STATION_001,9.8
2026-03-02 14:45:00,STATION_001,15.62
2026-03-02 15:00:00,STATION_001,15.91
2026-03-02 15:15:00,STATION_001,15.56
2026-03-02 15:30:00,STATION_001,12.47
2026-03-02 15:45:00,STATION_001,9.89
2026-03-02 16:00:00,STATION_001,10.45
2026-03-02 16:15:00,STATION_001,15.14
2026-03-02 16:30:00,STATION_001,15.61
2026-03-02 16:45:00,STATION_001,16.25
2026-03-02 17:00:00,STATION_001,14.24
2026-03-02 17:15:00,STATION_001,16.29
2026-03-02 17:30:00,STATION_001,17.12
2026-03-02 17:45:00,STATION_001,21.03
2026-03-02 18:00:00,STATION_001,29.9
2026-03-02 18:15:00,STATION_001,34.26
2026-03-02 18:30:00,STATION_001,40.71
2026-03-02 18:45:00,STATION_001,43.17
2026-03-02 19:00:00,STATION_001,48.37
2026-03-02 19:15:00,STATION_001,50.52
2026-03-02 19:30:00,STATION_001,53.35
2026-03-02 19:45:00,STATION_001,54.32
2026-03-02 20:00:00,STATION_001,57.31
2026-03-02 20:15:00,STATION_001,63.31
2026-03-02 20:30:00,STATION_001,65.49
2026-03-02 20:45:00,STATION_001,67.39
2026-03-02 21:00:00,STATION_001,68.35
2026-03-02 21:15:00,STATION_001,67.27
2026-03-02 21:30:00,STATION_001,67.66
2026-03-02 21:45:00,STATION_001,67.77
2026-03-02 22:00:00,STATION_001,68.16
2026-03-02 22:15:00,STATION_001,73.51
2026-03-02 22:30:00,STATION_001,74.01
2026-03-02 22:45:00,STATION_001,73.32
2026-03-02 23:00:00,STATION_001,76.55
2026-03-02 23:15:00,STATION_001,71.08
2026-03-02 23:30:00,STATION_001,67.66
2026-03-02 23:45:00,STATION_001,68.4
2026-03-03 00:00:00,STATION_001,69.36
2026-03-03 00:15:00,STATION_001,70.8
2026-03-03 00:30:00,STATION_001,70.55
2026-03-03 00:45:00,STATION_001,76.45
2026-03-03 01:00:00,STATION_001,77.74
2026-03-03 01:15:00,STATION_001,80.04
2026-03-03 01:30:00,STATION_001,83.25
2026-03-03 01:45:00,STATION_001,82.13
2026-03-03 02:00:00,STATION_001,82.12
2026-03-03 02:15:00,STATION_001,84.62
2026-03-03 02:30:00,STATION_001,87.26
2026-03-03 02:45:00,STATION_001,87.59
2026-03-03 03:00:00,STATION_001,85.18
2026-03-03 03:15:00,STATION_001,86.12
2026-03-03 03:30:00,STATION_001,84.79
2026-03-03 03:45:00,STATION_001,87.07
2026-03-03 04:00:00,STATION_001,87.04
2026-03-03 04:15:00,STATION_001,87.34
2026-03-03 04:30:00,STATION_001,89.02
2026-03-03 04:45:00,STATION_001,91.74
2026-03-03 05:00:00,STATION_001,5.0
2026-03-03 05:15:00,STATION_001,4.58
2026-03-03 05:30:00,STATION_001,2.86
2026-03-03 05:45:00,STATION_001,1.13
2026-03-03 06:00:00,STATION_001,1.16
2026-03-03 06:15:00,STATION_001,1.89
2026-03-03 06:30:00,STATION_001,4.87
2026-03-03 06:45:00,STATION_001,5.6
2026-03-03 07:00:00,STATION_001,4.7
2026-03-03 07:15:00,STATION_001,4.49
2026-03-03 07:30:00,STATION_001,2.82
2026-03-03 07:45:00,STATION_001,6.13
2026-03-03 08:00:00,STATION_001,6.42
2026-03-03 08:15:00,STATION_001,7.0
2026-03-03 08:30:00,STATION_001,6.36
2026-03-03 08:45:00,STATION_001,6.91
2026-03-03 09:00:00,STATION_001,10.73
2026-03-03 09:15:00,STATION_001,9.49
2026-03-03 09:30:00,STATION_001,7.4
2026-03-03 09:45:00,STATION_001,9.78
2026-03-03 10:00:00,STATION_001,12.8
2026-03-03 10:15:00,STATION_001,12.11
2026-03-03 10:30:00,STATION_001,13.52
2026-03-03 10:45:00,STATION_001,14.11
2026-03-03 11:00:00,STATION_001,14.48
2026-03-03 11:15:00,STATION_001,19.35
2026-03-03 11:30:00,STATION_001,19.09
2026-03-03 11:45:00,STATION_001,22.1
2026-03-03 12:00:00,STATION_001,25.39
2026-03-03 12:15:00,STATION_001,26.42
2026-03-03 12:30:00,STATION_001,32.19
2026-03-03 12:45:00,STATION_001,37.02
2026-03-03 13:00:00,STATION_001,40.28
2026-03-03 13:15:00,STATION_001,39.31
2026-03-03 13:30:00,STATION_001,40.77
2026-03-03 13:45:00,STATION_001,45.48
2026-03-03 14:00:00,STATION_001,50.1
2026-03-03 14:15:00,STATION_001,46.05
2026-03-03 14:30:00,STATION_001,44.69
2026-03-03 14:45:00,STATION_001,46.92
2026-03-03 15:00:00,STATION_001,50.69
2026-03-03 15:15:00,STATION_001,53.91
2026-03-03 15:30:00,STATION_001,56.68
2026-03-03 15:45:00,STATION_001,56.69
2026-03-03 16:00:00,STATION_001,57.98
2026-03-03 16:15:00,STATION_001,56.68
2026-03-03 16:30:00,STATION_001,58.76
2026-03-03 16:45:00,STATION_001,60.45
2026-03-03 17:00:00,STATION_001,59.04
2026-03-03 17:15:00,STATION_001,56.59
2026-03-03 17:30:00,STATION_001,58.2
2026-03-03 17:45:00,STATION_001,59.9
2026-03-03 18:00:00,STATION_001,63.41
2026-03-03 18:15:00,STATION_001,65.11
2026-03-03 18:30:00,STATION_001,65.29
2026-03-03 18:45:00,STATION_001,70.57
2026-03-03 19:00:00,STATION_001,69.84
2026-03-03 19:15:00,STATION_001,71.83
2026-03-03 19:30:00,STATION_001,73.61
2026-03-03 19:45:00,STATION_001,76.46
2026-03-03 20:00:00,STATION_001,76.28
2026-03-03 20:15:00,STATION_001,76.84
2026-03-03 20:30:00,STATION_001,76.89
2026-03-03 20:45:00,STATION_001,79.33
2026-03-03 21:00:00,STATION_001,81.01
2026-03-03 21:15:00,STATION_001,80.04
2026-03-03 21:30:00,STATION_001,77.74
2026-03-03 21:45:00,STATION_001,79.28
2026-03-03 22:00:00,STATION_001,78.29
2026-03-03 22:15:00,STATION_001,76.35
2026-03-03 22:30:00,STATION_001,79.59
2026-03-03 22:45:00,STATION_001,83.31
2026-03-03 23:00:00,STATION_001,84.39
2026-03-03 23:15:00,STATION_001,87.11
2026-03-03 23:30:00,STATION_001,89.07
2026-03-03 23:45:00,STATION_001,89.08
2026-03-04 00:00:00,STATION_001,88.77
2026-03-04 00:15:00,STATION_001,88.97
2026-03-04 00:30:00,STATION_001,91.45
2026-03-04 00:45:00,STATION_001,90.24
2026-03-04 01:00:00,STATION_001,89.87
2026-03-04 01:15:00,STATION_001,92.06
2026-03-04 01:30:00,STATION_001,5.0
2026-03-04 01:45:00,STATION_001,6.79
2026-03-04 02:00:00,STATION_001,8.02
2026-03-04 02:15:00,STATION_001,10.63
2026-03-04 02:30:00,STATION_001,12.07
2026-03-04 02:45:00,STATION_001,9.18
2026-03-04 03:00:00,STATION_001,10.23
2026-03-04 03:15:00,STATION_001,12.05
2026-03-04 03:30:00,STATION_001,13.21
2026-03-04 03:45:00,STATION_001,12.3
2026-03-04 04:00:00,STATION_001,12.14
2026-03-04 04:15:00,STATION_001,13.24
2026-03-04 04:30:00,STATION_001,15.52
2026-03-04 04:45:00,STATION_001,16.69
2026-03-04 05:00:00,STATION_001,13.83
2026-03-04 05:15:00,STATION_001,13.01
2026-03-04 05:30:00,STATION_001,15.33
2026-03-04 05:45:00,STATION_001,19.2
2026-03-04 06:00:00,STATION_001,19.99
2026-03-04 06:15:00,STATION_001,22.34
2026-03-04 06:30:00,STATION_001,21.64
2026-03-04 06:45:00,STATION_001,19.0
2026-03-04 07:00:00,STATION_001,19.14
2026-03-04 07:15:00,STATION_001,15.98
2026-03-04 07:30:00,STATION_001,19.75
2026-03-04 07:45:00,STATION_001,20.68
2026-03-04 08:00:00,STATION_001,21.35
2026-03-04 08:15:00,STATION_001,22.74
2026-03-04 08:30:00,STATION_001,21.89
2026-03-04 08:45:00,STATION_001,23.44
2026-03-04 09:00:00,STATION_001,22.83
2026-03-04 09:15:00,STATION_001,25.99
2026-03-04 09:30:00,STATION_001,28.74
2026-03-04 09:45:00,STATION_001,30.86
2026-03-04 10:00:00,STATION_001,35.36
2026-03-04 10:15:00,STATION_001,37.97
2026-03-04 10:30:00,STATION_001,41.49
2026-03-04 10:45:00,STATION_001,42.62
2026-03-04 11:00:00,STATION_001,39.0
2026-03-04 11:15:00,STATION_001,40.55
2026-03-04 11:30:00,STATION_001,42.1
2026-03-04 11:45:00,STATION_001,42.96
2026-03-04 12:00:00,STATION_001,45.26
2026-03-04 12:15:00,STATION_001,49.41
2026-03-04 12:30:00,STATION_001,51.31
2026-03-04 12:45:00,STATION_001,52.74
2026-03-04 13:00:00,STATION_001,60.69
2026-03-04 13:15:00,STATION_001,62.23
2026-03-04 13:30:00,STATION_001,63.85
2026-03-04 13:45:00,STATION_001,66.23
2026-03-04 14:00:00,STATION_001,67.34
2026-03-04 14:15:00,STATION_001,71.05
2026-03-04 14:30:00,STATION_001,73.84
2026-03-04 14:45:00,STATION_001,75.28
2026-03-04 15:00:00,STATION_001,73.3
2026-03-04 15:15:00,STATION_001,76.08
2026-03-04 15:30:00,STATION_001,74.08
2026-03-04 15:45:00,STATION_001,76.78
2026-03-04 16:00:00,STATION_001,77.62
2026-03-04 16:15:00,STATION_001,76.02
2026-03-04 16:30:00,STATION_001,73.49
2026-03-04 16:45:00,STATION_001,71.02
2026-03-04 17:00:00,STATION_001,71.25
2026-03-04 17:15:00,STATION_001,72.38
2026-03-04 17:30:00,STATION_001,70.13
2026-03-04 17:45:00,STATION_001,72.48
2026-03-04 18:00:00,STATION_001,77.15
2026-03-04 18:15:00,STATION_001,81.04
2026-03-04 18:30:00,STATION_001,81.89
2026-03-04 18:45:00,STATION_001,83.62
2026-03-04 19:00:00,STATION_001,85.93
2026-03-04 19:15:00,STATION_001,88.18
2026-03-04 19:30:00,STATION_001,92.67
2026-03-04 19:45:00,STATION_001,5.0
2026-03-04 20:00:00,STATION_001,7.96
2026-03-04 20:15:00,STATION_001,7.21
2026-03-04 20:30:00,STATION_001,10.78
2026-03-04 20:45:00,STATION_001,13.49
2026-03-04 21:00:00,STATION_001,15.48
2026-03-04 21:15:00,STATION_001,16.37
2026-03-04 21:30:00,STATION_001,14.84
2026-03-04 21:45:00,STATION_001,17.85
2026-03-04 22:00:00,STATION_001,17.1
2026-03-04 22:15:00,STATION_001,18.84
2026-03-04 22:30:00,STATION_001,17.79
2026-03-04 22:45:00,STATION_001,17.61
2026-03-04 23:00:00,STATION_001,18.96
2026-03-04 23:15:00,STATION_001,20.71
2026-03-04 23:30:00,STATION_001,22.81
2026-03-04 23:45:00,STATION_001,24.62
2026-03-05 00:00:00,STATION_001,25.37
2026-03-05 00:15:00,STATION_001,22.91
2026-03-05 00:30:00,STATION_001,21.45
2026-03-05 00:45:00,STATION_001,22.09
2026-03-05 01:00:00,STATION_001,18.85
2026-03-05 01:15:00,STATION_001,24.31
2026-03-05 01:30:00,STATION_001,28.04
2026-03-05 01:45:00,STATION_001,29.96
2026-03-05 02:00:00,STATION_001,29.98
2026-03-05 02:15:00,STATION_001,26.8
2026-03-05 02:30:00,STATION_001,26.26
2026-03-05 02:45:00,STATION_001,29.15
2026-03-05 03:00:00,STATION_001,29.04
2026-03-05 03:15:00,STATION_001,32.37
2026-03-05 03:30:00,STATION_001,34.37
2026-03-05 03:45:00,STATION_001,35.1
2026-03-05 04:00:00,STATION_001,31.31
2026-03-05 04:15:00,STATION_001,31.21
2026-03-05 04:30:00,STATION_001,31.21
2026-03-05 04:45:00,STATION_001,32.35
2026-03-05 05:00:00,STATION_001,35.4
2026-03-05 05:15:00,STATION_001,33.49
2026-03-05 05:30:00,STATION_001,38.38
2026-03-05 05:45:00,STATION_001,42.86
2026-03-05 06:00:00,STATION_001,41.58
2026-03-05 06:15:00,STATION_001,42.22
2026-03-05 06:30:00,STATION_001,44.08
2026-03-05 06:45:00,STATION_001,47.78
2026-03-05 07:00:00,STATION_001,47.36
2026-03-05 07:15:00,STATION_001,45.66
2026-03-05 07:30:00,STATION_001,48.43
2026-03-05 07:45:00,STATION_001,49.41
2026-03-05 08:00:00,STATION_001,50.58
2026-03-05 08:15:00,STATION_001,53.99
2026-03-05 08:30:00,STATION_001,55.46
2026-03-05 08:45:00,STATION_001,54.17
2026-03-05 09:00:00,STATION_001,57.46
2026-03-05 09:15:00,STATION_001,56.62
2026-03-05 09:30:00,STATION_001,54.69
2026-03-05 09:45:00,STATION_001,54.7
2026-03-05 10:00:00,STATION_001,55.43
2026-03-05 10:15:00,STATION_001,56.65
2026-03-05 10:30:00,STATION_001,57.22
2026-03-05 10:45:00,STATION_001,61.52
2026-03-05 11:00:00,STATION_001,63.07
2026-03-05 11:15:00,STATION_001,64.72
2026-03-05 11:30:00,STATION_001,62.76
2026-03-05 11:45:00,STATION_001,65.62
2026-03-05 12:00:00,STATION_001,72.02
2026-03-05 12:15:00,STATION_001,70.57
2026-03-05 12:30:00,STATION_001,71.9
2026-03-05 12:45:00,STATION_001,75.42
2026-03-05 13:00:00,STATION_001,79.13
2026-03-05 13:15:00,STATION_001,80.21
2026-03-05 13:30:00,STATION_001,80.54
2026-03-05 13:45:00,STATION_001,83.6
2026-03-05 14:00:00,STATION_001,83.27
2026-03-05 14:15:00,STATION_001,86.96
2026-03-05 14:30:00,STATION_001,89.62
2026-03-05 14:45:00,STATION_001,89.27
2026-03-05 15:00:00,STATION_001,91.94
2026-03-05 15:15:00,STATION_001,90.55
2026-03-05 15:30:00,STATION_001,92.2
2026-03-05 15:45:00,STATION_001,5.0
2026-03-05 16:00:00,STATION_001,2.79
2026-03-05 16:15:00,STATION_001,3.89
2026-03-05 16:30:00,STATION_001,3.59
2026-03-05 16:45:00,STATION_001,2.51
2026-03-05 17:00:00,STATION_001,1.35
2026-03-05 17:15:00,STATION_001,6.81
2026-03-05 17:30:00,STATION_001,8.43
2026-03-05 17:45:00,STATION_001,11.5
2026-03-05 18:00:00,STATION_001,11.53
2026-03-05 18:15:00,STATION_001,12.72
2026-03-05 18:30:00,STATION_001,21.96
2026-03-05 18:45:00,STATION_001,25.76
2026-03-05 19:00:00,STATION_001,25.51
2026-03-05 19:15:00,STATION_001,30.57
2026-03-05 19:30:00,STATION_001,34.0
2026-03-05 19:45:00,STATION_001,35.34
2026-03-05 20:00:00,STATION_001,37.42
2026-03-05 20:15:00,STATION_001,41.81
2026-03-05 20:30:00,STATION_001,45.93
2026-03-05 20:45:00,STATION_001,48.12
2026-03-05 21:00:00,STATION_001,48.7
2026-03-05 21:15:00,STATION_001,50.05
2026-03-05 21:30:00,STATION_001,49.94
2026-03-05 21:45:00,STATION_001,53.94
2026-03-05 22:00:00,STATION_001,53.87
2026-03-05 22:15:00,STATION_001,54.01
2026-03-05 22:30:00,STATION_001,57.25
2026-03-05 22:45:00,STATION_001,52.93
2026-03-05 23:00:00,STATION_001,54.12
2026-03-05 23:15:00,STATION_001,54.11
2026-03-05 23:30:00,STATION_001,53.4
2026-03-05 23:45:00,STATION_001,57.89
2026-03-06 00:00:00,STATION_001,58.78
2026-03-06 00:15:00,STATION_001,60.83
2026-03-06 00:30:00,STATION_001,60.56
2026-03-06 00:45:00,STATION_001,58.75
2026-03-06 01:00:00,STATION_001,62.04
2026-03-06 01:15:00,STATION_001,61.81
2026-03-06 01:30:00,STATION_001,62.55
2026-03-06 01:45:00,STATION_001,62.3
2026-03-06 02:00:00,STATION_001,61.78
2026-03-06 02:15:00,STATION_001,61.98
2026-03-06 02:30:00,STATION_001,59.36
2026-03-06 02:45:00,STATION_001,58.96
2026-03-06 03:00:00,STATION_001,60.93
2026-03-06 03:15:00,STATION_001,65.24
2026-03-06 03:30:00,STATION_001,65.67
2026-03-06 03:45:00,STATION_001,65.71
2026-03-06 04:00:00,STATION_001,67.3
2026-03-06 04:15:00,STATION_001,68.36
2026-03-06 04:30:00,STATION_001,67.53
2026-03-06 04:45:00,STATION_001,71.25
2026-03-06 05:00:00,STATION_001,75.22
2026-03-06 05:15:00,STATION_001,75.49
2026-03-06 05:30:00,STATION_001,76.07
2026-03-06 05:45:00,STATION_001,76.75
2026-03-06 06:00:00,STATION_001,77.63
2026-03-06 06:15:00,STATION_001,77.24
2026-03-06 06:30:00,STATION_001,77.02
2026-03-06 06:45:00,STATION_001,72.94
2026-03-06 07:00:00,STATION_001,71.82
2026-03-06 07:15:00,STATION_001,74.35
2026-03-06 07:30:00,STATION_001,76.08
2026-03-06 07:45:00,STATION_001,75.82
2026-03-06 08:00:00,STATION_001,70.22
2026-03-06 08:15:00,STATION_001,73.45
2026-03-06 08:30:00,STATION_001,73.22
2026-03-06 08:45:00,STATION_001,70.93
2026-03-06 09:00:00,STATION_001,71.58
2026-03-06 09:15:00,STATION_001,72.99
2026-03-06 09:30:00,STATION_001,74.47
2026-03-06 09:45:00,STATION_001,78.44
2026-03-06 10:00:00,STATION_001,78.49
2026-03-06 10:15:00,STATION_001,77.48
2026-03-06 10:30:00,STATION_001,77.84
2026-03-06 10:45:00,STATION_001,78.21
2026-03-06 11:00:00,STATION_001,78.99
2026-03-06 11:15:00,STATION_001,81.72
2026-03-06 11:30:00,STATION_001,80.68
2026-03-06 11:45:00,STATION_001,80.43
2026-03-06 12:00:00,STATION_001,83.57
2026-03-06 12:15:00,STATION_001,86.48
2026-03-06 12:30:00,STATION_001,91.82
2026-03-06 12:45:00,STATION_001,5.0
2026-03-06 13:00:00,STATION_001,11.02
2026-03-06 13:15:00,STATION_001,10.92
2026-03-06 13:30:00,STATION_001,15.7
2026-03-06 13:45:00,STATION_001,18.91
2026-03-06 14:00:00,STATION_001,19.2
2026-03-06 14:15:00,STATION_001,20.11
2026-03-06 14:30:00,STATION_001,19.91
2026-03-06 14:45:00,STATION_001,24.28
2026-03-06 15:00:00,STATION_001,23.94
2026-03-06 15:15:00,STATION_001,23.4
2026-03-06 15:30:00,STATION_001,24.82
2026-03-06 15:45:00,STATION_001,21.04
2026-03-06 16:00:00,STATION_001,22.04
2026-03-06 16:15:00,STATION_001,22.67
2026-03-06 16:30:00,STATION_001,25.04
2026-03-06 16:45:00,STATION_001,24.51
2026-03-06 17:00:00,STATION_001,23.18
2026-03-06 17:15:00,STATION_001,23.38
2026-03-06 17:30:00,STATION_001,22.02
2026-03-06 17:45:00,STATION_001,21.86
2026-03-06 18:00:00,STATION_001,24.04
2026-03-06 18:15:00,STATION_001,25.83
2026-03-06 18:30:00,STATION_001,27.02
2026-03-06 18:45:00,STATION_001,29.97
2026-03-06 19:00:00,STATION_001,33.56
2026-03-06 19:15:00,STATION_001,39.69
2026-03-06 19:30:00,STATION_001,42.18
2026-03-06 19:45:00,STATION_001,44.46
2026-03-06 20:00:00,STATION_001,47.9
2026-03-06 20:15:00,STATION_001,55.79
2026-03-06 20:30:00,STATION_001,59.87
2026-03-06 20:45:00,STATION_001,61.98
2026-03-06 21:00:00,STATION_001,62.46
2026-03-06 21:15:00,STATION_001,64.32
2026-03-06 21:30:00,STATION_001,65.55
2026-03-06 21:45:00,STATION_001,65.46
2026-03-06 22:00:00,STATION_001,67.93
2026-03-06 22:15:00,STATION_001,74.16
2026-03-06 22:30:00,STATION_001,72.5
2026-03-06 22:45:00,STATION_001,71.99
2026-03-06 23:00:00,STATION_001,72.66
2026-03-06 23:15:00,STATION_001,74.25
2026-03-06 23:30:00,STATION_001,79.56
2026-03-06 23:45:00,STATION_001,79.59
2026-03-07 00:00:00,STATION_001,82.29
2026-03-07 00:15:00,STATION_001,84.13
2026-03-07 00:30:00,STATION_001,82.74
2026-03-07 00:45:00,STATION_001,83.1
2026-03-07 01:00:00,STATION_001,84.18
2026-03-07 01:15:00,STATION_001,83.07
2026-03-07 01:30:00,STATION_001,80.2
2026-03-07 01:45:00,STATION_001,79.72
2026-03-07 02:00:00,STATION_001,78.45
2026-03-07 02:15:00,STATION_001,76.43
2026-03-07 02:30:00,STATION_001,75.45
2026-03-07 02:45:00,STATION_001,78.71
2026-03-07 03:00:00,STATION_001,76.68
2026-03-07 03:15:00,STATION_001,78.45
2026-03-07 03:30:00,STATION_001,78.85
2026-03-07 03:45:00,STATION_001,79.52
2026-03-07 04:00:00,STATION_001,82.24
2026-03-07 04:15:00,STATION_001,83.58
2026-03-07 04:30:00,STATION_001,85.1
2026-03-07 04:45:00,STATION_001,82.4
2026-03-07 05:00:00,STATION_001,81.72
2026-03-07 05:15:00,STATION_001,86.02
2026-03-07 05:30:00,STATION_001,84.79
2026-03-07 05:45:00,STATION_001,89.37
2026-03-07 06:00:00,STATION_001,89.05
2026-03-07 06:15:00,STATION_001,87.67
2026-03-07 06:30:00,STATION_001,84.46
2026-03-07 06:45:00,STATION_001,82.15
2026-03-07 07:00:00,STATION_001,79.77
2026-03-07 07:15:00,STATION_001,77.44
2026-03-07 07:30:00,STATION_001,79.67
2026-03-07 07:45:00,STATION_001,77.8
2026-03-07 08:00:00,STATION_001,79.6
2026-03-07 08:15:00,STATION_001,80.55
2026-03-07 08:30:00,STATION_001,82.2
2026-03-07 08:45:00,STATION_001,85.59
2026-03-07 09:00:00,STATION_001,83.76
2026-03-07 09:15:00,STATION_001,81.62
2026-03-07 09:30:00,STATION_001,83.72
2026-03-07 09:45:00,STATION_001,86.97
2026-03-07 10:00:00,STATION_001,86.44
2026-03-07 10:15:00,STATION_001,85.88
2026-03-07 10:30:00,STATION_001,85.71
2026-03-07 10:45:00,STATION_001,83.82
2026-03-07 11:00:00,STATION_001,85.75
2026-03-07 11:15:00,STATION_001,90.46
2026-03-07 11:30:00,STATION_001,93.17
2026-03-07 11:45:00,STATION_001,5.0
2026-03-07 12:00:00,STATION_001,4.17
2026-03-07 12:15:00,STATION_001,4.75
2026-03-07 12:30:00,STATION_001,6.41
2026-03-07 12:45:00,STATION_001,5.74
2026-03-07 13:00:00,STATION_001,8.83
2026-03-07 13:15:00,STATION_001,11.46
2026-03-07 13:30:00,STATION_001,15.79
2026-03-07 13:45:00,STATION_001,18.0
2026-03-07 14:00:00,STATION_001,18.71
2026-03-07 14:15:00,STATION_001,22.85
2026-03-07 14:30:00,STATION_001,26.37
2026-03-07 14:45:00,STATION_001,26.81
2026-03-07 15:00:00,STATION_001,31.48
2026-03-07 15:15:00,STATION_001,31.58
2026-03-07 15:30:00,STATION_001,30.93
2026-03-07 15:45:00,STATION_001,28.92
2026-03-07 16:00:00,STATION_001,32.14
2026-03-07 16:15:00,STATION_001,33.45
2026-03-07 16:30:00,STATION_001,34.11
2026-03-07 16:45:00,STATION_001,37.72
2026-03-07 17:00:00,STATION_001,41.85
2026-03-07 17:15:00,STATION_001,44.63
2026-03-07 17:30:00,STATION_001,41.85
2026-03-07 17:45:00,STATION_001,44.37
2026-03-07 18:00:00,STATION_001,43.12
2026-03-07 18:15:00,STATION_001,41.56
2026-03-07 18:30:00,STATION_001,44.91
2026-03-07 18:45:00,STATION_001,46.37
2026-03-07 19:00:00,STATION_001,47.13
2026-03-07 19:15:00,STATION_001,50.82
2026-03-07 19:30:00,STATION_001,52.45
2026-03-07 19:45:00,STATION_001,58.05
2026-03-07 20:00:00,STATION_001,60.98
2026-03-07 20:15:00,STATION_001,62.07
2026-03-07 20:30:00,STATION_001,64.69
2026-03-07 20:45:00,STATION_001,63.36
2026-03-07 21:00:00,STATION_001,63.69
2026-03-07 21:15:00,STATION_001,62.33
2026-03-07 21:30:00,STATION_001,62.48
2026-03-07 21:45:00,STATION_001,65.49
2026-03-07 22:00:00,STATION_001,64.73
2026-03-07 22:15:00,STATION_001,65.29
2026-03-07 22:30:00,STATION_001,65.87
2026-03-07 22:45:00,STATION_001,62.64
2026-03-07 23:00:00,STATION_001,58.97
2026-03-07 23:15:00,STATION_001,62.79
2026-03-07 23:30:00,STATION_001,66.72
2026-03-07 23:45:00,STATION_001,65.38
2026-03-08 00:00:00,STATION_001,68.34
2026-03-08 00:15:00,STATION_001,69.87
2026-03-08 00:30:00,STATION_001,71.72
2026-03-08 00:45:00,STATION_001,71.34
2026-03-08 01:00:00,STATION_001,73.94
2026-03-08 01:15:00,STATION_001,77.66
2026-03-08 01:30:00,STATION_001,77.63
2026-03-08 01:45:00,STATION_001,78.13
2026-03-08 02:00:00,STATION_001,76.17
2026-03-08 02:15:00,STATION_001,78.01
2026-03-08 02:30:00,STATION_001,79.2
2026-03-08 02:45:00,STATION_001,82.3
2026-03-08 03:00:00,STATION_001,82.8
2026-03-08 03:15:00,STATION_001,82.29
2026-03-08 03:30:00,STATION_001,80.57
2026-03-08 03:45:00,STATION_001,83.18
2026-03-08 04:00:00,STATION_001,80.79
2026-03-08 04:15:00,STATION_001,80.1
2026-03-08 04:30:00,STATION_001,81.72
2026-03-08 04:45:00,STATION_001,82.87
2026-03-08 05:00:00,STATION_001,82.48
2026-03-08 05:15:00,STATION_001,82.49
2026-03-08 05:30:00,STATION_001,83.96
2026-03-08 05:45:00,STATION_001,85.2
2026-03-08 06:00:00,STATION_001,85.15
2026-03-08 06:15:00,STATION_001,88.21
2026-03-08 06:30:00,STATION_001,91.98
2026-03-08 06:45:00,STATION_001,93.39
2026-03-08 07:00:00,STATION_001,92.3
2026-03-08 07:15:00,STATION_001,5.0
2026-03-08 07:30:00,STATION_001,1.38
2026-03-08 07:45:00,STATION_001,2.65
2026-03-08 08:00:00,STATION_001,4.19
2026-03-08 08:15:00,STATION_001,2.31
2026-03-08 08:30:00,STATION_001,4.7
2026-03-08 08:45:00,STATION_001,7.26
2026-03-08 09:00:00,STATION_001,6.89
2026-03-08 09:15:00,STATION_001,8.56
2026-03-08 09:30:00,STATION_001,11.13
2026-03-08 09:45:00,STATION_001,10.16
2026-03-08 10:00:00,STATION_001,10.72
2026-03-08 10:15:00,STATION_001,10.36
2026-03-08 10:30:00,STATION_001,10.17
2026-03-08 10:45:00,STATION_001,10.15
2026-03-08 11:00:00,STATION_001,10.39
2026-03-08 11:15:00,STATION_001,14.26
2026-03-08 11:30:00,STATION_001,13.12
2026-03-08 11:45:00,STATION_001,12.71
2026-03-08 12:00:00,STATION_001,15.51
2026-03-08 12:15:00,STATION_001,18.21
2026-03-08 12:30:00,STATION_001,19.2
2026-03-08 12:45:00,STATION_001,22.79
2026-03-08 13:00:00,STATION_001,27.38
2026-03-08 13:15:00,STATION_001,28.98
2026-03-08 13:30:00,STATION_001,30.84
2026-03-08 13:45:00,STATION_001,32.75
2026-03-08 14:00:00,STATION_001,31.36
2026-03-08 14:15:00,STATION_001,33.04
2026-03-08 14:30:00,STATION_001,35.41
2026-03-08 14:45:00,STATION_001,38.95
2026-03-08 15:00:00,STATION_001,39.76
2026-03-08 15:15:00,STATION_001,40.24
2026-03-08 15:30:00,STATION_001,41.24
2026-03-08 15:45:00,STATION_001,41.87
2026-03-08 16:00:00,STATION_001,44.6
2026-03-08 16:15:00,STATION_001,46.01
2026-03-08 16:30:00,STATION_001,48.04
2026-03-08 16:45:00,STATION_001,50.14
2026-03-08 17:00:00,STATION_001,51.13
2026-03-08 17:15:00,STATION_001,49.78
2026-03-08 17:30:00,STATION_001,51.3
2026-03-08 17:45:00,STATION_001,53.86
2026-03-08 18:00:00,STATION_001,55.44
2026-03-08 18:15:00,STATION_001,55.49
2026-03-08 18:30:00,STATION_001,57.52
2026-03-08 18:45:00,STATION_001,58.3
2026-03-08 19:00:00,STATION_001,60.07
2026-03-08 19:15:00,STATION_001,62.14
2026-03-08 19:30:00,STATION_001,63.62
2026-03-08 19:45:00,STATION_001,61.97
2026-03-08 20:00:00,STATION_001,64.99
2026-03-08 20:15:00,STATION_001,66.11
2026-03-08 20:30:00,STATION_001,69.29
2026-03-08 20:45:00,STATION_001,71.17
2026-03-08 21:00:00,STATION_001,71.59
2026-03-08 21:15:00,STATION_001,71.05
2026-03-08 21:30:00,STATION_001,70.79
2026-03-08 21:45:00,STATION_001,67.59
2026-03-08 22:00:00,STATION_001,64.3
2026-03-08 22:15:00,STATION_001,65.56
2026-03-08 22:30:00,STATION_001,65.61
2026-03-08 22:45:00,STATION_001,64.55
2026-03-08 23:00:00,STATION_001,66.7
2026-03-08 23:15:00,STATION_001,69.79
2026-03-08 23:30:00,STATION_001,69.96
2026-03-08 23:45:00,STATION_001,70.12
2026-03-09 00:00:00,STATION_001,69.23
2026-03-09 00:15:00,STATION_001,72.44
2026-03-09 00:30:00,STATION_001,76.62
2026-03-09 00:45:00,STATION_001,77.34
2026-03-09 01:00:00,STATION_001,78.72
2026-03-09 01:15:00,STATION_001,80.61
2026-03-09 01:30:00,STATION_001,81.58
2026-03-09 01:45:00,STATION_001,81.37
2026-03-09 02:00:00,STATION_001,82.04
2026-03-09 02:15:00,STATION_001,83.27
2026-03-09 02:30:00,STATION_001,83.97
2026-03-09 02:45:00,STATION_001,82.52
2026-03-09 03:00:00,STATION_001,82.55
2026-03-09 03:15:00,STATION_001,84.88
2026-03-09 03:30:00,STATION_001,84.26
2026-03-09 03:45:00,STATION_001,81.98
2026-03-09 04:00:00,STATION_001,78.35
2026-03-09 04:15:00,STATION_001,79.13
2026-03-09 04:30:00,STATION_001,79.05
2026-03-09 04:45:00,STATION_001,79.25
2026-03-09 05:00:00,STATION_001,76.44
2026-03-09 05:15:00,STATION_001,78.73
2026-03-09 05:30:00,STATION_001,81.02
2026-03-09 05:45:00,STATION_001,82.61
2026-03-09 06:00:00,STATION_001,81.37
2026-03-09 06:15:00,STATION_001,83.3
2026-03-09 06:30:00,STATION_001,86.93
2026-03-09 06:45:00,STATION_001,88.66
2026-03-09 07:00:00,STATION_001,87.09
2026-03-09 07:15:00,STATION_001,91.18
2026-03-09 07:30:00,STATION_001,91.88
2026-03-09 07:45:00,STATION_001,92.01
2026-03-09 08:00:00,STATION_001,89.08
2026-03-09 08:15:00,STATION_001,90.94
2026-03-09 08:30:00,STATION_001,91.51
2026-03-09 08:45:00,STATION_001,89.82
2026-03-09 09:00:00,STATION_001,93.39
2026-03-09 09:15:00,STATION_001,94.62
2026-03-09 09:30:00,STATION_001,93.79
2026-03-09 09:45:00,STATION_001,94.66
2026-03-09 10:00:00,STATION_001,5.0
2026-03-09 10:15:00,STATION_001,4.39
2026-03-09 10:30:00,STATION_001,1.67
2026-03-09 10:45:00,STATION_001,1.31
2026-03-09 11:00:00,STATION_001,0.0
2026-03-09 11:15:00,STATION_001,0.38
2026-03-09 11:30:00,STATION_001,2.67
2026-03-09 11:45:00,STATION_001,1.63
2026-03-09 12:00:00,STATION_001,5.8
2026-03-09 12:15:00,STATION_001,8.83
2026-03-09 12:30:00,STATION_001,13.22
2026-03-09 12:45:00,STATION_001,16.73
2026-03-09 13:00:00,STATION_001,21.49
2026-03-09 13:15:00,STATION_001,21.62
2026-03-09 13:30:00,STATION_001,25.73
2026-03-09 13:45:00,STATION_001,30.41
2026-03-09 14:00:00,STATION_001,32.68
2026-03-09 14:15:00,STATION_001,32.88
2026-03-09 14:30:00,STATION_001,29.9
2026-03-09 14:45:00,STATION_001,30.73
2026-03-09 15:00:00,STATION_001,32.12
2026-03-09 15:15:00,STATION_001,34.31
2026-03-09 15:30:00,STATION_001,32.89
2026-03-09 15:45:00,STATION_001,31.3
2026-03-09 16:00:00,STATION_001,32.41
2026-03-09 16:15:00,STATION_001,35.24
2026-03-09 16:30:00,STATION_001,37.1
2026-03-09 16:45:00,STATION_001,34.52
2026-03-09 17:00:00,STATION_001,36.84
2026-03-09 17:15:00,STATION_001,36.56
2026-03-09 17:30:00,STATION_001,36.61
2026-03-09 17:45:00,STATION_001,36.02
2026-03-09 18:00:00,STATION_001,42.18
2026-03-09 18:15:00,STATION_001,44.05
2026-03-09 18:30:00,STATION_001,46.12
2026-03-09 18:45:00,STATION_001,52.85
2026-03-09 19:00:00,STATION_001,60.34
2026-03-09 19:15:00,STATION_001,63.51
2026-03-09 19:30:00,STATION_001,67.35
2026-03-09 19:45:00,STATION_001,69.94
2026-03-09 20:00:00,STATION_001,72.72
2026-03-09 20:15:00,STATION_001,77.25
2026-03-09 20:30:00,STATION_001,82.5
2026-03-09 20:45:00,STATION_001,81.05
2026-03-09 21:00:00,STATION_001,81.77
2026-03-09 21:15:00,STATION_001,85.82
2026-03-09 21:30:00,STATION_001,88.18
2026-03-09 21:45:00,STATION_001,88.84
2026-03-09 22:00:00,STATION_001,90.67
2026-03-09 22:15:00,STATION_001,91.28
2026-03-09 22:30:00,STATION_001,93.45
2026-03-09 22:45:00,STATION_001,89.52
2026-03-09 23:00:00,STATION_001,91.04
2026-03-09 23:15:00,STATION_001,94.96
2026-03-09 23:30:00,STATION_001,5.0
2026-03-09 23:45:00,STATION_001,2.31
2026-03-10 00:00:00,STATION_001,3.32
2026-03-10 00:15:00,STATION_001,3.58
2026-03-10 00:30:00,STATION_001,1.83
2026-03-10 00:45:00,STATION_001,6.99
2026-03-10 01:00:00,STATION_001,7.74
2026-03-10 01:15:00,STATION_001,10.09
2026-03-10 01:30:00,STATION_001,14.06
2026-03-10 01:45:00,STATION_001,16.76
2026-03-10 02:00:00,STATION_001,16.61
2026-03-10 02:15:00,STATION_001,14.93
2026-03-10 02:30:00,STATION_001,10.32
2026-03-10 02:45:00,STATION_001,11.89
2026-03-10 03:00:00,STATION_001,10.65
2026-03-10 03:15:00,STATION_001,12.74
2026-03-10 03:30:00,STATION_001,8.89
2026-03-10 03:45:00,STATION_001,4.72
2026-03-10 04:00:00,STATION_001,5.49
2026-03-10 04:15:00,STATION_001,5.52
2026-03-10 04:30:00,STATION_001,9.43
2026-03-10 04:45:00,STATION_001,9.56
2026-03-10 05:00:00,STATION_001,15.29
2026-03-10 05:15:00,STATION_001,18.36
2026-03-10 05:30:00,STATION_001,21.1
2026-03-10 05:45:00,STATION_001,20.31
2026-03-10 06:00:00,STATION_001,22.43
2026-03-10 06:15:00,STATION_001,22.97
2026-03-10 06:30:00,STATION_001,21.96
2026-03-10 06:45:00,STATION_001,23.38
2026-03-10 07:00:00,STATION_001,19.83
2026-03-10 07:15:00,STATION_001,21.47
2026-03-10 07:30:00,STATION_001,17.49
2026-03-10 07:45:00,STATION_001,15.06
2026-03-10 08:00:00,STATION_001,13.85
2026-03-10 08:15:00,STATION_001,17.05
2026-03-10 08:30:00,STATION_001,19.99
2026-03-10 08:45:00,STATION_001,18.53
2026-03-10 09:00:00,STATION_001,17.26
2026-03-10 09:15:00,STATION_001,20.42
2026-03-10 09:30:00,STATION_001,22.75
2026-03-10 09:45:00,STATION_001,21.35
2026-03-10 10:00:00,STATION_001,20.91
2026-03-10 10:15:00,STATION_001,23.91
2026-03-10 10:30:00,STATION_001,24.63
2026-03-10 10:45:00,STATION_001,27.56
2026-03-10 11:00:00,STATION_001,28.21
2026-03-10 11:15:00,STATION_001,27.96
2026-03-10 11:30:00,STATION_001,28.82
2026-03-10 11:45:00,STATION_001,29.02
2026-03-10 12:00:00,STATION_001,31.85
2026-03-10 12:15:00,STATION_001,31.78
2026-03-10 12:30:00,STATION_001,36.59
2026-03-10 12:45:00,STATION_001,41.73
2026-03-10 13:00:00,STATION_001,44.44
2026-03-10 13:15:00,STATION_001,51.27
2026-03-10 13:30:00,STATION_001,50.72
2026-03-10 13:45:00,STATION_001,53.35
2026-03-10 14:00:00,STATION_001,52.3
2026-03-10 14:15:00,STATION_001,53.46
2026-03-10 14:30:00,STATION_001,54.7
2026-03-10 14:45:00,STATION_001,51.29
2026-03-10 15:00:00,STATION_001,49.6
2026-03-10 15:15:00,STATION_001,49.86
2026-03-10 15:30:00,STATION_001,46.86
2026-03-10 15:45:00,STATION_001,50.91
2026-03-10 16:00:00,STATION_001,50.59
2026-03-10 16:15:00,STATION_001,54.38
2026-03-10 16:30:00,STATION_001,53.38
2026-03-10 16:45:00,STATION_001,54.05
2026-03-10 17:00:00,STATION_001,53.99
2026-03-10 17:15:00,STATION_001,55.1
2026-03-10 17:30:00,STATION_001,53.59
2026-03-10 17:45:00,STATION_001,52.24
2026-03-10 18:00:00,STATION_001,56.18
2026-03-10 18:15:00,STATION_001,57.32
2026-03-10 18:30:00,STATION_001,61.8
2026-03-10 18:45:00,STATION_001,64.98
2026-03-10 19:00:00,STATION_001,65.24
2026-03-10 19:15:00,STATION_001,69.15
2026-03-10 19:30:00,STATION_001,71.36
2026-03-10 19:45:00,STATION_001,75.69
2026-03-10 20:00:00,STATION_001,77.69
2026-03-10 20:15:00,STATION_001,84.25
2026-03-10 20:30:00,STATION_001,86.47
2026-03-10 20:45:00,STATION_001,91.43
2026-03-10 21:00:00,STATION_001,90.02
2026-03-10 21:15:00,STATION_001,92.94
2026-03-10 21:30:00,STATION_001,91.84
2026-03-10 21:45:00,STATION_001,91.56
2026-03-10 22:00:00,STATION_001,92.05
2026-03-10 22:15:00,STATION_001,93.02
2026-03-10 22:30:00,STATION_001,94.94
2026-03-10 22:45:00,STATION_001,5.0
2026-03-10 23:00:00,STATION_001,5.46
2026-03-10 23:15:00,STATION_001,5.94
2026-03-10 23:30:00,STATION_001,9.04
2026-03-10 23:45:00,STATION_001,11.92
2026-03-11 00:00:00,STATION_001,11.24
2026-03-11 00:15:00,STATION_001,8.58
2026-03-11 00:30:00,STATION_001,7.85
2026-03-11 00:45:00,STATION_001,8.63
2026-03-11 01:00:00,STATION_001,5.1
2026-03-11 01:15:00,STATION_001,7.49
2026-03-11 01:30:00,STATION_001,10.13
2026-03-11 01:45:00,STATION_001,10.21
2026-03-11 02:00:00,STATION_001,9.0
2026-03-11 02:15:00,STATION_001,6.6
2026-03-11 02:30:00,STATION_001,7.75
2026-03-11 02:45:00,STATION_001,9.92
2026-03-11 03:00:00,STATION_001,6.67
2026-03-11 03:15:00,STATION_001,8.11
2026-03-11 03:30:00,STATION_001,8.59
2026-03-11 03:45:00,STATION_001,7.64
2026-03-11 04:00:00,STATION_001,9.26
2026-03-11 04:15:00,STATION_001,7.33
2026-03-11 04:30:00,STATION_001,5.93
2026-03-11 04:45:00,STATION_001,6.22
2026-03-11 05:00:00,STATION_001,3.24
2026-03-11 05:15:00,STATION_001,1.54
2026-03-11 05:30:00,STATION_001,0.79
2026-03-11 05:45:00,STATION_001,0.0
2026-03-11 06:00:00,STATION_001,0.0
2026-03-11 06:15:00,STATION_001,0.0
2026-03-11 06:30:00,STATION_001,0.6
2026-03-11 06:45:00,STATION_001,3.0
2026-03-11 07:00:00,STATION_001,2.68
2026-03-11 07:15:00,STATION_001,4.54
2026-03-11 07:30:00,STATION_001,4.85
2026-03-11 07:45:00,STATION_001,6.15
2026-03-11 08:00:00,STATION_001,5.66
2026-03-11 08:15:00,STATION_001,7.6
2026-03-11 08:30:00,STATION_001,5.08
2026-03-11 08:45:00,STATION_001,7.11
2026-03-11 09:00:00,STATION_001,10.09
2026-03-11 09:15:00,STATION_001,7.06
2026-03-11 09:30:00,STATION_001,11.97
2026-03-11 09:45:00,STATION_001,13.79
2026-03-11 10:00:00,STATION_001,15.43
2026-03-11 10:15:00,STATION_001,16.64
2026-03-11 10:30:00,STATION_001,17.23
2026-03-11 10:45:00,STATION_001,19.89
2026-03-11 11:00:00,STATION_001,21.49
2026-03-11 11:15:00,STATION_001,23.19
2026-03-11 11:30:00,STATION_001,22.6
2026-03-11 11:45:00,STATION_001,21.24
2026-03-11 12:00:00,STATION_001,26.14
2026-03-11 12:15:00,STATION_001,29.7
2026-03-11 12:30:00,STATION_001,34.02
2026-03-11 12:45:00,STATION_001,36.4
2026-03-11 13:00:00,STATION_001,39.24
2026-03-11 13:15:00,STATION_001,42.32
2026-03-11 13:30:00,STATION_001,46.63
2026-03-11 13:45:00,STATION_001,49.02
2026-03-11 14:00:00,STATION_001,50.13
2026-03-11 14:15:00,STATION_001,53.08
2026-03-11 14:30:00,STATION_001,53.12
2026-03-11 14:45:00,STATION_001,53.54
2026-03-11 15:00:00,STATION_001,53.03
2026-03-11 15:15:00,STATION_001,51.34
2026-03-11 15:30:00,STATION_001,50.96
2026-03-11 15:45:00,STATION_001,53.07
2026-03-11 16:00:00,STATION_001,54.48
2026-03-11 16:15:00,STATION_001,52.0
2026-03-11 16:30:00,STATION_001,50.68
2026-03-11 16:45:00,STATION_001,53.4
2026-03-11 17:00:00,STATION_001,54.81
2026-03-11 17:15:00,STATION_001,55.7
2026-03-11 17:30:00,STATION_001,60.96
2026-03-11 17:45:00,STATION_001,60.18
2026-03-11 18:00:00,STATION_001,64.47
2026-03-11 18:15:00,STATION_001,66.05
2026-03-11 18:30:00,STATION_001,69.67
2026-03-11 18:45:00,STATION_001,67.77
2026-03-11 19:00:00,STATION_001,74.88
2026-03-11 19:15:00,STATION_001,78.68
2026-03-11 19:30:00,STATION_001,82.5
2026-03-11 19:45:00,STATION_001,91.8
2026-03-11 20:00:00,STATION_001,94.94
2026-03-11 20:15:00,STATION_001,5.0
2026-03-11 20:30:00,STATION_001,6.52
2026-03-11 20:45:00,STATION_001,10.38
2026-03-11 21:00:00,STATION_001,12.23
2026-03-11 21:15:00,STATION_001,10.64
2026-03-11 21:30:00,STATION_001,11.85
2026-03-11 21:45:00,STATION_001,9.66
2026-03-11 22:00:00,STATION_001,11.69
2026-03-11 22:15:00,STATION_001,12.65
2026-03-11 22:30:00,STATION_001,15.22
2026-03-11 22:45:00,STATION_001,16.16
2026-03-11 23:00:00,STATION_001,15.65
2026-03-11 23:15:00,STATION_001,16.11
2026-03-11 23:30:00,STATION_001,13.57
2026-03-11 23:45:00,STATION_001,15.08
2026-03-12 00:00:00,STATION_001,15.58
2026-03-12 00:15:00,STATION_001,16.79
2026-03-12 00:30:00,STATION_001,17.14
2026-03-12 00:45:00,STATION_001,17.45
2026-03-12 01:00:00,STATION_001,20.71
2026-03-12 01:15:00,STATION_001,25.78
2026-03-12 01:30:00,STATION_001,28.33
2026-03-12 01:45:00,STATION_001,24.43
2026-03-12 02:00:00,STATION_001,24.95
2026-03-12 02:15:00,STATION_001,27.24
2026-03-12 02:30:00,STATION_001,29.19
2026-03-12 02:45:00,STATION_001,26.85
2026-03-12 03:00:00,STATION_001,29.35
2026-03-12 03:15:00,STATION_001,27.97
2026-03-12 03:30:00,STATION_001,30.61
2026-03-12 03:45:00,STATION_001,31.38
2026-03-12 04:00:00,STATION_001,31.7
2026-03-12 04:15:00,STATION_001,31.13
2026-03-12 04:30:00,STATION_001,34.39
2026-03-12 04:45:00,STATION_001,34.15
2026-03-12 05:00:00,STATION_001,36.11
2026-03-12 05:15:00,STATION_001,37.17
2026-03-12 05:30:00,STATION_001,38.44
2026-03-12 05:45:00,STATION_001,40.78
2026-03-12 06:00:00,STATION_001,43.14
2026-03-12 06:15:00,STATION_001,42.26
2026-03-12 06:30:00,STATION_001,44.36
2026-03-12 06:45:00,STATION_001,38.93
2026-03-12 07:00:00,STATION_001,40.34
2026-03-12 07:15:00,STATION_001,40.97
2026-03-12 07:30:00,STATION_001,41.41
2026-03-12 07:45:00,STATION_001,39.97
2026-03-12 08:00:00,STATION_001,40.49
2026-03-12 08:15:00,STATION_001,38.69
2026-03-12 08:30:00,STATION_001,38.69
2026-03-12 08:45:00,STATION_001,32.01
2026-03-12 09:00:00,STATION_001,33.8
2026-03-12 09:15:00,STATION_001,34.46
2026-03-12 09:30:00,STATION_001,32.48
2026-03-12 09:45:00,STATION_001,33.11
2026-03-12 10:00:00,STATION_001,35.06
2026-03-12 10:15:00,STATION_001,33.22
2026-03-12 10:30:00,STATION_001,33.5
2026-03-12 10:45:00,STATION_001,38.08
2026-03-12 11:00:00,STATION_001,35.35
2026-03-12 11:15:00,STATION_001,35.8
2026-03-12 11:30:00,STATION_001,36.78
2026-03-12 11:45:00,STATION_001,35.89
2026-03-12 12:00:00,STATION_001,41.66
2026-03-12 12:15:00,STATION_001,43.3
2026-03-12 12:30:00,STATION_001,41.65
2026-03-12 12:45:00,STATION_001,47.08
2026-03-12 13:00:00,STATION_001,49.68
2026-03-12 13:15:00,STATION_001,54.09
2026-03-12 13:30:00,STATION_001,57.02
2026-03-12 13:45:00,STATION_001,60.95
2026-03-12 14:00:00,STATION_001,63.41
2026-03-12 14:15:00,STATION_001,65.93
2026-03-12 14:30:00,STATION_001,69.65
2026-03-12 14:45:00,STATION_001,67.77
2026-03-12 15:00:00,STATION_001,68.78
2026-03-12 15:15:00,STATION_001,69.39
2026-03-12 15:30:00,STATION_001,66.7
2026-03-12 15:45:00,STATION_001,68.09
2026-03-12 16:00:00,STATION_001,68.91
2026-03-12 16:15:00,STATION_001,68.53
2026-03-12 16:30:00,STATION_001,68.06
2026-03-12 16:45:00,STATION_001,66.46
2026-03-12 17:00:00,STATION_001,70.77
2026-03-12 17:15:00,STATION_001,69.78
2026-03-12 17:30:00,STATION_001,69.37
2026-03-12 17:45:00,STATION_001,70.46
2026-03-12 18:00:00,STATION_001,73.5
2026-03-12 18:15:00,STATION_001,75.88
2026-03-12 18:30:00,STATION_001,81.75
2026-03-12 18:45:00,STATION_001,87.49
2026-03-12 19:00:00,STATION_001,90.3
2026-03-12 19:15:00,STATION_001,91.87
2026-03-12 19:30:00,STATION_001,5.0
2026-03-12 19:45:00,STATION_001,9.57
2026-03-12 20:00:00,STATION_001,11.09
2026-03-12 20:15:00,STATION_001,16.99
2026-03-12 20:30:00,STATION_001,18.66
2026-03-12 20:45:00,STATION_001,21.08
2026-03-12 21:00:00,STATION_001,20.66
2026-03-12 21:15:00,STATION_001,18.98
2026-03-12 21:30:00,STATION_001,20.66
2026-03-12 21:45:00,STATION_001,22.17
2026-03-12 22:00:00,STATION_001,21.04
2026-03-12 22:15:00,STATION_001,23.34
2026-03-12 22:30:00,STATION_001,22.65
2026-03-12 22:45:00,STATION_001,23.07
2026-03-12 23:00:00,STATION_001,24.9
2026-03-12 23:15:00,STATION_001,22.52
2026-03-12 23:30:00,STATION_001,21.49
2026-03-12 23:45:00,STATION_001,22.94
2026-03-13 00:00:00,STATION_001,23.48
2026-03-13 00:15:00,STATION_001,23.14
2026-03-13 00:30:00,STATION_001,21.65
2026-03-13 00:45:00,STATION_001,19.71
2026-03-13 01:00:00,STATION_001,21.6
2026-03-13 01:15:00,STATION_001,22.9
2026-03-13 01:30:00,STATION_001,23.49
2026-03-13 01:45:00,STATION_001,25.85
2026-03-13 02:00:00,STATION_001,24.32
2026-03-13 02:15:00,STATION_001,23.31
2026-03-13 02:30:00,STATION_001,23.9
2026-03-13 02:45:00,STATION_001,24.68
2026-03-13 03:00:00,STATION_001,25.83
2026-03-13 03:15:00,STATION_001,28.91
2026-03-13 03:30:00,STATION_001,28.63
2026-03-13 03:45:00,STATION_001,29.32
2026-03-13 04:00:00,STATION_001,30.22
2026-03-13 04:15:00,STATION_001,28.84
2026-03-13 04:30:00,STATION_001,27.65
2026-03-13 04:45:00,STATION_001,28.72
2026-03-13 05:00:00,STATION_001,29.66
2026-03-13 05:15:00,STATION_001,31.56
2026-03-13 05:30:00,STATION_001,31.86
2026-03-13 05:45:00,STATION_001,32.65
2026-03-13 06:00:00,STATION_001,34.05
2026-03-13 06:15:00,STATION_001,37.84
2026-03-13 06:30:00,STATION_001,36.74
2026-03-13 06:45:00,STATION_001,37.51
2026-03-13 07:00:00,STATION_001,40.58
2026-03-13 07:15:00,STATION_001,40.14
2026-03-13 07:30:00,STATION_001,42.11
2026-03-13 07:45:00,STATION_001,45.29
2026-03-13 08:00:00,STATION_001,47.22
2026-03-13 08:15:00,STATION_001,47.27
2026-03-13 08:30:00,STATION_001,49.33
2026-03-13 08:45:00,STATION_001,50.33
2026-03-13 09:00:00,STATION_001,53.54
2026-03-13 09:15:00,STATION_001,53.36
2026-03-13 09:30:00,STATION_001,52.56
2026-03-13 09:45:00,STATION_001,54.71
2026-03-13 10:00:00,STATION_001,53.72
2026-03-13 10:15:00,STATION_001,55.81
2026-03-13 10:30:00,STATION_001,57.53
2026-03-13 10:45:00,STATION_001,58.75
2026-03-13 11:00:00,STATION_001,60.08
2026-03-13 11:15:00,STATION_001,61.29
2026-03-13 11:30:00,STATION_001,62.95
2026-03-13 11:45:00,STATION_001,68.03
2026-03-13 12:00:00,STATION_001,71.95
2026-03-13 12:15:00,STATION_001,73.3
2026-03-13 12:30:00,STATION_001,80.29
2026-03-13 12:45:00,STATION_001,82.3
2026-03-13 13:00:00,STATION_001,86.12
2026-03-13 13:15:00,STATION_001,86.71
2026-03-13 13:30:00,STATION_001,85.67
2026-03-13 13:45:00,STATION_001,90.09
2026-03-13 14:00:00,STATION_001,89.71
2026-03-13 14:15:00,STATION_001,92.41
2026-03-13 14:30:00,STATION_001,93.33
2026-03-13 14:45:00,STATION_001,5.0
2026-03-13 15:00:00,STATION_001,6.87
2026-03-13 15:15:00,STATION_001,6.14
2026-03-13 15:30:00,STATION_001,7.25
2026-03-13 15:45:00,STATION_001,6.96
2026-03-13 16:00:00,STATION_001,6.86
2026-03-13 16:15:00,STATION_001,10.14
2026-03-13 16:30:00,STATION_001,9.31
2026-03-13 16:45:00,STATION_001,12.0
2026-03-13 17:00:00,STATION_001,12.17
2026-03-13 17:15:00,STATION_001,11.7
2026-03-13 17:30:00,STATION_001,11.4
2026-03-13 17:45:00,STATION_001,13.8
2026-03-13 18:00:00,STATION_001,15.73
2026-03-13 18:15:00,STATION_001,15.92
2026-03-13 18:30:00,STATION_001,18.95
2026-03-13 18:45:00,STATION_001,25.0
2026-03-13 19:00:00,STATION_001,25.98
2026-03-13 19:15:00,STATION_001,23.99
2026-03-13 19:30:00,STATION_001,27.17
2026-03-13 19:45:00,STATION_001,29.92
2026-03-13 20:00:00,STATION_001,36.26
2026-03-13 20:15:00,STATION_001,40.47
2026-03-13 20:30:00,STATION_001,44.79
2026-03-13 20:45:00,STATION_001,47.97
2026-03-13 21:00:00,STATION_001,49.13
2026-03-13 21:15:00,STATION_001,50.15
2026-03-13 21:30:00,STATION_001,50.1
2026-03-13 21:45:00,STATION_001,50.61
2026-03-13 22:00:00,STATION_001,48.49
2026-03-13 22:15:00,STATION_001,46.47
2026-03-13 22:30:00,STATION_001,48.33
2026-03-13 22:45:00,STATION_001,47.76
2026-03-13 23:00:00,STATION_001,46.5
2026-03-13 23:15:00,STATION_001,46.36
2026-03-13 23:30:00,STATION_001,43.18
2026-03-13 23:45:00,STATION_001,42.15
2026-03-14 00:00:00,STATION_001,41.66
2026-03-14 00:15:00,STATION_001,44.77
2026-03-14 00:30:00,STATION_001,46.71
2026-03-14 00:45:00,STATION_001,49.6
2026-03-14 01:00:00,STATION_001,46.85
2026-03-14 01:15:00,STATION_001,46.63
2026-03-14 01:30:00,STATION_001,48.86
2026-03-14 01:45:00,STATION_001,47.46
2026-03-14 02:00:00,STATION_001,49.79
2026-03-14 02:15:00,STATION_001,46.94
2026-03-14 02:30:00,STATION_001,48.05
2026-03-14 02:45:00,STATION_001,51.13
2026-03-14 03:00:00,STATION_001,50.65
2026-03-14 03:15:00,STATION_001,52.34
2026-03-14 03:30:00,STATION_001,54.86
2026-03-14 03:45:00,STATION_001,55.42
2026-03-14 04:00:00,STATION_001,55.35
2026-03-14 04:15:00,STATION_001,56.7
2026-03-14 04:30:00,STATION_001,55.01
2026-03-14 04:45:00,STATION_001,59.41
2026-03-14 05:00:00,STATION_001,62.05
2026-03-14 05:15:00,STATION_001,62.11
2026-03-14 05:30:00,STATION_001,63.91
2026-03-14 05:45:00,STATION_001,67.58
2026-03-14 06:00:00,STATION_001,66.25
2026-03-14 06:15:00,STATION_001,68.66
2026-03-14 06:30:00,STATION_001,70.17
2026-03-14 06:45:00,STATION_001,74.6
2026-03-14 07:00:00,STATION_001,75.37
2026-03-14 07:15:00,STATION_001,74.74
2026-03-14 07:30:00,STATION_001,72.2
2026-03-14 07:45:00,STATION_001,73.63
2026-03-14 08:00:00,STATION_001,76.93
2026-03-14 08:15:00,STATION_001,77.73
2026-03-14 08:30:00,STATION_001,80.54
2026-03-14 08:45:00,STATION_001,81.03
2026-03-14 09:00:00,STATION_001,81.04
2026-03-14 09:15:00,STATION_001,78.77
2026-03-14 09:30:00,STATION_001,78.5
2026-03-14 09:45:00,STATION_001,80.96
2026-03-14 10:00:00,STATION_001,81.78
2026-03-14 10:15:00,STATION_001,81.35
2026-03-14 10:30:00,STATION_001,78.65
2026-03-14 10:45:00,STATION_001,78.71
2026-03-14 11:00:00,STATION_001,82.05
2026-03-14 11:15:00,STATION_001,85.93
2026-03-14 11:30:00,STATION_001,89.19
2026-03-14 11:45:00,STATION_001,91.73
2026-03-14 12:00:00,STATION_001,5.0
2026-03-14 12:15:00,STATION_001,8.23
2026-03-14 12:30:00,STATION_001,8.86
2026-03-14 12:45:00,STATION_001,10.09
2026-03-14 13:00:00,STATION_001,14.88
2026-03-14 13:15:00,STATION_001,16.6
2026-03-14 13:30:00,STATION_001,15.19
2026-03-14 13:45:00,STATION_001,14.11
2026-03-14 14:00:00,STATION_001,17.11
2026-03-14 14:15:00,STATION_001,17.51
2026-03-14 14:30:00,STATION_001,17.34
2026-03-14 14:45:00,STATION_001,20.95
2026-03-14 15:00:00,STATION_001,19.47
2026-03-14 15:15:00,STATION_001,19.95
2026-03-14 15:30:00,STATION_001,21.91
2026-03-14 15:45:00,STATION_001,25.8
2026-03-14 16:00:00,STATION_001,26.29
2026-03-14 16:15:00,STATION_001,30.1
2026-03-14 16:30:00,STATION_001,31.49
2026-03-14 16:45:00,STATION_001,34.31
2026-03-14 17:00:00,STATION_001,35.91
2026-03-14 17:15:00,STATION_001,35.08
2026-03-14 17:30:00,STATION_001,35.45
2026-03-14 17:45:00,STATION_001,33.98
2026-03-14 18:00:00,STATION_001,32.79
2026-03-14 18:15:00,STATION_001,33.41
2026-03-14 18:30:00,STATION_001,36.04
2026-03-14 18:45:00,STATION_001,38.42
2026-03-14 19:00:00,STATION_001,37.41
2026-03-14 19:15:00,STATION_001,32.89
2026-03-14 19:30:00,STATION_001,33.82
2026-03-14 19:45:00,STATION_001,38.78
2026-03-14 20:00:00,STATION_001,39.67
2026-03-14 20:15:00,STATION_001,39.8
2026-03-14 20:30:00,STATION_001,37.09
2026-03-14 20:45:00,STATION_001,35.93
2026-03-14 21:00:00,STATION_001,33.9
2026-03-14 21:15:00,STATION_001,33.78
2026-03-14 21:30:00,STATION_001,34.59
2026-03-14 21:45:00,STATION_001,33.96
2026-03-14 22:00:00,STATION_001,33.8
2026-03-14 22:15:00,STATION_001,32.32
2026-03-14 22:30:00,STATION_001,31.84
2026-03-14 22:45:00,STATION_001,33.45
2026-03-14 23:00:00,STATION_001,35.46
2026-03-14 23:15:00,STATION_001,39.65
2026-03-14 23:30:00,STATION_001,40.73
2026-03-14 23:45:00,STATION_001,42.08
2026-03-15 00:00:00,STATION_001,39.57
2026-03-15 00:15:00,STATION_001,41.66
2026-03-15 00:30:00,STATION_001,44.62
2026-03-15 00:45:00,STATION_001,45.74
2026-03-15 01:00:00,STATION_001,43.85
2026-03-15 01:15:00,STATION_001,42.26
2026-03-15 01:30:00,STATION_001,42.55
2026-03-15 01:45:00,STATION_001,42.83
2026-03-15 02:00:00,STATION_001,41.27
2026-03-15 02:15:00,STATION_001,41.27
2026-03-15 02:30:00,STATION_001,43.87
2026-03-15 02:45:00,STATION_001,44.68
2026-03-15 03:00:00,STATION_001,42.22
2026-03-15 03:15:00,STATION_001,45.11
2026-03-15 03:30:00,STATION_001,43.62
2026-03-15 03:45:00,STATION_001,42.83
2026-03-15 04:00:00,STATION_001,44.07
2026-03-15 04:15:00,STATION_001,47.28
2026-03-15 04:30:00,STATION_001,48.06
2026-03-15 04:45:00,STATION_001,47.35
2026-03-15 05:00:00,STATION_001,49.28
2026-03-15 05:15:00,STATION_001,50.33
2026-03-15 05:30:00,STATION_001,51.92
2026-03-15 05:45:00,STATION_001,54.73
2026-03-15 06:00:00,STATION_001,54.75
2026-03-15 06:15:00,STATION_001,52.6
2026-03-15 06:30:00,STATION_001,54.0
2026-03-15 06:45:00,STATION_001,56.07
2026-03-15 07:00:00,STATION_001,52.07
2026-03-15 07:15:00,STATION_001,51.89
2026-03-15 07:30:00,STATION_001,54.24
2026-03-15 07:45:00,STATION_001,56.71
2026-03-15 08:00:00,STATION_001,53.91
2026-03-15 08:15:00,STATION_001,54.25
2026-03-15 08:30:00,STATION_001,52.12
2026-03-15 08:45:00,STATION_001,52.56
2026-03-15 09:00:00,STATION_001,52.87
2026-03-15 09:15:00,STATION_001,49.88
2026-03-15 09:30:00,STATION_001,51.45
2026-03-15 09:45:00,STATION_001,51.39
2026-03-15 10:00:00,STATION_001,50.72
2026-03-15 10:15:00,STATION_001,53.09
2026-03-15 10:30:00,STATION_001,51.22
2026-03-15 10:45:00,STATION_001,54.89
2026-03-15 11:00:00,STATION_001,56.35
2026-03-15 11:15:00,STATION_001,60.14
2026-03-15 11:30:00,STATION_001,62.21
2026-03-15 11:45:00,STATION_001,59.95
2026-03-15 12:00:00,STATION_001,66.26
2026-03-15 12:15:00,STATION_001,67.94
2026-03-15 12:30:00,STATION_001,69.47
2026-03-15 12:45:00,STATION_001,73.34
2026-03-15 13:00:00,STATION_001,80.78
2026-03-15 13:15:00,STATION_001,78.86
2026-03-15 13:30:00,STATION_001,81.23
2026-03-15 13:45:00,STATION_001,85.5
2026-03-15 14:00:00,STATION_001,86.92
2026-03-15 14:15:00,STATION_001,88.37
2026-03-15 14:30:00,STATION_001,88.88
2026-03-15 14:45:00,STATION_001,91.29
2026-03-15 15:00:00,STATION_001,92.3
2026-03-15 15:15:00,STATION_001,91.75
2026-03-15 15:30:00,STATION_001,93.42
2026-03-15 15:45:00,STATION_001,94.31
2026-03-15 16:00:00,STATION_001,90.28
2026-03-15 16:15:00,STATION_001,91.82
2026-03-15 16:30:00,STATION_001,5.0
2026-03-15 16:45:00,STATION_001,6.62
2026-03-15 17:00:00,STATION_001,4.39
2026-03-15 17:15:00,STATION_001,8.33
2026-03-15 17:30:00,STATION_001,7.95
2026-03-15 17:45:00,STATION_001,8.74
2026-03-15 18:00:00,STATION_001,9.03
2026-03-15 18:15:00,STATION_001,9.11
2026-03-15 18:30:00,STATION_001,8.55
2026-03-15 18:45:00,STATION_001,9.77
2026-03-15 19:00:00,STATION_001,13.02
2026-03-15 19:15:00,STATION_001,14.82
2026-03-15 19:30:00,STATION_001,17.69
2026-03-15 19:45:00,STATION_001,17.7
2026-03-15 20:00:00,STATION_001,18.68
2026-03-15 20:15:00,STATION_001,20.64
2026-03-15 20:30:00,STATION_001,22.92
2026-03-15 20:45:00,STATION_001,26.06
2026-03-15 21:00:00,STATION_001,27.75
2026-03-15 21:15:00,STATION_001,26.81
2026-03-15 21:30:00,STATION_001,26.44
2026-03-15 21:45:00,STATION_001,26.36
2026-03-15 22:00:00,STATION_001,27.63
2026-03-15 22:15:00,STATION_001,29.83
2026-03-15 22:30:00,STATION_001,30.57
2026-03-15 22:45:00,STATION_001,36.22
2026-03-15 23:00:00,STATION_001,35.25
2026-03-15 23:15:00,STATION_001,36.51
2026-03-15 23:30:00,STATION_001,38.95
2026-03-15 23:45:00,STATION_001,41.41
2026-03-16 00:00:00,STATION_001,42.53
2026-03-16 00:15:00,STATION_001,42.76
2026-03-16 00:30:00,STATION_001,42.91
2026-03-16 00:45:00,STATION_001,41.55
2026-03-16 01:00:00,STATION_001,42.26
2026-03-16 01:15:00,STATION_001,39.89
2026-03-16 01:30:00,STATION_001,40.95
2026-03-16 01:45:00,STATION_001,43.41
2026-03-16 02:00:00,STATION_001,47.8
2026-03-16 02:15:00,STATION_001,50.17
2026-03-16 02:30:00,STATION_001,53.67
2026-03-16 02:45:00,STATION_001,55.84
2026-03-16 03:00:00,STATION_001,53.95
2026-03-16 03:15:00,STATION_001,54.95
2026-03-16 03:30:00,STATION_001,53.65
2026-03-16 03:45:00,STATION_001,58.22
2026-03-16 04:00:00,STATION_001,58.59
2026-03-16 04:15:00,STATION_001,56.09
2026-03-16 04:30:00,STATION_001,53.69
2026-03-16 04:45:00,STATION_001,55.11
2026-03-16 05:00:00,STATION_001,55.11
2026-03-16 05:15:00,STATION_001,56.99
2026-03-16 05:30:00,STATION_001,61.1
2026-03-16 05:45:00,STATION_001,61.49
2026-03-16 06:00:00,STATION_001,60.11
2026-03-16 06:15:00,STATION_001,65.03
2026-03-16 06:30:00,STATION_001,69.79
2026-03-16 06:45:00,STATION_001,70.4
2026-03-16 07:00:00,STATION_001,70.8
2026-03-16 07:15:00,STATION_001,73.4
2026-03-16 07:30:00,STATION_001,72.75
2026-03-16 07:45:00,STATION_001,77.36
2026-03-16 08:00:00,STATION_001,80.91
2026-03-16 08:15:00,STATION_001,83.42
2026-03-16 08:30:00,STATION_001,85.84
2026-03-16 08:45:00,STATION_001,86.26
2026-03-16 09:00:00,STATION_001,85.81
2026-03-16 09:15:00,STATION_001,86.72
2026-03-16 09:30:00,STATION_001,86.38
2026-03-16 09:45:00,STATION_001,89.86
2026-03-16 10:00:00,STATION_001,90.8
2026-03-16 10:15:00,STATION_001,92.6
2026-03-16 10:30:00,STATION_001,89.81
2026-03-16 10:45:00,STATION_001,93.8
2026-03-16 11:00:00,STATION_001,92.2
2026-03-16 11:15:00,STATION_001,93.89
2026-03-16 11:30:00,STATION_001,92.07
2026-03-16 11:45:00,STATION_001,92.47
2026-03-16 12:00:00,STATION_001,94.58
2026-03-16 12:15:00,STATION_001,5.0
2026-03-16 12:30:00,STATION_001,11.57
2026-03-16 12:45:00,STATION_001,16.21
2026-03-16 13:00:00,STATION_001,20.09
2026-03-16 13:15:00,STATION_001,20.69
2026-03-16 13:30:00,STATION_001,25.24
2026-03-16 13:45:00,STATION_001,26.85
2026-03-16 14:00:00,STATION_001,31.35
2026-03-16 14:15:00,STATION_001,31.86
2026-03-16 14:30:00,STATION_001,36.02
2026-03-16 14:45:00,STATION_001,35.63
2026-03-16 15:00:00,STATION_001,36.85
2026-03-16 15:15:00,STATION_001,38.46
2026-03-16 15:30:00,STATION_001,40.72
2026-03-16 15:45:00,STATION_001,41.36
2026-03-16 16:00:00,STATION_001,45.43
2026-03-16 16:15:00,STATION_001,45.91
2026-03-16 16:30:00,STATION_001,42.84
2026-03-16 16:45:00,STATION_001,44.04
2026-03-16 17:00:00,STATION_001,45.15
2026-03-16 17:15:00,STATION_001,43.12
2026-03-16 17:30:00,STATION_001,44.01
2026-03-16 17:45:00,STATION_001,43.77
2026-03-16 18:00:00,STATION_001,45.2
2026-03-16 18:15:00,STATION_001,45.94
2026-03-16 18:30:00,STATION_001,45.27
2026-03-16 18:45:00,STATION_001,48.21
2026-03-16 19:00:00,STATION_001,53.17
2026-03-16 19:15:00,STATION_001,54.5
2026-03-16 19:30:00,STATION_001,55.05
2026-03-16 19:45:00,STATION_001,59.45
2026-03-16 20:00:00,STATION_001,68.14
2026-03-16 20:15:00,STATION_001,70.82
2026-03-16 20:30:00,STATION_001,75.66
2026-03-16 20:45:00,STATION_001,76.62
2026-03-16 21:00:00,STATION_001,77.55
2026-03-16 21:15:00,STATION_001,78.53
2026-03-16 21:30:00,STATION_001,78.01
2026-03-16 21:45:00,STATION_001,78.94
2026-03-16 22:00:00,STATION_001,82.94
2026-03-16 22:15:00,STATION_001,82.9
2026-03-16 22:30:00,STATION_001,86.66
2026-03-16 22:45:00,STATION_001,81.38
2026-03-16 23:00:00,STATION_001,83.79
2026-03-16 23:15:00,STATION_001,87.01
2026-03-16 23:30:00,STATION_001,86.05
2026-03-16 23:45:00,STATION_001,82.94
2026-03-17 00:00:00,STATION_001,83.12
2026-03-17 00:15:00,STATION_001,85.5
2026-03-17 00:30:00,STATION_001,82.83
2026-03-17 00:45:00,STATION_001,83.08
2026-03-17 01:00:00,STATION_001,83.6
2026-03-17 01:15:00,STATION_001,84.47
2026-03-17 01:30:00,STATION_001,91.15
2026-03-17 01:45:00,STATION_001,94.55
2026-03-17 02:00:00,STATION_001,93.37
2026-03-17 02:15:00,STATION_001,92.54
2026-03-17 02:30:00,STATION_001,91.52
2026-03-17 02:45:00,STATION_001,93.41
2026-03-17 03:00:00,STATION_001,94.93
2026-03-17 03:15:00,STATION_001,5.0
2026-03-17 03:30:00,STATION_001,8.55
2026-03-17 03:45:00,STATION_001,9.34
2026-03-17 04:00:00,STATION_001,7.02
2026-03-17 04:15:00,STATION_001,10.9
2026-03-17 04:30:00,STATION_001,12.76
2026-03-17 04:45:00,STATION_001,12.38
2026-03-17 05:00:00,STATION_001,14.31
2026-03-17 05:15:00,STATION_001,15.59
2026-03-17 05:30:00,STATION_001,13.96
2026-03-17 05:45:00,STATION_001,13.58
2026-03-17 06:00:00,STATION_001,12.7
2026-03-17 06:15:00,STATION_001,16.12
2026-03-17 06:30:00,STATION_001,17.75
2026-03-17 06:45:00,STATION_001,20.77
2026-03-17 07:00:00,STATION_001,18.62
2026-03-17 07:15:00,STATION_001,18.77
2026-03-17 07:30:00,STATION_001,16.84
2026-03-17 07:45:00,STATION_001,18.62
2026-03-17 08:00:00,STATION_001,14.11
2026-03-17 08:15:00,STATION_001,13.59
2026-03-17 08:30:00,STATION_001,14.0
2026-03-17 08:45:00,STATION_001,13.23
2026-03-17 09:00:00,STATION_001,17.97
2026-03-17 09:15:00,STATION_001,16.27
2026-03-17 09:30:00,STATION_001,14.61
2026-03-17 09:45:00,STATION_001,15.46
2026-03-17 10:00:00,STATION_001,15.2
2026-03-17 10:15:00,STATION_001,14.26
2026-03-17 10:30:00,STATION_001,14.09
2026-03-17 10:45:00,STATION_001,16.36
2026-03-17 11:00:00,STATION_001,16.66
2026-03-17 11:15:00,STATION_001,15.02
2026-03-17 11:30:00,STATION_001,14.88
2026-03-17 11:45:00,STATION_001,16.42
2026-03-17 12:00:00,STATION_001,21.45
2026-03-17 12:15:00,STATION_001,24.7
2026-03-17 12:30:00,STATION_001,27.08
2026-03-17 12:45:00,STATION_001,28.16
2026-03-17 13:00:00,STATION_001,34.08
2026-03-17 13:15:00,STATION_001,38.47
2026-03-17 13:30:00,STATION_001,43.91
2026-03-17 13:45:00,STATION_001,46.44
2026-03-17 14:00:00,STATION_001,48.03
2026-03-17 14:15:00,STATION_001,48.44
2026-03-17 14:30:00,STATION_001,49.16
2026-03-17 14:45:00,STATION_001,50.42
2026-03-17 15:00:00,STATION_001,54.5
2026-03-17 15:15:00,STATION_001,56.86
2026-03-17 15:30:00,STATION_001,59.55
2026-03-17 15:45:00,STATION_001,60.98
2026-03-17 16:00:00,STATION_001,64.64
2026-03-17 16:15:00,STATION_001,65.46
2026-03-17 16:30:00,STATION_001,63.99
2026-03-17 16:45:00,STATION_001,65.61
2026-03-17 17:00:00,STATION_001,64.2
2026-03-17 17:15:00,STATION_001,65.2
2026-03-17 17:30:00,STATION_001,69.49
2026-03-17 17:45:00,STATION_001,68.4
2026-03-17 18:00:00,STATION_001,70.33
2026-03-17 18:15:00,STATION_001,74.78
2026-03-17 18:30:00,STATION_001,77.28
2026-03-17 18:45:00,STATION_001,82.82
2026-03-17 19:00:00,STATION_001,87.04
2026-03-17 19:15:00,STATION_001,92.61
2026-03-17 19:30:00,STATION_001,92.81
2026-03-17 19:45:00,STATION_001,5.0
2026-03-17 20:00:00,STATION_001,7.7
2026-03-17 20:15:00,STATION_001,9.23
2026-03-17 20:30:00,STATION_001,11.3
2026-03-17 20:45:00,STATION_001,12.29
2026-03-17 21:00:00,STATION_001,11.47
2026-03-17 21:15:00,STATION_001,12.57
2026-03-17 21:30:00,STATION_001,13.41
2026-03-17 21:45:00,STATION_001,16.05
2026-03-17 22:00:00,STATION_001,14.98
2026-03-17 22:15:00,STATION_001,18.83
2026-03-17 22:30:00,STATION_001,19.21
2026-03-17 22:45:00,STATION_001,18.49
2026-03-17 23:00:00,STATION_001,20.47
2026-03-17 23:15:00,STATION_001,19.85
2026-03-17 23:30:00,STATION_001,21.46
2026-03-17 23:45:00,STATION_001,19.29
2026-03-18 00:00:00,STATION_001,22.1
2026-03-18 00:15:00,STATION_001,24.61
2026-03-18 00:30:00,STATION_001,24.99
2026-03-18 00:45:00,STATION_001,25.6
2026-03-18 01:00:00,STATION_001,20.88
2026-03-18 01:15:00,STATION_001,25.41
2026-03-18 01:30:00,STATION_001,24.9
2026-03-18 01:45:00,STATION_001,25.51
2026-03-18 02:00:00,STATION_001,23.3
2026-03-18 02:15:00,STATION_001,23.73
2026-03-18 02:30:00,STATION_001,23.11
2026-03-18 02:45:00,STATION_001,23.88
2026-03-18 03:00:00,STATION_001,24.93
2026-03-18 03:15:00,STATION_001,26.99
2026-03-18 03:30:00,STATION_001,29.09
2026-03-18 03:45:00,STATION_001,30.08
2026-03-18 04:00:00,STATION_001,30.66
2026-03-18 04:15:00,STATION_001,31.62
2026-03-18 04:30:00,STATION_001,32.03
2026-03-18 04:45:00,STATION_001,34.8
2026-03-18 05:00:00,STATION_001,38.66
2026-03-18 05:15:00,STATION_001,41.62
2026-03-18 05:30:00,STATION_001,43.47
2026-03-18 05:45:00,STATION_001,43.54
2026-03-18 06:00:00,STATION_001,46.45
2026-03-18 06:15:00,STATION_001,46.1
2026-03-18 06:30:00,STATION_001,45.0
2026-03-18 06:45:00,STATION_001,43.15
2026-03-18 07:00:00,STATION_001,48.2
2026-03-18 07:15:00,STATION_001,51.45
2026-03-18 07:30:00,STATION_001,52.83
2026-03-18 07:45:00,STATION_001,52.1
2026-03-18 08:00:00,STATION_001,50.87
2026-03-18 08:15:00,STATION_001,50.96
2026-03-18 08:30:00,STATION_001,48.38
2026-03-18 08:45:00,STATION_001,48.27
2026-03-18 09:00:00,STATION_001,52.26
2026-03-18 09:15:00,STATION_001,53.37
2026-03-18 09:30:00,STATION_001,55.93
2026-03-18 09:45:00,STATION_001,56.94
2026-03-18 10:00:00,STATION_001,58.36
2026-03-18 10:15:00,STATION_001,63.64
2026-03-18 10:30:00,STATION_001,64.92
2026-03-18 10:45:00,STATION_001,66.82
2026-03-18 11:00:00,STATION_001,68.07
2026-03-18 11:15:00,STATION_001,68.92
2026-03-18 11:30:00,STATION_001,72.52
2026-03-18 11:45:00,STATION_001,72.13
2026-03-18 12:00:00,STATION_001,73.56
2026-03-18 12:15:00,STATION_001,76.08
2026-03-18 12:30:00,STATION_001,79.46
2026-03-18 12:45:00,STATION_001,82.89
2026-03-18 13:00:00,STATION_001,89.53
2026-03-18 13:15:00,STATION_001,93.04
2026-03-18 13:30:00,STATION_001,5.0
2026-03-18 13:45:00,STATION_001,10.5
2026-03-18 14:00:00,STATION_001,10.58
2026-03-18 14:15:00,STATION_001,11.01
2026-03-18 14:30:00,STATION_001,13.68
2026-03-18 14:45:00,STATION_001,12.46
2026-03-18 15:00:00,STATION_001,14.37
2026-03-18 15:15:00,STATION_001,14.05
2026-03-18 15:30:00,STATION_001,12.09
2026-03-18 15:45:00,STATION_001,11.65
2026-03-18 16:00:00,STATION_001,12.83
2026-03-18 16:15:00,STATION_001,13.44
2026-03-18 16:30:00,STATION_001,15.19
2026-03-18 16:45:00,STATION_001,15.59
2026-03-18 17:00:00,STATION_001,14.77
2026-03-18 17:15:00,STATION_001,17.12
2026-03-18 17:30:00,STATION_001,18.38
2026-03-18 17:45:00,STATION_001,19.77
2026-03-18 18:00:00,STATION_001,22.33
2026-03-18 18:15:00,STATION_001,26.95
2026-03-18 18:30:00,STATION_001,25.93
2026-03-18 18:45:00,STATION_001,28.35
2026-03-18 19:00:00,STATION_001,34.79
2026-03-18 19:15:00,STATION_001,36.92
2026-03-18 19:30:00,STATION_001,36.83
2026-03-18 19:45:00,STATION_001,40.49
2026-03-18 20:00:00,STATION_001,43.82
2026-03-18 20:15:00,STATION_001,47.81
2026-03-18 20:30:00,STATION_001,50.18
2026-03-18 20:45:00,STATION_001,55.57
2026-03-18 21:00:00,STATION_001,55.82
2026-03-18 21:15:00,STATION_001,55.41
2026-03-18 21:30:00,STATION_001,54.58
2026-03-18 21:45:00,STATION_001,53.25
2026-03-18 22:00:00,STATION_001,56.49
2026-03-18 22:15:00,STATION_001,57.24
2026-03-18 22:30:00,STATION_001,56.06
2026-03-18 22:45:00,STATION_001,59.03
2026-03-18 23:00:00,STATION_001,61.72
2026-03-18 23:15:00,STATION_001,69.98
2026-03-18 23:30:00,STATION_001,70.75
2026-03-18 23:45:00,STATION_001,73.13
2026-03-19 00:00:00,STATION_001,76.38
2026-03-19 00:15:00,STATION_001,78.83
2026-03-19 00:30:00,STATION_001,81.58
2026-03-19 00:45:00,STATION_001,85.39
2026-03-19 01:00:00,STATION_001,85.38
2026-03-19 01:15:00,STATION_001,85.4
2026-03-19 01:30:00,STATION_001,88.33
2026-03-19 01:45:00,STATION_001,86.36
2026-03-19 02:00:00,STATION_001,89.43
2026-03-19 02:15:00,STATION_001,90.75
2026-03-19 02:30:00,STATION_001,91.12
2026-03-19 02:45:00,STATION_001,94.51
2026-03-19 03:00:00,STATION_001,5.0
2026-03-19 03:15:00,STATION_001,5.91
2026-03-19 03:30:00,STATION_001,5.51
2026-03-19 03:45:00,STATION_001,2.94
2026-03-19 04:00:00,STATION_001,5.32
2026-03-19 04:15:00,STATION_001,3.88
2026-03-19 04:30:00,STATION_001,4.76
2026-03-19 04:45:00,STATION_001,6.92
2026-03-19 05:00:00,STATION_001,9.23
2026-03-19 05:15:00,STATION_001,8.08
2026-03-19 05:30:00,STATION_001,8.09
2026-03-19 05:45:00,STATION_001,12.16
2026-03-19 06:00:00,STATION_001,10.9
2026-03-19 06:15:00,STATION_001,14.17
2026-03-19 06:30:00,STATION_001,14.81
2026-03-19 06:45:00,STATION_001,15.01
2026-03-19 07:00:00,STATION_001,17.36
2026-03-19 07:15:00,STATION_001,19.12
2026-03-19 07:30:00,STATION_001,17.83
2026-03-19 07:45:00,STATION_001,21.95
2026-03-19 08:00:00,STATION_001,20.25
2026-03-19 08:15:00,STATION_001,20.81
2026-03-19 08:30:00,STATION_001,21.66
2026-03-19 08:45:00,STATION_001,23.06
2026-03-19 09:00:00,STATION_001,26.53
2026-03-19 09:15:00,STATION_001,25.52
2026-03-19 09:30:00,STATION_001,27.38
2026-03-19 09:45:00,STATION_001,27.7
2026-03-19 10:00:00,STATION_001,24.62
2026-03-19 10:15:00,STATION_001,23.01
2026-03-19 10:30:00,STATION_001,18.91
2026-03-19 10:45:00,STATION_001,20.28
2026-03-19 11:00:00,STATION_001,18.51
2026-03-19 11:15:00,STATION_001,15.44
2026-03-19 11:30:00,STATION_001,16.32
2026-03-19 11:45:00,STATION_001,20.34
2026-03-19 12:00:00,STATION_001,25.44
2026-03-19 12:15:00,STATION_001,26.65
2026-03-19 12:30:00,STATION_001,28.56
2026-03-19 12:45:00,STATION_001,33.75
2026-03-19 13:00:00,STATION_001,39.78
2026-03-19 13:15:00,STATION_001,46.25
2026-03-19 13:30:00,STATION_001,49.44
2026-03-19 13:45:00,STATION_001,56.65
2026-03-19 14:00:00,STATION_001,58.57
2026-03-19 14:15:00,STATION_001,63.89
2026-03-19 14:30:00,STATION_001,63.18
2026-03-19 14:45:00,STATION_001,61.98
2026-03-19 15:00:00,STATION_001,62.78
2026-03-19 15:15:00,STATION_001,61.93
2026-03-19 15:30:00,STATION_001,60.54
2026-03-19 15:45:00,STATION_001,59.54
2026-03-19 16:00:00,STATION_001,60.21
2026-03-19 16:15:00,STATION_001,64.16
2026-03-19 16:30:00,STATION_001,67.64
2026-03-19 16:45:00,STATION_001,66.52
2026-03-19 17:00:00,STATION_001,66.45
2026-03-19 17:15:00,STATION_001,68.72
2026-03-19 17:30:00,STATION_001,69.52
2026-03-19 17:45:00,STATION_001,69.43
2026-03-19 18:00:00,STATION_001,68.78
2026-03-19 18:15:00,STATION_001,72.37
2026-03-19 18:30:00,STATION_001,75.01
2026-03-19 18:45:00,STATION_001,76.53
2026-03-19 19:00:00,STATION_001,81.98
2026-03-19 19:15:00,STATION_001,84.85
2026-03-19 19:30:00,STATION_001,83.08
2026-03-19 19:45:00,STATION_001,83.95
2026-03-19 20:00:00,STATION_001,86.89
2026-03-19 20:15:00,STATION_001,92.56
2026-03-19 20:30:00,STATION_001,5.0
2026-03-19 20:45:00,STATION_001,6.57
2026-03-19 21:00:00,STATION_001,10.85
2026-03-19 21:15:00,STATION_001,14.18
2026-03-19 21:30:00,STATION_001,12.61
2026-03-19 21:45:00,STATION_001,11.57
2026-03-19 22:00:00,STATION_001,7.07
2026-03-19 22:15:00,STATION_001,6.41
2026-03-19 22:30:00,STATION_001,5.51
2026-03-19 22:45:00,STATION_001,5.19
2026-03-19 23:00:00,STATION_001,6.01
2026-03-19 23:15:00,STATION_001,5.35
2026-03-19 23:30:00,STATION_001,4.58
2026-03-19 23:45:00,STATION_001,5.54
2026-03-20 00:00:00,STATION_001,5.7
2026-03-20 00:15:00,STATION_001,7.47
2026-03-20 00:30:00,STATION_001,7.62
2026-03-20 00:45:00,STATION_001,6.5
2026-03-20 01:00:00,STATION_001,12.17
2026-03-20 01:15:00,STATION_001,12.37
2026-03-20 01:30:00,STATION_001,13.53
2026-03-20 01:45:00,STATION_001,15.16
2026-03-20 02:00:00,STATION_001,16.19
2026-03-20 02:15:00,STATION_001,15.94
2026-03-20 02:30:00,STATION_001,18.37
2026-03-20 02:45:00,STATION_001,16.76
2026-03-20 03:00:00,STATION_001,15.74
2026-03-20 03:15:00,STATION_001,14.93
2026-03-20 03:30:00,STATION_001,17.5
2026-03-20 03:45:00,STATION_001,20.78
2026-03-20 04:00:00,STATION_001,21.03
2026-03-20 04:15:00,STATION_001,21.27
2026-03-20 04:30:00,STATION_001,18.59
2026-03-20 04:45:00,STATION_001,19.65
2026-03-20 05:00:00,STATION_001,18.86
2026-03-20 05:15:00,STATION_001,17.16
2026-03-20 05:30:00,STATION_001,18.36
2026-03-20 05:45:00,STATION_001,18.33
2026-03-20 06:00:00,STATION_001,19.56
2026-03-20 06:15:00,STATION_001,17.21
2026-03-20 06:30:00,STATION_001,17.68
2026-03-20 06:45:00,STATION_001,19.95
2026-03-20 07:00:00,STATION_001,22.54
2026-03-20 07:15:00,STATION_001,22.82
2026-03-20 07:30:00,STATION_001,23.12
2026-03-20 07:45:00,STATION_001,23.25
2026-03-20 08:00:00,STATION_001,24.71
2026-03-20 08:15:00,STATION_001,25.0
2026-03-20 08:30:00,STATION_001,23.88
2026-03-20 08:45:00,STATION_001,25.58
2026-03-20 09:00:00,STATION_001,24.83
2026-03-20 09:15:00,STATION_001,27.34
2026-03-20 09:30:00,STATION_001,27.99
2026-03-20 09:45:00,STATION_001,26.7
2026-03-20 10:00:00,STATION_001,27.26
2026-03-20 10:15:00,STATION_001,26.8
2026-03-20 10:30:00,STATION_001,24.81
2026-03-20 10:45:00,STATION_001,22.81
2026-03-20 11:00:00,STATION_001,21.54
2026-03-20 11:15:00,STATION_001,24.68
2026-03-20 11:30:00,STATION_001,26.59
2026-03-20 11:45:00,STATION_001,30.29
2026-03-20 12:00:00,STATION_001,35.43
2026-03-20 12:15:00,STATION_001,37.24
2026-03-20 12:30:00,STATION_001,42.36
2026-03-20 12:45:00,STATION_001,45.51
2026-03-20 13:00:00,STATION_001,51.93
2026-03-20 13:15:00,STATION_001,51.51
2026-03-20 13:30:00,STATION_001,52.8
2026-03-20 13:45:00,STATION_001,61.97
2026-03-20 14:00:00,STATION_001,64.71
2026-03-20 14:15:00,STATION_001,65.18
2026-03-20 14:30:00,STATION_001,65.94
2026-03-20 14:45:00,STATION_001,69.86
2026-03-20 15:00:00,STATION_001,69.76
2026-03-20 15:15:00,STATION_001,69.29
2026-03-20 15:30:00,STATION_001,68.69
2026-03-20 15:45:00,STATION_001,66.16
2026-03-20 16:00:00,STATION_001,64.11
2026-03-20 16:15:00,STATION_001,65.8
2026-03-20 16:30:00,STATION_001,66.55
2026-03-20 16:45:00,STATION_001,66.74
2026-03-20 17:00:00,STATION_001,64.07
2026-03-20 17:15:00,STATION_001,65.56
2026-03-20 17:30:00,STATION_001,67.57
2026-03-20 17:45:00,STATION_001,68.78
2026-03-20 18:00:00,STATION_001,70.62
2026-03-20 18:15:00,STATION_001,78.72
2026-03-20 18:30:00,STATION_001,84.81
2026-03-20 18:45:00,STATION_001,85.94
2026-03-20 19:00:00,STATION_001,90.32
2026-03-20 19:15:00,STATION_001,5.0
2026-03-20 19:30:00,STATION_001,7.88
2026-03-20 19:45:00,STATION_001,10.36
2026-03-20 20:00:00,STATION_001,11.35
2026-03-20 20:15:00,STATION_001,12.78
2026-03-20 20:30:00,STATION_001,15.23
2026-03-20 20:45:00,STATION_001,17.93
2026-03-20 21:00:00,STATION_001,18.27
2026-03-20 21:15:00,STATION_001,20.16
2026-03-20 21:30:00,STATION_001,21.48
2026-03-20 21:45:00,STATION_001,23.31
2026-03-20 22:00:00,STATION_001,24.18
2026-03-20 22:15:00,STATION_001,26.6
2026-03-20 22:30:00,STATION_001,26.76
2026-03-20 22:45:00,STATION_001,27.19
2026-03-20 23:00:00,STATION_001,28.08
2026-03-20 23:15:00,STATION_001,31.22
2026-03-20 23:30:00,STATION_001,32.28
2026-03-20 23:45:00,STATION_001,31.16
2026-03-21 00:00:00,STATION_001,30.46
2026-03-21 00:15:00,STATION_001,32.27
2026-03-21 00:30:00,STATION_001,30.49
2026-03-21 00:45:00,STATION_001,32.8
2026-03-21 01:00:00,STATION_001,29.59
2026-03-21 01:15:00,STATION_001,27.99
2026-03-21 01:30:00,STATION_001,27.36
2026-03-21 01:45:00,STATION_001,29.55
2026-03-21 02:00:00,STATION_001,30.0
2026-03-21 02:15:00,STATION_001,31.8
2026-03-21 02:30:00,STATION_001,33.29
2026-03-21 02:45:00,STATION_001,32.18
2026-03-21 03:00:00,STATION_001,31.43
2026-03-21 03:15:00,STATION_001,32.08
2026-03-21 03:30:00,STATION_001,32.57
2026-03-21 03:45:00,STATION_001,32.49
2026-03-21 04:00:00,STATION_001,30.27
2026-03-21 04:15:00,STATION_001,28.37
2026-03-21 04:30:00,STATION_001,27.71
2026-03-21 04:45:00,STATION_001,27.49
2026-03-21 05:00:00,STATION_001,26.76
2026-03-21 05:15:00,STATION_001,24.3
2026-03-21 05:30:00,STATION_001,23.06
2026-03-21 05:45:00,STATION_001,21.84
2026-03-21 06:00:00,STATION_001,20.55
2026-03-21 06:15:00,STATION_001,23.25
2026-03-21 06:30:00,STATION_001,26.14
2026-03-21 06:45:00,STATION_001,28.26
2026-03-21 07:00:00,STATION_001,26.4
2026-03-21 07:15:00,STATION_001,30.79
2026-03-21 07:30:00,STATION_001,33.62
2026-03-21 07:45:00,STATION_001,35.07
2026-03-21 08:00:00,STATION_001,37.06
2026-03-21 08:15:00,STATION_001,37.08
2026-03-21 08:30:00,STATION_001,40.85
2026-03-21 08:45:00,STATION_001,40.16
2026-03-21 09:00:00,STATION_001,40.23
2026-03-21 09:15:00,STATION_001,38.72
2026-03-21 09:30:00,STATION_001,39.74
2026-03-21 09:45:00,STATION_001,41.8
2026-03-21 10:00:00,STATION_001,44.54
2026-03-21 10:15:00,STATION_001,48.11
2026-03-21 10:30:00,STATION_001,45.85
2026-03-21 10:45:00,STATION_001,46.64
2026-03-21 11:00:00,STATION_001,51.29
2026-03-21 11:15:00,STATION_001,54.72
2026-03-21 11:30:00,STATION_001,55.68
2026-03-21 11:45:00,STATION_001,57.79
2026-03-21 12:00:00,STATION_001,58.5
2026-03-21 12:15:00,STATION_001,61.91
2026-03-21 12:30:00,STATION_001,67.45
2026-03-21 12:45:00,STATION_001,69.98
2026-03-21 13:00:00,STATION_001,75.2
2026-03-21 13:15:00,STATION_001,80.5
2026-03-21 13:30:00,STATION_001,83.71
2026-03-21 13:45:00,STATION_001,85.89
2026-03-21 14:00:00,STATION_001,87.06
2026-03-21 14:15:00,STATION_001,89.07
2026-03-21 14:30:00,STATION_001,94.07
2026-03-21 14:45:00,STATION_001,5.0
2026-03-21 15:00:00,STATION_001,6.74
2026-03-21 15:15:00,STATION_001,9.2
2026-03-21 15:30:00,STATION_001,10.11
2026-03-21 15:45:00,STATION_001,10.06
2026-03-21 16:00:00,STATION_001,11.1
2026-03-21 16:15:00,STATION_001,11.7
2026-03-21 16:30:00,STATION_001,15.27
2026-03-21 16:45:00,STATION_001,15.32
2026-03-21 17:00:00,STATION_001,14.24
2026-03-21 17:15:00,STATION_001,14.17
2026-03-21 17:30:00,STATION_001,15.56
2026-03-21 17:45:00,STATION_001,13.64
2026-03-21 18:00:00,STATION_001,14.78
2026-03-21 18:15:00,STATION_001,17.66
2026-03-21 18:30:00,STATION_001,21.18
2026-03-21 18:45:00,STATION_001,20.63
2026-03-21 19:00:00,STATION_001,18.99
2026-03-21 19:15:00,STATION_001,18.26
2026-03-21 19:30:00,STATION_001,20.45
2026-03-21 19:45:00,STATION_001,20.79
2026-03-21 20:00:00,STATION_001,21.38
2026-03-21 20:15:00,STATION_001,18.34
2026-03-21 20:30:00,STATION_001,20.03
2026-03-21 20:45:00,STATION_001,17.03
2026-03-21 21:00:00,STATION_001,17.48
2026-03-21 21:15:00,STATION_001,22.17
2026-03-21 21:30:00,STATION_001,25.95
2026-03-21 21:45:00,STATION_001,25.4
2026-03-21 22:00:00,STATION_001,26.48
2026-03-21 22:15:00,STATION_001,28.34
2026-03-21 22:30:00,STATION_001,27.97
2026-03-21 22:45:00,STATION_001,31.37
2026-03-21 23:00:00,STATION_001,30.78
2026-03-21 23:15:00,STATION_001,31.15
2026-03-21 23:30:00,STATION_001,32.24
2026-03-21 23:45:00,STATION_001,32.11
2026-03-22 00:00:00,STATION_001,31.72
2026-03-22 00:15:00,STATION_001,31.81
2026-03-22 00:30:00,STATION_001,34.91
2026-03-22 00:45:00,STATION_001,32.61
2026-03-22 01:00:00,STATION_001,34.84
2026-03-22 01:15:00,STATION_001,32.91
2026-03-22 01:30:00,STATION_001,33.03
2026-03-22 01:45:00,STATION_001,35.75
2026-03-22 02:00:00,STATION_001,37.6
2026-03-22 02:15:00,STATION_001,38.8
2026-03-22 02:30:00,STATION_001,39.94
2026-03-22 02:45:00,STATION_001,42.17
2026-03-22 03:00:00,STATION_001,42.44
2026-03-22 03:15:00,STATION_001,45.26
2026-03-22 03:30:00,STATION_001,48.03
2026-03-22 03:45:00,STATION_001,54.7
2026-03-22 04:00:00,STATION_001,56.33
2026-03-22 04:15:00,STATION_001,58.94
2026-03-22 04:30:00,STATION_001,59.94
2026-03-22 04:45:00,STATION_001,62.4
2026-03-22 05:00:00,STATION_001,67.3
2026-03-22 05:15:00,STATION_001,71.33
2026-03-22 05:30:00,STATION_001,73.22
2026-03-22 05:45:00,STATION_001,75.12
2026-03-22 06:00:00,STATION_001,74.42
2026-03-22 06:15:00,STATION_001,74.22
2026-03-22 06:30:00,STATION_001,78.98
2026-03-22 06:45:00,STATION_001,80.47
2026-03-22 07:00:00,STATION_001,81.95
2026-03-22 07:15:00,STATION_001,79.94
2026-03-22 07:30:00,STATION_001,81.91
2026-03-22 07:45:00,STATION_001,80.48
2026-03-22 08:00:00,STATION_001,80.56
2026-03-22 08:15:00,STATION_001,80.51
2026-03-22 08:30:00,STATION_001,79.85
2026-03-22 08:45:00,STATION_001,79.24
2026-03-22 09:00:00,STATION_001,80.02
2026-03-22 09:15:00,STATION_001,84.27
2026-03-22 09:30:00,STATION_001,82.96
2026-03-22 09:45:00,STATION_001,84.01
2026-03-22 10:00:00,STATION_001,88.74
2026-03-22 10:15:00,STATION_001,89.14
2026-03-22 10:30:00,STATION_001,87.35
2026-03-22 10:45:00,STATION_001,90.05
2026-03-22 11:00:00,STATION_001,91.69
2026-03-22 11:15:00,STATION_001,94.42
2026-03-22 11:30:00,STATION_001,94.42
2026-03-22 11:45:00,STATION_001,5.0
2026-03-22 12:00:00,STATION_001,6.59
2026-03-22 12:15:00,STATION_001,7.64
2026-03-22 12:30:00,STATION_001,6.6
2026-03-22 12:45:00,STATION_001,8.04
2026-03-22 13:00:00,STATION_001,11.33
2026-03-22 13:15:00,STATION_001,16.09
2026-03-22 13:30:00,STATION_001,18.98
2026-03-22 13:45:00,STATION_001,21.1
2026-03-22 14:00:00,STATION_001,20.4
2026-03-22 14:15:00,STATION_001,21.15
2026-03-22 14:30:00,STATION_001,28.11
2026-03-22 14:45:00,STATION_001,33.48
2026-03-22 15:00:00,STATION_001,36.37
2026-03-22 15:15:00,STATION_001,35.61
2026-03-22 15:30:00,STATION_001,40.14
2026-03-22 15:45:00,STATION_001,43.26
2026-03-22 16:00:00,STATION_001,42.21
2026-03-22 16:15:00,STATION_001,45.0
2026-03-22 16:30:00,STATION_001,45.85
2026-03-22 16:45:00,STATION_001,45.72
2026-03-22 17:00:00,STATION_001,45.96
2026-03-22 17:15:00,STATION_001,47.03
2026-03-22 17:30:00,STATION_001,47.63
2026-03-22 17:45:00,STATION_001,50.52
2026-03-22 18:00:00,STATION_001,53.41
2026-03-22 18:15:00,STATION_001,54.36
2026-03-22 18:30:00,STATION_001,53.79
2026-03-22 18:45:00,STATION_001,53.8
2026-03-22 19:00:00,STATION_001,55.69
2026-03-22 19:15:00,STATION_001,55.26
2026-03-22 19:30:00,STATION_001,56.96
2026-03-22 19:45:00,STATION_001,54.23
2026-03-22 20:00:00,STATION_001,54.75
2026-03-22 20:15:00,STATION_001,59.6
2026-03-22 20:30:00,STATION_001,62.78
2026-03-22 20:45:00,STATION_001,63.13
2026-03-22 21:00:00,STATION_001,66.49
2026-03-22 21:15:00,STATION_001,66.9
2026-03-22 21:30:00,STATION_001,67.16
2026-03-22 21:45:00,STATION_001,65.96
2026-03-22 22:00:00,STATION_001,70.4
2026-03-22 22:15:00,STATION_001,69.71
2026-03-22 22:30:00,STATION_001,71.73
2026-03-22 22:45:00,STATION_001,75.77
2026-03-22 23:00:00,STATION_001,79.17
2026-03-22 23:15:00,STATION_001,77.45
2026-03-22 23:30:00,STATION_001,77.55
2026-03-22 23:45:00,STATION_001,76.52
2026-03-23 00:00:00,STATION_001,77.91
2026-03-23 00:15:00,STATION_001,77.95
2026-03-23 00:30:00,STATION_001,76.6
2026-03-23 00:45:00,STATION_001,80.06
2026-03-23 01:00:00,STATION_001,79.44
2026-03-23 01:15:00,STATION_001,77.34
2026-03-23 01:30:00,STATION_001,79.14
2026-03-23 01:45:00,STATION_001,81.47
2026-03-23 02:00:00,STATION_001,82.91
2026-03-23 02:15:00,STATION_001,85.28
2026-03-23 02:30:00,STATION_001,85.51
2026-03-23 02:45:00,STATION_001,87.38
2026-03-23 03:00:00,STATION_001,87.21
2026-03-23 03:15:00,STATION_001,83.76
2026-03-23 03:30:00,STATION_001,84.48
2026-03-23 03:45:00,STATION_001,85.58
2026-03-23 04:00:00,STATION_001,80.72
2026-03-23 04:15:00,STATION_001,77.47
2026-03-23 04:30:00,STATION_001,80.63
2026-03-23 04:45:00,STATION_001,84.28
2026-03-23 05:00:00,STATION_001,84.7
2026-03-23 05:15:00,STATION_001,83.52
2026-03-23 05:30:00,STATION_001,84.37
2026-03-23 05:45:00,STATION_001,81.82
2026-03-23 06:00:00,STATION_001,81.17
2026-03-23 06:15:00,STATION_001,80.74
2026-03-23 06:30:00,STATION_001,82.26
2026-03-23 06:45:00,STATION_001,81.44
2026-03-23 07:00:00,STATION_001,83.93
2026-03-23 07:15:00,STATION_001,83.13
2026-03-23 07:30:00,STATION_001,82.99
2026-03-23 07:45:00,STATION_001,84.31
2026-03-23 08:00:00,STATION_001,86.57
2026-03-23 08:15:00,STATION_001,85.96
2026-03-23 08:30:00,STATION_001,83.25
2026-03-23 08:45:00,STATION_001,81.67
2026-03-23 09:00:00,STATION_001,83.21
2026-03-23 09:15:00,STATION_001,83.88
2026-03-23 09:30:00,STATION_001,81.76
2026-03-23 09:45:00,STATION_001,83.37
2026-03-23 10:00:00,STATION_001,83.93
2026-03-23 10:15:00,STATION_001,88.08
2026-03-23 10:30:00,STATION_001,89.27
2026-03-23 10:45:00,STATION_001,89.56
2026-03-23 11:00:00,STATION_001,92.98
2026-03-23 11:15:00,STATION_001,91.54
2026-03-23 11:30:00,STATION_001,94.7
2026-03-23 11:45:00,STATION_001,5.0
2026-03-23 12:00:00,STATION_001,5.83
2026-03-23 12:15:00,STATION_001,11.1
2026-03-23 12:30:00,STATION_001,13.36
2026-03-23 12:45:00,STATION_001,17.94
2026-03-23 13:00:00,STATION_001,20.19
2026-03-23 13:15:00,STATION_001,25.0
2026-03-23 13:30:00,STATION_001,26.24
2026-03-23 13:45:00,STATION_001,28.34
2026-03-23 14:00:00,STATION_001,32.21
2026-03-23 14:15:00,STATION_001,32.56
2026-03-23 14:30:00,STATION_001,32.24
2026-03-23 14:45:00,STATION_001,34.56
2026-03-23 15:00:00,STATION_001,35.11
2026-03-23 15:15:00,STATION_001,35.14
2026-03-23 15:30:00,STATION_001,37.59
2026-03-23 15:45:00,STATION_001,38.73
2026-03-23 16:00:00,STATION_001,39.0
2026-03-23 16:15:00,STATION_001,39.24
2026-03-23 16:30:00,STATION_001,42.3
2026-03-23 16:45:00,STATION_001,49.55
2026-03-23 17:00:00,STATION_001,51.35
2026-03-23 17:15:00,STATION_001,51.17
2026-03-23 17:30:00,STATION_001,52.92
2026-03-23 17:45:00,STATION_001,51.12
2026-03-23 18:00:00,STATION_001,56.42
2026-03-23 18:15:00,STATION_001,59.42
2026-03-23 18:30:00,STATION_001,60.4
2026-03-23 18:45:00,STATION_001,61.12
2026-03-23 19:00:00,STATION_001,64.54
2026-03-23 19:15:00,STATION_001,69.17
2026-03-23 19:30:00,STATION_001,73.45
2026-03-23 19:45:00,STATION_001,77.32
2026-03-23 20:00:00,STATION_001,84.48
2026-03-23 20:15:00,STATION_001,92.8
2026-03-23 20:30:00,STATION_001,94.75
2026-03-23 20:45:00,STATION_001,5.0
2026-03-23 21:00:00,STATION_001,3.7
2026-03-23 21:15:00,STATION_001,3.7
2026-03-23 21:30:00,STATION_001,3.74
2026-03-23 21:45:00,STATION_001,1.76
2026-03-23 22:00:00,STATION_001,4.29
2026-03-23 22:15:00,STATION_001,3.62
2026-03-23 22:30:00,STATION_001,3.36
2026-03-23 22:45:00,STATION_001,2.42
2026-03-23 23:00:00,STATION_001,7.7
2026-03-23 23:15:00,STATION_001,7.08
2026-03-23 23:30:00,STATION_001,3.98
2026-03-23 23:45:00,STATION_001,3.69
2026-03-24 00:00:00,STATION_001,7.06
2026-03-24 00:15:00,STATION_001,7.71
2026-03-24 00:30:00,STATION_001,7.7
2026-03-24 00:45:00,STATION_001,11.32
2026-03-24 01:00:00,STATION_001,13.26
2026-03-24 01:15:00,STATION_001,14.82
2026-03-24 01:30:00,STATION_001,15.43
2026-03-24 01:45:00,STATION_001,16.41
2026-03-24 02:00:00,STATION_001,19.35
2026-03-24 02:15:00,STATION_001,21.43
2026-03-24 02:30:00,STATION_001,20.19
2026-03-24 02:45:00,STATION_001,21.39
2026-03-24 03:00:00,STATION_001,19.4
2026-03-24 03:15:00,STATION_001,19.94
2026-03-24 03:30:00,STATION_001,20.7
2026-03-24 03:45:00,STATION_001,25.87
2026-03-24 04:00:00,STATION_001,25.71
2026-03-24 04:15:00,STATION_001,27.87
2026-03-24 04:30:00,STATION_001,24.94
2026-03-24 04:45:00,STATION_001,23.7
2026-03-24 05:00:00,STATION_001,24.22
2026-03-24 05:15:00,STATION_001,25.35
2026-03-24 05:30:00,STATION_001,28.64
2026-03-24 05:45:00,STATION_001,28.63
2026-03-24 06:00:00,STATION_001,31.5
2026-03-24 06:15:00,STATION_001,32.34
2026-03-24 06:30:00,STATION_001,35.81
2026-03-24 06:45:00,STATION_001,40.11
2026-03-24 07:00:00,STATION_001,40.99
2026-03-24 07:15:00,STATION_001,43.71
2026-03-24 07:30:00,STATION_001,45.54
2026-03-24 07:45:00,STATION_001,43.99
2026-03-24 08:00:00,STATION_001,45.27
2026-03-24 08:15:00,STATION_001,46.79
2026-03-24 08:30:00,STATION_001,47.98
2026-03-24 08:45:00,STATION_001,47.84
2026-03-24 09:00:00,STATION_001,47.1
2026-03-24 09:15:00,STATION_001,50.01
2026-03-24 09:30:00,STATION_001,49.58
2026-03-24 09:45:00,STATION_001,48.53
2026-03-24 10:00:00,STATION_001,50.14
2026-03-24 10:15:00,STATION_001,50.55
2026-03-24 10:30:00,STATION_001,52.5
2026-03-24 10:45:00,STATION_001,53.92
2026-03-24 11:00:00,STATION_001,50.97
2026-03-24 11:15:00,STATION_001,51.78
2026-03-24 11:30:00,STATION_001,50.49
2026-03-24 11:45:00,STATION_001,50.6
2026-03-24 12:00:00,STATION_001,51.58
2026-03-24 12:15:00,STATION_001,55.96
2026-03-24 12:30:00,STATION_001,59.68
2026-03-24 12:45:00,STATION_001,60.5
2026-03-24 13:00:00,STATION_001,63.74
2026-03-24 13:15:00,STATION_001,67.99
2026-03-24 13:30:00,STATION_001,72.4
2026-03-24 13:45:00,STATION_001,79.63
2026-03-24 14:00:00,STATION_001,79.1
2026-03-24 14:15:00,STATION_001,77.66
2026-03-24 14:30:00,STATION_001,78.82
2026-03-24 14:45:00,STATION_001,78.45
2026-03-24 15:00:00,STATION_001,76.92
2026-03-24 15:15:00,STATION_001,78.12
2026-03-24 15:30:00,STATION_001,79.24
2026-03-24 15:45:00,STATION_001,81.33
2026-03-24 16:00:00,STATION_001,83.51
2026-03-24 16:15:00,STATION_001,81.19
2026-03-24 16:30:00,STATION_001,83.64
2026-03-24 16:45:00,STATION_001,89.14
2026-03-24 17:00:00,STATION_001,86.8
2026-03-24 17:15:00,STATION_001,87.86
2026-03-24 17:30:00,STATION_001,89.13
2026-03-24 17:45:00,STATION_001,88.75
2026-03-24 18:00:00,STATION_001,87.69
2026-03-24 18:15:00,STATION_001,89.99
2026-03-24 18:30:00,STATION_001,91.63
2026-03-24 18:45:00,STATION_001,94.0
2026-03-24 19:00:00,STATION_001,5.0
2026-03-24 19:15:00,STATION_001,10.6
2026-03-24 19:30:00,STATION_001,16.74
2026-03-24 19:45:00,STATION_001,18.37
2026-03-24 20:00:00,STATION_001,21.75
2026-03-24 20:15:00,STATION_001,24.69
2026-03-24 20:30:00,STATION_001,27.59
2026-03-24 20:45:00,STATION_001,31.6
2026-03-24 21:00:00,STATION_001,32.88
2026-03-24 21:15:00,STATION_001,32.69
2026-03-24 21:30:00,STATION_001,33.5
2026-03-24 21:45:00,STATION_001,32.23
2026-03-24 22:00:00,STATION_001,38.01
2026-03-24 22:15:00,STATION_001,39.46
2026-03-24 22:30:00,STATION_001,36.9
2026-03-24 22:45:00,STATION_001,37.64
2026-03-24 23:00:00,STATION_001,38.69
2026-03-24 23:15:00,STATION_001,42.27
2026-03-24 23:30:00,STATION_001,40.08
2026-03-24 23:45:00,STATION_001,38.25
2026-03-25 00:00:00,STATION_001,42.15
2026-03-25 00:15:00,STATION_001,40.97
2026-03-25 00:30:00,STATION_001,41.59
2026-03-25 00:45:00,STATION_001,40.77
2026-03-25 01:00:00,STATION_001,42.31
2026-03-25 01:15:00,STATION_001,41.94
2026-03-25 01:30:00,STATION_001,43.49
2026-03-25 01:45:00,STATION_001,42.21
2026-03-25 02:00:00,STATION_001,42.54
2026-03-25 02:15:00,STATION_001,41.57
2026-03-25 02:30:00,STATION_001,43.3
2026-03-25 02:45:00,STATION_001,42.55
2026-03-25 03:00:00,STATION_001,46.49
2026-03-25 03:15:00,STATION_001,45.9
2026-03-25 03:30:00,STATION_001,48.31
2026-03-25 03:45:00,STATION_001,50.97
2026-03-25 04:00:00,STATION_001,51.69
2026-03-25 04:15:00,STATION_001,51.67
2026-03-25 04:30:00,STATION_001,53.66
2026-03-25 04:45:00,STATION_001,54.36
2026-03-25 05:00:00,STATION_001,51.9
2026-03-25 05:15:00,STATION_001,51.81
2026-03-25 05:30:00,STATION_001,53.22
2026-03-25 05:45:00,STATION_001,54.63
2026-03-25 06:00:00,STATION_001,57.34
2026-03-25 06:15:00,STATION_001,57.51
2026-03-25 06:30:00,STATION_001,59.15
2026-03-25 06:45:00,STATION_001,60.13
2026-03-25 07:00:00,STATION_001,59.38
2026-03-25 07:15:00,STATION_001,58.74
2026-03-25 07:30:00,STATION_001,59.53
2026-03-25 07:45:00,STATION_001,60.32
2026-03-25 08:00:00,STATION_001,62.72
2026-03-25 08:15:00,STATION_001,65.93
2026-03-25 08:30:00,STATION_001,66.47
2026-03-25 08:45:00,STATION_001,66.33
2026-03-25 09:00:00,STATION_001,67.27
2026-03-25 09:15:00,STATION_001,68.63
2026-03-25 09:30:00,STATION_001,70.79
2026-03-25 09:45:00,STATION_001,75.09
2026-03-25 10:00:00,STATION_001,74.63
2026-03-25 10:15:00,STATION_001,75.85
2026-03-25 10:30:00,STATION_001,75.11
2026-03-25 10:45:00,STATION_001,75.1
2026-03-25 11:00:00,STATION_001,74.16
2026-03-25 11:15:00,STATION_001,75.9
2026-03-25 11:30:00,STATION_001,79.13
2026-03-25 11:45:00,STATION_001,83.85
2026-03-25 12:00:00,STATION_001,85.41
2026-03-25 12:15:00,STATION_001,86.28
2026-03-25 12:30:00,STATION_001,88.11
2026-03-25 12:45:00,STATION_001,94.71
2026-03-25 13:00:00,STATION_001,5.0
2026-03-25 13:15:00,STATION_001,6.68
2026-03-25 13:30:00,STATION_001,10.31
2026-03-25 13:45:00,STATION_001,16.1
2026-03-25 14:00:00,STATION_001,16.57
2026-03-25 14:15:00,STATION_001,18.19
2026-03-25 14:30:00,STATION_001,18.1
2026-03-25 14:45:00,STATION_001,19.35
2026-03-25 15:00:00,STATION_001,19.56
2026-03-25 15:15:00,STATION_001,21.46
2026-03-25 15:30:00,STATION_001,24.15
2026-03-25 15:45:00,STATION_001,27.11
2026-03-25 16:00:00,STATION_001,26.09
2026-03-25 16:15:00,STATION_001,26.69
2026-03-25 16:30:00,STATION_001,23.91
2026-03-25 16:45:00,STATION_001,23.82
2026-03-25 17:00:00,STATION_001,24.88
2026-03-25 17:15:00,STATION_001,25.65
2026-03-25 17:30:00,STATION_001,25.24
2026-03-25 17:45:00,STATION_001,25.69
2026-03-25 18:00:00,STATION_001,27.88
2026-03-25 18:15:00,STATION_001,27.89
2026-03-25 18:30:00,STATION_001,31.61
2026-03-25 18:45:00,STATION_001,36.82
2026-03-25 19:00:00,STATION_001,39.75
2026-03-25 19:15:00,STATION_001,45.91
2026-03-25 19:30:00,STATION_001,47.27
2026-03-25 19:45:00,STATION_001,49.23
2026-03-25 20:00:00,STATION_001,52.31
2026-03-25 20:15:00,STATION_001,54.96
2026-03-25 20:30:00,STATION_001,56.43
2026-03-25 20:45:00,STATION_001,60.77
2026-03-25 21:00:00,STATION_001,60.72
2026-03-25 21:15:00,STATION_001,59.82
2026-03-25 21:30:00,STATION_001,61.13
2026-03-25 21:45:00,STATION_001,62.88
2026-03-25 22:00:00,STATION_001,61.88
2026-03-25 22:15:00,STATION_001,62.37
2026-03-25 22:30:00,STATION_001,59.31
2026-03-25 22:45:00,STATION_001,57.28
2026-03-25 23:00:00,STATION_001,57.67
2026-03-25 23:15:00,STATION_001,58.32
2026-03-25 23:30:00,STATION_001,62.87
2026-03-25 23:45:00,STATION_001,59.63
2026-03-26 00:00:00,STATION_001,60.55
2026-03-26 00:15:00,STATION_001,60.69
2026-03-26 00:30:00,STATION_001,65.91
2026-03-26 00:45:00,STATION_001,68.17
2026-03-26 01:00:00,STATION_001,70.09
2026-03-26 01:15:00,STATION_001,73.96
2026-03-26 01:30:00,STATION_001,73.54
2026-03-26 01:45:00,STATION_001,74.6
2026-03-26 02:00:00,STATION_001,71.58
2026-03-26 02:15:00,STATION_001,71.79
2026-03-26 02:30:00,STATION_001,74.09
2026-03-26 02:45:00,STATION_001,78.34
2026-03-26 03:00:00,STATION_001,78.29
2026-03-26 03:15:00,STATION_001,80.35
2026-03-26 03:30:00,STATION_001,78.85
2026-03-26 03:45:00,STATION_001,77.27
2026-03-26 04:00:00,STATION_001,76.09
2026-03-26 04:15:00,STATION_001,77.33
2026-03-26 04:30:00,STATION_001,79.92
2026-03-26 04:45:00,STATION_001,79.62
2026-03-26 05:00:00,STATION_001,82.23
2026-03-26 05:15:00,STATION_001,83.22
2026-03-26 05:30:00,STATION_001,83.46
2026-03-26 05:45:00,STATION_001,84.4
2026-03-26 06:00:00,STATION_001,81.05
2026-03-26 06:15:00,STATION_001,78.34
2026-03-26 06:30:00,STATION_001,79.52
2026-03-26 06:45:00,STATION_001,80.13
2026-03-26 07:00:00,STATION_001,80.38
2026-03-26 07:15:00,STATION_001,77.43
2026-03-26 07:30:00,STATION_001,78.47
2026-03-26 07:45:00,STATION_001,77.81
2026-03-26 08:00:00,STATION_001,76.86
2026-03-26 08:15:00,STATION_001,79.79
2026-03-26 08:30:00,STATION_001,80.81
2026-03-26 08:45:00,STATION_001,81.6
2026-03-26 09:00:00,STATION_001,85.29
2026-03-26 09:15:00,STATION_001,87.1
2026-03-26 09:30:00,STATION_001,87.46
2026-03-26 09:45:00,STATION_001,90.18
2026-03-26 10:00:00,STATION_001,92.34
2026-03-26 10:15:00,STATION_001,90.09
2026-03-26 10:30:00,STATION_001,86.54
2026-03-26 10:45:00,STATION_001,87.81
2026-03-26 11:00:00,STATION_001,86.9
2026-03-26 11:15:00,STATION_001,88.79
2026-03-26 11:30:00,STATION_001,91.1
2026-03-26 11:45:00,STATION_001,92.89
2026-03-26 12:00:00,STATION_001,91.91
2026-03-26 12:15:00,STATION_001,5.0
2026-03-26 12:30:00,STATION_001,9.71
2026-03-26 12:45:00,STATION_001,10.18
2026-03-26 13:00:00,STATION_001,12.59
2026-03-26 13:15:00,STATION_001,19.58
2026-03-26 13:30:00,STATION_001,22.11
2026-03-26 13:45:00,STATION_001,25.32
2026-03-26 14:00:00,STATION_001,24.91
2026-03-26 14:15:00,STATION_001,22.95
2026-03-26 14:30:00,STATION_001,22.17
2026-03-26 14:45:00,STATION_001,23.77
2026-03-26 15:00:00,STATION_001,28.37
2026-03-26 15:15:00,STATION_001,31.19
2026-03-26 15:30:00,STATION_001,32.13
2026-03-26 15:45:00,STATION_001,34.17
2026-03-26 16:00:00,STATION_001,36.86
2026-03-26 16:15:00,STATION_001,40.45
2026-03-26 16:30:00,STATION_001,45.33
2026-03-26 16:45:00,STATION_001,44.67
2026-03-26 17:00:00,STATION_001,44.64
2026-03-26 17:15:00,STATION_001,46.49
2026-03-26 17:30:00,STATION_001,44.6
2026-03-26 17:45:00,STATION_001,41.76
2026-03-26 18:00:00,STATION_001,47.85
2026-03-26 18:15:00,STATION_001,51.65
2026-03-26 18:30:00,STATION_001,57.76
2026-03-26 18:45:00,STATION_001,55.98
2026-03-26 19:00:00,STATION_001,59.33
2026-03-26 19:15:00,STATION_001,60.69
2026-03-26 19:30:00,STATION_001,65.52
2026-03-26 19:45:00,STATION_001,70.69
2026-03-26 20:00:00,STATION_001,71.83
2026-03-26 20:15:00,STATION_001,72.82
2026-03-26 20:30:00,STATION_001,77.58
2026-03-26 20:45:00,STATION_001,81.41
2026-03-26 21:00:00,STATION_001,84.41
2026-03-26 21:15:00,STATION_001,83.58
2026-03-26 21:30:00,STATION_001,81.59
2026-03-26 21:45:00,STATION_001,85.27
2026-03-26 22:00:00,STATION_001,85.37
2026-03-26 22:15:00,STATION_001,84.69
2026-03-26 22:30:00,STATION_001,87.13
2026-03-26 22:45:00,STATION_001,89.3
2026-03-26 23:00:00,STATION_001,93.85
2026-03-26 23:15:00,STATION_001,94.21
2026-03-26 23:30:00,STATION_001,5.0
2026-03-26 23:45:00,STATION_001,5.97
2026-03-27 00:00:00,STATION_001,7.57
2026-03-27 00:15:00,STATION_001,7.9
2026-03-27 00:30:00,STATION_001,6.29
2026-03-27 00:45:00,STATION_001,7.01
2026-03-27 01:00:00,STATION_001,6.46
2026-03-27 01:15:00,STATION_001,6.37
2026-03-27 01:30:00,STATION_001,7.63
2026-03-27 01:45:00,STATION_001,6.11
2026-03-27 02:00:00,STATION_001,4.93
2026-03-27 02:15:00,STATION_001,3.32
2026-03-27 02:30:00,STATION_001,7.31
2026-03-27 02:45:00,STATION_001,3.75
2026-03-27 03:00:00,STATION_001,4.26
2026-03-27 03:15:00,STATION_001,6.57
2026-03-27 03:30:00,STATION_001,6.68
2026-03-27 03:45:00,STATION_001,6.64
2026-03-27 04:00:00,STATION_001,5.84
2026-03-27 04:15:00,STATION_001,6.47
2026-03-27 04:30:00,STATION_001,7.26
2026-03-27 04:45:00,STATION_001,7.85
2026-03-27 05:00:00,STATION_001,9.0
2026-03-27 05:15:00,STATION_001,11.2
2026-03-27 05:30:00,STATION_001,13.44
2026-03-27 05:45:00,STATION_001,9.32
2026-03-27 06:00:00,STATION_001,11.4
2026-03-27 06:15:00,STATION_001,14.09
2026-03-27 06:30:00,STATION_001,15.37
2026-03-27 06:45:00,STATION_001,21.41
2026-03-27 07:00:00,STATION_001,22.2
2026-03-27 07:15:00,STATION_001,21.62
2026-03-27 07:30:00,STATION_001,22.18
2026-03-27 07:45:00,STATION_001,21.79
2026-03-27 08:00:00,STATION_001,24.04
2026-03-27 08:15:00,STATION_001,25.32
2026-03-27 08:30:00,STATION_001,23.83
2026-03-27 08:45:00,STATION_001,25.87
2026-03-27 09:00:00,STATION_001,25.55
2026-03-27 09:15:00,STATION_001,27.91
2026-03-27 09:30:00,STATION_001,26.42
2026-03-27 09:45:00,STATION_001,27.44
2026-03-27 10:00:00,STATION_001,26.07
2026-03-27 10:15:00,STATION_001,28.02
2026-03-27 10:30:00,STATION_001,29.79
2026-03-27 10:45:00,STATION_001,30.07
2026-03-27 11:00:00,STATION_001,31.39
2026-03-27 11:15:00,STATION_001,31.36
2026-03-27 11:30:00,STATION_001,31.59
2026-03-27 11:45:00,STATION_001,35.55
2026-03-27 12:00:00,STATION_001,39.44
2026-03-27 12:15:00,STATION_001,44.52
2026-03-27 12:30:00,STATION_001,43.99
2026-03-27 12:45:00,STATION_001,48.15
2026-03-27 13:00:00,STATION_001,50.97
2026-03-27 13:15:00,STATION_001,56.1
2026-03-27 13:30:00,STATION_001,61.74
2026-03-27 13:45:00,STATION_001,61.58
2026-03-27 14:00:00,STATION_001,63.22
2026-03-27 14:15:00,STATION_001,63.6
2026-03-27 14:30:00,STATION_001,67.34
2026-03-27 14:45:00,STATION_001,66.89
2026-03-27 15:00:00,STATION_001,70.25
2026-03-27 15:15:00,STATION_001,69.17
2026-03-27 15:30:00,STATION_001,69.7
2026-03-27 15:45:00,STATION_001,70.8
2026-03-27 16:00:00,STATION_001,70.57
2026-03-27 16:15:00,STATION_001,69.48
2026-03-27 16:30:00,STATION_001,70.68
2026-03-27 16:45:00,STATION_001,71.37
2026-03-27 17:00:00,STATION_001,71.22
2026-03-27 17:15:00,STATION_001,69.13
2026-03-27 17:30:00,STATION_001,68.13
2026-03-27 17:45:00,STATION_001,69.25
2026-03-27 18:00:00,STATION_001,69.92
2026-03-27 18:15:00,STATION_001,74.23
2026-03-27 18:30:00,STATION_001,74.26
2026-03-27 18:45:00,STATION_001,77.74
2026-03-27 19:00:00,STATION_001,82.8
2026-03-27 19:15:00,STATION_001,84.24
2026-03-27 19:30:00,STATION_001,86.79
2026-03-27 19:45:00,STATION_001,89.74
2026-03-27 20:00:00,STATION_001,90.98
2026-03-27 20:15:00,STATION_001,93.35
2026-03-27 20:30:00,STATION_001,5.0
2026-03-27 20:45:00,STATION_001,7.77
2026-03-27 21:00:00,STATION_001,7.14
2026-03-27 21:15:00,STATION_001,6.88
2026-03-27 21:30:00,STATION_001,9.1
2026-03-27 21:45:00,STATION_001,10.96
2026-03-27 22:00:00,STATION_001,12.84
2026-03-27 22:15:00,STATION_001,15.57
2026-03-27 22:30:00,STATION_001,14.8
2026-03-27 22:45:00,STATION_001,12.85
2026-03-27 23:00:00,STATION_001,15.32
2026-03-27 23:15:00,STATION_001,17.43
2026-03-27 23:30:00,STATION_001,17.16
2026-03-27 23:45:00,STATION_001,18.35
2026-03-28 00:00:00,STATION_001,21.73
2026-03-28 00:15:00,STATION_001,22.23
2026-03-28 00:30:00,STATION_001,20.36
2026-03-28 00:45:00,STATION_001,18.45
2026-03-28 01:00:00,STATION_001,19.57
2026-03-28 01:15:00,STATION_001,21.74
2026-03-28 01:30:00,STATION_001,24.13
2026-03-28 01:45:00,STATION_001,25.7
2026-03-28 02:00:00,STATION_001,23.56
2026-03-28 02:15:00,STATION_001,21.46
2026-03-28 02:30:00,STATION_001,22.97
2026-03-28 02:45:00,STATION_001,23.3
2026-03-28 03:00:00,STATION_001,20.26
2026-03-28 03:15:00,STATION_001,20.73
2026-03-28 03:30:00,STATION_001,20.65
2026-03-28 03:45:00,STATION_001,22.13
2026-03-28 04:00:00,STATION_001,19.42
2026-03-28 04:15:00,STATION_001,19.01
2026-03-28 04:30:00,STATION_001,19.04
2026-03-28 04:45:00,STATION_001,20.21
2026-03-28 05:00:00,STATION_001,16.78
2026-03-28 05:15:00,STATION_001,15.92
2026-03-28 05:30:00,STATION_001,16.89
2026-03-28 05:45:00,STATION_001,17.74
2026-03-28 06:00:00,STATION_001,19.97
2026-03-28 06:15:00,STATION_001,18.45
2026-03-28 06:30:00,STATION_001,19.35
2026-03-28 06:45:00,STATION_001,20.03
2026-03-28 07:00:00,STATION_001,21.1
2026-03-28 07:15:00,STATION_001,22.68
2026-03-28 07:30:00,STATION_001,24.35
2026-03-28 07:45:00,STATION_001,23.36
2026-03-28 08:00:00,STATION_001,24.94
2026-03-28 08:15:00,STATION_001,25.05
2026-03-28 08:30:00,STATION_001,25.6
2026-03-28 08:45:00,STATION_001,26.37
2026-03-28 09:00:00,STATION_001,27.84
2026-03-28 09:15:00,STATION_001,26.02
2026-03-28 09:30:00,STATION_001,27.39
2026-03-28 09:45:00,STATION_001,30.17
2026-03-28 10:00:00,STATION_001,34.08
2026-03-28 10:15:00,STATION_001,34.14
2026-03-28 10:30:00,STATION_001,29.82
2026-03-28 10:45:00,STATION_001,28.68
2026-03-28 11:00:00,STATION_001,31.79
2026-03-28 11:15:00,STATION_001,35.97
2026-03-28 11:30:00,STATION_001,42.45
2026-03-28 11:45:00,STATION_001,45.96
2026-03-28 12:00:00,STATION_001,45.0
2026-03-28 12:15:00,STATION_001,47.12
2026-03-28 12:30:00,STATION_001,49.74
2026-03-28 12:45:00,STATION_001,49.7
2026-03-28 13:00:00,STATION_001,53.9
2026-03-28 13:15:00,STATION_001,55.7
2026-03-28 13:30:00,STATION_001,53.59
2026-03-28 13:45:00,STATION_001,54.27
2026-03-28 14:00:00,STATION_001,56.83
2026-03-28 14:15:00,STATION_001,56.85
2026-03-28 14:30:00,STATION_001,58.49
2026-03-28 14:45:00,STATION_001,63.25
2026-03-28 15:00:00,STATION_001,62.47
2026-03-28 15:15:00,STATION_001,62.22
2026-03-28 15:30:00,STATION_001,59.98
2026-03-28 15:45:00,STATION_001,62.76
2026-03-28 16:00:00,STATION_001,61.04
2026-03-28 16:15:00,STATION_001,61.13
2026-03-28 16:30:00,STATION_001,60.06
2026-03-28 16:45:00,STATION_001,61.0
2026-03-28 17:00:00,STATION_001,59.09
2026-03-28 17:15:00,STATION_001,60.24
2026-03-28 17:30:00,STATION_001,61.47
2026-03-28 17:45:00,STATION_001,60.28
2026-03-28 18:00:00,STATION_001,62.97
2026-03-28 18:15:00,STATION_001,67.15
2026-03-28 18:30:00,STATION_001,68.45
2026-03-28 18:45:00,STATION_001,69.25
2026-03-28 19:00:00,STATION_001,66.79
2026-03-28 19:15:00,STATION_001,67.33
2026-03-28 19:30:00,STATION_001,68.54
2026-03-28 19:45:00,STATION_001,67.24
2026-03-28 20:00:00,STATION_001,64.04
2026-03-28 20:15:00,STATION_001,59.78
2026-03-28 20:30:00,STATION_001,57.1
2026-03-28 20:45:00,STATION_001,58.7
2026-03-28 21:00:00,STATION_001,58.04
2026-03-28 21:15:00,STATION_001,61.06
2026-03-28 21:30:00,STATION_001,60.14
2026-03-28 21:45:00,STATION_001,59.66
2026-03-28 22:00:00,STATION_001,60.39
2026-03-28 22:15:00,STATION_001,58.44
2026-03-28 22:30:00,STATION_001,57.06
2026-03-28 22:45:00,STATION_001,56.55
2026-03-28 23:00:00,STATION_001,58.13
2026-03-28 23:15:00,STATION_001,53.9
2026-03-28 23:30:00,STATION_001,55.94
2026-03-28 23:45:00,STATION_001,56.45
2026-03-29 00:00:00,STATION_001,55.4
2026-03-29 00:15:00,STATION_001,54.92
2026-03-29 00:30:00,STATION_001,57.44
2026-03-29 00:45:00,STATION_001,64.03
2026-03-29 01:00:00,STATION_001,67.93
2026-03-29 01:15:00,STATION_001,68.81
2026-03-29 01:30:00,STATION_001,71.11
2026-03-29 01:45:00,STATION_001,72.88
2026-03-29 02:00:00,STATION_001,74.3
2026-03-29 02:15:00,STATION_001,74.73
2026-03-29 02:30:00,STATION_001,76.8
2026-03-29 02:45:00,STATION_001,76.52
2026-03-29 03:00:00,STATION_001,77.25
2026-03-29 03:15:00,STATION_001,81.38
2026-03-29 03:30:00,STATION_001,84.04
2026-03-29 03:45:00,STATION_001,85.72
2026-03-29 04:00:00,STATION_001,87.12
2026-03-29 04:15:00,STATION_001,90.59
2026-03-29 04:30:00,STATION_001,92.79
2026-03-29 04:45:00,STATION_001,93.14
2026-03-29 05:00:00,STATION_001,93.13
2026-03-29 05:15:00,STATION_001,5.0
2026-03-29 05:30:00,STATION_001,4.63
2026-03-29 05:45:00,STATION_001,5.52
2026-03-29 06:00:00,STATION_001,5.67
2026-03-29 06:15:00,STATION_001,6.28
2026-03-29 06:30:00,STATION_001,7.68
2026-03-29 06:45:00,STATION_001,8.54
2026-03-29 07:00:00,STATION_001,6.31
2026-03-29 07:15:00,STATION_001,5.64
2026-03-29 07:30:00,STATION_001,4.91
2026-03-29 07:45:00,STATION_001,5.04
2026-03-29 08:00:00,STATION_001,3.91
2026-03-29 08:15:00,STATION_001,6.32
2026-03-29 08:30:00,STATION_001,6.51
2026-03-29 08:45:00,STATION_001,9.5
2026-03-29 09:00:00,STATION_001,7.96
2026-03-29 09:15:00,STATION_001,7.71
2026-03-29 09:30:00,STATION_001,7.28
2026-03-29 09:45:00,STATION_001,6.15
2026-03-29 10:00:00,STATION_001,4.95
2026-03-29 10:15:00,STATION_001,7.99
2026-03-29 10:30:00,STATION_001,8.55
2026-03-29 10:45:00,STATION_001,9.46
2026-03-29 11:00:00,STATION_001,10.55
2026-03-29 11:15:00,STATION_001,13.48
2026-03-29 11:30:00,STATION_001,16.54
2026-03-29 11:45:00,STATION_001,18.23
2026-03-29 12:00:00,STATION_001,20.98
2026-03-29 12:15:00,STATION_001,21.28
2026-03-29 12:30:00,STATION_001,23.86
2026-03-29 12:45:00,STATION_001,26.78
2026-03-29 13:00:00,STATION_001,28.17
2026-03-29 13:15:00,STATION_001,34.09
2026-03-29 13:30:00,STATION_001,35.08
2026-03-29 13:45:00,STATION_001,36.95
2026-03-29 14:00:00,STATION_001,39.66
2026-03-29 14:15:00,STATION_001,41.47
2026-03-29 14:30:00,STATION_001,43.34
2026-03-29 14:45:00,STATION_001,43.75
2026-03-29 15:00:00,STATION_001,43.15
2026-03-29 15:15:00,STATION_001,42.65
2026-03-29 15:30:00,STATION_001,45.26
2026-03-29 15:45:00,STATION_001,45.65
2026-03-29 16:00:00,STATION_001,45.28
2026-03-29 16:15:00,STATION_001,47.76
2026-03-29 16:30:00,STATION_001,46.89
2026-03-29 16:45:00,STATION_001,46.64
2026-03-29 17:00:00,STATION_001,45.8
2026-03-29 17:15:00,STATION_001,45.51
2026-03-29 17:30:00,STATION_001,44.61
2026-03-29 17:45:00,STATION_001,46.93
2026-03-29 18:00:00,STATION_001,51.05
2026-03-29 18:15:00,STATION_001,52.31
2026-03-29 18:30:00,STATION_001,53.7
2026-03-29 18:45:00,STATION_001,55.09
2026-03-29 19:00:00,STATION_001,57.37
2026-03-29 19:15:00,STATION_001,57.42
2026-03-29 19:30:00,STATION_001,56.38
2026-03-29 19:45:00,STATION_001,57.61
2026-03-29 20:00:00,STATION_001,58.67
2026-03-29 20:15:00,STATION_001,56.97
2026-03-29 20:30:00,STATION_001,58.3
2026-03-29 20:45:00,STATION_001,57.63
2026-03-29 21:00:00,STATION_001,59.24
2026-03-29 21:15:00,STATION_001,57.66
2026-03-29 21:30:00,STATION_001,57.87
2026-03-29 21:45:00,STATION_001,60.44
2026-03-29 22:00:00,STATION_001,59.68
2026-03-29 22:15:00,STATION_001,64.56
2026-03-29 22:30:00,STATION_001,63.07
2026-03-29 22:45:00,STATION_001,60.07
2026-03-29 23:00:00,STATION_001,58.95
2026-03-29 23:15:00,STATION_001,58.72
2026-03-29 23:30:00,STATION_001,62.54
2026-03-29 23:45:00,STATION_001,60.71
2026-03-30 00:00:00,STATION_001,64.03
2026-03-30 00:15:00,STATION_001,67.14
2026-03-30 00:30:00,STATION_001,68.13
2026-03-30 00:45:00,STATION_001,70.69
2026-03-30 01:00:00,STATION_001,71.38
2026-03-30 01:15:00,STATION_001,74.96
2026-03-30 01:30:00,STATION_001,76.04
2026-03-30 01:45:00,STATION_001,74.9
2026-03-30 02:00:00,STATION_001,76.54
2026-03-30 02:15:00,STATION_001,75.25
2026-03-30 02:30:00,STATION_001,76.44
2026-03-30 02:45:00,STATION_001,77.68
2026-03-30 03:00:00,STATION_001,81.54
2026-03-30 03:15:00,STATION_001,80.69
2026-03-30 03:30:00,STATION_001,84.98
2026-03-30 03:45:00,STATION_001,87.98
2026-03-30 04:00:00,STATION_001,88.59
2026-03-30 04:15:00,STATION_001,86.82
2026-03-30 04:30:00,STATION_001,88.0
2026-03-30 04:45:00,STATION_001,89.0
2026-03-30 05:00:00,STATION_001,92.17
2026-03-30 05:15:00,STATION_001,94.24
2026-03-30 05:30:00,STATION_001,5.0
2026-03-30 05:45:00,STATION_001,6.23
2026-03-30 06:00:00,STATION_001,6.65
2026-03-30 06:15:00,STATION_001,4.18
2026-03-30 06:30:00,STATION_001,4.89
2026-03-30 06:45:00,STATION_001,6.94
2026-03-30 07:00:00,STATION_001,8.94
2026-03-30 07:15:00,STATION_001,8.99
2026-03-30 07:30:00,STATION_001,9.76
2026-03-30 07:45:00,STATION_001,13.18
2026-03-30 08:00:00,STATION_001,16.61
2026-03-30 08:15:00,STATION_001,16.09
2026-03-30 08:30:00,STATION_001,17.78
2026-03-30 08:45:00,STATION_001,20.94
2026-03-30 09:00:00,STATION_001,21.97
2026-03-30 09:15:00,STATION_001,21.95
2026-03-30 09:30:00,STATION_001,23.77
2026-03-30 09:45:00,STATION_001,26.83
2026-03-30 10:00:00,STATION_001,26.96
2026-03-30 10:15:00,STATION_001,26.45
2026-03-30 10:30:00,STATION_001,31.55
2026-03-30 10:45:00,STATION_001,30.77
2026-03-30 11:00:00,STATION_001,27.09
2026-03-30 11:15:00,STATION_001,26.88
2026-03-30 11:30:00,STATION_001,28.22
2026-03-30 11:45:00,STATION_001,28.88
2026-03-30 12:00:00,STATION_001,33.5
2026-03-30 12:15:00,STATION_001,36.46
2026-03-30 12:30:00,STATION_001,35.08
2026-03-30 12:45:00,STATION_001,36.55
2026-03-30 13:00:00,STATION_001,38.06
2026-03-30 13:15:00,STATION_001,39.99
2026-03-30 13:30:00,STATION_001,43.23
2026-03-30 13:45:00,STATION_001,44.37
2026-03-30 14:00:00,STATION_001,43.58
2026-03-30 14:15:00,STATION_001,44.04
2026-03-30 14:30:00,STATION_001,43.28
2026-03-30 14:45:00,STATION_001,40.22
2026-03-30 15:00:00,STATION_001,42.59
2026-03-30 15:15:00,STATION_001,46.3
2026-03-30 15:30:00,STATION_001,50.45
2026-03-30 15:45:00,STATION_001,49.76
2026-03-30 16:00:00,STATION_001,49.73
2026-03-30 16:15:00,STATION_001,50.7
2026-03-30 16:30:00,STATION_001,50.47
2026-03-30 16:45:00,STATION_001,49.84
2026-03-30 17:00:00,STATION_001,51.27
2026-03-30 17:15:00,STATION_001,52.92
2026-03-30 17:30:00,STATION_001,53.44
2026-03-30 17:45:00,STATION_001,54.83
2026-03-30 18:00:00,STATION_001,58.22
2026-03-30 18:15:00,STATION_001,59.84
2026-03-30 18:30:00,STATION_001,63.59
2026-03-30 18:45:00,STATION_001,64.14
2026-03-30 19:00:00,STATION_001,66.01
2026-03-30 19:15:00,STATION_001,69.58
2026-03-30 19:30:00,STATION_001,73.99
2026-03-30 19:45:00,STATION_001,75.33
2026-03-30 20:00:00,STATION_001,81.0
2026-03-30 20:15:00,STATION_001,84.42
2026-03-30 20:30:00,STATION_001,86.68
2026-03-30 20:45:00,STATION_001,89.27
2026-03-30 21:00:00,STATION_001,91.34
2026-03-30 21:15:00,STATION_001,93.26
2026-03-30 21:30:00,STATION_001,91.86
2026-03-30 21:45:00,STATION_001,92.06
2026-03-30 22:00:00,STATION_001,93.36
2026-03-30 22:15:00,STATION_001,92.87
2026-03-30 22:30:00,STATION_001,93.25
2026-03-30 22:45:00,STATION_001,93.33
2026-03-30 23:00:00,STATION_001,5.0
2026-03-30 23:15:00,STATION_001,2.28
2026-03-30 23:30:00,STATION_001,4.29
2026-03-30 23:45:00,STATION_001,4.45
2026-03-31 00:00:00,STATION_001,7.77
2026-03-31 00:15:00,STATION_001,5.67
2026-03-31 00:30:00,STATION_001,5.53
2026-03-31 00:45:00,STATION_001,6.17
2026-03-31 01:00:00,STATION_001,3.67
2026-03-31 01:15:00,STATION_001,5.19
2026-03-31 01:30:00,STATION_001,5.64
2026-03-31 01:45:00,STATION_001,7.03
2026-03-31 02:00:00,STATION_001,8.1
2026-03-31 02:15:00,STATION_001,7.09
2026-03-31 02:30:00,STATION_001,5.29
2026-03-31 02:45:00,STATION_001,6.91
2026-03-31 03:00:00,STATION_001,6.39
2026-03-31 03:15:00,STATION_001,10.42
2026-03-31 03:30:00,STATION_001,8.37
2026-03-31 03:45:00,STATION_001,10.65
2026-03-31 04:00:00,STATION_001,13.83
2026-03-31 04:15:00,STATION_001,12.04
2026-03-31 04:30:00,STATION_001,14.54
2026-03-31 04:45:00,STATION_001,16.76
2026-03-31 05:00:00,STATION_001,17.84
2026-03-31 05:15:00,STATION_001,19.52
2026-03-31 05:30:00,STATION_001,18.48
2026-03-31 05:45:00,STATION_001,16.48
2026-03-31 06:00:00,STATION_001,16.7
2026-03-31 06:15:00,STATION_001,19.05
2026-03-31 06:30:00,STATION_001,22.76
2026-03-31 06:45:00,STATION_001,23.09
2026-03-31 07:00:00,STATION_001,24.73
2026-03-31 07:15:00,STATION_001,24.75
2026-03-31 07:30:00,STATION_001,23.83
2026-03-31 07:45:00,STATION_001,21.61
2026-03-31 08:00:00,STATION_001,21.8
2026-03-31 08:15:00,STATION_001,21.05
2026-03-31 08:30:00,STATION_001,20.26
2026-03-31 08:45:00,STATION_001,18.59
2026-03-31 09:00:00,STATION_001,17.3
2026-03-31 09:15:00,STATION_001,20.0
2026-03-31 09:30:00,STATION_001,22.47
2026-03-31 09:45:00,STATION_001,19.23
2026-03-31 10:00:00,STATION_001,22.1
2026-03-31 10:15:00,STATION_001,21.2
2026-03-31 10:30:00,STATION_001,22.51
2026-03-31 10:45:00,STATION_001,23.63
2026-03-31 11:00:00,STATION_001,26.24
2026-03-31 11:15:00,STATION_001,27.87
2026-03-31 11:30:00,STATION_001,27.06
2026-03-31 11:45:00,STATION_001,29.07
2026-03-31 12:00:00,STATION_001,31.2
2026-03-31 12:15:00,STATION_001,36.07
2026-03-31 12:30:00,STATION_001,41.21
2026-03-31 12:45:00,STATION_001,43.52
2026-03-31 13:00:00,STATION_001,44.76
2026-03-31 13:15:00,STATION_001,50.63
2026-03-31 13:30:00,STATION_001,54.47
2026-03-31 13:45:00,STATION_001,54.43
2026-03-31 14:00:00,STATION_001,55.41
2026-03-31 14:15:00,STATION_001,58.02
2026-03-31 14:30:00,STATION_001,58.43
2026-03-31 14:45:00,STATION_001,61.35
2026-03-31 15:00:00,STATION_001,59.42
2026-03-31 15:15:00,STATION_001,58.71
2026-03-31 15:30:00,STATION_001,61.52
2026-03-31 15:45:00,STATION_001,59.72
2026-03-31 16:00:00,STATION_001,57.44
2026-03-31 16:15:00,STATION_001,56.01
2026-03-31 16:30:00,STATION_001,56.76
2026-03-31 16:45:00,STATION_001,60.03
2026-03-31 17:00:00,STATION_001,61.32
2026-03-31 17:15:00,STATION_001,58.46
2026-03-31 17:30:00,STATION_001,58.29
2026-03-31 17:45:00,STATION_001,60.16
2026-03-31 18:00:00,STATION_001,66.18
2026-03-31 18:15:00,STATION_001,72.18
2026-03-31 18:30:00,STATION_001,75.69
2026-03-31 18:45:00,STATION_001,77.79
2026-03-31 19:00:00,STATION_001,82.66
2026-03-31 19:15:00,STATION_001,85.14
2026-03-31 19:30:00,STATION_001,89.09
2026-03-31 19:45:00,STATION_001,93.99
2026-03-31 20:00:00,STATION_001,5.0
2026-03-31 20:15:00,STATION_001,8.45
2026-03-31 20:30:00,STATION_001,9.36
2026-03-31 20:45:00,STATION_001,12.47
2026-03-31 21:00:00,STATION_001,12.41
2026-03-31 21:15:00,STATION_001,15.32
2026-03-31 21:30:00,STATION_001,16.04
2026-03-31 21:45:00,STATION_001,16.39
2026-03-31 22:00:00,STATION_001,18.16
2026-03-31 22:15:00,STATION_001,20.38
2026-03-31 22:30:00,STATION_001,21.12
2026-03-31 22:45:00,STATION_001,21.06
2026-03-31 23:00:00,STATION_001,17.14
2026-03-31 23:15:00,STATION_001,17.24
2026-03-31 23:30:00,STATION_001,16.42
2026-03-31 23:45:00,STATION_001,17.41
2026-01-01 00:00:00,STATION_002,4.25
2026-01-01 00:15:00,STATION_002,2.65
2026-01-01 00:30:00,STATION_002,9.54
2026-01-01 00:45:00,STATION_002,6.38
2026-01-01 01:00:00,STATION_002,6.34
2026-01-01 01:15:00,STATION_002,7.81
2026-01-01 01:30:00,STATION_002,5.25
2026-01-01 01:45:00,STATION_002,6.65
2026-01-01 02:00:00,STATION_002,9.11
2026-01-01 02:15:00,STATION_002,13.97
2026-01-01 02:30:00,STATION_002,14.51
2026-01-01 02:45:00,STATION_002,14.83
2026-01-01 03:00:00,STATION_002,12.07
2026-01-01 03:15:00,STATION_002,15.09
2026-01-01 03:30:00,STATION_002,15.17
2026-01-01 03:45:00,STATION_002,15.34
2026-01-01 04:00:00,STATION_002,17.46
2026-01-01 04:15:00,STATION_002,18.02
2026-01-01 04:30:00,STATION_002,20.27
2026-01-01 04:45:00,STATION_002,21.43
2026-01-01 05:00:00,STATION_002,24.69
2026-01-01 05:15:00,STATION_002,26.75
2026-01-01 05:30:00,STATION_002,25.63
2026-01-01 05:45:00,STATION_002,28.57
2026-01-01 06:00:00,STATION_002,28.9
2026-01-01 06:15:00,STATION_002,29.82
2026-01-01 06:30:00,STATION_002,29.84
2026-01-01 06:45:00,STATION_002,26.58
2026-01-01 07:00:00,STATION_002,27.29
2026-01-01 07:15:00,STATION_002,28.99
2026-01-01 07:30:00,STATION_002,33.38
2026-01-01 07:45:00,STATION_002,34.14
2026-01-01 08:00:00,STATION_002,35.09
2026-01-01 08:15:00,STATION_002,36.04
2026-01-01 08:30:00,STATION_002,37.16
2026-01-01 08:45:00,STATION_002,37.87
2026-01-01 09:00:00,STATION_002,39.39
2026-01-01 09:15:00,STATION_002,39.53
2026-01-01 09:30:00,STATION_002,40.48
2026-01-01 09:45:00,STATION_002,45.78
2026-01-01 10:00:00,STATION_002,49.39
2026-01-01 10:15:00,STATION_002,47.08
2026-01-01 10:30:00,STATION_002,51.66
2026-01-01 10:45:00,STATION_002,56.11
2026-01-01 11:00:00,STATION_002,59.22
2026-01-01 11:15:00,STATION_002,58.86
2026-01-01 11:30:00,STATION_002,57.67
2026-01-01 11:45:00,STATION_002,60.79
2026-01-01 12:00:00,STATION_002,64.4
2026-01-01 12:15:00,STATION_002,67.9
2026-01-01 12:30:00,STATION_002,75.35
2026-01-01 12:45:00,STATION_002,79.06
2026-01-01 13:00:00,STATION_002,81.82
2026-01-01 13:15:00,STATION_002,81.56
2026-01-01 13:30:00,STATION_002,85.53
2026-01-01 13:45:00,STATION_002,87.2
2026-01-01 14:00:00,STATION_002,89.95
2026-01-01 14:15:00,STATION_002,90.52
2026-01-01 14:30:00,STATION_002,91.61
2026-01-01 14:45:00,STATION_002,91.55
2026-01-01 15:00:00,STATION_002,89.38
2026-01-01 15:15:00,STATION_002,87.86
2026-01-01 15:30:00,STATION_002,85.5
2026-01-01 15:45:00,STATION_002,84.91
2026-01-01 16:00:00,STATION_002,85.72
2026-01-01 16:15:00,STATION_002,86.34
2026-01-01 16:30:00,STATION_002,88.18
2026-01-01 16:45:00,STATION_002,90.28
2026-01-01 17:00:00,STATION_002,90.02
2026-01-01 17:15:00,STATION_002,92.59
2026-01-01 17:30:00,STATION_002,92.03
2026-01-01 17:45:00,STATION_002,5.0
2026-01-01 18:00:00,STATION_002,13.7
2026-01-01 18:15:00,STATION_002,16.33
2026-01-01 18:30:00,STATION_002,20.38
2026-01-01 18:45:00,STATION_002,25.25
2026-01-01 19:00:00,STATION_002,29.33
2026-01-01 19:15:00,STATION_002,34.09
2026-01-01 19:30:00,STATION_002,38.16
2026-01-01 19:45:00,STATION_002,39.71
2026-01-01 20:00:00,STATION_002,39.63
2026-01-01 20:15:00,STATION_002,38.38
2026-01-01 20:30:00,STATION_002,42.1
2026-01-01 20:45:00,STATION_002,41.98
2026-01-01 21:00:00,STATION_002,43.62
2026-01-01 21:15:00,STATION_002,38.24
2026-01-01 21:30:00,STATION_002,36.89
2026-01-01 21:45:00,STATION_002,37.94
2026-01-01 22:00:00,STATION_002,38.04
2026-01-01 22:15:00,STATION_002,40.35
2026-01-01 22:30:00,STATION_002,42.82
2026-01-01 22:45:00,STATION_002,43.65
2026-01-01 23:00:00,STATION_002,44.08
2026-01-01 23:15:00,STATION_002,43.02
2026-01-01 23:30:00,STATION_002,44.52
2026-01-01 23:45:00,STATION_002,44.57
2026-01-02 00:00:00,STATION_002,41.11
2026-01-02 00:15:00,STATION_002,39.96
2026-01-02 00:30:00,STATION_002,39.05
2026-01-02 00:45:00,STATION_002,40.24
2026-01-02 01:00:00,STATION_002,41.08
2026-01-02 01:15:00,STATION_002,41.07
2026-01-02 01:30:00,STATION_002,45.33
2026-01-02 01:45:00,STATION_002,48.3
2026-01-02 02:00:00,STATION_002,50.46
2026-01-02 02:15:00,STATION_002,51.09
2026-01-02 02:30:00,STATION_002,53.04
2026-01-02 02:45:00,STATION_002,52.6
2026-01-02 03:00:00,STATION_002,53.43
2026-01-02 03:15:00,STATION_002,54.26
2026-01-02 03:30:00,STATION_002,50.89
2026-01-02 03:45:00,STATION_002,53.54
2026-01-02 04:00:00,STATION_002,53.41
2026-01-02 04:15:00,STATION_002,54.26
2026-01-02 04:30:00,STATION_002,54.06
2026-01-02 04:45:00,STATION_002,55.49
2026-01-02 05:00:00,STATION_002,54.83
2026-01-02 05:15:00,STATION_002,57.27
2026-01-02 05:30:00,STATION_002,56.36
2026-01-02 05:45:00,STATION_002,55.67
2026-01-02 06:00:00,STATION_002,57.04
2026-01-02 06:15:00,STATION_002,58.55
2026-01-02 06:30:00,STATION_002,59.64
2026-01-02 06:45:00,STATION_002,58.63
2026-01-02 07:00:00,STATION_002,58.54
2026-01-02 07:15:00,STATION_002,59.5
2026-01-02 07:30:00,STATION_002,62.33
2026-01-02 07:45:00,STATION_002,61.45
2026-01-02 08:00:00,STATION_002,62.41
2026-01-02 08:15:00,STATION_002,62.9
2026-01-02 08:30:00,STATION_002,62.36
2026-01-02 08:45:00,STATION_002,62.59
2026-01-02 09:00:00,STATION_002,63.29
2026-01-02 09:15:00,STATION_002,62.06
2026-01-02 09:30:00,STATION_002,62.48
2026-01-02 09:45:00,STATION_002,67.74
2026-01-02 10:00:00,STATION_002,65.24
2026-01-02 10:15:00,STATION_002,67.87
2026-01-02 10:30:00,STATION_002,68.78
2026-01-02 10:45:00,STATION_002,68.79
2026-01-02 11:00:00,STATION_002,69.03
2026-01-02 11:15:00,STATION_002,69.34
2026-01-02 11:30:00,STATION_002,69.25
2026-01-02 11:45:00,STATION_002,71.33
2026-01-02 12:00:00,STATION_002,70.64
2026-01-02 12:15:00,STATION_002,75.1
2026-01-02 12:30:00,STATION_002,78.51
2026-01-02 12:45:00,STATION_002,80.27
2026-01-02 13:00:00,STATION_002,84.26
2026-01-02 13:15:00,STATION_002,88.26
2026-01-02 13:30:00,STATION_002,92.24
2026-01-02 13:45:00,STATION_002,93.37
2026-01-02 14:00:00,STATION_002,5.0
2026-01-02 14:15:00,STATION_002,5.01
2026-01-02 14:30:00,STATION_002,8.89
2026-01-02 14:45:00,STATION_002,11.23
2026-01-02 15:00:00,STATION_002,12.93
2026-01-02 15:15:00,STATION_002,18.21
2026-01-02 15:30:00,STATION_002,20.06
2026-01-02 15:45:00,STATION_002,22.49
2026-01-02 16:00:00,STATION_002,23.08
2026-01-02 16:15:00,STATION_002,28.73
2026-01-02 16:30:00,STATION_002,30.65
2026-01-02 16:45:00,STATION_002,33.8
2026-01-02 17:00:00,STATION_002,33.99
2026-01-02 17:15:00,STATION_002,33.41
2026-01-02 17:30:00,STATION_002,36.98
2026-01-02 17:45:00,STATION_002,34.91
2026-01-02 18:00:00,STATION_002,40.17
2026-01-02 18:15:00,STATION_002,44.9
2026-01-02 18:30:00,STATION_002,45.89
2026-01-02 18:45:00,STATION_002,53.27
2026-01-02 19:00:00,STATION_002,53.65
2026-01-02 19:15:00,STATION_002,54.78
2026-01-02 19:30:00,STATION_002,59.54
2026-01-02 19:45:00,STATION_002,62.14
2026-01-02 20:00:00,STATION_002,67.37
2026-01-02 20:15:00,STATION_002,70.63
2026-01-02 20:30:00,STATION_002,76.3
2026-01-02 20:45:00,STATION_002,80.44
2026-01-02 21:00:00,STATION_002,81.96
2026-01-02 21:15:00,STATION_002,80.53
2026-01-02 21:30:00,STATION_002,82.75
2026-01-02 21:45:00,STATION_002,80.67
2026-01-02 22:00:00,STATION_002,79.14
2026-01-02 22:15:00,STATION_002,81.93
2026-01-02 22:30:00,STATION_002,85.66
2026-01-02 22:45:00,STATION_002,87.22
2026-01-02 23:00:00,STATION_002,86.18
2026-01-02 23:15:00,STATION_002,90.27
2026-01-02 23:30:00,STATION_002,5.0
2026-01-02 23:45:00,STATION_002,5.38
2026-01-03 00:00:00,STATION_002,5.28
2026-01-03 00:15:00,STATION_002,5.79
2026-01-03 00:30:00,STATION_002,9.64
2026-01-03 00:45:00,STATION_002,11.89
2026-01-03 01:00:00,STATION_002,13.84
2026-01-03 01:15:00,STATION_002,18.68
2026-01-03 01:30:00,STATION_002,18.42
2026-01-03 01:45:00,STATION_002,20.4
2026-01-03 02:00:00,STATION_002,23.07
2026-01-03 02:15:00,STATION_002,27.14
2026-01-03 02:30:00,STATION_002,25.56
2026-01-03 02:45:00,STATION_002,30.5
2026-01-03 03:00:00,STATION_002,32.46
2026-01-03 03:15:00,STATION_002,35.98
2026-01-03 03:30:00,STATION_002,34.54
2026-01-03 03:45:00,STATION_002,30.98
2026-01-03 04:00:00,STATION_002,33.74
2026-01-03 04:15:00,STATION_002,33.35
2026-01-03 04:30:00,STATION_002,35.05
2026-01-03 04:45:00,STATION_002,35.7
2026-01-03 05:00:00,STATION_002,39.81
2026-01-03 05:15:00,STATION_002,41.21
2026-01-03 05:30:00,STATION_002,41.65
2026-01-03 05:45:00,STATION_002,35.65
2026-01-03 06:00:00,STATION_002,34.12
2026-01-03 06:15:00,STATION_002,33.93
2026-01-03 06:30:00,STATION_002,37.15
2026-01-03 06:45:00,STATION_002,39.31
2026-01-03 07:00:00,STATION_002,36.69
2026-01-03 07:15:00,STATION_002,33.98
2026-01-03 07:30:00,STATION_002,34.86
2026-01-03 07:45:00,STATION_002,39.89
2026-01-03 08:00:00,STATION_002,42.6
2026-01-03 08:15:00,STATION_002,38.89
2026-01-03 08:30:00,STATION_002,37.13
2026-01-03 08:45:00,STATION_002,37.13
2026-01-03 09:00:00,STATION_002,38.61
2026-01-03 09:15:00,STATION_002,42.22
2026-01-03 09:30:00,STATION_002,45.17
2026-01-03 09:45:00,STATION_002,42.75
2026-01-03 10:00:00,STATION_002,43.62
2026-01-03 10:15:00,STATION_002,47.18
2026-01-03 10:30:00,STATION_002,43.93
2026-01-03 10:45:00,STATION_002,44.02
2026-01-03 11:00:00,STATION_002,45.08
2026-01-03 11:15:00,STATION_002,46.76
2026-01-03 11:30:00,STATION_002,47.11
2026-01-03 11:45:00,STATION_002,51.04
2026-01-03 12:00:00,STATION_002,54.03
2026-01-03 12:15:00,STATION_002,57.12
2026-01-03 12:30:00,STATION_002,55.68
2026-01-03 12:45:00,STATION_002,56.96
2026-01-03 13:00:00,STATION_002,58.62
2026-01-03 13:15:00,STATION_002,62.13
2026-01-03 13:30:00,STATION_002,65.2
2026-01-03 13:45:00,STATION_002,68.52
2026-01-03 14:00:00,STATION_002,69.11
2026-01-03 14:15:00,STATION_002,72.65
2026-01-03 14:30:00,STATION_002,75.81
2026-01-03 14:45:00,STATION_002,75.69
2026-01-03 15:00:00,STATION_002,77.06
2026-01-03 15:15:00,STATION_002,75.38
2026-01-03 15:30:00,STATION_002,76.07
2026-01-03 15:45:00,STATION_002,78.64
2026-01-03 16:00:00,STATION_002,76.42
2026-01-03 16:15:00,STATION_002,80.07
2026-01-03 16:30:00,STATION_002,82.18
2026-01-03 16:45:00,STATION_002,79.49
2026-01-03 17:00:00,STATION_002,81.06
2026-01-03 17:15:00,STATION_002,82.44
2026-01-03 17:30:00,STATION_002,85.48
2026-01-03 17:45:00,STATION_002,83.35
2026-01-03 18:00:00,STATION_002,84.03
2026-01-03 18:15:00,STATION_002,86.07
2026-01-03 18:30:00,STATION_002,88.37
2026-01-03 18:45:00,STATION_002,88.69
2026-01-03 19:00:00,STATION_002,88.42
2026-01-03 19:15:00,STATION_002,90.73
2026-01-03 19:30:00,STATION_002,92.1
2026-01-03 19:45:00,STATION_002,93.98
2026-01-03 20:00:00,STATION_002,5.0
2026-01-03 20:15:00,STATION_002,3.64
2026-01-03 20:30:00,STATION_002,4.93
2026-01-03 20:45:00,STATION_002,6.91
2026-01-03 21:00:00,STATION_002,8.63
2026-01-03 21:15:00,STATION_002,9.32
2026-01-03 21:30:00,STATION_002,10.16
2026-01-03 21:45:00,STATION_002,11.68
2026-01-03 22:00:00,STATION_002,11.25
2026-01-03 22:15:00,STATION_002,10.47
2026-01-03 22:30:00,STATION_002,9.59
2026-01-03 22:45:00,STATION_002,9.71
2026-01-03 23:00:00,STATION_002,13.14
2026-01-03 23:15:00,STATION_002,14.48
2026-01-03 23:30:00,STATION_002,14.95
2026-01-03 23:45:00,STATION_002,14.95
2026-01-04 00:00:00,STATION_002,17.8
2026-01-04 00:15:00,STATION_002,16.83
2026-01-04 00:30:00,STATION_002,16.46
2026-01-04 00:45:00,STATION_002,17.13
2026-01-04 01:00:00,STATION_002,18.53
2026-01-04 01:15:00,STATION_002,21.03
2026-01-04 01:30:00,STATION_002,24.65
2026-01-04 01:45:00,STATION_002,24.43
2026-01-04 02:00:00,STATION_002,27.23
2026-01-04 02:15:00,STATION_002,31.81
2026-01-04 02:30:00,STATION_002,31.54
2026-01-04 02:45:00,STATION_002,36.46
2026-01-04 03:00:00,STATION_002,34.85
2026-01-04 03:15:00,STATION_002,36.04
2026-01-04 03:30:00,STATION_002,37.6
2026-01-04 03:45:00,STATION_002,37.15
2026-01-04 04:00:00,STATION_002,37.27
2026-01-04 04:15:00,STATION_002,36.9
2026-01-04 04:30:00,STATION_002,36.71
2026-01-04 04:45:00,STATION_002,38.23
2026-01-04 05:00:00,STATION_002,37.24
2026-01-04 05:15:00,STATION_002,37.09
2026-01-04 05:30:00,STATION_002,34.73
2026-01-04 05:45:00,STATION_002,37.59
2026-01-04 06:00:00,STATION_002,41.39
2026-01-04 06:15:00,STATION_002,41.14
2026-01-04 06:30:00,STATION_002,43.89
2026-01-04 06:45:00,STATION_002,45.07
2026-01-04 07:00:00,STATION_002,42.87
2026-01-04 07:15:00,STATION_002,41.81
2026-01-04 07:30:00,STATION_002,47.74
2026-01-04 07:45:00,STATION_002,50.23
2026-01-04 08:00:00,STATION_002,47.33
2026-01-04 08:15:00,STATION_002,48.39
2026-01-04 08:30:00,STATION_002,49.14
2026-01-04 08:45:00,STATION_002,50.86
2026-01-04 09:00:00,STATION_002,51.27
2026-01-04 09:15:00,STATION_002,52.7
2026-01-04 09:30:00,STATION_002,55.89
2026-01-04 09:45:00,STATION_002,56.09
2026-01-04 10:00:00,STATION_002,54.69
2026-01-04 10:15:00,STATION_002,54.27
2026-01-04 10:30:00,STATION_002,55.45
2026-01-04 10:45:00,STATION_002,57.61
2026-01-04 11:00:00,STATION_002,56.93
2026-01-04 11:15:00,STATION_002,63.73
2026-01-04 11:30:00,STATION_002,62.02
2026-01-04 11:45:00,STATION_002,61.84
2026-01-04 12:00:00,STATION_002,59.92
2026-01-04 12:15:00,STATION_002,62.48
2026-01-04 12:30:00,STATION_002,65.17
2026-01-04 12:45:00,STATION_002,67.02
2026-01-04 13:00:00,STATION_002,68.64
2026-01-04 13:15:00,STATION_002,71.34
2026-01-04 13:30:00,STATION_002,71.38
2026-01-04 13:45:00,STATION_002,76.13
2026-01-04 14:00:00,STATION_002,75.66
2026-01-04 14:15:00,STATION_002,79.96
2026-01-04 14:30:00,STATION_002,86.29
2026-01-04 14:45:00,STATION_002,89.99
2026-01-04 15:00:00,STATION_002,90.3
2026-01-04 15:15:00,STATION_002,93.22
2026-01-04 15:30:00,STATION_002,91.4
2026-01-04 15:45:00,STATION_002,91.79
2026-01-04 16:00:00,STATION_002,90.74
2026-01-04 16:15:00,STATION_002,93.93
2026-01-04 16:30:00,STATION_002,91.48
2026-01-04 16:45:00,STATION_002,5.0
2026-01-04 17:00:00,STATION_002,6.18
2026-01-04 17:15:00,STATION_002,3.24
2026-01-04 17:30:00,STATION_002,2.76
2026-01-04 17:45:00,STATION_002,5.73
2026-01-04 18:00:00,STATION_002,6.4
2026-01-04 18:15:00,STATION_002,7.07
2026-01-04 18:30:00,STATION_002,5.86
2026-01-04 18:45:00,STATION_002,6.3
2026-01-04 19:00:00,STATION_002,4.9
2026-01-04 19:15:00,STATION_002,4.96
2026-01-04 19:30:00,STATION_002,7.58
2026-01-04 19:45:00,STATION_002,6.74
2026-01-04 20:00:00,STATION_002,6.85
2026-01-04 20:15:00,STATION_002,5.72
2026-01-04 20:30:00,STATION_002,8.22
2026-01-04 20:45:00,STATION_002,8.21
2026-01-04 21:00:00,STATION_002,9.07
2026-01-04 21:15:00,STATION_002,10.09
2026-01-04 21:30:00,STATION_002,11.6
2026-01-04 21:45:00,STATION_002,14.33
2026-01-04 22:00:00,STATION_002,13.75
2026-01-04 22:15:00,STATION_002,14.71
2026-01-04 22:30:00,STATION_002,12.08
2026-01-04 22:45:00,STATION_002,12.69
2026-01-04 23:00:00,STATION_002,14.91
2026-01-04 23:15:00,STATION_002,16.18
2026-01-04 23:30:00,STATION_002,11.33
2026-01-04 23:45:00,STATION_002,12.18
2026-01-05 00:00:00,STATION_002,11.41
2026-01-05 00:15:00,STATION_002,13.38
2026-01-05 00:30:00,STATION_002,9.31
2026-01-05 00:45:00,STATION_002,9.28
2026-01-05 01:00:00,STATION_002,8.34
2026-01-05 01:15:00,STATION_002,8.57
2026-01-05 01:30:00,STATION_002,9.47
2026-01-05 01:45:00,STATION_002,10.4
2026-01-05 02:00:00,STATION_002,7.57
2026-01-05 02:15:00,STATION_002,6.92
2026-01-05 02:30:00,STATION_002,9.57
2026-01-05 02:45:00,STATION_002,12.21
2026-01-05 03:00:00,STATION_002,12.66
2026-01-05 03:15:00,STATION_002,16.05
2026-01-05 03:30:00,STATION_002,17.08
2026-01-05 03:45:00,STATION_002,18.18
2026-01-05 04:00:00,STATION_002,18.31
2026-01-05 04:15:00,STATION_002,18.96
2026-01-05 04:30:00,STATION_002,17.95
2026-01-05 04:45:00,STATION_002,19.65
2026-01-05 05:00:00,STATION_002,19.97
2026-01-05 05:15:00,STATION_002,22.21
2026-01-05 05:30:00,STATION_002,23.98
2026-01-05 05:45:00,STATION_002,26.25
2026-01-05 06:00:00,STATION_002,28.42
2026-01-05 06:15:00,STATION_002,30.37
2026-01-05 06:30:00,STATION_002,31.24
2026-01-05 06:45:00,STATION_002,32.27
2026-01-05 07:00:00,STATION_002,31.82
2026-01-05 07:15:00,STATION_002,31.04
2026-01-05 07:30:00,STATION_002,32.45
2026-01-05 07:45:00,STATION_002,32.82
2026-01-05 08:00:00,STATION_002,33.97
2026-01-05 08:15:00,STATION_002,34.79
2026-01-05 08:30:00,STATION_002,35.51
2026-01-05 08:45:00,STATION_002,38.52
2026-01-05 09:00:00,STATION_002,40.75
2026-01-05 09:15:00,STATION_002,42.89
2026-01-05 09:30:00,STATION_002,45.41
2026-01-05 09:45:00,STATION_002,47.09
2026-01-05 10:00:00,STATION_002,45.55
2026-01-05 10:15:00,STATION_002,46.98
2026-01-05 10:30:00,STATION_002,48.22
2026-01-05 10:45:00,STATION_002,45.94
2026-01-05 11:00:00,STATION_002,47.98
2026-01-05 11:15:00,STATION_002,48.19
2026-01-05 11:30:00,STATION_002,49.21
2026-01-05 11:45:00,STATION_002,50.29
2026-01-05 12:00:00,STATION_002,51.51
2026-01-05 12:15:00,STATION_002,52.3
2026-01-05 12:30:00,STATION_002,53.87
2026-01-05 12:45:00,STATION_002,56.99
2026-01-05 13:00:00,STATION_002,59.89
2026-01-05 13:15:00,STATION_002,68.01
2026-01-05 13:30:00,STATION_002,70.73
2026-01-05 13:45:00,STATION_002,74.06
2026-01-05 14:00:00,STATION_002,72.48
2026-01-05 14:15:00,STATION_002,73.52
2026-01-05 14:30:00,STATION_002,73.9
2026-01-05 14:45:00,STATION_002,74.07
2026-01-05 15:00:00,STATION_002,75.06
2026-01-05 15:15:00,STATION_002,78.14
2026-01-05 15:30:00,STATION_002,81.54
2026-01-05 15:45:00,STATION_002,80.94
2026-01-05 16:00:00,STATION_002,80.88
2026-01-05 16:15:00,STATION_002,82.81
2026-01-05 16:30:00,STATION_002,84.56
2026-01-05 16:45:00,STATION_002,83.16
2026-01-05 17:00:00,STATION_002,84.63
2026-01-05 17:15:00,STATION_002,89.58
2026-01-05 17:30:00,STATION_002,88.44
2026-01-05 17:45:00,STATION_002,88.39
2026-01-05 18:00:00,STATION_002,89.74
2026-01-05 18:15:00,STATION_002,91.56
2026-01-05 18:30:00,STATION_002,5.0
2026-01-05 18:45:00,STATION_002,4.66
2026-01-05 19:00:00,STATION_002,6.21
2026-01-05 19:15:00,STATION_002,8.55
2026-01-05 19:30:00,STATION_002,10.71
2026-01-05 19:45:00,STATION_002,14.47
2026-01-05 20:00:00,STATION_002,18.48
2026-01-05 20:15:00,STATION_002,25.08
2026-01-05 20:30:00,STATION_002,25.16
2026-01-05 20:45:00,STATION_002,31.26
2026-01-05 21:00:00,STATION_002,29.91
2026-01-05 21:15:00,STATION_002,29.28
2026-01-05 21:30:00,STATION_002,28.14
2026-01-05 21:45:00,STATION_002,32.89
2026-01-05 22:00:00,STATION_002,30.7
2026-01-05 22:15:00,STATION_002,29.56
2026-01-05 22:30:00,STATION_002,31.74
2026-01-05 22:45:00,STATION_002,29.54
2026-01-05 23:00:00,STATION_002,32.24
2026-01-05 23:15:00,STATION_002,29.16
2026-01-05 23:30:00,STATION_002,31.88
2026-01-05 23:45:00,STATION_002,35.6
2026-01-06 00:00:00,STATION_002,35.99
2026-01-06 00:15:00,STATION_002,39.5
2026-01-06 00:30:00,STATION_002,42.25
2026-01-06 00:45:00,STATION_002,44.99
2026-01-06 01:00:00,STATION_002,47.68
2026-01-06 01:15:00,STATION_002,48.4
2026-01-06 01:30:00,STATION_002,52.25
2026-01-06 01:45:00,STATION_002,57.09
2026-01-06 02:00:00,STATION_002,55.51
2026-01-06 02:15:00,STATION_002,55.18
2026-01-06 02:30:00,STATION_002,55.66
2026-01-06 02:45:00,STATION_002,57.58
2026-01-06 03:00:00,STATION_002,59.44
2026-01-06 03:15:00,STATION_002,59.57
2026-01-06 03:30:00,STATION_002,62.17
2026-01-06 03:45:00,STATION_002,63.09
2026-01-06 04:00:00,STATION_002,65.86
2026-01-06 04:15:00,STATION_002,67.46
2026-01-06 04:30:00,STATION_002,66.63
2026-01-06 04:45:00,STATION_002,67.78
2026-01-06 05:00:00,STATION_002,66.63
2026-01-06 05:15:00,STATION_002,65.69
2026-01-06 05:30:00,STATION_002,65.66
2026-01-06 05:45:00,STATION_002,69.52
2026-01-06 06:00:00,STATION_002,70.04
2026-01-06 06:15:00,STATION_002,70.2
2026-01-06 06:30:00,STATION_002,72.34
2026-01-06 06:45:00,STATION_002,70.79
2026-01-06 07:00:00,STATION_002,72.18
2026-01-06 07:15:00,STATION_002,74.99
2026-01-06 07:30:00,STATION_002,79.37
2026-01-06 07:45:00,STATION_002,80.69
2026-01-06 08:00:00,STATION_002,83.98
2026-01-06 08:15:00,STATION_002,84.21
2026-01-06 08:30:00,STATION_002,82.44
2026-01-06 08:45:00,STATION_002,83.78
2026-01-06 09:00:00,STATION_002,86.63
2026-01-06 09:15:00,STATION_002,88.38
2026-01-06 09:30:00,STATION_002,89.81
2026-01-06 09:45:00,STATION_002,90.65
2026-01-06 10:00:00,STATION_002,87.8
2026-01-06 10:15:00,STATION_002,88.73
2026-01-06 10:30:00,STATION_002,89.81
2026-01-06 10:45:00,STATION_002,91.72
2026-01-06 11:00:00,STATION_002,92.7
2026-01-06 11:15:00,STATION_002,91.24
2026-01-06 11:30:00,STATION_002,93.82
2026-01-06 11:45:00,STATION_002,5.0
2026-01-06 12:00:00,STATION_002,6.47
2026-01-06 12:15:00,STATION_002,7.59
2026-01-06 12:30:00,STATION_002,9.99
2026-01-06 12:45:00,STATION_002,12.82
2026-01-06 13:00:00,STATION_002,16.29
2026-01-06 13:15:00,STATION_002,16.15
2026-01-06 13:30:00,STATION_002,18.08
2026-01-06 13:45:00,STATION_002,21.14
2026-01-06 14:00:00,STATION_002,18.26
2026-01-06 14:15:00,STATION_002,19.86
2026-01-06 14:30:00,STATION_002,20.12
2026-01-06 14:45:00,STATION_002,22.45
2026-01-06 15:00:00,STATION_002,23.03
2026-01-06 15:15:00,STATION_002,23.34
2026-01-06 15:30:00,STATION_002,24.67
2026-01-06 15:45:00,STATION_002,23.65
2026-01-06 16:00:00,STATION_002,21.57
2026-01-06 16:15:00,STATION_002,23.09
2026-01-06 16:30:00,STATION_002,22.17
2026-01-06 16:45:00,STATION_002,21.1
2026-01-06 17:00:00,STATION_002,22.63
2026-01-06 17:15:00,STATION_002,25.66
2026-01-06 17:30:00,STATION_002,25.93
2026-01-06 17:45:00,STATION_002,28.85
2026-01-06 18:00:00,STATION_002,31.2
2026-01-06 18:15:00,STATION_002,33.55
2026-01-06 18:30:00,STATION_002,32.88
2026-01-06 18:45:00,STATION_002,35.02
2026-01-06 19:00:00,STATION_002,38.91
2026-01-06 19:15:00,STATION_002,44.35
2026-01-06 19:30:00,STATION_002,45.21
2026-01-06 19:45:00,STATION_002,49.84
2026-01-06 20:00:00,STATION_002,48.13
2026-01-06 20:15:00,STATION_002,52.24
2026-01-06 20:30:00,STATION_002,55.57
2026-01-06 20:45:00,STATION_002,59.75
2026-01-06 21:00:00,STATION_002,60.12
2026-01-06 21:15:00,STATION_002,61.31
2026-01-06 21:30:00,STATION_002,65.18
2026-01-06 21:45:00,STATION_002,62.11
2026-01-06 22:00:00,STATION_002,61.49
2026-01-06 22:15:00,STATION_002,60.28
2026-01-06 22:30:00,STATION_002,58.23
2026-01-06 22:45:00,STATION_002,59.5
2026-01-06 23:00:00,STATION_002,60.27
2026-01-06 23:15:00,STATION_002,63.5
2026-01-06 23:30:00,STATION_002,64.24
2026-01-06 23:45:00,STATION_002,64.85
2026-01-07 00:00:00,STATION_002,62.36
2026-01-07 00:15:00,STATION_002,65.6
2026-01-07 00:30:00,STATION_002,64.56
2026-01-07 00:45:00,STATION_002,64.47
2026-01-07 01:00:00,STATION_002,63.62
2026-01-07 01:15:00,STATION_002,64.14
2026-01-07 01:30:00,STATION_002,64.25
2026-01-07 01:45:00,STATION_002,59.94
2026-01-07 02:00:00,STATION_002,63.03
2026-01-07 02:15:00,STATION_002,62.77
2026-01-07 02:30:00,STATION_002,62.13
2026-01-07 02:45:00,STATION_002,63.58
2026-01-07 03:00:00,STATION_002,63.75
2026-01-07 03:15:00,STATION_002,65.12
2026-01-07 03:30:00,STATION_002,60.24
2026-01-07 03:45:00,STATION_002,59.21
2026-01-07 04:00:00,STATION_002,62.15
2026-01-07 04:15:00,STATION_002,64.04
2026-01-07 04:30:00,STATION_002,63.56
2026-01-07 04:45:00,STATION_002,65.07
2026-01-07 05:00:00,STATION_002,66.96
2026-01-07 05:15:00,STATION_002,70.54
2026-01-07 05:30:00,STATION_002,71.25
2026-01-07 05:45:00,STATION_002,68.4
2026-01-07 06:00:00,STATION_002,68.46
2026-01-07 06:15:00,STATION_002,70.44
2026-01-07 06:30:00,STATION_002,73.1
2026-01-07 06:45:00,STATION_002,73.98
2026-01-07 07:00:00,STATION_002,75.15
2026-01-07 07:15:00,STATION_002,77.39
2026-01-07 07:30:00,STATION_002,76.52
2026-01-07 07:45:00,STATION_002,83.23
2026-01-07 08:00:00,STATION_002,85.3
2026-01-07 08:15:00,STATION_002,87.93
2026-01-07 08:30:00,STATION_002,90.49
2026-01-07 08:45:00,STATION_002,91.67
2026-01-07 09:00:00,STATION_002,92.53
2026-01-07 09:15:00,STATION_002,5.0
2026-01-07 09:30:00,STATION_002,4.5
2026-01-07 09:45:00,STATION_002,6.57
2026-01-07 10:00:00,STATION_002,6.39
2026-01-07 10:15:00,STATION_002,8.57
2026-01-07 10:30:00,STATION_002,7.28
2026-01-07 10:45:00,STATION_002,7.25
2026-01-07 11:00:00,STATION_002,6.0
2026-01-07 11:15:00,STATION_002,4.2
2026-01-07 11:30:00,STATION_002,3.94
2026-01-07 11:45:00,STATION_002,0.39
2026-01-07 12:00:00,STATION_002,4.94
2026-01-07 12:15:00,STATION_002,8.03
2026-01-07 12:30:00,STATION_002,8.42
2026-01-07 12:45:00,STATION_002,8.67
2026-01-07 13:00:00,STATION_002,9.86
2026-01-07 13:15:00,STATION_002,16.53
2026-01-07 13:30:00,STATION_002,19.25
2026-01-07 13:45:00,STATION_002,22.18
2026-01-07 14:00:00,STATION_002,21.37
2026-01-07 14:15:00,STATION_002,21.29
2026-01-07 14:30:00,STATION_002,20.93
2026-01-07 14:45:00,STATION_002,20.59
2026-01-07 15:00:00,STATION_002,20.34
2026-01-07 15:15:00,STATION_002,18.79
2026-01-07 15:30:00,STATION_002,22.81
2026-01-07 15:45:00,STATION_002,25.17
2026-01-07 16:00:00,STATION_002,22.91
2026-01-07 16:15:00,STATION_002,25.96
2026-01-07 16:30:00,STATION_002,27.19
2026-01-07 16:45:00,STATION_002,27.81
2026-01-07 17:00:00,STATION_002,27.07
2026-01-07 17:15:00,STATION_002,27.57
2026-01-07 17:30:00,STATION_002,31.25
2026-01-07 17:45:00,STATION_002,31.15
2026-01-07 18:00:00,STATION_002,35.08
2026-01-07 18:15:00,STATION_002,39.11
2026-01-07 18:30:00,STATION_002,41.62
2026-01-07 18:45:00,STATION_002,41.99
2026-01-07 19:00:00,STATION_002,40.47
2026-01-07 19:15:00,STATION_002,47.74
2026-01-07 19:30:00,STATION_002,49.39
2026-01-07 19:45:00,STATION_002,55.44
2026-01-07 20:00:00,STATION_002,58.81
2026-01-07 20:15:00,STATION_002,60.25
2026-01-07 20:30:00,STATION_002,66.83
2026-01-07 20:45:00,STATION_002,69.35
2026-01-07 21:00:00,STATION_002,70.98
2026-01-07 21:15:00,STATION_002,74.72
2026-01-07 21:30:00,STATION_002,75.57
2026-01-07 21:45:00,STATION_002,75.94
2026-01-07 22:00:00,STATION_002,77.43
2026-01-07 22:15:00,STATION_002,76.61
2026-01-07 22:30:00,STATION_002,74.48
2026-01-07 22:45:00,STATION_002,78.33
2026-01-07 23:00:00,STATION_002,79.47
2026-01-07 23:15:00,STATION_002,81.63
2026-01-07 23:30:00,STATION_002,81.03
2026-01-07 23:45:00,STATION_002,77.71
2026-01-08 00:00:00,STATION_002,76.83
2026-01-08 00:15:00,STATION_002,80.03
2026-01-08 00:30:00,STATION_002,81.91
2026-01-08 00:45:00,STATION_002,84.65
2026-01-08 01:00:00,STATION_002,83.34
2026-01-08 01:15:00,STATION_002,86.39
2026-01-08 01:30:00,STATION_002,88.46
2026-01-08 01:45:00,STATION_002,85.97
2026-01-08 02:00:00,STATION_002,88.31
2026-01-08 02:15:00,STATION_002,88.42
2026-01-08 02:30:00,STATION_002,89.89
2026-01-08 02:45:00,STATION_002,89.6
2026-01-08 03:00:00,STATION_002,88.74
2026-01-08 03:15:00,STATION_002,89.22
2026-01-08 03:30:00,STATION_002,90.51
2026-01-08 03:45:00,STATION_002,89.91
2026-01-08 04:00:00,STATION_002,5.0
2026-01-08 04:15:00,STATION_002,2.87
2026-01-08 04:30:00,STATION_002,5.35
2026-01-08 04:45:00,STATION_002,1.14
2026-01-08 05:00:00,STATION_002,1.53
2026-01-08 05:15:00,STATION_002,0.0
2026-01-08 05:30:00,STATION_002,1.73
2026-01-08 05:45:00,STATION_002,1.23
2026-01-08 06:00:00,STATION_002,0.0
2026-01-08 06:15:00,STATION_002,0.0
2026-01-08 06:30:00,STATION_002,0.0
2026-01-08 06:45:00,STATION_002,0.0
2026-01-08 07:00:00,STATION_002,0.3
2026-01-08 07:15:00,STATION_002,0.0
2026-01-08 07:30:00,STATION_002,2.52
2026-01-08 07:45:00,STATION_002,8.21
2026-01-08 08:00:00,STATION_002,9.24
2026-01-08 08:15:00,STATION_002,10.85
2026-01-08 08:30:00,STATION_002,9.78
2026-01-08 08:45:00,STATION_002,13.41
2026-01-08 09:00:00,STATION_002,12.3
2026-01-08 09:15:00,STATION_002,12.74
2026-01-08 09:30:00,STATION_002,13.66
2026-01-08 09:45:00,STATION_002,17.02
2026-01-08 10:00:00,STATION_002,13.62
2026-01-08 10:15:00,STATION_002,12.48
2026-01-08 10:30:00,STATION_002,14.12
2026-01-08 10:45:00,STATION_002,14.91
2026-01-08 11:00:00,STATION_002,16.28
2026-01-08 11:15:00,STATION_002,14.91
2026-01-08 11:30:00,STATION_002,15.37
2026-01-08 11:45:00,STATION_002,15.33
2026-01-08 12:00:00,STATION_002,16.89
2026-01-08 12:15:00,STATION_002,21.79
2026-01-08 12:30:00,STATION_002,22.96
2026-01-08 12:45:00,STATION_002,28.47
2026-01-08 13:00:00,STATION_002,32.28
2026-01-08 13:15:00,STATION_002,36.81
2026-01-08 13:30:00,STATION_002,44.17
2026-01-08 13:45:00,STATION_002,46.88
2026-01-08 14:00:00,STATION_002,45.7
2026-01-08 14:15:00,STATION_002,40.42
2026-01-08 14:30:00,STATION_002,40.96
2026-01-08 14:45:00,STATION_002,45.34
2026-01-08 15:00:00,STATION_002,44.51
2026-01-08 15:15:00,STATION_002,49.55
2026-01-08 15:30:00,STATION_002,53.34
2026-01-08 15:45:00,STATION_002,56.23
2026-01-08 16:00:00,STATION_002,56.72
2026-01-08 16:15:00,STATION_002,57.6
2026-01-08 16:30:00,STATION_002,61.47
2026-01-08 16:45:00,STATION_002,63.24
2026-01-08 17:00:00,STATION_002,64.6
2026-01-08 17:15:00,STATION_002,64.81
2026-01-08 17:30:00,STATION_002,65.03
2026-01-08 17:45:00,STATION_002,61.81
2026-01-08 18:00:00,STATION_002,63.73
2026-01-08 18:15:00,STATION_002,66.69
2026-01-08 18:30:00,STATION_002,70.64
2026-01-08 18:45:00,STATION_002,74.73
2026-01-08 19:00:00,STATION_002,75.57
2026-01-08 19:15:00,STATION_002,78.13
2026-01-08 19:30:00,STATION_002,82.27
2026-01-08 19:45:00,STATION_002,85.76
2026-01-08 20:00:00,STATION_002,88.4
2026-01-08 20:15:00,STATION_002,92.46
2026-01-08 20:30:00,STATION_002,5.0
2026-01-08 20:45:00,STATION_002,7.82
2026-01-08 21:00:00,STATION_002,8.21
2026-01-08 21:15:00,STATION_002,7.53
2026-01-08 21:30:00,STATION_002,7.82
2026-01-08 21:45:00,STATION_002,7.13
2026-01-08 22:00:00,STATION_002,5.26
2026-01-08 22:15:00,STATION_002,4.69
2026-01-08 22:30:00,STATION_002,5.73
2026-01-08 22:45:00,STATION_002,7.67
2026-01-08 23:00:00,STATION_002,8.38
2026-01-08 23:15:00,STATION_002,6.79
2026-01-08 23:30:00,STATION_002,10.54
2026-01-08 23:45:00,STATION_002,14.28
2026-01-09 00:00:00,STATION_002,14.76
2026-01-09 00:15:00,STATION_002,14.9
2026-01-09 00:30:00,STATION_002,11.79
2026-01-09 00:45:00,STATION_002,14.16
2026-01-09 01:00:00,STATION_002,15.82
2026-01-09 01:15:00,STATION_002,15.86
2026-01-09 01:30:00,STATION_002,13.65
2026-01-09 01:45:00,STATION_002,15.67
2026-01-09 02:00:00,STATION_002,15.38
2026-01-09 02:15:00,STATION_002,18.39
2026-01-09 02:30:00,STATION_002,17.77
2026-01-09 02:45:00,STATION_002,17.9
2026-01-09 03:00:00,STATION_002,19.17
2026-01-09 03:15:00,STATION_002,16.18
2026-01-09 03:30:00,STATION_002,19.05
2026-01-09 03:45:00,STATION_002,22.18
2026-01-09 04:00:00,STATION_002,21.98
2026-01-09 04:15:00,STATION_002,24.26
2026-01-09 04:30:00,STATION_002,26.88
2026-01-09 04:45:00,STATION_002,27.61
2026-01-09 05:00:00,STATION_002,32.49
2026-01-09 05:15:00,STATION_002,28.79
2026-01-09 05:30:00,STATION_002,27.41
2026-01-09 05:45:00,STATION_002,30.23
2026-01-09 06:00:00,STATION_002,29.3
2026-01-09 06:15:00,STATION_002,27.78
2026-01-09 06:30:00,STATION_002,29.47
2026-01-09 06:45:00,STATION_002,28.79
2026-01-09 07:00:00,STATION_002,31.43
2026-01-09 07:15:00,STATION_002,33.74
2026-01-09 07:30:00,STATION_002,34.41
2026-01-09 07:45:00,STATION_002,33.63
2026-01-09 08:00:00,STATION_002,34.89
2026-01-09 08:15:00,STATION_002,33.94
2026-01-09 08:30:00,STATION_002,33.94
2026-01-09 08:45:00,STATION_002,36.01
2026-01-09 09:00:00,STATION_002,37.97
2026-01-09 09:15:00,STATION_002,36.33
2026-01-09 09:30:00,STATION_002,36.55
2026-01-09 09:45:00,STATION_002,37.65
2026-01-09 10:00:00,STATION_002,38.8
2026-01-09 10:15:00,STATION_002,38.02
2026-01-09 10:30:00,STATION_002,38.33
2026-01-09 10:45:00,STATION_002,41.66
2026-01-09 11:00:00,STATION_002,42.62
2026-01-09 11:15:00,STATION_002,45.46
2026-01-09 11:30:00,STATION_002,46.36
2026-01-09 11:45:00,STATION_002,49.59
2026-01-09 12:00:00,STATION_002,55.71
2026-01-09 12:15:00,STATION_002,59.76
2026-01-09 12:30:00,STATION_002,63.46
2026-01-09 12:45:00,STATION_002,63.57
2026-01-09 13:00:00,STATION_002,66.36
2026-01-09 13:15:00,STATION_002,69.66
2026-01-09 13:30:00,STATION_002,72.1
2026-01-09 13:45:00,STATION_002,75.09
2026-01-09 14:00:00,STATION_002,78.96
2026-01-09 14:15:00,STATION_002,76.14
2026-01-09 14:30:00,STATION_002,78.34
2026-01-09 14:45:00,STATION_002,79.91
2026-01-09 15:00:00,STATION_002,80.34
2026-01-09 15:15:00,STATION_002,79.64
2026-01-09 15:30:00,STATION_002,80.47
2026-01-09 15:45:00,STATION_002,81.2
2026-01-09 16:00:00,STATION_002,82.58
2026-01-09 16:15:00,STATION_002,81.06
2026-01-09 16:30:00,STATION_002,86.07
2026-01-09 16:45:00,STATION_002,89.51
2026-01-09 17:00:00,STATION_002,89.15
2026-01-09 17:15:00,STATION_002,90.05
2026-01-09 17:30:00,STATION_002,93.66
2026-01-09 17:45:00,STATION_002,94.43
2026-01-09 18:00:00,STATION_002,5.0
2026-01-09 18:15:00,STATION_002,8.4
2026-01-09 18:30:00,STATION_002,12.23
2026-01-09 18:45:00,STATION_002,14.19
2026-01-09 19:00:00,STATION_002,17.52
2026-01-09 19:15:00,STATION_002,19.8
2026-01-09 19:30:00,STATION_002,23.02
2026-01-09 19:45:00,STATION_002,26.09
2026-01-09 20:00:00,STATION_002,29.05
2026-01-09 20:15:00,STATION_002,30.04
2026-01-09 20:30:00,STATION_002,33.02
2026-01-09 20:45:00,STATION_002,36.96
2026-01-09 21:00:00,STATION_002,35.58
2026-01-09 21:15:00,STATION_002,36.54
2026-01-09 21:30:00,STATION_002,37.77
2026-01-09 21:45:00,STATION_002,39.77
2026-01-09 22:00:00,STATION_002,39.6
2026-01-09 22:15:00,STATION_002,39.03
2026-01-09 22:30:00,STATION_002,42.15
2026-01-09 22:45:00,STATION_002,44.63
2026-01-09 23:00:00,STATION_002,47.43
2026-01-09 23:15:00,STATION_002,43.08
2026-01-09 23:30:00,STATION_002,42.12
2026-01-09 23:45:00,STATION_002,44.37
2026-01-10 00:00:00,STATION_002,43.62
2026-01-10 00:15:00,STATION_002,46.68
2026-01-10 00:30:00,STATION_002,47.98
2026-01-10 00:45:00,STATION_002,53.19
2026-01-10 01:00:00,STATION_002,55.29
2026-01-10 01:15:00,STATION_002,56.76
2026-01-10 01:30:00,STATION_002,57.53
2026-01-10 01:45:00,STATION_002,58.01
2026-01-10 02:00:00,STATION_002,57.02
2026-01-10 02:15:00,STATION_002,55.64
2026-01-10 02:30:00,STATION_002,60.05
2026-01-10 02:45:00,STATION_002,62.03
2026-01-10 03:00:00,STATION_002,63.59
2026-01-10 03:15:00,STATION_002,63.83
2026-01-10 03:30:00,STATION_002,65.27
2026-01-10 03:45:00,STATION_002,68.03
2026-01-10 04:00:00,STATION_002,68.82
2026-01-10 04:15:00,STATION_002,70.7
2026-01-10 04:30:00,STATION_002,74.5
2026-01-10 04:45:00,STATION_002,75.03
2026-01-10 05:00:00,STATION_002,76.39
2026-01-10 05:15:00,STATION_002,78.95
2026-01-10 05:30:00,STATION_002,79.3
2026-01-10 05:45:00,STATION_002,77.66
2026-01-10 06:00:00,STATION_002,79.77
2026-01-10 06:15:00,STATION_002,81.0
2026-01-10 06:30:00,STATION_002,79.35
2026-01-10 06:45:00,STATION_002,79.6
2026-01-10 07:00:00,STATION_002,79.53
2026-01-10 07:15:00,STATION_002,79.0
2026-01-10 07:30:00,STATION_002,81.87
2026-01-10 07:45:00,STATION_002,81.31
2026-01-10 08:00:00,STATION_002,85.49
2026-01-10 08:15:00,STATION_002,86.47
2026-01-10 08:30:00,STATION_002,85.09
2026-01-10 08:45:00,STATION_002,86.53
2026-01-10 09:00:00,STATION_002,90.18
2026-01-10 09:15:00,STATION_002,89.68
2026-01-10 09:30:00,STATION_002,91.59
2026-01-10 09:45:00,STATION_002,91.6
2026-01-10 10:00:00,STATION_002,89.27
2026-01-10 10:15:00,STATION_002,87.3
2026-01-10 10:30:00,STATION_002,90.06
2026-01-10 10:45:00,STATION_002,93.22
2026-01-10 11:00:00,STATION_002,5.0
2026-01-10 11:15:00,STATION_002,5.35
2026-01-10 11:30:00,STATION_002,12.08
2026-01-10 11:45:00,STATION_002,13.27
2026-01-10 12:00:00,STATION_002,17.84
2026-01-10 12:15:00,STATION_002,20.73
2026-01-10 12:30:00,STATION_002,22.46
2026-01-10 12:45:00,STATION_002,26.04
2026-01-10 13:00:00,STATION_002,29.8
2026-01-10 13:15:00,STATION_002,35.45
2026-01-10 13:30:00,STATION_002,38.05
2026-01-10 13:45:00,STATION_002,41.12
2026-01-10 14:00:00,STATION_002,40.12
2026-01-10 14:15:00,STATION_002,39.49
2026-01-10 14:30:00,STATION_002,40.01
2026-01-10 14:45:00,STATION_002,40.2
2026-01-10 15:00:00,STATION_002,42.51
2026-01-10 15:15:00,STATION_002,37.73
2026-01-10 15:30:00,STATION_002,35.1
2026-01-10 15:45:00,STATION_002,38.48
2026-01-10 16:00:00,STATION_002,38.08
2026-01-10 16:15:00,STATION_002,38.4
2026-01-10 16:30:00,STATION_002,37.81
2026-01-10 16:45:00,STATION_002,38.91
2026-01-10 17:00:00,STATION_002,38.84
2026-01-10 17:15:00,STATION_002,39.78
2026-01-10 17:30:00,STATION_002,42.29
2026-01-10 17:45:00,STATION_002,42.23
2026-01-10 18:00:00,STATION_002,40.06
2026-01-10 18:15:00,STATION_002,40.08
2026-01-10 18:30:00,STATION_002,40.01
2026-01-10 18:45:00,STATION_002,40.23
2026-01-10 19:00:00,STATION_002,38.56
2026-01-10 19:15:00,STATION_002,40.26
2026-01-10 19:30:00,STATION_002,40.77
2026-01-10 19:45:00,STATION_002,40.59
2026-01-10 20:00:00,STATION_002,38.87
2026-01-10 20:15:00,STATION_002,40.02
2026-01-10 20:30:00,STATION_002,40.56
2026-01-10 20:45:00,STATION_002,44.19
2026-01-10 21:00:00,STATION_002,40.35
2026-01-10 21:15:00,STATION_002,42.75
2026-01-10 21:30:00,STATION_002,45.7
2026-01-10 21:45:00,STATION_002,47.27
2026-01-10 22:00:00,STATION_002,47.78
2026-01-10 22:15:00,STATION_002,49.72
2026-01-10 22:30:00,STATION_002,50.48
2026-01-10 22:45:00,STATION_002,52.46
2026-01-10 23:00:00,STATION_002,50.67
2026-01-10 23:15:00,STATION_002,50.73
2026-01-10 23:30:00,STATION_002,51.08
2026-01-10 23:45:00,STATION_002,51.83
2026-01-11 00:00:00,STATION_002,49.82
2026-01-11 00:15:00,STATION_002,48.85
2026-01-11 00:30:00,STATION_002,46.18
2026-01-11 00:45:00,STATION_002,46.28
2026-01-11 01:00:00,STATION_002,47.47
2026-01-11 01:15:00,STATION_002,49.84
2026-01-11 01:30:00,STATION_002,44.34
2026-01-11 01:45:00,STATION_002,47.3
2026-01-11 02:00:00,STATION_002,51.18
2026-01-11 02:15:00,STATION_002,53.29
2026-01-11 02:30:00,STATION_002,56.92
2026-01-11 02:45:00,STATION_002,58.33
2026-01-11 03:00:00,STATION_002,60.62
2026-01-11 03:15:00,STATION_002,60.43
2026-01-11 03:30:00,STATION_002,62.87
2026-01-11 03:45:00,STATION_002,62.98
2026-01-11 04:00:00,STATION_002,63.76
2026-01-11 04:15:00,STATION_002,64.69
2026-01-11 04:30:00,STATION_002,65.59
2026-01-11 04:45:00,STATION_002,64.74
2026-01-11 05:00:00,STATION_002,64.39
2026-01-11 05:15:00,STATION_002,65.64
2026-01-11 05:30:00,STATION_002,65.33
2026-01-11 05:45:00,STATION_002,64.84
2026-01-11 06:00:00,STATION_002,64.54
2026-01-11 06:15:00,STATION_002,66.95
2026-01-11 06:30:00,STATION_002,67.53
2026-01-11 06:45:00,STATION_002,68.36
2026-01-11 07:00:00,STATION_002,69.41
2026-01-11 07:15:00,STATION_002,71.42
2026-01-11 07:30:00,STATION_002,69.93
2026-01-11 07:45:00,STATION_002,71.37
2026-01-11 08:00:00,STATION_002,67.7
2026-01-11 08:15:00,STATION_002,67.42
2026-01-11 08:30:00,STATION_002,67.68
2026-01-11 08:45:00,STATION_002,69.25
2026-01-11 09:00:00,STATION_002,69.81
2026-01-11 09:15:00,STATION_002,68.62
2026-01-11 09:30:00,STATION_002,71.75
2026-01-11 09:45:00,STATION_002,73.75
2026-01-11 10:00:00,STATION_002,76.23
2026-01-11 10:15:00,STATION_002,73.81
2026-01-11 10:30:00,STATION_002,78.05
2026-01-11 10:45:00,STATION_002,77.49
2026-01-11 11:00:00,STATION_002,80.53
2026-01-11 11:15:00,STATION_002,81.28
2026-01-11 11:30:00,STATION_002,80.78
2026-01-11 11:45:00,STATION_002,81.28
2026-01-11 12:00:00,STATION_002,83.03
2026-01-11 12:15:00,STATION_002,82.86
2026-01-11 12:30:00,STATION_002,87.99
2026-01-11 12:45:00,STATION_002,90.38
2026-01-11 13:00:00,STATION_002,90.3
2026-01-11 13:15:00,STATION_002,90.66
2026-01-11 13:30:00,STATION_002,92.59
2026-01-11 13:45:00,STATION_002,92.98
2026-01-11 14:00:00,STATION_002,5.0
2026-01-11 14:15:00,STATION_002,5.82
2026-01-11 14:30:00,STATION_002,6.52
2026-01-11 14:45:00,STATION_002,12.06
2026-01-11 15:00:00,STATION_002,11.17
2026-01-11 15:15:00,STATION_002,11.85
2026-01-11 15:30:00,STATION_002,12.61
2026-01-11 15:45:00,STATION_002,12.51
2026-01-11 16:00:00,STATION_002,14.19
2026-01-11 16:15:00,STATION_002,19.37
2026-01-11 16:30:00,STATION_002,22.09
2026-01-11 16:45:00,STATION_002,21.62
2026-01-11 17:00:00,STATION_002,24.41
2026-01-11 17:15:00,STATION_002,25.5
2026-01-11 17:30:00,STATION_002,24.21
2026-01-11 17:45:00,STATION_002,22.55
2026-01-11 18:00:00,STATION_002,21.03
2026-01-11 18:15:00,STATION_002,19.88
2026-01-11 18:30:00,STATION_002,22.78
2026-01-11 18:45:00,STATION_002,20.54
2026-01-11 19:00:00,STATION_002,21.47
2026-01-11 19:15:00,STATION_002,22.26
2026-01-11 19:30:00,STATION_002,23.9
2026-01-11 19:45:00,STATION_002,25.2
2026-01-11 20:00:00,STATION_002,29.73
2026-01-11 20:15:00,STATION_002,30.87
2026-01-11 20:30:00,STATION_002,29.96
2026-01-11 20:45:00,STATION_002,33.64
2026-01-11 21:00:00,STATION_002,34.36
2026-01-11 21:15:00,STATION_002,35.03
2026-01-11 21:30:00,STATION_002,37.85
2026-01-11 21:45:00,STATION_002,35.35
2026-01-11 22:00:00,STATION_002,35.77
2026-01-11 22:15:00,STATION_002,36.27
2026-01-11 22:30:00,STATION_002,35.32
2026-01-11 22:45:00,STATION_002,34.72
2026-01-11 23:00:00,STATION_002,36.01
2026-01-11 23:15:00,STATION_002,37.07
2026-01-11 23:30:00,STATION_002,38.71
2026-01-11 23:45:00,STATION_002,38.5
2026-01-12 00:00:00,STATION_002,37.08
2026-01-12 00:15:00,STATION_002,37.33
2026-01-12 00:30:00,STATION_002,39.03
2026-01-12 00:45:00,STATION_002,43.59
2026-01-12 01:00:00,STATION_002,44.49
2026-01-12 01:15:00,STATION_002,47.91
2026-01-12 01:30:00,STATION_002,48.7
2026-01-12 01:45:00,STATION_002,49.96
2026-01-12 02:00:00,STATION_002,51.99
2026-01-12 02:15:00,STATION_002,56.27
2026-01-12 02:30:00,STATION_002,60.47
2026-01-12 02:45:00,STATION_002,59.63
2026-01-12 03:00:00,STATION_002,60.79
2026-01-12 03:15:00,STATION_002,63.6
2026-01-12 03:30:00,STATION_002,61.37
2026-01-12 03:45:00,STATION_002,65.17
2026-01-12 04:00:00,STATION_002,65.83
2026-01-12 04:15:00,STATION_002,66.47
2026-01-12 04:30:00,STATION_002,69.63
2026-01-12 04:45:00,STATION_002,73.24
2026-01-12 05:00:00,STATION_002,75.65
2026-01-12 05:15:00,STATION_002,75.14
2026-01-12 05:30:00,STATION_002,72.25
2026-01-12 05:45:00,STATION_002,73.89
2026-01-12 06:00:00,STATION_002,73.82
2026-01-12 06:15:00,STATION_002,73.99
2026-01-12 06:30:00,STATION_002,78.63
2026-01-12 06:45:00,STATION_002,78.47
2026-01-12 07:00:00,STATION_002,73.07
2026-01-12 07:15:00,STATION_002,72.72
2026-01-12 07:30:00,STATION_002,74.66
2026-01-12 07:45:00,STATION_002,78.72
2026-01-12 08:00:00,STATION_002,81.02
2026-01-12 08:15:00,STATION_002,82.73
2026-01-12 08:30:00,STATION_002,82.06
2026-01-12 08:45:00,STATION_002,83.73
2026-01-12 09:00:00,STATION_002,81.56
2026-01-12 09:15:00,STATION_002,81.35
2026-01-12 09:30:00,STATION_002,83.49
2026-01-12 09:45:00,STATION_002,80.42
2026-01-12 10:00:00,STATION_002,79.46
2026-01-12 10:15:00,STATION_002,80.97
2026-01-12 10:30:00,STATION_002,85.99
2026-01-12 10:45:00,STATION_002,86.69
2026-01-12 11:00:00,STATION_002,89.6
2026-01-12 11:15:00,STATION_002,94.52
2026-01-12 11:30:00,STATION_002,5.0
2026-01-12 11:45:00,STATION_002,8.67
2026-01-12 12:00:00,STATION_002,16.2
2026-01-12 12:15:00,STATION_002,20.24
2026-01-12 12:30:00,STATION_002,21.19
2026-01-12 12:45:00,STATION_002,25.72
2026-01-12 13:00:00,STATION_002,27.93
2026-01-12 13:15:00,STATION_002,30.6
2026-01-12 13:30:00,STATION_002,33.77
2026-01-12 13:45:00,STATION_002,33.11
2026-01-12 14:00:00,STATION_002,34.61
2026-01-12 14:15:00,STATION_002,38.19
2026-01-12 14:30:00,STATION_002,38.02
2026-01-12 14:45:00,STATION_002,42.34
2026-01-12 15:00:00,STATION_002,39.67
2026-01-12 15:15:00,STATION_002,40.06
2026-01-12 15:30:00,STATION_002,39.14
2026-01-12 15:45:00,STATION_002,41.03
2026-01-12 16:00:00,STATION_002,38.97
2026-01-12 16:15:00,STATION_002,40.6
2026-01-12 16:30:00,STATION_002,40.87
2026-01-12 16:45:00,STATION_002,45.15
2026-01-12 17:00:00,STATION_002,47.89
2026-01-12 17:15:00,STATION_002,50.25
2026-01-12 17:30:00,STATION_002,51.38
2026-01-12 17:45:00,STATION_002,51.04
2026-01-12 18:00:00,STATION_002,52.78
2026-01-12 18:15:00,STATION_002,55.4
2026-01-12 18:30:00,STATION_002,58.85
2026-01-12 18:45:00,STATION_002,60.76
2026-01-12 19:00:00,STATION_002,62.49
2026-01-12 19:15:00,STATION_002,63.77
2026-01-12 19:30:00,STATION_002,63.0
2026-01-12 19:45:00,STATION_002,65.82
2026-01-12 20:00:00,STATION_002,68.85
2026-01-12 20:15:00,STATION_002,73.3
2026-01-12 20:30:00,STATION_002,78.4
2026-01-12 20:45:00,STATION_002,80.06
2026-01-12 21:00:00,STATION_002,82.02
2026-01-12 21:15:00,STATION_002,83.83
2026-01-12 21:30:00,STATION_002,87.49
2026-01-12 21:45:00,STATION_002,87.12
2026-01-12 22:00:00,STATION_002,87.2
2026-01-12 22:15:00,STATION_002,87.75
2026-01-12 22:30:00,STATION_002,90.01
2026-01-12 22:45:00,STATION_002,87.12
2026-01-12 23:00:00,STATION_002,89.47
2026-01-12 23:15:00,STATION_002,89.89
2026-01-12 23:30:00,STATION_002,89.14
2026-01-12 23:45:00,STATION_002,93.44
2026-01-13 00:00:00,STATION_002,5.0
2026-01-13 00:15:00,STATION_002,5.95
2026-01-13 00:30:00,STATION_002,9.39
2026-01-13 00:45:00,STATION_002,7.02
2026-01-13 01:00:00,STATION_002,3.77
2026-01-13 01:15:00,STATION_002,4.03
2026-01-13 01:30:00,STATION_002,5.82
2026-01-13 01:45:00,STATION_002,8.13
2026-01-13 02:00:00,STATION_002,9.1
2026-01-13 02:15:00,STATION_002,8.11
2026-01-13 02:30:00,STATION_002,7.14
2026-01-13 02:45:00,STATION_002,8.07
2026-01-13 03:00:00,STATION_002,5.07
2026-01-13 03:15:00,STATION_002,8.35
2026-01-13 03:30:00,STATION_002,9.68
2026-01-13 03:45:00,STATION_002,6.5
2026-01-13 04:00:00,STATION_002,7.54
2026-01-13 04:15:00,STATION_002,6.92
2026-01-13 04:30:00,STATION_002,10.04
2026-01-13 04:45:00,STATION_002,11.9
2026-01-13 05:00:00,STATION_002,13.61
2026-01-13 05:15:00,STATION_002,15.64
2026-01-13 05:30:00,STATION_002,16.4
2026-01-13 05:45:00,STATION_002,18.55
2026-01-13 06:00:00,STATION_002,17.66
2026-01-13 06:15:00,STATION_002,20.9
2026-01-13 06:30:00,STATION_002,23.61
2026-01-13 06:45:00,STATION_002,22.13
2026-01-13 07:00:00,STATION_002,25.65
2026-01-13 07:15:00,STATION_002,23.56
2026-01-13 07:30:00,STATION_002,23.22
2026-01-13 07:45:00,STATION_002,24.14
2026-01-13 08:00:00,STATION_002,22.65
2026-01-13 08:15:00,STATION_002,21.65
2026-01-13 08:30:00,STATION_002,21.06
2026-01-13 08:45:00,STATION_002,22.08
2026-01-13 09:00:00,STATION_002,25.97
2026-01-13 09:15:00,STATION_002,26.8
2026-01-13 09:30:00,STATION_002,24.41
2026-01-13 09:45:00,STATION_002,27.2
2026-01-13 10:00:00,STATION_002,28.56
2026-01-13 10:15:00,STATION_002,27.87
2026-01-13 10:30:00,STATION_002,27.39
2026-01-13 10:45:00,STATION_002,28.98
2026-01-13 11:00:00,STATION_002,30.23
2026-01-13 11:15:00,STATION_002,32.06
2026-01-13 11:30:00,STATION_002,33.74
2026-01-13 11:45:00,STATION_002,28.77
2026-01-13 12:00:00,STATION_002,32.42
2026-01-13 12:15:00,STATION_002,35.39
2026-01-13 12:30:00,STATION_002,34.48
2026-01-13 12:45:00,STATION_002,39.26
2026-01-13 13:00:00,STATION_002,42.25
2026-01-13 13:15:00,STATION_002,45.27
2026-01-13 13:30:00,STATION_002,47.85
2026-01-13 13:45:00,STATION_002,52.24
2026-01-13 14:00:00,STATION_002,51.07
2026-01-13 14:15:00,STATION_002,50.58
2026-01-13 14:30:00,STATION_002,50.86
2026-01-13 14:45:00,STATION_002,50.7
2026-01-13 15:00:00,STATION_002,54.08
2026-01-13 15:15:00,STATION_002,54.88
2026-01-13 15:30:00,STATION_002,56.08
2026-01-13 15:45:00,STATION_002,54.96
2026-01-13 16:00:00,STATION_002,57.64
2026-01-13 16:15:00,STATION_002,59.76
2026-01-13 16:30:00,STATION_002,60.72
2026-01-13 16:45:00,STATION_002,60.63
2026-01-13 17:00:00,STATION_002,59.79
2026-01-13 17:15:00,STATION_002,60.03
2026-01-13 17:30:00,STATION_002,62.96
2026-01-13 17:45:00,STATION_002,60.86
2026-01-13 18:00:00,STATION_002,64.05
2026-01-13 18:15:00,STATION_002,67.63
2026-01-13 18:30:00,STATION_002,72.43
2026-01-13 18:45:00,STATION_002,74.82
2026-01-13 19:00:00,STATION_002,77.06
2026-01-13 19:15:00,STATION_002,82.3
2026-01-13 19:30:00,STATION_002,83.78
2026-01-13 19:45:00,STATION_002,87.01
2026-01-13 20:00:00,STATION_002,90.78
2026-01-13 20:15:00,STATION_002,91.64
2026-01-13 20:30:00,STATION_002,5.0
2026-01-13 20:45:00,STATION_002,7.8
2026-01-13 21:00:00,STATION_002,11.59
2026-01-13 21:15:00,STATION_002,10.36
2026-01-13 21:30:00,STATION_002,12.76
2026-01-13 21:45:00,STATION_002,16.12
2026-01-13 22:00:00,STATION_002,16.98
2026-01-13 22:15:00,STATION_002,18.5
2026-01-13 22:30:00,STATION_002,18.87
2026-01-13 22:45:00,STATION_002,18.95
2026-01-13 23:00:00,STATION_002,18.68
2026-01-13 23:15:00,STATION_002,23.25
2026-01-13 23:30:00,STATION_002,22.77
2026-01-13 23:45:00,STATION_002,27.37
2026-01-14 00:00:00,STATION_002,28.87
2026-01-14 00:15:00,STATION_002,30.48
2026-01-14 00:30:00,STATION_002,32.14
2026-01-14 00:45:00,STATION_002,34.09
2026-01-14 01:00:00,STATION_002,33.86
2026-01-14 01:15:00,STATION_002,36.41
2026-01-14 01:30:00,STATION_002,39.99
2026-01-14 01:45:00,STATION_002,40.8
2026-01-14 02:00:00,STATION_002,42.36
2026-01-14 02:15:00,STATION_002,43.89
2026-01-14 02:30:00,STATION_002,44.65
2026-01-14 02:45:00,STATION_002,44.88
2026-01-14 03:00:00,STATION_002,45.68
2026-01-14 03:15:00,STATION_002,49.47
2026-01-14 03:30:00,STATION_002,46.78
2026-01-14 03:45:00,STATION_002,50.4
2026-01-14 04:00:00,STATION_002,47.36
2026-01-14 04:15:00,STATION_002,47.41
2026-01-14 04:30:00,STATION_002,49.04
2026-01-14 04:45:00,STATION_002,51.85
2026-01-14 05:00:00,STATION_002,52.52
2026-01-14 05:15:00,STATION_002,55.4
2026-01-14 05:30:00,STATION_002,57.37
2026-01-14 05:45:00,STATION_002,56.52
2026-01-14 06:00:00,STATION_002,59.69
2026-01-14 06:15:00,STATION_002,61.91
2026-01-14 06:30:00,STATION_002,63.21
2026-01-14 06:45:00,STATION_002,60.94
2026-01-14 07:00:00,STATION_002,60.19
2026-01-14 07:15:00,STATION_002,62.51
2026-01-14 07:30:00,STATION_002,64.49
2026-01-14 07:45:00,STATION_002,66.56
2026-01-14 08:00:00,STATION_002,66.86
2026-01-14 08:15:00,STATION_002,68.23
2026-01-14 08:30:00,STATION_002,67.09
2026-01-14 08:45:00,STATION_002,63.65
2026-01-14 09:00:00,STATION_002,64.49
2026-01-14 09:15:00,STATION_002,64.29
2026-01-14 09:30:00,STATION_002,63.81
2026-01-14 09:45:00,STATION_002,59.91
2026-01-14 10:00:00,STATION_002,60.45
2026-01-14 10:15:00,STATION_002,61.67
2026-01-14 10:30:00,STATION_002,62.8
2026-01-14 10:45:00,STATION_002,62.76
2026-01-14 11:00:00,STATION_002,61.24
2026-01-14 11:15:00,STATION_002,63.51
2026-01-14 11:30:00,STATION_002,64.08
2026-01-14 11:45:00,STATION_002,66.97
2026-01-14 12:00:00,STATION_002,69.43
2026-01-14 12:15:00,STATION_002,67.65
2026-01-14 12:30:00,STATION_002,71.93
2026-01-14 12:45:00,STATION_002,74.87
2026-01-14 13:00:00,STATION_002,76.8
2026-01-14 13:15:00,STATION_002,79.62
2026-01-14 13:30:00,STATION_002,82.39
2026-01-14 13:45:00,STATION_002,83.13
2026-01-14 14:00:00,STATION_002,84.99
2026-01-14 14:15:00,STATION_002,87.9
2026-01-14 14:30:00,STATION_002,88.33
2026-01-14 14:45:00,STATION_002,94.43
2026-01-14 15:00:00,STATION_002,5.0
2026-01-14 15:15:00,STATION_002,4.64
2026-01-14 15:30:00,STATION_002,3.58
2026-01-14 15:45:00,STATION_002,4.69
2026-01-14 16:00:00,STATION_002,4.77
2026-01-14 16:15:00,STATION_002,5.19
2026-01-14 16:30:00,STATION_002,3.95
2026-01-14 16:45:00,STATION_002,6.9
2026-01-14 17:00:00,STATION_002,7.68
2026-01-14 17:15:00,STATION_002,8.66
2026-01-14 17:30:00,STATION_002,9.7
2026-01-14 17:45:00,STATION_002,13.21
2026-01-14 18:00:00,STATION_002,15.08
2026-01-14 18:15:00,STATION_002,13.74
2026-01-14 18:30:00,STATION_002,20.08
2026-01-14 18:45:00,STATION_002,19.45
2026-01-14 19:00:00,STATION_002,25.03
2026-01-14 19:15:00,STATION_002,26.09
2026-01-14 19:30:00,STATION_002,28.2
2026-01-14 19:45:00,STATION_002,33.21
2026-01-14 20:00:00,STATION_002,33.94
2026-01-14 20:15:00,STATION_002,36.43
2026-01-14 20:30:00,STATION_002,39.6
2026-01-14 20:45:00,STATION_002,43.24
2026-01-14 21:00:00,STATION_002,43.53
2026-01-14 21:15:00,STATION_002,42.55
2026-01-14 21:30:00,STATION_002,40.5
2026-01-14 21:45:00,STATION_002,41.04
2026-01-14 22:00:00,STATION_002,38.32
2026-01-14 22:15:00,STATION_002,37.64
2026-01-14 22:30:00,STATION_002,40.55
2026-01-14 22:45:00,STATION_002,42.58
2026-01-14 23:00:00,STATION_002,43.12
2026-01-14 23:15:00,STATION_002,48.44
2026-01-14 23:30:00,STATION_002,47.96
2026-01-14 23:45:00,STATION_002,43.07
2026-01-15 00:00:00,STATION_002,44.04
2026-01-15 00:15:00,STATION_002,45.87
2026-01-15 00:30:00,STATION_002,47.67
2026-01-15 00:45:00,STATION_002,45.53
2026-01-15 01:00:00,STATION_002,46.5
2026-01-15 01:15:00,STATION_002,47.63
2026-01-15 01:30:00,STATION_002,49.57
2026-01-15 01:45:00,STATION_002,53.4
2026-01-15 02:00:00,STATION_002,51.98
2026-01-15 02:15:00,STATION_002,53.33
2026-01-15 02:30:00,STATION_002,52.97
2026-01-15 02:45:00,STATION_002,53.29
2026-01-15 03:00:00,STATION_002,54.22
2026-01-15 03:15:00,STATION_002,52.91
2026-01-15 03:30:00,STATION_002,54.0
2026-01-15 03:45:00,STATION_002,51.51
2026-01-15 04:00:00,STATION_002,50.7
2026-01-15 04:15:00,STATION_002,52.47
2026-01-15 04:30:00,STATION_002,55.92
2026-01-15 04:45:00,STATION_002,56.43
2026-01-15 05:00:00,STATION_002,59.0
2026-01-15 05:15:00,STATION_002,56.6
2026-01-15 05:30:00,STATION_002,60.12
2026-01-15 05:45:00,STATION_002,60.94
2026-01-15 06:00:00,STATION_002,60.77
2026-01-15 06:15:00,STATION_002,61.71
2026-01-15 06:30:00,STATION_002,62.01
2026-01-15 06:45:00,STATION_002,61.08
2026-01-15 07:00:00,STATION_002,64.47
2026-01-15 07:15:00,STATION_002,64.88
2026-01-15 07:30:00,STATION_002,66.29
2026-01-15 07:45:00,STATION_002,66.25
2026-01-15 08:00:00,STATION_002,68.4
2026-01-15 08:15:00,STATION_002,70.04
2026-01-15 08:30:00,STATION_002,70.46
2026-01-15 08:45:00,STATION_002,75.0
2026-01-15 09:00:00,STATION_002,78.14
2026-01-15 09:15:00,STATION_002,79.97
2026-01-15 09:30:00,STATION_002,80.96
2026-01-15 09:45:00,STATION_002,82.07
2026-01-15 10:00:00,STATION_002,83.43
2026-01-15 10:15:00,STATION_002,81.56
2026-01-15 10:30:00,STATION_002,84.81
2026-01-15 10:45:00,STATION_002,86.8
2026-01-15 11:00:00,STATION_002,87.54
2026-01-15 11:15:00,STATION_002,90.31
2026-01-15 11:30:00,STATION_002,93.58
2026-01-15 11:45:00,STATION_002,91.5
2026-01-15 12:00:00,STATION_002,91.36
2026-01-15 12:15:00,STATION_002,5.0
2026-01-15 12:30:00,STATION_002,9.5
2026-01-15 12:45:00,STATION_002,11.97
2026-01-15 13:00:00,STATION_002,14.37
2026-01-15 13:15:00,STATION_002,17.85
2026-01-15 13:30:00,STATION_002,20.78
2026-01-15 13:45:00,STATION_002,26.87
2026-01-15 14:00:00,STATION_002,25.36
2026-01-15 14:15:00,STATION_002,27.13
2026-01-15 14:30:00,STATION_002,28.68
2026-01-15 14:45:00,STATION_002,32.25
2026-01-15 15:00:00,STATION_002,32.34
2026-01-15 15:15:00,STATION_002,34.8
2026-01-15 15:30:00,STATION_002,40.46
2026-01-15 15:45:00,STATION_002,44.39
2026-01-15 16:00:00,STATION_002,48.28
2026-01-15 16:15:00,STATION_002,50.02
2026-01-15 16:30:00,STATION_002,50.14
2026-01-15 16:45:00,STATION_002,50.34
2026-01-15 17:00:00,STATION_002,49.87
2026-01-15 17:15:00,STATION_002,52.2
2026-01-15 17:30:00,STATION_002,52.02
2026-01-15 17:45:00,STATION_002,51.12
2026-01-15 18:00:00,STATION_002,54.8
2026-01-15 18:15:00,STATION_002,59.03
2026-01-15 18:30:00,STATION_002,59.46
2026-01-15 18:45:00,STATION_002,62.45
2026-01-15 19:00:00,STATION_002,64.83
2026-01-15 19:15:00,STATION_002,69.78
2026-01-15 19:30:00,STATION_002,69.43
2026-01-15 19:45:00,STATION_002,74.82
2026-01-15 20:00:00,STATION_002,79.9
2026-01-15 20:15:00,STATION_002,81.91
2026-01-15 20:30:00,STATION_002,89.77
2026-01-15 20:45:00,STATION_002,93.93
2026-01-15 21:00:00,STATION_002,94.21
2026-01-15 21:15:00,STATION_002,93.95
2026-01-15 21:30:00,STATION_002,91.89
2026-01-15 21:45:00,STATION_002,88.81
2026-01-15 22:00:00,STATION_002,89.01
2026-01-15 22:15:00,STATION_002,92.04
2026-01-15 22:30:00,STATION_002,5.0
2026-01-15 22:45:00,STATION_002,5.4
2026-01-15 23:00:00,STATION_002,4.35
2026-01-15 23:15:00,STATION_002,2.69
2026-01-15 23:30:00,STATION_002,0.03
2026-01-15 23:45:00,STATION_002,4.12
2026-01-16 00:00:00,STATION_002,9.53
2026-01-16 00:15:00,STATION_002,6.98
2026-01-16 00:30:00,STATION_002,9.16
2026-01-16 00:45:00,STATION_002,12.04
2026-01-16 01:00:00,STATION_002,11.47
2026-01-16 01:15:00,STATION_002,12.26
2026-01-16 01:30:00,STATION_002,15.67
2026-01-16 01:45:00,STATION_002,15.28
2026-01-16 02:00:00,STATION_002,15.2
2026-01-16 02:15:00,STATION_002,11.69
2026-01-16 02:30:00,STATION_002,16.84
2026-01-16 02:45:00,STATION_002,13.68
2026-01-16 03:00:00,STATION_002,14.58
2026-01-16 03:15:00,STATION_002,13.76
2026-01-16 03:30:00,STATION_002,13.83
2026-01-16 03:45:00,STATION_002,13.72
2026-01-16 04:00:00,STATION_002,15.62
2026-01-16 04:15:00,STATION_002,17.89
2026-01-16 04:30:00,STATION_002,18.12
2026-01-16 04:45:00,STATION_002,18.65
2026-01-16 05:00:00,STATION_002,16.22
2026-01-16 05:15:00,STATION_002,16.8
2026-01-16 05:30:00,STATION_002,18.62
2026-01-16 05:45:00,STATION_002,18.69
2026-01-16 06:00:00,STATION_002,23.66
2026-01-16 06:15:00,STATION_002,25.92
2026-01-16 06:30:00,STATION_002,22.07
2026-01-16 06:45:00,STATION_002,23.87
2026-01-16 07:00:00,STATION_002,27.57
2026-01-16 07:15:00,STATION_002,28.75
2026-01-16 07:30:00,STATION_002,31.77
2026-01-16 07:45:00,STATION_002,31.36
2026-01-16 08:00:00,STATION_002,32.07
2026-01-16 08:15:00,STATION_002,32.35
2026-01-16 08:30:00,STATION_002,36.77
2026-01-16 08:45:00,STATION_002,37.77
2026-01-16 09:00:00,STATION_002,39.9
2026-01-16 09:15:00,STATION_002,43.5
2026-01-16 09:30:00,STATION_002,45.57
2026-01-16 09:45:00,STATION_002,48.09
2026-01-16 10:00:00,STATION_002,49.65
2026-01-16 10:15:00,STATION_002,46.3
2026-01-16 10:30:00,STATION_002,46.74
2026-01-16 10:45:00,STATION_002,47.61
2026-01-16 11:00:00,STATION_002,51.72
2026-01-16 11:15:00,STATION_002,53.21
2026-01-16 11:30:00,STATION_002,56.51
2026-01-16 11:45:00,STATION_002,60.4
2026-01-16 12:00:00,STATION_002,64.5
2026-01-16 12:15:00,STATION_002,70.3
2026-01-16 12:30:00,STATION_002,73.31
2026-01-16 12:45:00,STATION_002,75.95
2026-01-16 13:00:00,STATION_002,78.04
2026-01-16 13:15:00,STATION_002,76.21
2026-01-16 13:30:00,STATION_002,78.7
2026-01-16 13:45:00,STATION_002,79.55
2026-01-16 14:00:00,STATION_002,80.21
2026-01-16 14:15:00,STATION_002,79.91
2026-01-16 14:30:00,STATION_002,80.53
2026-01-16 14:45:00,STATION_002,78.23
2026-01-16 15:00:00,STATION_002,79.53
2026-01-16 15:15:00,STATION_002,82.14
2026-01-16 15:30:00,STATION_002,86.13
2026-01-16 15:45:00,STATION_002,87.96
2026-01-16 16:00:00,STATION_002,90.74
2026-01-16 16:15:00,STATION_002,5.0
2026-01-16 16:30:00,STATION_002,5.62
2026-01-16 16:45:00,STATION_002,2.96
2026-01-16 17:00:00,STATION_002,5.64
2026-01-16 17:15:00,STATION_002,1.94
2026-01-16 17:30:00,STATION_002,4.24
2026-01-16 17:45:00,STATION_002,4.17
2026-01-16 18:00:00,STATION_002,8.1
2026-01-16 18:15:00,STATION_002,10.51
2026-01-16 18:30:00,STATION_002,16.69
2026-01-16 18:45:00,STATION_002,21.75
2026-01-16 19:00:00,STATION_002,24.44
2026-01-16 19:15:00,STATION_002,29.58
2026-01-16 19:30:00,STATION_002,32.38
2026-01-16 19:45:00,STATION_002,37.45
2026-01-16 20:00:00,STATION_002,41.24
2026-01-16 20:15:00,STATION_002,43.37
2026-01-16 20:30:00,STATION_002,46.11
2026-01-16 20:45:00,STATION_002,50.75
2026-01-16 21:00:00,STATION_002,50.21
2026-01-16 21:15:00,STATION_002,51.98
2026-01-16 21:30:00,STATION_002,50.36
2026-01-16 21:45:00,STATION_002,49.57
2026-01-16 22:00:00,STATION_002,52.3
2026-01-16 22:15:00,STATION_002,54.21
2026-01-16 22:30:00,STATION_002,57.48
2026-01-16 22:45:00,STATION_002,59.15
2026-01-16 23:00:00,STATION_002,59.05
2026-01-16 23:15:00,STATION_002,58.04
2026-01-16 23:30:00,STATION_002,53.15
2026-01-16 23:45:00,STATION_002,51.62
2026-01-17 00:00:00,STATION_002,53.42
2026-01-17 00:15:00,STATION_002,51.26
2026-01-17 00:30:00,STATION_002,53.02
2026-01-17 00:45:00,STATION_002,52.7
2026-01-17 01:00:00,STATION_002,54.29
2026-01-17 01:15:00,STATION_002,53.78
2026-01-17 01:30:00,STATION_002,51.6
2026-01-17 01:45:00,STATION_002,55.9
2026-01-17 02:00:00,STATION_002,57.16
2026-01-17 02:15:00,STATION_002,56.97
2026-01-17 02:30:00,STATION_002,56.95
2026-01-17 02:45:00,STATION_002,55.39
2026-01-17 03:00:00,STATION_002,54.92
2026-01-17 03:15:00,STATION_002,54.37
2026-01-17 03:30:00,STATION_002,53.23
2026-01-17 03:45:00,STATION_002,54.79
2026-01-17 04:00:00,STATION_002,58.22
2026-01-17 04:15:00,STATION_002,55.64
2026-01-17 04:30:00,STATION_002,54.74
2026-01-17 04:45:00,STATION_002,57.87
2026-01-17 05:00:00,STATION_002,60.35
2026-01-17 05:15:00,STATION_002,59.23
2026-01-17 05:30:00,STATION_002,60.72
2026-01-17 05:45:00,STATION_002,66.65
2026-01-17 06:00:00,STATION_002,69.03
2026-01-17 06:15:00,STATION_002,69.46
2026-01-17 06:30:00,STATION_002,69.1
2026-01-17 06:45:00,STATION_002,71.21
2026-01-17 07:00:00,STATION_002,74.88
2026-01-17 07:15:00,STATION_002,76.42
2026-01-17 07:30:00,STATION_002,77.51
2026-01-17 07:45:00,STATION_002,77.72
2026-01-17 08:00:00,STATION_002,79.41
2026-01-17 08:15:00,STATION_002,81.35
2026-01-17 08:30:00,STATION_002,78.94
2026-01-17 08:45:00,STATION_002,79.05
2026-01-17 09:00:00,STATION_002,79.15
2026-01-17 09:15:00,STATION_002,81.13
2026-01-17 09:30:00,STATION_002,80.18
2026-01-17 09:45:00,STATION_002,82.08
2026-01-17 10:00:00,STATION_002,81.06
2026-01-17 10:15:00,STATION_002,81.12
2026-01-17 10:30:00,STATION_002,81.04
2026-01-17 10:45:00,STATION_002,81.38
2026-01-17 11:00:00,STATION_002,86.75
2026-01-17 11:15:00,STATION_002,88.3
2026-01-17 11:30:00,STATION_002,88.18
2026-01-17 11:45:00,STATION_002,94.07
2026-01-17 12:00:00,STATION_002,5.0
2026-01-17 12:15:00,STATION_002,8.38
2026-01-17 12:30:00,STATION_002,11.12
2026-01-17 12:45:00,STATION_002,13.45
2026-01-17 13:00:00,STATION_002,15.81
2026-01-17 13:15:00,STATION_002,20.35
2026-01-17 13:30:00,STATION_002,23.27
2026-01-17 13:45:00,STATION_002,22.9
2026-01-17 14:00:00,STATION_002,26.26
2026-01-17 14:15:00,STATION_002,31.93
2026-01-17 14:30:00,STATION_002,38.2
2026-01-17 14:45:00,STATION_002,44.06
2026-01-17 15:00:00,STATION_002,44.72
2026-01-17 15:15:00,STATION_002,47.98
2026-01-17 15:30:00,STATION_002,50.57
2026-01-17 15:45:00,STATION_002,50.8
2026-01-17 16:00:00,STATION_002,52.47
2026-01-17 16:15:00,STATION_002,51.87
2026-01-17 16:30:00,STATION_002,50.14
2026-01-17 16:45:00,STATION_002,51.74
2026-01-17 17:00:00,STATION_002,54.44
2026-01-17 17:15:00,STATION_002,57.89
2026-01-17 17:30:00,STATION_002,59.78
2026-01-17 17:45:00,STATION_002,59.0
2026-01-17 18:00:00,STATION_002,55.54
2026-01-17 18:15:00,STATION_002,59.36
2026-01-17 18:30:00,STATION_002,60.72
2026-01-17 18:45:00,STATION_002,62.63
2026-01-17 19:00:00,STATION_002,64.08
2026-01-17 19:15:00,STATION_002,66.85
2026-01-17 19:30:00,STATION_002,67.8
2026-01-17 19:45:00,STATION_002,63.84
2026-01-17 20:00:00,STATION_002,68.8
2026-01-17 20:15:00,STATION_002,73.25
2026-01-17 20:30:00,STATION_002,71.85
2026-01-17 20:45:00,STATION_002,73.74
2026-01-17 21:00:00,STATION_002,76.22
2026-01-17 21:15:00,STATION_002,80.2
2026-01-17 21:30:00,STATION_002,82.9
2026-01-17 21:45:00,STATION_002,82.65
2026-01-17 22:00:00,STATION_002,83.41
2026-01-17 22:15:00,STATION_002,82.68
2026-01-17 22:30:00,STATION_002,83.76
2026-01-17 22:45:00,STATION_002,80.36
2026-01-17 23:00:00,STATION_002,82.25
2026-01-17 23:15:00,STATION_002,84.64
2026-01-17 23:30:00,STATION_002,86.51
2026-01-17 23:45:00,STATION_002,85.38
2026-01-18 00:00:00,STATION_002,85.9
2026-01-18 00:15:00,STATION_002,91.23
2026-01-18 00:30:00,STATION_002,92.95
2026-01-18 00:45:00,STATION_002,94.2
2026-01-18 01:00:00,STATION_002,94.79
2026-01-18 01:15:00,STATION_002,94.29
2026-01-18 01:30:00,STATION_002,94.76
2026-01-18 01:45:00,STATION_002,5.0
2026-01-18 02:00:00,STATION_002,5.85
2026-01-18 02:15:00,STATION_002,3.85
2026-01-18 02:30:00,STATION_002,5.96
2026-01-18 02:45:00,STATION_002,7.54
2026-01-18 03:00:00,STATION_002,10.07
2026-01-18 03:15:00,STATION_002,10.68
2026-01-18 03:30:00,STATION_002,9.46
2026-01-18 03:45:00,STATION_002,10.8
2026-01-18 04:00:00,STATION_002,14.69
2026-01-18 04:15:00,STATION_002,16.59
2026-01-18 04:30:00,STATION_002,16.98
2026-01-18 04:45:00,STATION_002,17.13
2026-01-18 05:00:00,STATION_002,19.48
2026-01-18 05:15:00,STATION_002,19.97
2026-01-18 05:30:00,STATION_002,21.09
2026-01-18 05:45:00,STATION_002,23.27
2026-01-18 06:00:00,STATION_002,22.66
2026-01-18 06:15:00,STATION_002,25.32
2026-01-18 06:30:00,STATION_002,25.24
2026-01-18 06:45:00,STATION_002,26.34
2026-01-18 07:00:00,STATION_002,25.18
2026-01-18 07:15:00,STATION_002,28.77
2026-01-18 07:30:00,STATION_002,28.21
2026-01-18 07:45:00,STATION_002,29.59
2026-01-18 08:00:00,STATION_002,30.3
2026-01-18 08:15:00,STATION_002,32.26
2026-01-18 08:30:00,STATION_002,35.46
2026-01-18 08:45:00,STATION_002,37.75
2026-01-18 09:00:00,STATION_002,35.75
2026-01-18 09:15:00,STATION_002,39.41
2026-01-18 09:30:00,STATION_002,39.41
2026-01-18 09:45:00,STATION_002,39.99
2026-01-18 10:00:00,STATION_002,38.84
2026-01-18 10:15:00,STATION_002,41.3
2026-01-18 10:30:00,STATION_002,42.92
2026-01-18 10:45:00,STATION_002,43.56
2026-01-18 11:00:00,STATION_002,43.92
2026-01-18 11:15:00,STATION_002,48.27
2026-01-18 11:30:00,STATION_002,49.94
2026-01-18 11:45:00,STATION_002,48.23
2026-01-18 12:00:00,STATION_002,48.83
2026-01-18 12:15:00,STATION_002,49.19
2026-01-18 12:30:00,STATION_002,50.86
2026-01-18 12:45:00,STATION_002,53.85
2026-01-18 13:00:00,STATION_002,57.3
2026-01-18 13:15:00,STATION_002,60.36
2026-01-18 13:30:00,STATION_002,64.28
2026-01-18 13:45:00,STATION_002,71.57
2026-01-18 14:00:00,STATION_002,73.24
2026-01-18 14:15:00,STATION_002,77.1
2026-01-18 14:30:00,STATION_002,78.15
2026-01-18 14:45:00,STATION_002,78.77
2026-01-18 15:00:00,STATION_002,80.06
2026-01-18 15:15:00,STATION_002,81.09
2026-01-18 15:30:00,STATION_002,82.68
2026-01-18 15:45:00,STATION_002,84.96
2026-01-18 16:00:00,STATION_002,84.9
2026-01-18 16:15:00,STATION_002,86.38
2026-01-18 16:30:00,STATION_002,88.38
2026-01-18 16:45:00,STATION_002,90.51
2026-01-18 17:00:00,STATION_002,89.15
2026-01-18 17:15:00,STATION_002,87.33
2026-01-18 17:30:00,STATION_002,85.45
2026-01-18 17:45:00,STATION_002,87.47
2026-01-18 18:00:00,STATION_002,86.29
2026-01-18 18:15:00,STATION_002,85.97
2026-01-18 18:30:00,STATION_002,86.08
2026-01-18 18:45:00,STATION_002,87.62
2026-01-18 19:00:00,STATION_002,89.09
2026-01-18 19:15:00,STATION_002,89.59
2026-01-18 19:30:00,STATION_002,91.56
2026-01-18 19:45:00,STATION_002,92.61
2026-01-18 20:00:00,STATION_002,94.07
2026-01-18 20:15:00,STATION_002,94.34
2026-01-18 20:30:00,STATION_002,93.52
2026-01-18 20:45:00,STATION_002,5.0
2026-01-18 21:00:00,STATION_002,5.93
2026-01-18 21:15:00,STATION_002,4.36
2026-01-18 21:30:00,STATION_002,7.01
2026-01-18 21:45:00,STATION_002,11.69
2026-01-18 22:00:00,STATION_002,10.69
2026-01-18 22:15:00,STATION_002,13.78
2026-01-18 22:30:00,STATION_002,12.39
2026-01-18 22:45:00,STATION_002,14.71
2026-01-18 23:00:00,STATION_002,13.9
2026-01-18 23:15:00,STATION_002,11.25
2026-01-18 23:30:00,STATION_002,10.66
2026-01-18 23:45:00,STATION_002,10.59
2026-01-19 00:00:00,STATION_002,13.86
2026-01-19 00:15:00,STATION_002,16.06
2026-01-19 00:30:00,STATION_002,15.51
2026-01-19 00:45:00,STATION_002,18.94
2026-01-19 01:00:00,STATION_002,25.72
2026-01-19 01:15:00,STATION_002,27.02
2026-01-19 01:30:00,STATION_002,29.58
2026-01-19 01:45:00,STATION_002,29.75
2026-01-19 02:00:00,STATION_002,28.47
2026-01-19 02:15:00,STATION_002,28.84
2026-01-19 02:30:00,STATION_002,28.5
2026-01-19 02:45:00,STATION_002,32.02
2026-01-19 03:00:00,STATION_002,32.41
2026-01-19 03:15:00,STATION_002,32.69
2026-01-19 03:30:00,STATION_002,33.1
2026-01-19 03:45:00,STATION_002,34.78
2026-01-19 04:00:00,STATION_002,35.35
2026-01-19 04:15:00,STATION_002,32.47
2026-01-19 04:30:00,STATION_002,32.49
2026-01-19 04:45:00,STATION_002,32.12
2026-01-19 05:00:00,STATION_002,32.55
2026-01-19 05:15:00,STATION_002,34.47
2026-01-19 05:30:00,STATION_002,35.45
2026-01-19 05:45:00,STATION_002,34.34
2026-01-19 06:00:00,STATION_002,36.97
2026-01-19 06:15:00,STATION_002,37.18
2026-01-19 06:30:00,STATION_002,38.47
2026-01-19 06:45:00,STATION_002,40.23
2026-01-19 07:00:00,STATION_002,39.08
2026-01-19 07:15:00,STATION_002,41.29
2026-01-19 07:30:00,STATION_002,42.56
2026-01-19 07:45:00,STATION_002,45.13
2026-01-19 08:00:00,STATION_002,44.2
2026-01-19 08:15:00,STATION_002,43.84
2026-01-19 08:30:00,STATION_002,43.65
2026-01-19 08:45:00,STATION_002,41.78
2026-01-19 09:00:00,STATION_002,42.54
2026-01-19 09:15:00,STATION_002,41.65
2026-01-19 09:30:00,STATION_002,39.87
2026-01-19 09:45:00,STATION_002,41.89
2026-01-19 10:00:00,STATION_002,47.78
2026-01-19 10:15:00,STATION_002,49.16
2026-01-19 10:30:00,STATION_002,49.79
2026-01-19 10:45:00,STATION_002,49.35
2026-01-19 11:00:00,STATION_002,50.25
2026-01-19 11:15:00,STATION_002,53.38
2026-01-19 11:30:00,STATION_002,54.44
2026-01-19 11:45:00,STATION_002,54.35
2026-01-19 12:00:00,STATION_002,54.87
2026-01-19 12:15:00,STATION_002,57.8
2026-01-19 12:30:00,STATION_002,60.3
2026-01-19 12:45:00,STATION_002,62.67
2026-01-19 13:00:00,STATION_002,65.75
2026-01-19 13:15:00,STATION_002,70.55
2026-01-19 13:30:00,STATION_002,74.62
2026-01-19 13:45:00,STATION_002,75.64
2026-01-19 14:00:00,STATION_002,75.41
2026-01-19 14:15:00,STATION_002,71.2
2026-01-19 14:30:00,STATION_002,72.5
2026-01-19 14:45:00,STATION_002,69.55
2026-01-19 15:00:00,STATION_002,73.78
2026-01-19 15:15:00,STATION_002,73.33
2026-01-19 15:30:00,STATION_002,77.62
2026-01-19 15:45:00,STATION_002,77.12
2026-01-19 16:00:00,STATION_002,76.26
2026-01-19 16:15:00,STATION_002,78.92
2026-01-19 16:30:00,STATION_002,82.17
2026-01-19 16:45:00,STATION_002,84.95
2026-01-19 17:00:00,STATION_002,88.46
2026-01-19 17:15:00,STATION_002,89.35
2026-01-19 17:30:00,STATION_002,89.76
2026-01-19 17:45:00,STATION_002,91.53
2026-01-19 18:00:00,STATION_002,5.0
2026-01-19 18:15:00,STATION_002,6.46
2026-01-19 18:30:00,STATION_002,11.93
2026-01-19 18:45:00,STATION_002,18.68
2026-01-19 19:00:00,STATION_002,21.29
2026-01-19 19:15:00,STATION_002,25.17
2026-01-19 19:30:00,STATION_002,26.17
2026-01-19 19:45:00,STATION_002,26.21
2026-01-19 20:00:00,STATION_002,29.89
2026-01-19 20:15:00,STATION_002,33.09
2026-01-19 20:30:00,STATION_002,35.62
2026-01-19 20:45:00,STATION_002,40.63
2026-01-19 21:00:00,STATION_002,41.38
2026-01-19 21:15:00,STATION_002,40.96
2026-01-19 21:30:00,STATION_002,43.12
2026-01-19 21:45:00,STATION_002,44.06
2026-01-19 22:00:00,STATION_002,50.05
2026-01-19 22:15:00,STATION_002,51.55
2026-01-19 22:30:00,STATION_002,49.45
2026-01-19 22:45:00,STATION_002,50.68
2026-01-19 23:00:00,STATION_002,51.14
2026-01-19 23:15:00,STATION_002,50.07
2026-01-19 23:30:00,STATION_002,49.51
2026-01-19 23:45:00,STATION_002,48.63
2026-01-20 00:00:00,STATION_002,48.5
2026-01-20 00:15:00,STATION_002,49.0
2026-01-20 00:30:00,STATION_002,46.29
2026-01-20 00:45:00,STATION_002,44.56
2026-01-20 01:00:00,STATION_002,44.18
2026-01-20 01:15:00,STATION_002,47.23
2026-01-20 01:30:00,STATION_002,50.72
2026-01-20 01:45:00,STATION_002,51.38
2026-01-20 02:00:00,STATION_002,52.2
2026-01-20 02:15:00,STATION_002,50.91
2026-01-20 02:30:00,STATION_002,50.23
2026-01-20 02:45:00,STATION_002,50.71
2026-01-20 03:00:00,STATION_002,47.5
2026-01-20 03:15:00,STATION_002,45.06
2026-01-20 03:30:00,STATION_002,47.82
2026-01-20 03:45:00,STATION_002,48.14
2026-01-20 04:00:00,STATION_002,49.49
2026-01-20 04:15:00,STATION_002,50.27
2026-01-20 04:30:00,STATION_002,49.5
2026-01-20 04:45:00,STATION_002,51.01
2026-01-20 05:00:00,STATION_002,52.5
2026-01-20 05:15:00,STATION_002,55.5
2026-01-20 05:30:00,STATION_002,57.49
2026-01-20 05:45:00,STATION_002,58.16
2026-01-20 06:00:00,STATION_002,54.41
2026-01-20 06:15:00,STATION_002,54.11
2026-01-20 06:30:00,STATION_002,53.97
2026-01-20 06:45:00,STATION_002,53.37
2026-01-20 07:00:00,STATION_002,56.95
2026-01-20 07:15:00,STATION_002,55.49
2026-01-20 07:30:00,STATION_002,58.74
2026-01-20 07:45:00,STATION_002,58.25
2026-01-20 08:00:00,STATION_002,56.87
2026-01-20 08:15:00,STATION_002,55.63
2026-01-20 08:30:00,STATION_002,62.14
2026-01-20 08:45:00,STATION_002,65.48
2026-01-20 09:00:00,STATION_002,62.8
2026-01-20 09:15:00,STATION_002,64.22
2026-01-20 09:30:00,STATION_002,64.22
2026-01-20 09:45:00,STATION_002,63.22
2026-01-20 10:00:00,STATION_002,64.82
2026-01-20 10:15:00,STATION_002,66.09
2026-01-20 10:30:00,STATION_002,64.59
2026-01-20 10:45:00,STATION_002,63.7
2026-01-20 11:00:00,STATION_002,65.49
2026-01-20 11:15:00,STATION_002,62.9
2026-01-20 11:30:00,STATION_002,60.37
2026-01-20 11:45:00,STATION_002,63.05
2026-01-20 12:00:00,STATION_002,71.44
2026-01-20 12:15:00,STATION_002,74.26
2026-01-20 12:30:00,STATION_002,80.08
2026-01-20 12:45:00,STATION_002,84.39
2026-01-20 13:00:00,STATION_002,88.81
2026-01-20 13:15:00,STATION_002,93.96
2026-01-20 13:30:00,STATION_002,5.0
2026-01-20 13:45:00,STATION_002,6.1
2026-01-20 14:00:00,STATION_002,6.29
2026-01-20 14:15:00,STATION_002,4.64
2026-01-20 14:30:00,STATION_002,5.23
2026-01-20 14:45:00,STATION_002,10.51
2026-01-20 15:00:00,STATION_002,10.42
2026-01-20 15:15:00,STATION_002,10.98
2026-01-20 15:30:00,STATION_002,14.61
2026-01-20 15:45:00,STATION_002,14.45
2026-01-20 16:00:00,STATION_002,15.52
2026-01-20 16:15:00,STATION_002,15.02
2026-01-20 16:30:00,STATION_002,14.96
2026-01-20 16:45:00,STATION_002,18.92
2026-01-20 17:00:00,STATION_002,23.69
2026-01-20 17:15:00,STATION_002,22.51
2026-01-20 17:30:00,STATION_002,24.93
2026-01-20 17:45:00,STATION_002,24.62
2026-01-20 18:00:00,STATION_002,26.81
2026-01-20 18:15:00,STATION_002,27.85
2026-01-20 18:30:00,STATION_002,28.97
2026-01-20 18:45:00,STATION_002,31.67
2026-01-20 19:00:00,STATION_002,37.1
2026-01-20 19:15:00,STATION_002,41.13
2026-01-20 19:30:00,STATION_002,41.93
2026-01-20 19:45:00,STATION_002,41.06
2026-01-20 20:00:00,STATION_002,43.13
2026-01-20 20:15:00,STATION_002,43.71
2026-01-20 20:30:00,STATION_002,46.21
2026-01-20 20:45:00,STATION_002,48.88
2026-01-20 21:00:00,STATION_002,51.68
2026-01-20 21:15:00,STATION_002,49.48
2026-01-20 21:30:00,STATION_002,46.69
2026-01-20 21:45:00,STATION_002,49.7
2026-01-20 22:00:00,STATION_002,50.86
2026-01-20 22:15:00,STATION_002,52.65
2026-01-20 22:30:00,STATION_002,55.15
2026-01-20 22:45:00,STATION_002,56.01
2026-01-20 23:00:00,STATION_002,55.43
2026-01-20 23:15:00,STATION_002,56.89
2026-01-20 23:30:00,STATION_002,57.82
2026-01-20 23:45:00,STATION_002,56.8
2026-01-21 00:00:00,STATION_002,59.44
2026-01-21 00:15:00,STATION_002,54.97
2026-01-21 00:30:00,STATION_002,56.26
2026-01-21 00:45:00,STATION_002,59.13
2026-01-21 01:00:00,STATION_002,58.05
2026-01-21 01:15:00,STATION_002,60.11
2026-01-21 01:30:00,STATION_002,59.52
2026-01-21 01:45:00,STATION_002,61.7
2026-01-21 02:00:00,STATION_002,63.73
2026-01-21 02:15:00,STATION_002,66.21
2026-01-21 02:30:00,STATION_002,67.19
2026-01-21 02:45:00,STATION_002,67.39
2026-01-21 03:00:00,STATION_002,67.36
2026-01-21 03:15:00,STATION_002,65.4
2026-01-21 03:30:00,STATION_002,70.15
2026-01-21 03:45:00,STATION_002,68.82
2026-01-21 04:00:00,STATION_002,68.45
2026-01-21 04:15:00,STATION_002,66.85
2026-01-21 04:30:00,STATION_002,63.36
2026-01-21 04:45:00,STATION_002,67.02
2026-01-21 05:00:00,STATION_002,64.06
2026-01-21 05:15:00,STATION_002,66.1
2026-01-21 05:30:00,STATION_002,68.04
2026-01-21 05:45:00,STATION_002,67.2
2026-01-21 06:00:00,STATION_002,69.08
2026-01-21 06:15:00,STATION_002,67.51
2026-01-21 06:30:00,STATION_002,67.9
2026-01-21 06:45:00,STATION_002,70.61
2026-01-21 07:00:00,STATION_002,75.87
2026-01-21 07:15:00,STATION_002,76.06
2026-01-21 07:30:00,STATION_002,78.89
2026-01-21 07:45:00,STATION_002,78.49
2026-01-21 08:00:00,STATION_002,75.71
2026-01-21 08:15:00,STATION_002,77.33
2026-01-21 08:30:00,STATION_002,78.09
2026-01-21 08:45:00,STATION_002,78.42
2026-01-21 09:00:00,STATION_002,81.23
2026-01-21 09:15:00,STATION_002,84.56
2026-01-21 09:30:00,STATION_002,86.66
2026-01-21 09:45:00,STATION_002,91.39
2026-01-21 10:00:00,STATION_002,92.47
2026-01-21 10:15:00,STATION_002,88.39
2026-01-21 10:30:00,STATION_002,86.79
2026-01-21 10:45:00,STATION_002,84.74
2026-01-21 11:00:00,STATION_002,86.93
2026-01-21 11:15:00,STATION_002,86.02
2026-01-21 11:30:00,STATION_002,84.11
2026-01-21 11:45:00,STATION_002,88.56
2026-01-21 12:00:00,STATION_002,90.81
2026-01-21 12:15:00,STATION_002,91.78
2026-01-21 12:30:00,STATION_002,5.0
2026-01-21 12:45:00,STATION_002,9.41
2026-01-21 13:00:00,STATION_002,14.88
2026-01-21 13:15:00,STATION_002,16.49
2026-01-21 13:30:00,STATION_002,21.27
2026-01-21 13:45:00,STATION_002,22.76
2026-01-21 14:00:00,STATION_002,23.35
2026-01-21 14:15:00,STATION_002,25.32
2026-01-21 14:30:00,STATION_002,23.98
2026-01-21 14:45:00,STATION_002,23.9
2026-01-21 15:00:00,STATION_002,23.35
2026-01-21 15:15:00,STATION_002,25.08
2026-01-21 15:30:00,STATION_002,30.49
2026-01-21 15:45:00,STATION_002,29.6
2026-01-21 16:00:00,STATION_002,31.66
2026-01-21 16:15:00,STATION_002,34.45
2026-01-21 16:30:00,STATION_002,40.14
2026-01-21 16:45:00,STATION_002,39.05
2026-01-21 17:00:00,STATION_002,37.84
2026-01-21 17:15:00,STATION_002,37.85
2026-01-21 17:30:00,STATION_002,38.41
2026-01-21 17:45:00,STATION_002,43.34
2026-01-21 18:00:00,STATION_002,48.13
2026-01-21 18:15:00,STATION_002,52.77
2026-01-21 18:30:00,STATION_002,55.16
2026-01-21 18:45:00,STATION_002,55.82
2026-01-21 19:00:00,STATION_002,55.9
2026-01-21 19:15:00,STATION_002,60.13
2026-01-21 19:30:00,STATION_002,63.7
2026-01-21 19:45:00,STATION_002,66.92
2026-01-21 20:00:00,STATION_002,70.55
2026-01-21 20:15:00,STATION_002,70.09
2026-01-21 20:30:00,STATION_002,71.15
2026-01-21 20:45:00,STATION_002,75.85
2026-01-21 21:00:00,STATION_002,79.37
2026-01-21 21:15:00,STATION_002,83.55
2026-01-21 21:30:00,STATION_002,82.04
2026-01-21 21:45:00,STATION_002,82.18
2026-01-21 22:00:00,STATION_002,81.57
2026-01-21 22:15:00,STATION_002,82.57
2026-01-21 22:30:00,STATION_002,86.95
2026-01-21 22:45:00,STATION_002,88.04
2026-01-21 23:00:00,STATION_002,90.45
2026-01-21 23:15:00,STATION_002,90.34
2026-01-21 23:30:00,STATION_002,92.32
2026-01-21 23:45:00,STATION_002,93.57
2026-01-22 00:00:00,STATION_002,94.56
2026-01-22 00:15:00,STATION_002,94.35
2026-01-22 00:30:00,STATION_002,94.24
2026-01-22 00:45:00,STATION_002,5.0
2026-01-22 01:00:00,STATION_002,5.25
2026-01-22 01:15:00,STATION_002,2.54
2026-01-22 01:30:00,STATION_002,0.86
2026-01-22 01:45:00,STATION_002,0.0
2026-01-22 02:00:00,STATION_002,0.47
2026-01-22 02:15:00,STATION_002,1.46
2026-01-22 02:30:00,STATION_002,3.43
2026-01-22 02:45:00,STATION_002,3.93
2026-01-22 03:00:00,STATION_002,6.3
2026-01-22 03:15:00,STATION_002,4.71
2026-01-22 03:30:00,STATION_002,1.61
2026-01-22 03:45:00,STATION_002,2.33
2026-01-22 04:00:00,STATION_002,7.86
2026-01-22 04:15:00,STATION_002,12.94
2026-01-22 04:30:00,STATION_002,11.46
2026-01-22 04:45:00,STATION_002,9.41
2026-01-22 05:00:00,STATION_002,9.6
2026-01-22 05:15:00,STATION_002,9.18
2026-01-22 05:30:00,STATION_002,10.44
2026-01-22 05:45:00,STATION_002,12.6
2026-01-22 06:00:00,STATION_002,14.45
2026-01-22 06:15:00,STATION_002,17.43
2026-01-22 06:30:00,STATION_002,14.27
2026-01-22 06:45:00,STATION_002,12.64
2026-01-22 07:00:00,STATION_002,17.69
2026-01-22 07:15:00,STATION_002,15.29
2026-01-22 07:30:00,STATION_002,14.63
2026-01-22 07:45:00,STATION_002,18.98
2026-01-22 08:00:00,STATION_002,22.05
2026-01-22 08:15:00,STATION_002,21.16
2026-01-22 08:30:00,STATION_002,24.1
2026-01-22 08:45:00,STATION_002,23.86
2026-01-22 09:00:00,STATION_002,23.89
2026-01-22 09:15:00,STATION_002,21.05
2026-01-22 09:30:00,STATION_002,23.2
2026-01-22 09:45:00,STATION_002,22.58
2026-01-22 10:00:00,STATION_002,23.28
2026-01-22 10:15:00,STATION_002,24.04
2026-01-22 10:30:00,STATION_002,22.65
2026-01-22 10:45:00,STATION_002,23.88
2026-01-22 11:00:00,STATION_002,22.99
2026-01-22 11:15:00,STATION_002,24.74
2026-01-22 11:30:00,STATION_002,26.29
2026-01-22 11:45:00,STATION_002,27.11
2026-01-22 12:00:00,STATION_002,27.64
2026-01-22 12:15:00,STATION_002,31.0
2026-01-22 12:30:00,STATION_002,33.53
2026-01-22 12:45:00,STATION_002,40.8
2026-01-22 13:00:00,STATION_002,40.13
2026-01-22 13:15:00,STATION_002,44.32
2026-01-22 13:30:00,STATION_002,46.23
2026-01-22 13:45:00,STATION_002,50.03
2026-01-22 14:00:00,STATION_002,53.72
2026-01-22 14:15:00,STATION_002,52.66
2026-01-22 14:30:00,STATION_002,55.44
2026-01-22 14:45:00,STATION_002,55.99
2026-01-22 15:00:00,STATION_002,58.66
2026-01-22 15:15:00,STATION_002,59.51
2026-01-22 15:30:00,STATION_002,60.46
2026-01-22 15:45:00,STATION_002,60.04
2026-01-22 16:00:00,STATION_002,62.2
2026-01-22 16:15:00,STATION_002,64.35
2026-01-22 16:30:00,STATION_002,65.73
2026-01-22 16:45:00,STATION_002,67.82
2026-01-22 17:00:00,STATION_002,68.0
2026-01-22 17:15:00,STATION_002,69.76
2026-01-22 17:30:00,STATION_002,70.28
2026-01-22 17:45:00,STATION_002,69.13
2026-01-22 18:00:00,STATION_002,73.95
2026-01-22 18:15:00,STATION_002,75.39
2026-01-22 18:30:00,STATION_002,78.65
2026-01-22 18:45:00,STATION_002,81.84
2026-01-22 19:00:00,STATION_002,87.68
2026-01-22 19:15:00,STATION_002,5.0
2026-01-22 19:30:00,STATION_002,6.91
2026-01-22 19:45:00,STATION_002,6.73
2026-01-22 20:00:00,STATION_002,11.04
2026-01-22 20:15:00,STATION_002,14.1
2026-01-22 20:30:00,STATION_002,16.72
2026-01-22 20:45:00,STATION_002,20.84
2026-01-22 21:00:00,STATION_002,23.71
2026-01-22 21:15:00,STATION_002,24.18
2026-01-22 21:30:00,STATION_002,26.76
2026-01-22 21:45:00,STATION_002,27.16
2026-01-22 22:00:00,STATION_002,21.98
2026-01-22 22:15:00,STATION_002,21.86
2026-01-22 22:30:00,STATION_002,21.52
2026-01-22 22:45:00,STATION_002,22.76
2026-01-22 23:00:00,STATION_002,24.75
2026-01-22 23:15:00,STATION_002,27.16
2026-01-22 23:30:00,STATION_002,29.02
2026-01-22 23:45:00,STATION_002,29.78
2026-01-23 00:00:00,STATION_002,34.11
2026-01-23 00:15:00,STATION_002,35.77
2026-01-23 00:30:00,STATION_002,32.28
2026-01-23 00:45:00,STATION_002,30.34
2026-01-23 01:00:00,STATION_002,32.07
2026-01-23 01:15:00,STATION_002,30.89
2026-01-23 01:30:00,STATION_002,30.16
2026-01-23 01:45:00,STATION_002,29.64
2026-01-23 02:00:00,STATION_002,28.53
2026-01-23 02:15:00,STATION_002,28.79
2026-01-23 02:30:00,STATION_002,29.82
2026-01-23 02:45:00,STATION_002,28.56
2026-01-23 03:00:00,STATION_002,27.65
2026-01-23 03:15:00,STATION_002,28.14
2026-01-23 03:30:00,STATION_002,28.77
2026-01-23 03:45:00,STATION_002,29.91
2026-01-23 04:00:00,STATION_002,30.17
2026-01-23 04:15:00,STATION_002,33.11
2026-01-23 04:30:00,STATION_002,37.41
2026-01-23 04:45:00,STATION_002,39.94
2026-01-23 05:00:00,STATION_002,41.12
2026-01-23 05:15:00,STATION_002,40.44
2026-01-23 05:30:00,STATION_002,39.97
2026-01-23 05:45:00,STATION_002,38.21
2026-01-23 06:00:00,STATION_002,38.73
2026-01-23 06:15:00,STATION_002,36.24
2026-01-23 06:30:00,STATION_002,37.02
2026-01-23 06:45:00,STATION_002,40.15
2026-01-23 07:00:00,STATION_002,39.37
2026-01-23 07:15:00,STATION_002,41.64
2026-01-23 07:30:00,STATION_002,42.1
2026-01-23 07:45:00,STATION_002,42.67
2026-01-23 08:00:00,STATION_002,44.04
2026-01-23 08:15:00,STATION_002,45.64
2026-01-23 08:30:00,STATION_002,50.31
2026-01-23 08:45:00,STATION_002,50.38
2026-01-23 09:00:00,STATION_002,52.86
2026-01-23 09:15:00,STATION_002,54.16
2026-01-23 09:30:00,STATION_002,53.35
2026-01-23 09:45:00,STATION_002,57.44
2026-01-23 10:00:00,STATION_002,57.75
2026-01-23 10:15:00,STATION_002,55.95
2026-01-23 10:30:00,STATION_002,58.21
2026-01-23 10:45:00,STATION_002,60.47
2026-01-23 11:00:00,STATION_002,61.0
2026-01-23 11:15:00,STATION_002,64.34
2026-01-23 11:30:00,STATION_002,66.29
2026-01-23 11:45:00,STATION_002,67.51
2026-01-23 12:00:00,STATION_002,68.17
2026-01-23 12:15:00,STATION_002,70.8
2026-01-23 12:30:00,STATION_002,70.67
2026-01-23 12:45:00,STATION_002,77.49
2026-01-23 13:00:00,STATION_002,81.94
2026-01-23 13:15:00,STATION_002,86.13
2026-01-23 13:30:00,STATION_002,87.62
2026-01-23 13:45:00,STATION_002,89.96
2026-01-23 14:00:00,STATION_002,89.94
2026-01-23 14:15:00,STATION_002,90.1
2026-01-23 14:30:00,STATION_002,87.9
2026-01-23 14:45:00,STATION_002,89.94
2026-01-23 15:00:00,STATION_002,89.99
2026-01-23 15:15:00,STATION_002,92.19
2026-01-23 15:30:00,STATION_002,94.75
2026-01-23 15:45:00,STATION_002,94.85
2026-01-23 16:00:00,STATION_002,93.54
2026-01-23 16:15:00,STATION_002,5.0
2026-01-23 16:30:00,STATION_002,5.48
2026-01-23 16:45:00,STATION_002,7.64
2026-01-23 17:00:00,STATION_002,10.77
2026-01-23 17:15:00,STATION_002,10.46
2026-01-23 17:30:00,STATION_002,9.82
2026-01-23 17:45:00,STATION_002,10.76
2026-01-23 18:00:00,STATION_002,16.58
2026-01-23 18:15:00,STATION_002,21.29
2026-01-23 18:30:00,STATION_002,25.46
2026-01-23 18:45:00,STATION_002,30.5
2026-01-23 19:00:00,STATION_002,33.09
2026-01-23 19:15:00,STATION_002,34.89
2026-01-23 19:30:00,STATION_002,37.3
2026-01-23 19:45:00,STATION_002,43.83
2026-01-23 20:00:00,STATION_002,45.81
2026-01-23 20:15:00,STATION_002,45.63
2026-01-23 20:30:00,STATION_002,47.52
2026-01-23 20:45:00,STATION_002,50.13
2026-01-23 21:00:00,STATION_002,50.94
2026-01-23 21:15:00,STATION_002,50.27
2026-01-23 21:30:00,STATION_002,48.91
2026-01-23 21:45:00,STATION_002,51.33
2026-01-23 22:00:00,STATION_002,52.02
2026-01-23 22:15:00,STATION_002,57.77
2026-01-23 22:30:00,STATION_002,60.43
2026-01-23 22:45:00,STATION_002,63.23
2026-01-23 23:00:00,STATION_002,66.45
2026-01-23 23:15:00,STATION_002,68.33
2026-01-23 23:30:00,STATION_002,72.63
2026-01-23 23:45:00,STATION_002,71.69
2026-01-24 00:00:00,STATION_002,73.05
2026-01-24 00:15:00,STATION_002,75.15
2026-01-24 00:30:00,STATION_002,76.63
2026-01-24 00:45:00,STATION_002,81.01
2026-01-24 01:00:00,STATION_002,84.16
2026-01-24 01:15:00,STATION_002,84.21
2026-01-24 01:30:00,STATION_002,84.27
2026-01-24 01:45:00,STATION_002,84.78
2026-01-24 02:00:00,STATION_002,85.77
2026-01-24 02:15:00,STATION_002,83.29
2026-01-24 02:30:00,STATION_002,83.33
2026-01-24 02:45:00,STATION_002,87.08
2026-01-24 03:00:00,STATION_002,83.56
2026-01-24 03:15:00,STATION_002,88.4
2026-01-24 03:30:00,STATION_002,88.77
2026-01-24 03:45:00,STATION_002,90.12
2026-01-24 04:00:00,STATION_002,91.4
2026-01-24 04:15:00,STATION_002,94.63
2026-01-24 04:30:00,STATION_002,5.0
2026-01-24 04:45:00,STATION_002,5.57
2026-01-24 05:00:00,STATION_002,3.53
2026-01-24 05:15:00,STATION_002,6.63
2026-01-24 05:30:00,STATION_002,8.08
2026-01-24 05:45:00,STATION_002,8.62
2026-01-24 06:00:00,STATION_002,11.28
2026-01-24 06:15:00,STATION_002,10.43
2026-01-24 06:30:00,STATION_002,13.51
2026-01-24 06:45:00,STATION_002,15.63
2026-01-24 07:00:00,STATION_002,17.07
2026-01-24 07:15:00,STATION_002,17.58
2026-01-24 07:30:00,STATION_002,18.86
2026-01-24 07:45:00,STATION_002,22.83
2026-01-24 08:00:00,STATION_002,24.6
2026-01-24 08:15:00,STATION_002,29.96
2026-01-24 08:30:00,STATION_002,30.67
2026-01-24 08:45:00,STATION_002,29.33
2026-01-24 09:00:00,STATION_002,33.18
2026-01-24 09:15:00,STATION_002,34.19
2026-01-24 09:30:00,STATION_002,36.62
2026-01-24 09:45:00,STATION_002,37.96
2026-01-24 10:00:00,STATION_002,37.48
2026-01-24 10:15:00,STATION_002,43.03
2026-01-24 10:30:00,STATION_002,44.16
2026-01-24 10:45:00,STATION_002,42.85
2026-01-24 11:00:00,STATION_002,45.67
2026-01-24 11:15:00,STATION_002,51.7
2026-01-24 11:30:00,STATION_002,54.88
2026-01-24 11:45:00,STATION_002,54.05
2026-01-24 12:00:00,STATION_002,58.33
2026-01-24 12:15:00,STATION_002,60.87
2026-01-24 12:30:00,STATION_002,62.29
2026-01-24 12:45:00,STATION_002,64.0
2026-01-24 13:00:00,STATION_002,63.76
2026-01-24 13:15:00,STATION_002,66.59
2026-01-24 13:30:00,STATION_002,69.58
2026-01-24 13:45:00,STATION_002,69.44
2026-01-24 14:00:00,STATION_002,72.51
2026-01-24 14:15:00,STATION_002,72.66
2026-01-24 14:30:00,STATION_002,71.19
2026-01-24 14:45:00,STATION_002,78.37
2026-01-24 15:00:00,STATION_002,75.79
2026-01-24 15:15:00,STATION_002,77.09
2026-01-24 15:30:00,STATION_002,79.22
2026-01-24 15:45:00,STATION_002,78.48
2026-01-24 16:00:00,STATION_002,80.38
2026-01-24 16:15:00,STATION_002,80.97
2026-01-24 16:30:00,STATION_002,79.19
2026-01-24 16:45:00,STATION_002,77.03
2026-01-24 17:00:00,STATION_002,78.16
2026-01-24 17:15:00,STATION_002,78.76
2026-01-24 17:30:00,STATION_002,78.1
2026-01-24 17:45:00,STATION_002,76.31
2026-01-24 18:00:00,STATION_002,80.77
2026-01-24 18:15:00,STATION_002,81.68
2026-01-24 18:30:00,STATION_002,86.29
2026-01-24 18:45:00,STATION_002,87.77
2026-01-24 19:00:00,STATION_002,87.11
2026-01-24 19:15:00,STATION_002,86.72
2026-01-24 19:30:00,STATION_002,87.53
2026-01-24 19:45:00,STATION_002,94.26
2026-01-24 20:00:00,STATION_002,5.0
2026-01-24 20:15:00,STATION_002,9.05
2026-01-24 20:30:00,STATION_002,11.39
2026-01-24 20:45:00,STATION_002,12.28
2026-01-24 21:00:00,STATION_002,12.15
2026-01-24 21:15:00,STATION_002,13.57
2026-01-24 21:30:00,STATION_002,10.19
2026-01-24 21:45:00,STATION_002,10.81
2026-01-24 22:00:00,STATION_002,10.2
2026-01-24 22:15:00,STATION_002,11.77
2026-01-24 22:30:00,STATION_002,15.69
2026-01-24 22:45:00,STATION_002,17.66
2026-01-24 23:00:00,STATION_002,20.38
2026-01-24 23:15:00,STATION_002,20.96
2026-01-24 23:30:00,STATION_002,20.83
2026-01-24 23:45:00,STATION_002,23.6
2026-01-25 00:00:00,STATION_002,24.84
2026-01-25 00:15:00,STATION_002,26.86
2026-01-25 00:30:00,STATION_002,27.53
2026-01-25 00:45:00,STATION_002,27.57
2026-01-25 01:00:00,STATION_002,28.07
2026-01-25 01:15:00,STATION_002,28.91
2026-01-25 01:30:00,STATION_002,32.25
2026-01-25 01:45:00,STATION_002,35.1
2026-01-25 02:00:00,STATION_002,36.65
2026-01-25 02:15:00,STATION_002,38.55
2026-01-25 02:30:00,STATION_002,40.16
2026-01-25 02:45:00,STATION_002,44.65
2026-01-25 03:00:00,STATION_002,44.47
2026-01-25 03:15:00,STATION_002,48.25
2026-01-25 03:30:00,STATION_002,45.9
2026-01-25 03:45:00,STATION_002,46.48
2026-01-25 04:00:00,STATION_002,46.2
2026-01-25 04:15:00,STATION_002,47.87
2026-01-25 04:30:00,STATION_002,52.23
2026-01-25 04:45:00,STATION_002,53.22
2026-01-25 05:00:00,STATION_002,54.1
2026-01-25 05:15:00,STATION_002,53.22
2026-01-25 05:30:00,STATION_002,55.03
2026-01-25 05:45:00,STATION_002,55.5
2026-01-25 06:00:00,STATION_002,53.83
2026-01-25 06:15:00,STATION_002,54.07
2026-01-25 06:30:00,STATION_002,54.95
2026-01-25 06:45:00,STATION_002,55.45
2026-01-25 07:00:00,STATION_002,52.22
2026-01-25 07:15:00,STATION_002,55.34
2026-01-25 07:30:00,STATION_002,58.44
2026-01-25 07:45:00,STATION_002,61.6
2026-01-25 08:00:00,STATION_002,60.75
2026-01-25 08:15:00,STATION_002,58.49
2026-01-25 08:30:00,STATION_002,58.22
2026-01-25 08:45:00,STATION_002,60.15
2026-01-25 09:00:00,STATION_002,66.82
2026-01-25 09:15:00,STATION_002,67.02
2026-01-25 09:30:00,STATION_002,67.08
2026-01-25 09:45:00,STATION_002,66.29
2026-01-25 10:00:00,STATION_002,63.55
2026-01-25 10:15:00,STATION_002,64.62
2026-01-25 10:30:00,STATION_002,67.91
2026-01-25 10:45:00,STATION_002,69.67
2026-01-25 11:00:00,STATION_002,72.85
2026-01-25 11:15:00,STATION_002,75.53
2026-01-25 11:30:00,STATION_002,76.23
2026-01-25 11:45:00,STATION_002,76.99
2026-01-25 12:00:00,STATION_002,78.86
2026-01-25 12:15:00,STATION_002,82.11
2026-01-25 12:30:00,STATION_002,87.4
2026-01-25 12:45:00,STATION_002,90.12
2026-01-25 13:00:00,STATION_002,89.12
2026-01-25 13:15:00,STATION_002,92.78
2026-01-25 13:30:00,STATION_002,89.71
2026-01-25 13:45:00,STATION_002,91.99
2026-01-25 14:00:00,STATION_002,92.18
2026-01-25 14:15:00,STATION_002,94.56
2026-01-25 14:30:00,STATION_002,93.57
2026-01-25 14:45:00,STATION_002,5.0
2026-01-25 15:00:00,STATION_002,5.24
2026-01-25 15:15:00,STATION_002,5.17
2026-01-25 15:30:00,STATION_002,4.69
2026-01-25 15:45:00,STATION_002,2.24
2026-01-25 16:00:00,STATION_002,2.45
2026-01-25 16:15:00,STATION_002,5.66
2026-01-25 16:30:00,STATION_002,7.1
2026-01-25 16:45:00,STATION_002,8.77
2026-01-25 17:00:00,STATION_002,10.76
2026-01-25 17:15:00,STATION_002,11.36
2026-01-25 17:30:00,STATION_002,10.96
2026-01-25 17:45:00,STATION_002,14.9
2026-01-25 18:00:00,STATION_002,14.82
2026-01-25 18:15:00,STATION_002,17.57
2026-01-25 18:30:00,STATION_002,21.83
2026-01-25 18:45:00,STATION_002,22.32
2026-01-25 19:00:00,STATION_002,21.42
2026-01-25 19:15:00,STATION_002,24.81
2026-01-25 19:30:00,STATION_002,24.31
2026-01-25 19:45:00,STATION_002,26.98
2026-01-25 20:00:00,STATION_002,29.12
2026-01-25 20:15:00,STATION_002,29.66
2026-01-25 20:30:00,STATION_002,27.51
2026-01-25 20:45:00,STATION_002,28.88
2026-01-25 21:00:00,STATION_002,30.05
2026-01-25 21:15:00,STATION_002,31.88
2026-01-25 21:30:00,STATION_002,35.41
2026-01-25 21:45:00,STATION_002,39.91
2026-01-25 22:00:00,STATION_002,41.41
2026-01-25 22:15:00,STATION_002,40.79
2026-01-25 22:30:00,STATION_002,43.45
2026-01-25 22:45:00,STATION_002,43.1
2026-01-25 23:00:00,STATION_002,40.03
2026-01-25 23:15:00,STATION_002,40.47
2026-01-25 23:30:00,STATION_002,40.48
2026-01-25 23:45:00,STATION_002,42.26
2026-01-26 00:00:00,STATION_002,47.28
2026-01-26 00:15:00,STATION_002,50.76
2026-01-26 00:30:00,STATION_002,54.67
2026-01-26 00:45:00,STATION_002,53.18
2026-01-26 01:00:00,STATION_002,57.99
2026-01-26 01:15:00,STATION_002,59.3
2026-01-26 01:30:00,STATION_002,61.38
2026-01-26 01:45:00,STATION_002,60.54
2026-01-26 02:00:00,STATION_002,64.01
2026-01-26 02:15:00,STATION_002,64.52
2026-01-26 02:30:00,STATION_002,64.39
2026-01-26 02:45:00,STATION_002,64.27
2026-01-26 03:00:00,STATION_002,64.35
2026-01-26 03:15:00,STATION_002,66.38
2026-01-26 03:30:00,STATION_002,65.18
2026-01-26 03:45:00,STATION_002,64.32
2026-01-26 04:00:00,STATION_002,64.74
2026-01-26 04:15:00,STATION_002,62.79
2026-01-26 04:30:00,STATION_002,65.88
2026-01-26 04:45:00,STATION_002,68.34
2026-01-26 05:00:00,STATION_002,68.42
2026-01-26 05:15:00,STATION_002,69.26
2026-01-26 05:30:00,STATION_002,71.6
2026-01-26 05:45:00,STATION_002,71.23
2026-01-26 06:00:00,STATION_002,72.59
2026-01-26 06:15:00,STATION_002,74.13
2026-01-26 06:30:00,STATION_002,77.44
2026-01-26 06:45:00,STATION_002,80.24
2026-01-26 07:00:00,STATION_002,81.96
2026-01-26 07:15:00,STATION_002,82.96
2026-01-26 07:30:00,STATION_002,81.66
2026-01-26 07:45:00,STATION_002,85.17
2026-01-26 08:00:00,STATION_002,86.94
2026-01-26 08:15:00,STATION_002,91.9
2026-01-26 08:30:00,STATION_002,94.49
2026-01-26 08:45:00,STATION_002,5.0
2026-01-26 09:00:00,STATION_002,5.44
2026-01-26 09:15:00,STATION_002,3.95
2026-01-26 09:30:00,STATION_002,5.69
2026-01-26 09:45:00,STATION_002,4.69
2026-01-26 10:00:00,STATION_002,10.22
2026-01-26 10:15:00,STATION_002,9.95
2026-01-26 10:30:00,STATION_002,10.04
2026-01-26 10:45:00,STATION_002,11.21
2026-01-26 11:00:00,STATION_002,12.28
2026-01-26 11:15:00,STATION_002,11.73
2026-01-26 11:30:00,STATION_002,12.28
2026-01-26 11:45:00,STATION_002,16.49
2026-01-26 12:00:00,STATION_002,20.27
2026-01-26 12:15:00,STATION_002,22.87
2026-01-26 12:30:00,STATION_002,27.03
2026-01-26 12:45:00,STATION_002,30.98
2026-01-26 13:00:00,STATION_002,33.18
2026-01-26 13:15:00,STATION_002,30.92
2026-01-26 13:30:00,STATION_002,31.27
2026-01-26 13:45:00,STATION_002,33.86
2026-01-26 14:00:00,STATION_002,33.92
2026-01-26 14:15:00,STATION_002,33.29
2026-01-26 14:30:00,STATION_002,32.96
2026-01-26 14:45:00,STATION_002,31.18
2026-01-26 15:00:00,STATION_002,36.04
2026-01-26 15:15:00,STATION_002,39.14
2026-01-26 15:30:00,STATION_002,42.08
2026-01-26 15:45:00,STATION_002,41.84
2026-01-26 16:00:00,STATION_002,41.99
2026-01-26 16:15:00,STATION_002,44.97
2026-01-26 16:30:00,STATION_002,47.05
2026-01-26 16:45:00,STATION_002,46.4
2026-01-26 17:00:00,STATION_002,51.27
2026-01-26 17:15:00,STATION_002,54.2
2026-01-26 17:30:00,STATION_002,55.0
2026-01-26 17:45:00,STATION_002,58.77
2026-01-26 18:00:00,STATION_002,62.58
2026-01-26 18:15:00,STATION_002,67.1
2026-01-26 18:30:00,STATION_002,69.13
2026-01-26 18:45:00,STATION_002,73.2
2026-01-26 19:00:00,STATION_002,81.36
2026-01-26 19:15:00,STATION_002,85.11
2026-01-26 19:30:00,STATION_002,86.94
2026-01-26 19:45:00,STATION_002,85.99
2026-01-26 20:00:00,STATION_002,89.88
2026-01-26 20:15:00,STATION_002,5.0
2026-01-26 20:30:00,STATION_002,3.33
2026-01-26 20:45:00,STATION_002,5.76
2026-01-26 21:00:00,STATION_002,5.39
2026-01-26 21:15:00,STATION_002,3.1
2026-01-26 21:30:00,STATION_002,5.33
2026-01-26 21:45:00,STATION_002,8.58
2026-01-26 22:00:00,STATION_002,8.02
2026-01-26 22:15:00,STATION_002,9.26
2026-01-26 22:30:00,STATION_002,7.63
2026-01-26 22:45:00,STATION_002,9.37
2026-01-26 23:00:00,STATION_002,13.77
2026-01-26 23:15:00,STATION_002,16.76
2026-01-26 23:30:00,STATION_002,17.1
2026-01-26 23:45:00,STATION_002,15.99
2026-01-27 00:00:00,STATION_002,16.08
2026-01-27 00:15:00,STATION_002,14.54
2026-01-27 00:30:00,STATION_002,15.19
2026-01-27 00:45:00,STATION_002,15.82
2026-01-27 01:00:00,STATION_002,11.81
2026-01-27 01:15:00,STATION_002,10.66
2026-01-27 01:30:00,STATION_002,8.8
2026-01-27 01:45:00,STATION_002,8.99
2026-01-27 02:00:00,STATION_002,13.34
2026-01-27 02:15:00,STATION_002,12.24
2026-01-27 02:30:00,STATION_002,13.9
2026-01-27 02:45:00,STATION_002,17.04
2026-01-27 03:00:00,STATION_002,15.87
2026-01-27 03:15:00,STATION_002,11.97
2026-01-27 03:30:00,STATION_002,9.96
2026-01-27 03:45:00,STATION_002,8.0
2026-01-27 04:00:00,STATION_002,11.95
2026-01-27 04:15:00,STATION_002,11.71
2026-01-27 04:30:00,STATION_002,14.85
2026-01-27 04:45:00,STATION_002,14.14
2026-01-27 05:00:00,STATION_002,15.4
2026-01-27 05:15:00,STATION_002,14.81
2026-01-27 05:30:00,STATION_002,14.34
2026-01-27 05:45:00,STATION_002,18.06
2026-01-27 06:00:00,STATION_002,19.42
2026-01-27 06:15:00,STATION_002,22.77
2026-01-27 06:30:00,STATION_002,21.82
2026-01-27 06:45:00,STATION_002,23.52
2026-01-27 07:00:00,STATION_002,22.75
2026-01-27 07:15:00,STATION_002,22.64
2026-01-27 07:30:00,STATION_002,23.59
2026-01-27 07:45:00,STATION_002,23.1
2026-01-27 08:00:00,STATION_002,20.91
2026-01-27 08:15:00,STATION_002,16.3
2026-01-27 08:30:00,STATION_002,16.81
2026-01-27 08:45:00,STATION_002,15.63
2026-01-27 09:00:00,STATION_002,18.22
2026-01-27 09:15:00,STATION_002,18.29
2026-01-27 09:30:00,STATION_002,20.8
2026-01-27 09:45:00,STATION_002,23.06
2026-01-27 10:00:00,STATION_002,21.25
2026-01-27 10:15:00,STATION_002,21.57
2026-01-27 10:30:00,STATION_002,19.38
2026-01-27 10:45:00,STATION_002,21.51
2026-01-27 11:00:00,STATION_002,21.92
2026-01-27 11:15:00,STATION_002,23.15
2026-01-27 11:30:00,STATION_002,25.28
2026-01-27 11:45:00,STATION_002,29.13
2026-01-27 12:00:00,STATION_002,26.44
2026-01-27 12:15:00,STATION_002,28.59
2026-01-27 12:30:00,STATION_002,34.18
2026-01-27 12:45:00,STATION_002,38.63
2026-01-27 13:00:00,STATION_002,41.48
2026-01-27 13:15:00,STATION_002,42.14
2026-01-27 13:30:00,STATION_002,46.27
2026-01-27 13:45:00,STATION_002,52.79
2026-01-27 14:00:00,STATION_002,54.9
2026-01-27 14:15:00,STATION_002,52.58
2026-01-27 14:30:00,STATION_002,53.37
2026-01-27 14:45:00,STATION_002,53.6
2026-01-27 15:00:00,STATION_002,56.9
2026-01-27 15:15:00,STATION_002,55.64
2026-01-27 15:30:00,STATION_002,53.67
2026-01-27 15:45:00,STATION_002,54.33
2026-01-27 16:00:00,STATION_002,55.43
2026-01-27 16:15:00,STATION_002,56.44
2026-01-27 16:30:00,STATION_002,60.2
2026-01-27 16:45:00,STATION_002,61.07
2026-01-27 17:00:00,STATION_002,63.31
2026-01-27 17:15:00,STATION_002,62.12
2026-01-27 17:30:00,STATION_002,64.18
2026-01-27 17:45:00,STATION_002,62.62
2026-01-27 18:00:00,STATION_002,66.07
2026-01-27 18:15:00,STATION_002,69.96
2026-01-27 18:30:00,STATION_002,72.25
2026-01-27 18:45:00,STATION_002,76.13
2026-01-27 19:00:00,STATION_002,76.0
2026-01-27 19:15:00,STATION_002,78.69
2026-01-27 19:30:00,STATION_002,82.11
2026-01-27 19:45:00,STATION_002,86.91
2026-01-27 20:00:00,STATION_002,87.19
2026-01-27 20:15:00,STATION_002,92.45
2026-01-27 20:30:00,STATION_002,5.0
2026-01-27 20:45:00,STATION_002,8.3
2026-01-27 21:00:00,STATION_002,7.11
2026-01-27 21:15:00,STATION_002,9.38
2026-01-27 21:30:00,STATION_002,8.32
2026-01-27 21:45:00,STATION_002,4.57
2026-01-27 22:00:00,STATION_002,5.54
2026-01-27 22:15:00,STATION_002,5.66
2026-01-27 22:30:00,STATION_002,7.9
2026-01-27 22:45:00,STATION_002,10.08
2026-01-27 23:00:00,STATION_002,9.85
2026-01-27 23:15:00,STATION_002,9.98
2026-01-27 23:30:00,STATION_002,13.72
2026-01-27 23:45:00,STATION_002,13.8
2026-01-28 00:00:00,STATION_002,11.76
2026-01-28 00:15:00,STATION_002,11.51
2026-01-28 00:30:00,STATION_002,12.78
2026-01-28 00:45:00,STATION_002,14.76
2026-01-28 01:00:00,STATION_002,14.8
2026-01-28 01:15:00,STATION_002,13.69
2026-01-28 01:30:00,STATION_002,15.11
2026-01-28 01:45:00,STATION_002,16.75
2026-01-28 02:00:00,STATION_002,18.09
2026-01-28 02:15:00,STATION_002,19.23
2026-01-28 02:30:00,STATION_002,20.45
2026-01-28 02:45:00,STATION_002,22.33
2026-01-28 03:00:00,STATION_002,23.68
2026-01-28 03:15:00,STATION_002,23.03
2026-01-28 03:30:00,STATION_002,27.13
2026-01-28 03:45:00,STATION_002,29.45
2026-01-28 04:00:00,STATION_002,30.93
2026-01-28 04:15:00,STATION_002,32.35
2026-01-28 04:30:00,STATION_002,34.2
2026-01-28 04:45:00,STATION_002,36.04
2026-01-28 05:00:00,STATION_002,36.02
2026-01-28 05:15:00,STATION_002,34.56
2026-01-28 05:30:00,STATION_002,34.43
2026-01-28 05:45:00,STATION_002,36.2
2026-01-28 06:00:00,STATION_002,42.51
2026-01-28 06:15:00,STATION_002,41.46
2026-01-28 06:30:00,STATION_002,43.98
2026-01-28 06:45:00,STATION_002,46.08
2026-01-28 07:00:00,STATION_002,49.94
2026-01-28 07:15:00,STATION_002,53.27
2026-01-28 07:30:00,STATION_002,56.27
2026-01-28 07:45:00,STATION_002,60.47
2026-01-28 08:00:00,STATION_002,63.36
2026-01-28 08:15:00,STATION_002,63.55
2026-01-28 08:30:00,STATION_002,64.69
2026-01-28 08:45:00,STATION_002,66.33
2026-01-28 09:00:00,STATION_002,66.91
2026-01-28 09:15:00,STATION_002,68.15
2026-01-28 09:30:00,STATION_002,67.97
2026-01-28 09:45:00,STATION_002,66.69
2026-01-28 10:00:00,STATION_002,67.46
2026-01-28 10:15:00,STATION_002,68.42
2026-01-28 10:30:00,STATION_002,70.01
2026-01-28 10:45:00,STATION_002,68.85
2026-01-28 11:00:00,STATION_002,70.33
2026-01-28 11:15:00,STATION_002,69.49
2026-01-28 11:30:00,STATION_002,74.12
2026-01-28 11:45:00,STATION_002,75.54
2026-01-28 12:00:00,STATION_002,75.21
2026-01-28 12:15:00,STATION_002,79.19
2026-01-28 12:30:00,STATION_002,81.3
2026-01-28 12:45:00,STATION_002,86.31
2026-01-28 13:00:00,STATION_002,88.35
2026-01-28 13:15:00,STATION_002,92.8
2026-01-28 13:30:00,STATION_002,93.6
2026-01-28 13:45:00,STATION_002,94.1
2026-01-28 14:00:00,STATION_002,5.0
2026-01-28 14:15:00,STATION_002,3.17
2026-01-28 14:30:00,STATION_002,7.18
2026-01-28 14:45:00,STATION_002,11.16
2026-01-28 15:00:00,STATION_002,12.04
2026-01-28 15:15:00,STATION_002,12.39
2026-01-28 15:30:00,STATION_002,15.2
2026-01-28 15:45:00,STATION_002,13.36
2026-01-28 16:00:00,STATION_002,11.35
2026-01-28 16:15:00,STATION_002,13.3
2026-01-28 16:30:00,STATION_002,18.15
2026-01-28 16:45:00,STATION_002,18.19
2026-01-28 17:00:00,STATION_002,20.12
2026-01-28 17:15:00,STATION_002,22.31
2026-01-28 17:30:00,STATION_002,21.76
2026-01-28 17:45:00,STATION_002,23.66
2026-01-28 18:00:00,STATION_002,26.07
2026-01-28 18:15:00,STATION_002,30.45
2026-01-28 18:30:00,STATION_002,31.99
2026-01-28 18:45:00,STATION_002,35.19
2026-01-28 19:00:00,STATION_002,40.25
2026-01-28 19:15:00,STATION_002,44.38
2026-01-28 19:30:00,STATION_002,48.19
2026-01-28 19:45:00,STATION_002,49.56
2026-01-28 20:00:00,STATION_002,51.9
2026-01-28 20:15:00,STATION_002,58.67
2026-01-28 20:30:00,STATION_002,63.23
2026-01-28 20:45:00,STATION_002,66.66
2026-01-28 21:00:00,STATION_002,64.53
2026-01-28 21:15:00,STATION_002,64.75
2026-01-28 21:30:00,STATION_002,65.5
2026-01-28 21:45:00,STATION_002,65.46
2026-01-28 22:00:00,STATION_002,65.81
2026-01-28 22:15:00,STATION_002,64.42
2026-01-28 22:30:00,STATION_002,63.65
2026-01-28 22:45:00,STATION_002,65.95
2026-01-28 23:00:00,STATION_002,66.44
2026-01-28 23:15:00,STATION_002,66.38
2026-01-28 23:30:00,STATION_002,67.27
2026-01-28 23:45:00,STATION_002,66.51
2026-01-29 00:00:00,STATION_002,70.64
2026-01-29 00:15:00,STATION_002,71.65
2026-01-29 00:30:00,STATION_002,73.42
2026-01-29 00:45:00,STATION_002,73.38
2026-01-29 01:00:00,STATION_002,70.06
2026-01-29 01:15:00,STATION_002,69.56
2026-01-29 01:30:00,STATION_002,68.91
2026-01-29 01:45:00,STATION_002,67.1
2026-01-29 02:00:00,STATION_002,67.76
2026-01-29 02:15:00,STATION_002,68.5
2026-01-29 02:30:00,STATION_002,73.57
2026-01-29 02:45:00,STATION_002,76.98
2026-01-29 03:00:00,STATION_002,77.0
2026-01-29 03:15:00,STATION_002,78.25
2026-01-29 03:30:00,STATION_002,78.32
2026-01-29 03:45:00,STATION_002,77.52
2026-01-29 04:00:00,STATION_002,77.93
2026-01-29 04:15:00,STATION_002,75.12
2026-01-29 04:30:00,STATION_002,74.61
2026-01-29 04:45:00,STATION_002,74.59
2026-01-29 05:00:00,STATION_002,75.82
2026-01-29 05:15:00,STATION_002,76.79
2026-01-29 05:30:00,STATION_002,75.39
2026-01-29 05:45:00,STATION_002,77.28
2026-01-29 06:00:00,STATION_002,79.4
2026-01-29 06:15:00,STATION_002,81.22
2026-01-29 06:30:00,STATION_002,83.06
2026-01-29 06:45:00,STATION_002,85.31
2026-01-29 07:00:00,STATION_002,88.57
2026-01-29 07:15:00,STATION_002,89.95
2026-01-29 07:30:00,STATION_002,92.51
2026-01-29 07:45:00,STATION_002,93.82
2026-01-29 08:00:00,STATION_002,5.0
2026-01-29 08:15:00,STATION_002,4.88
2026-01-29 08:30:00,STATION_002,5.96
2026-01-29 08:45:00,STATION_002,6.94
2026-01-29 09:00:00,STATION_002,7.63
2026-01-29 09:15:00,STATION_002,6.99
2026-01-29 09:30:00,STATION_002,6.53
2026-01-29 09:45:00,STATION_002,8.1
2026-01-29 10:00:00,STATION_002,7.37
2026-01-29 10:15:00,STATION_002,8.98
2026-01-29 10:30:00,STATION_002,10.8
2026-01-29 10:45:00,STATION_002,9.29
2026-01-29 11:00:00,STATION_002,10.74
2026-01-29 11:15:00,STATION_002,11.02
2026-01-29 11:30:00,STATION_002,12.52
2026-01-29 11:45:00,STATION_002,17.83
2026-01-29 12:00:00,STATION_002,18.94
2026-01-29 12:15:00,STATION_002,25.31
2026-01-29 12:30:00,STATION_002,29.26
2026-01-29 12:45:00,STATION_002,34.41
2026-01-29 13:00:00,STATION_002,36.94
2026-01-29 13:15:00,STATION_002,41.82
2026-01-29 13:30:00,STATION_002,44.31
2026-01-29 13:45:00,STATION_002,48.38
2026-01-29 14:00:00,STATION_002,49.46
2026-01-29 14:15:00,STATION_002,48.94
2026-01-29 14:30:00,STATION_002,51.54
2026-01-29 14:45:00,STATION_002,53.23
2026-01-29 15:00:00,STATION_002,51.91
2026-01-29 15:15:00,STATION_002,48.91
2026-01-29 15:30:00,STATION_002,48.93
2026-01-29 15:45:00,STATION_002,50.6
2026-01-29 16:00:00,STATION_002,50.25
2026-01-29 16:15:00,STATION_002,52.05
2026-01-29 16:30:00,STATION_002,51.82
2026-01-29 16:45:00,STATION_002,52.01
2026-01-29 17:00:00,STATION_002,52.08
2026-01-29 17:15:00,STATION_002,51.19
2026-01-29 17:30:00,STATION_002,49.8
2026-01-29 17:45:00,STATION_002,49.65
2026-01-29 18:00:00,STATION_002,50.67
2026-01-29 18:15:00,STATION_002,56.01
2026-01-29 18:30:00,STATION_002,59.87
2026-01-29 18:45:00,STATION_002,61.74
2026-01-29 19:00:00,STATION_002,65.03
2026-01-29 19:15:00,STATION_002,71.01
2026-01-29 19:30:00,STATION_002,74.49
2026-01-29 19:45:00,STATION_002,75.59
2026-01-29 20:00:00,STATION_002,79.8
2026-01-29 20:15:00,STATION_002,83.19
2026-01-29 20:30:00,STATION_002,82.44
2026-01-29 20:45:00,STATION_002,83.23
2026-01-29 21:00:00,STATION_002,85.13
2026-01-29 21:15:00,STATION_002,85.75
2026-01-29 21:30:00,STATION_002,84.95
2026-01-29 21:45:00,STATION_002,83.83
2026-01-29 22:00:00,STATION_002,82.98
2026-01-29 22:15:00,STATION_002,86.19
2026-01-29 22:30:00,STATION_002,87.44
2026-01-29 22:45:00,STATION_002,89.54
2026-01-29 23:00:00,STATION_002,88.17
2026-01-29 23:15:00,STATION_002,87.19
2026-01-29 23:30:00,STATION_002,88.22
2026-01-29 23:45:00,STATION_002,91.01
2026-01-30 00:00:00,STATION_002,90.68
2026-01-30 00:15:00,STATION_002,92.77
2026-01-30 00:30:00,STATION_002,91.89
2026-01-30 00:45:00,STATION_002,91.02
2026-01-30 01:00:00,STATION_002,90.43
2026-01-30 01:15:00,STATION_002,86.93
2026-01-30 01:30:00,STATION_002,86.41
2026-01-30 01:45:00,STATION_002,86.69
2026-01-30 02:00:00,STATION_002,85.28
2026-01-30 02:15:00,STATION_002,85.23
2026-01-30 02:30:00,STATION_002,84.77
2026-01-30 02:45:00,STATION_002,83.79
2026-01-30 03:00:00,STATION_002,85.96
2026-01-30 03:15:00,STATION_002,84.78
2026-01-30 03:30:00,STATION_002,84.32
2026-01-30 03:45:00,STATION_002,80.83
2026-01-30 04:00:00,STATION_002,79.54
2026-01-30 04:15:00,STATION_002,79.26
2026-01-30 04:30:00,STATION_002,80.8
2026-01-30 04:45:00,STATION_002,83.21
2026-01-30 05:00:00,STATION_002,85.07
2026-01-30 05:15:00,STATION_002,82.24
2026-01-30 05:30:00,STATION_002,82.61
2026-01-30 05:45:00,STATION_002,84.03
2026-01-30 06:00:00,STATION_002,86.49
2026-01-30 06:15:00,STATION_002,82.96
2026-01-30 06:30:00,STATION_002,75.76
2026-01-30 06:45:00,STATION_002,77.91
2026-01-30 07:00:00,STATION_002,80.14
2026-01-30 07:15:00,STATION_002,79.82
2026-01-30 07:30:00,STATION_002,85.96
2026-01-30 07:45:00,STATION_002,84.68
2026-01-30 08:00:00,STATION_002,86.6
2026-01-30 08:15:00,STATION_002,87.88
2026-01-30 08:30:00,STATION_002,85.69
2026-01-30 08:45:00,STATION_002,90.14
2026-01-30 09:00:00,STATION_002,93.79
2026-01-30 09:15:00,STATION_002,5.0
2026-01-30 09:30:00,STATION_002,7.23
2026-01-30 09:45:00,STATION_002,10.7
2026-01-30 10:00:00,STATION_002,9.88
2026-01-30 10:15:00,STATION_002,8.39
2026-01-30 10:30:00,STATION_002,9.12
2026-01-30 10:45:00,STATION_002,12.42
2026-01-30 11:00:00,STATION_002,11.41
2026-01-30 11:15:00,STATION_002,12.19
2026-01-30 11:30:00,STATION_002,10.31
2026-01-30 11:45:00,STATION_002,13.69
2026-01-30 12:00:00,STATION_002,13.67
2026-01-30 12:15:00,STATION_002,15.54
2026-01-30 12:30:00,STATION_002,18.0
2026-01-30 12:45:00,STATION_002,22.0
2026-01-30 13:00:00,STATION_002,21.54
2026-01-30 13:15:00,STATION_002,26.21
2026-01-30 13:30:00,STATION_002,30.52
2026-01-30 13:45:00,STATION_002,30.65
2026-01-30 14:00:00,STATION_002,35.62
2026-01-30 14:15:00,STATION_002,33.62
2026-01-30 14:30:00,STATION_002,34.25
2026-01-30 14:45:00,STATION_002,33.64
2026-01-30 15:00:00,STATION_002,34.97
2026-01-30 15:15:00,STATION_002,36.97
2026-01-30 15:30:00,STATION_002,36.74
2026-01-30 15:45:00,STATION_002,36.4
2026-01-30 16:00:00,STATION_002,40.26
2026-01-30 16:15:00,STATION_002,41.12
2026-01-30 16:30:00,STATION_002,42.09
2026-01-30 16:45:00,STATION_002,42.56
2026-01-30 17:00:00,STATION_002,45.13
2026-01-30 17:15:00,STATION_002,44.55
2026-01-30 17:30:00,STATION_002,48.05
2026-01-30 17:45:00,STATION_002,50.12
2026-01-30 18:00:00,STATION_002,49.68
2026-01-30 18:15:00,STATION_002,57.98
2026-01-30 18:30:00,STATION_002,60.04
2026-01-30 18:45:00,STATION_002,63.99
2026-01-30 19:00:00,STATION_002,67.8
2026-01-30 19:15:00,STATION_002,69.7
2026-01-30 19:30:00,STATION_002,72.21
2026-01-30 19:45:00,STATION_002,75.44
2026-01-30 20:00:00,STATION_002,76.96
2026-01-30 20:15:00,STATION_002,82.54
2026-01-30 20:30:00,STATION_002,86.45
2026-01-30 20:45:00,STATION_002,88.1
2026-01-30 21:00:00,STATION_002,89.75
2026-01-30 21:15:00,STATION_002,90.85
2026-01-30 21:30:00,STATION_002,93.48
2026-01-30 21:45:00,STATION_002,90.63
2026-01-30 22:00:00,STATION_002,92.26
2026-01-30 22:15:00,STATION_002,91.25
2026-01-30 22:30:00,STATION_002,91.9
2026-01-30 22:45:00,STATION_002,89.34
2026-01-30 23:00:00,STATION_002,86.48
2026-01-30 23:15:00,STATION_002,87.16
2026-01-30 23:30:00,STATION_002,88.05
2026-01-30 23:45:00,STATION_002,89.08
2026-01-31 00:00:00,STATION_002,90.3
2026-01-31 00:15:00,STATION_002,90.83
2026-01-31 00:30:00,STATION_002,5.0
2026-01-31 00:45:00,STATION_002,5.61
2026-01-31 01:00:00,STATION_002,5.96
2026-01-31 01:15:00,STATION_002,5.54
2026-01-31 01:30:00,STATION_002,4.75
2026-01-31 01:45:00,STATION_002,3.83
2026-01-31 02:00:00,STATION_002,4.17
2026-01-31 02:15:00,STATION_002,7.19
2026-01-31 02:30:00,STATION_002,6.7
2026-01-31 02:45:00,STATION_002,5.23
2026-01-31 03:00:00,STATION_002,4.13
2026-01-31 03:15:00,STATION_002,1.23
2026-01-31 03:30:00,STATION_002,0.0
2026-01-31 03:45:00,STATION_002,0.43
2026-01-31 04:00:00,STATION_002,1.38
2026-01-31 04:15:00,STATION_002,2.44
2026-01-31 04:30:00,STATION_002,5.23
2026-01-31 04:45:00,STATION_002,8.11
2026-01-31 05:00:00,STATION_002,4.72
2026-01-31 05:15:00,STATION_002,6.96
2026-01-31 05:30:00,STATION_002,11.52
2026-01-31 05:45:00,STATION_002,14.45
2026-01-31 06:00:00,STATION_002,20.62
2026-01-31 06:15:00,STATION_002,21.89
2026-01-31 06:30:00,STATION_002,22.06
2026-01-31 06:45:00,STATION_002,24.33
2026-01-31 07:00:00,STATION_002,27.45
2026-01-31 07:15:00,STATION_002,27.31
2026-01-31 07:30:00,STATION_002,27.24
2026-01-31 07:45:00,STATION_002,26.48
2026-01-31 08:00:00,STATION_002,25.76
2026-01-31 08:15:00,STATION_002,24.56
2026-01-31 08:30:00,STATION_002,26.94
2026-01-31 08:45:00,STATION_002,27.8
2026-01-31 09:00:00,STATION_002,27.67
2026-01-31 09:15:00,STATION_002,26.0
2026-01-31 09:30:00,STATION_002,26.44
2026-01-31 09:45:00,STATION_002,28.7
2026-01-31 10:00:00,STATION_002,29.71
2026-01-31 10:15:00,STATION_002,33.21
2026-01-31 10:30:00,STATION_002,32.12
2026-01-31 10:45:00,STATION_002,33.07
2026-01-31 11:00:00,STATION_002,39.59
2026-01-31 11:15:00,STATION_002,45.04
2026-01-31 11:30:00,STATION_002,49.75
2026-01-31 11:45:00,STATION_002,51.82
2026-01-31 12:00:00,STATION_002,53.42
2026-01-31 12:15:00,STATION_002,55.71
2026-01-31 12:30:00,STATION_002,61.13
2026-01-31 12:45:00,STATION_002,60.91
2026-01-31 13:00:00,STATION_002,61.9
2026-01-31 13:15:00,STATION_002,65.09
2026-01-31 13:30:00,STATION_002,70.52
2026-01-31 13:45:00,STATION_002,72.88
2026-01-31 14:00:00,STATION_002,78.94
2026-01-31 14:15:00,STATION_002,83.54
2026-01-31 14:30:00,STATION_002,86.73
2026-01-31 14:45:00,STATION_002,90.76
2026-01-31 15:00:00,STATION_002,91.46
2026-01-31 15:15:00,STATION_002,89.36
2026-01-31 15:30:00,STATION_002,90.34
2026-01-31 15:45:00,STATION_002,89.59
2026-01-31 16:00:00,STATION_002,91.94
2026-01-31 16:15:00,STATION_002,92.25
2026-01-31 16:30:00,STATION_002,92.31
2026-01-31 16:45:00,STATION_002,89.48
2026-01-31 17:00:00,STATION_002,87.54
2026-01-31 17:15:00,STATION_002,90.2
2026-01-31 17:30:00,STATION_002,91.84
2026-01-31 17:45:00,STATION_002,94.93
2026-01-31 18:00:00,STATION_002,92.97
2026-01-31 18:15:00,STATION_002,91.12
2026-01-31 18:30:00,STATION_002,91.88
2026-01-31 18:45:00,STATION_002,94.91
2026-01-31 19:00:00,STATION_002,5.0
2026-01-31 19:15:00,STATION_002,3.52
2026-01-31 19:30:00,STATION_002,3.37
2026-01-31 19:45:00,STATION_002,1.88
2026-01-31 20:00:00,STATION_002,3.42
2026-01-31 20:15:00,STATION_002,4.78
2026-01-31 20:30:00,STATION_002,5.0
2026-01-31 20:45:00,STATION_002,6.64
2026-01-31 21:00:00,STATION_002,6.58
2026-01-31 21:15:00,STATION_002,9.1
2026-01-31 21:30:00,STATION_002,11.9
2026-01-31 21:45:00,STATION_002,11.91
2026-01-31 22:00:00,STATION_002,10.62
2026-01-31 22:15:00,STATION_002,12.39
2026-01-31 22:30:00,STATION_002,15.23
2026-01-31 22:45:00,STATION_002,17.18
2026-01-31 23:00:00,STATION_002,17.92
2026-01-31 23:15:00,STATION_002,15.76
2026-01-31 23:30:00,STATION_002,14.32
2026-01-31 23:45:00,STATION_002,18.08
2026-02-01 00:00:00,STATION_002,19.15
2026-02-01 00:15:00,STATION_002,19.64
2026-02-01 00:30:00,STATION_002,20.11
2026-02-01 00:45:00,STATION_002,20.79
2026-02-01 01:00:00,STATION_002,21.77
2026-02-01 01:15:00,STATION_002,22.59
2026-02-01 01:30:00,STATION_002,22.95
2026-02-01 01:45:00,STATION_002,24.76
2026-02-01 02:00:00,STATION_002,28.56
2026-02-01 02:15:00,STATION_002,28.56
2026-02-01 02:30:00,STATION_002,30.66
2026-02-01 02:45:00,STATION_002,29.97
2026-02-01 03:00:00,STATION_002,28.78
2026-02-01 03:15:00,STATION_002,27.57
2026-02-01 03:30:00,STATION_002,28.92
2026-02-01 03:45:00,STATION_002,32.09
2026-02-01 04:00:00,STATION_002,32.4
2026-02-01 04:15:00,STATION_002,34.54
2026-02-01 04:30:00,STATION_002,33.51
2026-02-01 04:45:00,STATION_002,29.38
2026-02-01 05:00:00,STATION_002,26.54
2026-02-01 05:15:00,STATION_002,27.3
2026-02-01 05:30:00,STATION_002,28.82
2026-02-01 05:45:00,STATION_002,29.88
2026-02-01 06:00:00,STATION_002,30.11
2026-02-01 06:15:00,STATION_002,31.44
2026-02-01 06:30:00,STATION_002,31.32
2026-02-01 06:45:00,STATION_002,33.59
2026-02-01 07:00:00,STATION_002,34.78
2026-02-01 07:15:00,STATION_002,37.53
2026-02-01 07:30:00,STATION_002,40.45
2026-02-01 07:45:00,STATION_002,41.91
2026-02-01 08:00:00,STATION_002,44.61
2026-02-01 08:15:00,STATION_002,42.97
2026-02-01 08:30:00,STATION_002,42.12
2026-02-01 08:45:00,STATION_002,41.05
2026-02-01 09:00:00,STATION_002,43.6
2026-02-01 09:15:00,STATION_002,43.32
2026-02-01 09:30:00,STATION_002,47.68
2026-02-01 09:45:00,STATION_002,46.83
2026-02-01 10:00:00,STATION_002,48.42
2026-02-01 10:15:00,STATION_002,48.1
2026-02-01 10:30:00,STATION_002,46.56
2026-02-01 10:45:00,STATION_002,43.67
2026-02-01 11:00:00,STATION_002,46.9
2026-02-01 11:15:00,STATION_002,46.2
2026-02-01 11:30:00,STATION_002,50.35
2026-02-01 11:45:00,STATION_002,52.41
2026-02-01 12:00:00,STATION_002,53.75
2026-02-01 12:15:00,STATION_002,54.65
2026-02-01 12:30:00,STATION_002,57.41
2026-02-01 12:45:00,STATION_002,58.02
2026-02-01 13:00:00,STATION_002,60.16
2026-02-01 13:15:00,STATION_002,62.46
2026-02-01 13:30:00,STATION_002,64.56
2026-02-01 13:45:00,STATION_002,65.24
2026-02-01 14:00:00,STATION_002,66.26
2026-02-01 14:15:00,STATION_002,66.04
2026-02-01 14:30:00,STATION_002,68.48
2026-02-01 14:45:00,STATION_002,68.95
2026-02-01 15:00:00,STATION_002,68.45
2026-02-01 15:15:00,STATION_002,68.99
2026-02-01 15:30:00,STATION_002,65.32
2026-02-01 15:45:00,STATION_002,65.95
2026-02-01 16:00:00,STATION_002,66.18
2026-02-01 16:15:00,STATION_002,66.1
2026-02-01 16:30:00,STATION_002,67.09
2026-02-01 16:45:00,STATION_002,68.81
2026-02-01 17:00:00,STATION_002,68.24
2026-02-01 17:15:00,STATION_002,69.07
2026-02-01 17:30:00,STATION_002,65.47
2026-02-01 17:45:00,STATION_002,64.08
2026-02-01 18:00:00,STATION_002,63.98
2026-02-01 18:15:00,STATION_002,65.49
2026-02-01 18:30:00,STATION_002,66.14
2026-02-01 18:45:00,STATION_002,68.48
2026-02-01 19:00:00,STATION_002,68.52
2026-02-01 19:15:00,STATION_002,69.98
2026-02-01 19:30:00,STATION_002,71.66
2026-02-01 19:45:00,STATION_002,71.08
2026-02-01 20:00:00,STATION_002,73.2
2026-02-01 20:15:00,STATION_002,73.44
2026-02-01 20:30:00,STATION_002,71.96
2026-02-01 20:45:00,STATION_002,71.11
2026-02-01 21:00:00,STATION_002,72.83
2026-02-01 21:15:00,STATION_002,72.56
2026-02-01 21:30:00,STATION_002,75.33
2026-02-01 21:45:00,STATION_002,79.09
2026-02-01 22:00:00,STATION_002,81.1
2026-02-01 22:15:00,STATION_002,80.22
2026-02-01 22:30:00,STATION_002,83.86
2026-02-01 22:45:00,STATION_002,84.3
2026-02-01 23:00:00,STATION_002,84.97
2026-02-01 23:15:00,STATION_002,88.24
2026-02-01 23:30:00,STATION_002,91.2
2026-02-01 23:45:00,STATION_002,90.99
2026-02-02 00:00:00,STATION_002,91.59
2026-02-02 00:15:00,STATION_002,5.0
2026-02-02 00:30:00,STATION_002,5.9
2026-02-02 00:45:00,STATION_002,9.24
2026-02-02 01:00:00,STATION_002,7.53
2026-02-02 01:15:00,STATION_002,9.71
2026-02-02 01:30:00,STATION_002,9.5
2026-02-02 01:45:00,STATION_002,9.95
2026-02-02 02:00:00,STATION_002,7.16
2026-02-02 02:15:00,STATION_002,7.5
2026-02-02 02:30:00,STATION_002,10.13
2026-02-02 02:45:00,STATION_002,9.33
2026-02-02 03:00:00,STATION_002,8.01
2026-02-02 03:15:00,STATION_002,5.56
2026-02-02 03:30:00,STATION_002,8.06
2026-02-02 03:45:00,STATION_002,10.53
2026-02-02 04:00:00,STATION_002,12.02
2026-02-02 04:15:00,STATION_002,10.28
2026-02-02 04:30:00,STATION_002,8.39
2026-02-02 04:45:00,STATION_002,8.12
2026-02-02 05:00:00,STATION_002,12.69
2026-02-02 05:15:00,STATION_002,16.82
2026-02-02 05:30:00,STATION_002,18.93
2026-02-02 05:45:00,STATION_002,18.96
2026-02-02 06:00:00,STATION_002,17.4
2026-02-02 06:15:00,STATION_002,17.26
2026-02-02 06:30:00,STATION_002,17.65
2026-02-02 06:45:00,STATION_002,16.24
2026-02-02 07:00:00,STATION_002,17.81
2026-02-02 07:15:00,STATION_002,16.7
2026-02-02 07:30:00,STATION_002,18.38
2026-02-02 07:45:00,STATION_002,18.21
2026-02-02 08:00:00,STATION_002,16.56
2026-02-02 08:15:00,STATION_002,20.64
2026-02-02 08:30:00,STATION_002,19.74
2026-02-02 08:45:00,STATION_002,24.19
2026-02-02 09:00:00,STATION_002,22.5
2026-02-02 09:15:00,STATION_002,21.23
2026-02-02 09:30:00,STATION_002,23.17
2026-02-02 09:45:00,STATION_002,20.74
2026-02-02 10:00:00,STATION_002,21.37
2026-02-02 10:15:00,STATION_002,21.3
2026-02-02 10:30:00,STATION_002,23.8
2026-02-02 10:45:00,STATION_002,27.53
2026-02-02 11:00:00,STATION_002,29.8
2026-02-02 11:15:00,STATION_002,29.83
2026-02-02 11:30:00,STATION_002,27.07
2026-02-02 11:45:00,STATION_002,28.3
2026-02-02 12:00:00,STATION_002,29.06
2026-02-02 12:15:00,STATION_002,32.3
2026-02-02 12:30:00,STATION_002,37.04
2026-02-02 12:45:00,STATION_002,39.87
2026-02-02 13:00:00,STATION_002,43.68
2026-02-02 13:15:00,STATION_002,46.04
2026-02-02 13:30:00,STATION_002,47.25
2026-02-02 13:45:00,STATION_002,49.97
2026-02-02 14:00:00,STATION_002,46.38
2026-02-02 14:15:00,STATION_002,44.74
2026-02-02 14:30:00,STATION_002,44.09
2026-02-02 14:45:00,STATION_002,45.97
2026-02-02 15:00:00,STATION_002,50.05
2026-02-02 15:15:00,STATION_002,48.89
2026-02-02 15:30:00,STATION_002,52.6
2026-02-02 15:45:00,STATION_002,52.69
2026-02-02 16:00:00,STATION_002,56.37
2026-02-02 16:15:00,STATION_002,54.08
2026-02-02 16:30:00,STATION_002,52.58
2026-02-02 16:45:00,STATION_002,53.03
2026-02-02 17:00:00,STATION_002,53.87
2026-02-02 17:15:00,STATION_002,54.72
2026-02-02 17:30:00,STATION_002,54.07
2026-02-02 17:45:00,STATION_002,51.7
2026-02-02 18:00:00,STATION_002,52.66
2026-02-02 18:15:00,STATION_002,55.83
2026-02-02 18:30:00,STATION_002,61.39
2026-02-02 18:45:00,STATION_002,65.5
2026-02-02 19:00:00,STATION_002,67.17
2026-02-02 19:15:00,STATION_002,71.54
2026-02-02 19:30:00,STATION_002,76.67
2026-02-02 19:45:00,STATION_002,78.04
2026-02-02 20:00:00,STATION_002,80.41
2026-02-02 20:15:00,STATION_002,82.68
2026-02-02 20:30:00,STATION_002,86.46
2026-02-02 20:45:00,STATION_002,87.48
2026-02-02 21:00:00,STATION_002,88.86
2026-02-02 21:15:00,STATION_002,89.17
2026-02-02 21:30:00,STATION_002,89.79
2026-02-02 21:45:00,STATION_002,90.84
2026-02-02 22:00:00,STATION_002,93.87
2026-02-02 22:15:00,STATION_002,93.97
2026-02-02 22:30:00,STATION_002,5.0
2026-02-02 22:45:00,STATION_002,4.36
2026-02-02 23:00:00,STATION_002,6.72
2026-02-02 23:15:00,STATION_002,6.55
2026-02-02 23:30:00,STATION_002,6.1
2026-02-02 23:45:00,STATION_002,7.54
2026-02-03 00:00:00,STATION_002,7.45
2026-02-03 00:15:00,STATION_002,8.35
2026-02-03 00:30:00,STATION_002,8.5
2026-02-03 00:45:00,STATION_002,8.2
2026-02-03 01:00:00,STATION_002,6.4
2026-02-03 01:15:00,STATION_002,8.28
2026-02-03 01:30:00,STATION_002,7.08
2026-02-03 01:45:00,STATION_002,9.56
2026-02-03 02:00:00,STATION_002,13.86
2026-02-03 02:15:00,STATION_002,17.0
2026-02-03 02:30:00,STATION_002,17.91
2026-02-03 02:45:00,STATION_002,16.69
2026-02-03 03:00:00,STATION_002,17.64
2026-02-03 03:15:00,STATION_002,20.2
2026-02-03 03:30:00,STATION_002,23.14
2026-02-03 03:45:00,STATION_002,24.72
2026-02-03 04:00:00,STATION_002,23.01
2026-02-03 04:15:00,STATION_002,21.17
2026-02-03 04:30:00,STATION_002,20.08
2026-02-03 04:45:00,STATION_002,20.36
2026-02-03 05:00:00,STATION_002,20.54
2026-02-03 05:15:00,STATION_002,21.06
2026-02-03 05:30:00,STATION_002,16.98
2026-02-03 05:45:00,STATION_002,16.95
2026-02-03 06:00:00,STATION_002,17.95
2026-02-03 06:15:00,STATION_002,22.61
2026-02-03 06:30:00,STATION_002,22.78
2026-02-03 06:45:00,STATION_002,23.47
2026-02-03 07:00:00,STATION_002,24.83
2026-02-03 07:15:00,STATION_002,26.42
2026-02-03 07:30:00,STATION_002,27.22
2026-02-03 07:45:00,STATION_002,30.05
2026-02-03 08:00:00,STATION_002,31.78
2026-02-03 08:15:00,STATION_002,27.69
2026-02-03 08:30:00,STATION_002,25.99
2026-02-03 08:45:00,STATION_002,25.02
2026-02-03 09:00:00,STATION_002,25.94
2026-02-03 09:15:00,STATION_002,27.32
2026-02-03 09:30:00,STATION_002,27.26
2026-02-03 09:45:00,STATION_002,31.95
2026-02-03 10:00:00,STATION_002,34.4
2026-02-03 10:15:00,STATION_002,34.75
2026-02-03 10:30:00,STATION_002,33.89
2026-02-03 10:45:00,STATION_002,34.0
2026-02-03 11:00:00,STATION_002,37.92
2026-02-03 11:15:00,STATION_002,42.21
2026-02-03 11:30:00,STATION_002,42.37
2026-02-03 11:45:00,STATION_002,46.03
2026-02-03 12:00:00,STATION_002,50.24
2026-02-03 12:15:00,STATION_002,51.42
2026-02-03 12:30:00,STATION_002,55.19
2026-02-03 12:45:00,STATION_002,57.78
2026-02-03 13:00:00,STATION_002,59.82
2026-02-03 13:15:00,STATION_002,66.0
2026-02-03 13:30:00,STATION_002,66.26
2026-02-03 13:45:00,STATION_002,72.1
2026-02-03 14:00:00,STATION_002,72.52
2026-02-03 14:15:00,STATION_002,77.01
2026-02-03 14:30:00,STATION_002,78.81
2026-02-03 14:45:00,STATION_002,74.56
2026-02-03 15:00:00,STATION_002,75.44
2026-02-03 15:15:00,STATION_002,76.36
2026-02-03 15:30:00,STATION_002,78.7
2026-02-03 15:45:00,STATION_002,80.18
2026-02-03 16:00:00,STATION_002,82.6
2026-02-03 16:15:00,STATION_002,81.11
2026-02-03 16:30:00,STATION_002,78.97
2026-02-03 16:45:00,STATION_002,77.98
2026-02-03 17:00:00,STATION_002,80.94
2026-02-03 17:15:00,STATION_002,84.96
2026-02-03 17:30:00,STATION_002,83.84
2026-02-03 17:45:00,STATION_002,83.06
2026-02-03 18:00:00,STATION_002,85.87
2026-02-03 18:15:00,STATION_002,90.03
2026-02-03 18:30:00,STATION_002,92.95
2026-02-03 18:45:00,STATION_002,5.0
2026-02-03 19:00:00,STATION_002,6.65
2026-02-03 19:15:00,STATION_002,11.05
2026-02-03 19:30:00,STATION_002,10.15
2026-02-03 19:45:00,STATION_002,12.23
2026-02-03 20:00:00,STATION_002,14.77
2026-02-03 20:15:00,STATION_002,20.39
2026-02-03 20:30:00,STATION_002,23.91
2026-02-03 20:45:00,STATION_002,31.5
2026-02-03 21:00:00,STATION_002,31.75
2026-02-03 21:15:00,STATION_002,32.99
2026-02-03 21:30:00,STATION_002,36.02
2026-02-03 21:45:00,STATION_002,34.45
2026-02-03 22:00:00,STATION_002,33.26
2026-02-03 22:15:00,STATION_002,33.62
2026-02-03 22:30:00,STATION_002,31.35
2026-02-03 22:45:00,STATION_002,30.81
2026-02-03 23:00:00,STATION_002,31.64
2026-02-03 23:15:00,STATION_002,32.37
2026-02-03 23:30:00,STATION_002,32.52
2026-02-03 23:45:00,STATION_002,34.96
2026-02-04 00:00:00,STATION_002,33.19
2026-02-04 00:15:00,STATION_002,36.84
2026-02-04 00:30:00,STATION_002,37.59
2026-02-04 00:45:00,STATION_002,37.86
2026-02-04 01:00:00,STATION_002,34.23
2026-02-04 01:15:00,STATION_002,32.83
2026-02-04 01:30:00,STATION_002,30.23
2026-02-04 01:45:00,STATION_002,30.43
2026-02-04 02:00:00,STATION_002,31.74
2026-02-04 02:15:00,STATION_002,34.21
2026-02-04 02:30:00,STATION_002,35.24
2026-02-04 02:45:00,STATION_002,39.29
2026-02-04 03:00:00,STATION_002,39.76
2026-02-04 03:15:00,STATION_002,38.5
2026-02-04 03:30:00,STATION_002,40.46
2026-02-04 03:45:00,STATION_002,36.45
2026-02-04 04:00:00,STATION_002,40.25
2026-02-04 04:15:00,STATION_002,41.07
2026-02-04 04:30:00,STATION_002,44.21
2026-02-04 04:45:00,STATION_002,43.24
2026-02-04 05:00:00,STATION_002,43.86
2026-02-04 05:15:00,STATION_002,41.97
2026-02-04 05:30:00,STATION_002,41.93
2026-02-04 05:45:00,STATION_002,41.3
2026-02-04 06:00:00,STATION_002,38.44
2026-02-04 06:15:00,STATION_002,39.27
2026-02-04 06:30:00,STATION_002,39.47
2026-02-04 06:45:00,STATION_002,43.97
2026-02-04 07:00:00,STATION_002,44.0
2026-02-04 07:15:00,STATION_002,47.01
2026-02-04 07:30:00,STATION_002,47.46
2026-02-04 07:45:00,STATION_002,43.17
2026-02-04 08:00:00,STATION_002,47.07
2026-02-04 08:15:00,STATION_002,50.4
2026-02-04 08:30:00,STATION_002,52.52
2026-02-04 08:45:00,STATION_002,53.11
2026-02-04 09:00:00,STATION_002,53.76
2026-02-04 09:15:00,STATION_002,53.08
2026-02-04 09:30:00,STATION_002,53.3
2026-02-04 09:45:00,STATION_002,51.4
2026-02-04 10:00:00,STATION_002,51.66
2026-02-04 10:15:00,STATION_002,51.59
2026-02-04 10:30:00,STATION_002,51.49
2026-02-04 10:45:00,STATION_002,54.45
2026-02-04 11:00:00,STATION_002,50.87
2026-02-04 11:15:00,STATION_002,52.94
2026-02-04 11:30:00,STATION_002,52.79
2026-02-04 11:45:00,STATION_002,55.4
2026-02-04 12:00:00,STATION_002,56.64
2026-02-04 12:15:00,STATION_002,58.26
2026-02-04 12:30:00,STATION_002,63.53
2026-02-04 12:45:00,STATION_002,68.39
2026-02-04 13:00:00,STATION_002,71.86
2026-02-04 13:15:00,STATION_002,76.6
2026-02-04 13:30:00,STATION_002,74.22
2026-02-04 13:45:00,STATION_002,77.96
2026-02-04 14:00:00,STATION_002,79.74
2026-02-04 14:15:00,STATION_002,81.48
2026-02-04 14:30:00,STATION_002,82.51
2026-02-04 14:45:00,STATION_002,84.16
2026-02-04 15:00:00,STATION_002,86.61
2026-02-04 15:15:00,STATION_002,87.63
2026-02-04 15:30:00,STATION_002,86.45
2026-02-04 15:45:00,STATION_002,85.65
2026-02-04 16:00:00,STATION_002,84.34
2026-02-04 16:15:00,STATION_002,84.1
2026-02-04 16:30:00,STATION_002,86.08
2026-02-04 16:45:00,STATION_002,90.66
2026-02-04 17:00:00,STATION_002,88.58
2026-02-04 17:15:00,STATION_002,84.96
2026-02-04 17:30:00,STATION_002,84.87
2026-02-04 17:45:00,STATION_002,86.77
2026-02-04 18:00:00,STATION_002,88.62
2026-02-04 18:15:00,STATION_002,91.16
2026-02-04 18:30:00,STATION_002,5.0
2026-02-04 18:45:00,STATION_002,9.61
2026-02-04 19:00:00,STATION_002,14.8
2026-02-04 19:15:00,STATION_002,20.36
2026-02-04 19:30:00,STATION_002,23.31
2026-02-04 19:45:00,STATION_002,30.21
2026-02-04 20:00:00,STATION_002,32.34
2026-02-04 20:15:00,STATION_002,31.7
2026-02-04 20:30:00,STATION_002,33.76
2026-02-04 20:45:00,STATION_002,36.06
2026-02-04 21:00:00,STATION_002,36.9
2026-02-04 21:15:00,STATION_002,36.47
2026-02-04 21:30:00,STATION_002,33.51
2026-02-04 21:45:00,STATION_002,36.82
2026-02-04 22:00:00,STATION_002,34.2
2026-02-04 22:15:00,STATION_002,35.19
2026-02-04 22:30:00,STATION_002,34.5
2026-02-04 22:45:00,STATION_002,35.89
2026-02-04 23:00:00,STATION_002,40.28
2026-02-04 23:15:00,STATION_002,39.99
2026-02-04 23:30:00,STATION_002,40.65
2026-02-04 23:45:00,STATION_002,41.72
2026-02-05 00:00:00,STATION_002,44.17
2026-02-05 00:15:00,STATION_002,46.65
2026-02-05 00:30:00,STATION_002,47.66
2026-02-05 00:45:00,STATION_002,52.74
2026-02-05 01:00:00,STATION_002,50.87
2026-02-05 01:15:00,STATION_002,51.92
2026-02-05 01:30:00,STATION_002,50.72
2026-02-05 01:45:00,STATION_002,49.8
2026-02-05 02:00:00,STATION_002,49.28
2026-02-05 02:15:00,STATION_002,51.93
2026-02-05 02:30:00,STATION_002,55.12
2026-02-05 02:45:00,STATION_002,51.92
2026-02-05 03:00:00,STATION_002,55.85
2026-02-05 03:15:00,STATION_002,59.48
2026-02-05 03:30:00,STATION_002,60.36
2026-02-05 03:45:00,STATION_002,59.6
2026-02-05 04:00:00,STATION_002,61.09
2026-02-05 04:15:00,STATION_002,64.52
2026-02-05 04:30:00,STATION_002,66.71
2026-02-05 04:45:00,STATION_002,65.75
2026-02-05 05:00:00,STATION_002,70.67
2026-02-05 05:15:00,STATION_002,75.58
2026-02-05 05:30:00,STATION_002,75.05
2026-02-05 05:45:00,STATION_002,75.75
2026-02-05 06:00:00,STATION_002,76.97
2026-02-05 06:15:00,STATION_002,77.48
2026-02-05 06:30:00,STATION_002,75.07
2026-02-05 06:45:00,STATION_002,78.95
2026-02-05 07:00:00,STATION_002,82.6
2026-02-05 07:15:00,STATION_002,84.62
2026-02-05 07:30:00,STATION_002,83.35
2026-02-05 07:45:00,STATION_002,81.54
2026-02-05 08:00:00,STATION_002,79.45
2026-02-05 08:15:00,STATION_002,80.48
2026-02-05 08:30:00,STATION_002,81.52
2026-02-05 08:45:00,STATION_002,87.66
2026-02-05 09:00:00,STATION_002,88.14
2026-02-05 09:15:00,STATION_002,89.78
2026-02-05 09:30:00,STATION_002,92.32
2026-02-05 09:45:00,STATION_002,93.51
2026-02-05 10:00:00,STATION_002,5.0
2026-02-05 10:15:00,STATION_002,4.51
2026-02-05 10:30:00,STATION_002,11.69
2026-02-05 10:45:00,STATION_002,10.78
2026-02-05 11:00:00,STATION_002,13.05
2026-02-05 11:15:00,STATION_002,13.65
2026-02-05 11:30:00,STATION_002,17.33
2026-02-05 11:45:00,STATION_002,18.42
2026-02-05 12:00:00,STATION_002,23.01
2026-02-05 12:15:00,STATION_002,27.31
2026-02-05 12:30:00,STATION_002,30.72
2026-02-05 12:45:00,STATION_002,36.48
2026-02-05 13:00:00,STATION_002,33.31
2026-02-05 13:15:00,STATION_002,32.99
2026-02-05 13:30:00,STATION_002,35.73
2026-02-05 13:45:00,STATION_002,37.2
2026-02-05 14:00:00,STATION_002,38.48
2026-02-05 14:15:00,STATION_002,38.8
2026-02-05 14:30:00,STATION_002,41.65
2026-02-05 14:45:00,STATION_002,38.98
2026-02-05 15:00:00,STATION_002,37.44
2026-02-05 15:15:00,STATION_002,37.55
2026-02-05 15:30:00,STATION_002,38.23
2026-02-05 15:45:00,STATION_002,36.05
2026-02-05 16:00:00,STATION_002,40.63
2026-02-05 16:15:00,STATION_002,40.09
2026-02-05 16:30:00,STATION_002,38.73
2026-02-05 16:45:00,STATION_002,42.18
2026-02-05 17:00:00,STATION_002,43.67
2026-02-05 17:15:00,STATION_002,39.34
2026-02-05 17:30:00,STATION_002,41.22
2026-02-05 17:45:00,STATION_002,44.29
2026-02-05 18:00:00,STATION_002,46.16
2026-02-05 18:15:00,STATION_002,49.36
2026-02-05 18:30:00,STATION_002,49.38
2026-02-05 18:45:00,STATION_002,53.84
2026-02-05 19:00:00,STATION_002,56.71
2026-02-05 19:15:00,STATION_002,58.65
2026-02-05 19:30:00,STATION_002,62.1
2026-02-05 19:45:00,STATION_002,66.82
2026-02-05 20:00:00,STATION_002,75.8
2026-02-05 20:15:00,STATION_002,76.41
2026-02-05 20:30:00,STATION_002,80.72
2026-02-05 20:45:00,STATION_002,87.72
2026-02-05 21:00:00,STATION_002,88.39
2026-02-05 21:15:00,STATION_002,91.19
2026-02-05 21:30:00,STATION_002,93.07
2026-02-05 21:45:00,STATION_002,5.0
2026-02-05 22:00:00,STATION_002,6.72
2026-02-05 22:15:00,STATION_002,5.2
2026-02-05 22:30:00,STATION_002,8.26
2026-02-05 22:45:00,STATION_002,4.26
2026-02-05 23:00:00,STATION_002,2.02
2026-02-05 23:15:00,STATION_002,0.34
2026-02-05 23:30:00,STATION_002,0.13
2026-02-05 23:45:00,STATION_002,2.52
2026-02-06 00:00:00,STATION_002,3.7
2026-02-06 00:15:00,STATION_002,2.63
2026-02-06 00:30:00,STATION_002,4.41
2026-02-06 00:45:00,STATION_002,0.74
2026-02-06 01:00:00,STATION_002,5.0
2026-02-06 01:15:00,STATION_002,2.15
2026-02-06 01:30:00,STATION_002,2.55
2026-02-06 01:45:00,STATION_002,5.41
2026-02-06 02:00:00,STATION_002,5.48
2026-02-06 02:15:00,STATION_002,7.39
2026-02-06 02:30:00,STATION_002,7.94
2026-02-06 02:45:00,STATION_002,10.16
2026-02-06 03:00:00,STATION_002,10.29
2026-02-06 03:15:00,STATION_002,8.55
2026-02-06 03:30:00,STATION_002,10.15
2026-02-06 03:45:00,STATION_002,7.74
2026-02-06 04:00:00,STATION_002,8.78
2026-02-06 04:15:00,STATION_002,9.16
2026-02-06 04:30:00,STATION_002,7.83
2026-02-06 04:45:00,STATION_002,7.19
2026-02-06 05:00:00,STATION_002,7.89
2026-02-06 05:15:00,STATION_002,9.2
2026-02-06 05:30:00,STATION_002,10.61
2026-02-06 05:45:00,STATION_002,11.12
2026-02-06 06:00:00,STATION_002,15.67
2026-02-06 06:15:00,STATION_002,18.78
2026-02-06 06:30:00,STATION_002,16.04
2026-02-06 06:45:00,STATION_002,14.68
2026-02-06 07:00:00,STATION_002,11.5
2026-02-06 07:15:00,STATION_002,14.97
2026-02-06 07:30:00,STATION_002,16.83
2026-02-06 07:45:00,STATION_002,18.39
2026-02-06 08:00:00,STATION_002,21.34
2026-02-06 08:15:00,STATION_002,21.57
2026-02-06 08:30:00,STATION_002,20.21
2026-02-06 08:45:00,STATION_002,21.29
2026-02-06 09:00:00,STATION_002,23.46
2026-02-06 09:15:00,STATION_002,27.07
2026-02-06 09:30:00,STATION_002,29.1
2026-02-06 09:45:00,STATION_002,31.34
2026-02-06 10:00:00,STATION_002,29.63
2026-02-06 10:15:00,STATION_002,32.52
2026-02-06 10:30:00,STATION_002,32.53
2026-02-06 10:45:00,STATION_002,32.36
2026-02-06 11:00:00,STATION_002,35.48
2026-02-06 11:15:00,STATION_002,34.31
2026-02-06 11:30:00,STATION_002,31.96
2026-02-06 11:45:00,STATION_002,32.7
2026-02-06 12:00:00,STATION_002,33.35
2026-02-06 12:15:00,STATION_002,37.42
2026-02-06 12:30:00,STATION_002,43.11
2026-02-06 12:45:00,STATION_002,44.03
2026-02-06 13:00:00,STATION_002,48.42
2026-02-06 13:15:00,STATION_002,50.17
2026-02-06 13:30:00,STATION_002,52.25
2026-02-06 13:45:00,STATION_002,55.86
2026-02-06 14:00:00,STATION_002,55.68
2026-02-06 14:15:00,STATION_002,53.68
2026-02-06 14:30:00,STATION_002,52.37
2026-02-06 14:45:00,STATION_002,51.61
2026-02-06 15:00:00,STATION_002,55.65
2026-02-06 15:15:00,STATION_002,56.43
2026-02-06 15:30:00,STATION_002,56.48
2026-02-06 15:45:00,STATION_002,58.28
2026-02-06 16:00:00,STATION_002,60.93
2026-02-06 16:15:00,STATION_002,62.27
2026-02-06 16:30:00,STATION_002,64.89
2026-02-06 16:45:00,STATION_002,65.74
2026-02-06 17:00:00,STATION_002,65.42
2026-02-06 17:15:00,STATION_002,64.49
2026-02-06 17:30:00,STATION_002,65.74
2026-02-06 17:45:00,STATION_002,69.09
2026-02-06 18:00:00,STATION_002,73.71
2026-02-06 18:15:00,STATION_002,73.04
2026-02-06 18:30:00,STATION_002,77.33
2026-02-06 18:45:00,STATION_002,81.73
2026-02-06 19:00:00,STATION_002,82.13
2026-02-06 19:15:00,STATION_002,81.62
2026-02-06 19:30:00,STATION_002,85.89
2026-02-06 19:45:00,STATION_002,88.77
2026-02-06 20:00:00,STATION_002,91.37
2026-02-06 20:15:00,STATION_002,92.15
2026-02-06 20:30:00,STATION_002,5.0
2026-02-06 20:45:00,STATION_002,9.55
2026-02-06 21:00:00,STATION_002,9.61
2026-02-06 21:15:00,STATION_002,11.92
2026-02-06 21:30:00,STATION_002,14.06
2026-02-06 21:45:00,STATION_002,14.27
2026-02-06 22:00:00,STATION_002,16.42
2026-02-06 22:15:00,STATION_002,18.03
2026-02-06 22:30:00,STATION_002,18.14
2026-02-06 22:45:00,STATION_002,19.61
2026-02-06 23:00:00,STATION_002,20.19
2026-02-06 23:15:00,STATION_002,20.6
2026-02-06 23:30:00,STATION_002,18.9
2026-02-06 23:45:00,STATION_002,18.63
2026-02-07 00:00:00,STATION_002,22.2
2026-02-07 00:15:00,STATION_002,24.09
2026-02-07 00:30:00,STATION_002,24.99
2026-02-07 00:45:00,STATION_002,29.58
2026-02-07 01:00:00,STATION_002,26.78
2026-02-07 01:15:00,STATION_002,22.65
2026-02-07 01:30:00,STATION_002,21.55
2026-02-07 01:45:00,STATION_002,20.96
2026-02-07 02:00:00,STATION_002,24.58
2026-02-07 02:15:00,STATION_002,27.64
2026-02-07 02:30:00,STATION_002,28.18
2026-02-07 02:45:00,STATION_002,28.09
2026-02-07 03:00:00,STATION_002,27.32
2026-02-07 03:15:00,STATION_002,29.29
2026-02-07 03:30:00,STATION_002,30.46
2026-02-07 03:45:00,STATION_002,29.93
2026-02-07 04:00:00,STATION_002,29.78
2026-02-07 04:15:00,STATION_002,28.64
2026-02-07 04:30:00,STATION_002,31.61
2026-02-07 04:45:00,STATION_002,32.13
2026-02-07 05:00:00,STATION_002,32.71
2026-02-07 05:15:00,STATION_002,34.84
2026-02-07 05:30:00,STATION_002,36.7
2026-02-07 05:45:00,STATION_002,37.89
2026-02-07 06:00:00,STATION_002,37.04
2026-02-07 06:15:00,STATION_002,38.24
2026-02-07 06:30:00,STATION_002,38.46
2026-02-07 06:45:00,STATION_002,42.14
2026-02-07 07:00:00,STATION_002,40.39
2026-02-07 07:15:00,STATION_002,40.5
2026-02-07 07:30:00,STATION_002,43.36
2026-02-07 07:45:00,STATION_002,43.31
2026-02-07 08:00:00,STATION_002,45.8
2026-02-07 08:15:00,STATION_002,46.22
2026-02-07 08:30:00,STATION_002,49.46
2026-02-07 08:45:00,STATION_002,53.06
2026-02-07 09:00:00,STATION_002,51.19
2026-02-07 09:15:00,STATION_002,55.15
2026-02-07 09:30:00,STATION_002,55.55
2026-02-07 09:45:00,STATION_002,55.79
2026-02-07 10:00:00,STATION_002,53.28
2026-02-07 10:15:00,STATION_002,57.01
2026-02-07 10:30:00,STATION_002,57.17
2026-02-07 10:45:00,STATION_002,58.51
2026-02-07 11:00:00,STATION_002,63.3
2026-02-07 11:15:00,STATION_002,61.31
2026-02-07 11:30:00,STATION_002,67.52
2026-02-07 11:45:00,STATION_002,72.0
2026-02-07 12:00:00,STATION_002,73.05
2026-02-07 12:15:00,STATION_002,76.3
2026-02-07 12:30:00,STATION_002,78.1
2026-02-07 12:45:00,STATION_002,83.77
2026-02-07 13:00:00,STATION_002,85.22
2026-02-07 13:15:00,STATION_002,92.13
2026-02-07 13:30:00,STATION_002,5.0
2026-02-07 13:45:00,STATION_002,8.81
2026-02-07 14:00:00,STATION_002,13.68
2026-02-07 14:15:00,STATION_002,16.65
2026-02-07 14:30:00,STATION_002,17.48
2026-02-07 14:45:00,STATION_002,17.66
2026-02-07 15:00:00,STATION_002,16.01
2026-02-07 15:15:00,STATION_002,16.16
2026-02-07 15:30:00,STATION_002,18.27
2026-02-07 15:45:00,STATION_002,20.6
2026-02-07 16:00:00,STATION_002,19.02
2026-02-07 16:15:00,STATION_002,21.57
2026-02-07 16:30:00,STATION_002,25.19
2026-02-07 16:45:00,STATION_002,24.46
2026-02-07 17:00:00,STATION_002,23.47
2026-02-07 17:15:00,STATION_002,20.86
2026-02-07 17:30:00,STATION_002,17.87
2026-02-07 17:45:00,STATION_002,20.7
2026-02-07 18:00:00,STATION_002,22.37
2026-02-07 18:15:00,STATION_002,24.3
2026-02-07 18:30:00,STATION_002,26.72
2026-02-07 18:45:00,STATION_002,29.28
2026-02-07 19:00:00,STATION_002,27.91
2026-02-07 19:15:00,STATION_002,30.62
2026-02-07 19:30:00,STATION_002,28.22
2026-02-07 19:45:00,STATION_002,27.1
2026-02-07 20:00:00,STATION_002,25.67
2026-02-07 20:15:00,STATION_002,27.14
2026-02-07 20:30:00,STATION_002,27.06
2026-02-07 20:45:00,STATION_002,27.86
2026-02-07 21:00:00,STATION_002,29.63
2026-02-07 21:15:00,STATION_002,28.98
2026-02-07 21:30:00,STATION_002,29.1
2026-02-07 21:45:00,STATION_002,26.91
2026-02-07 22:00:00,STATION_002,29.38
2026-02-07 22:15:00,STATION_002,26.75
2026-02-07 22:30:00,STATION_002,30.58
2026-02-07 22:45:00,STATION_002,30.41
2026-02-07 23:00:00,STATION_002,31.05
2026-02-07 23:15:00,STATION_002,31.1
2026-02-07 23:30:00,STATION_002,33.71
2026-02-07 23:45:00,STATION_002,34.02
2026-02-08 00:00:00,STATION_002,37.38
2026-02-08 00:15:00,STATION_002,35.49
2026-02-08 00:30:00,STATION_002,34.24
2026-02-08 00:45:00,STATION_002,37.35
2026-02-08 01:00:00,STATION_002,37.13
2026-02-08 01:15:00,STATION_002,37.1
2026-02-08 01:30:00,STATION_002,38.37
2026-02-08 01:45:00,STATION_002,38.87
2026-02-08 02:00:00,STATION_002,43.72
2026-02-08 02:15:00,STATION_002,42.28
2026-02-08 02:30:00,STATION_002,44.91
2026-02-08 02:45:00,STATION_002,47.73
2026-02-08 03:00:00,STATION_002,47.08
2026-02-08 03:15:00,STATION_002,45.72
2026-02-08 03:30:00,STATION_002,46.97
2026-02-08 03:45:00,STATION_002,47.02
2026-02-08 04:00:00,STATION_002,49.58
2026-02-08 04:15:00,STATION_002,50.22
2026-02-08 04:30:00,STATION_002,50.23
2026-02-08 04:45:00,STATION_002,48.61
2026-02-08 05:00:00,STATION_002,49.98
2026-02-08 05:15:00,STATION_002,46.27
2026-02-08 05:30:00,STATION_002,44.43
2026-02-08 05:45:00,STATION_002,44.66
2026-02-08 06:00:00,STATION_002,44.49
2026-02-08 06:15:00,STATION_002,46.7
2026-02-08 06:30:00,STATION_002,48.1
2026-02-08 06:45:00,STATION_002,46.8
2026-02-08 07:00:00,STATION_002,45.79
2026-02-08 07:15:00,STATION_002,43.53
2026-02-08 07:30:00,STATION_002,43.72
2026-02-08 07:45:00,STATION_002,48.3
2026-02-08 08:00:00,STATION_002,52.0
2026-02-08 08:15:00,STATION_002,53.74
2026-02-08 08:30:00,STATION_002,56.05
2026-02-08 08:45:00,STATION_002,56.67
2026-02-08 09:00:00,STATION_002,59.37
2026-02-08 09:15:00,STATION_002,58.62
2026-02-08 09:30:00,STATION_002,60.49
2026-02-08 09:45:00,STATION_002,61.95
2026-02-08 10:00:00,STATION_002,63.46
2026-02-08 10:15:00,STATION_002,65.17
2026-02-08 10:30:00,STATION_002,66.2
2026-02-08 10:45:00,STATION_002,67.85
2026-02-08 11:00:00,STATION_002,67.46
2026-02-08 11:15:00,STATION_002,73.75
2026-02-08 11:30:00,STATION_002,77.21
2026-02-08 11:45:00,STATION_002,83.49
2026-02-08 12:00:00,STATION_002,88.61
2026-02-08 12:15:00,STATION_002,90.67
2026-02-08 12:30:00,STATION_002,91.79
2026-02-08 12:45:00,STATION_002,92.63
2026-02-08 13:00:00,STATION_002,93.93
2026-02-08 13:15:00,STATION_002,94.07
2026-02-08 13:30:00,STATION_002,94.38
2026-02-08 13:45:00,STATION_002,5.0
2026-02-08 14:00:00,STATION_002,9.26
2026-02-08 14:15:00,STATION_002,11.49
2026-02-08 14:30:00,STATION_002,14.92
2026-02-08 14:45:00,STATION_002,17.63
2026-02-08 15:00:00,STATION_002,19.43
2026-02-08 15:15:00,STATION_002,20.01
2026-02-08 15:30:00,STATION_002,22.41
2026-02-08 15:45:00,STATION_002,19.77
2026-02-08 16:00:00,STATION_002,21.39
2026-02-08 16:15:00,STATION_002,19.19
2026-02-08 16:30:00,STATION_002,16.27
2026-02-08 16:45:00,STATION_002,13.66
2026-02-08 17:00:00,STATION_002,11.22
2026-02-08 17:15:00,STATION_002,13.03
2026-02-08 17:30:00,STATION_002,13.04
2026-02-08 17:45:00,STATION_002,17.69
2026-02-08 18:00:00,STATION_002,18.99
2026-02-08 18:15:00,STATION_002,18.55
2026-02-08 18:30:00,STATION_002,20.5
2026-02-08 18:45:00,STATION_002,19.06
2026-02-08 19:00:00,STATION_002,22.19
2026-02-08 19:15:00,STATION_002,25.23
2026-02-08 19:30:00,STATION_002,28.35
2026-02-08 19:45:00,STATION_002,29.78
2026-02-08 20:00:00,STATION_002,29.41
2026-02-08 20:15:00,STATION_002,29.5
2026-02-08 20:30:00,STATION_002,28.94
2026-02-08 20:45:00,STATION_002,29.35
2026-02-08 21:00:00,STATION_002,31.97
2026-02-08 21:15:00,STATION_002,33.12
2026-02-08 21:30:00,STATION_002,36.71
2026-02-08 21:45:00,STATION_002,39.92
2026-02-08 22:00:00,STATION_002,42.59
2026-02-08 22:15:00,STATION_002,41.21
2026-02-08 22:30:00,STATION_002,43.83
2026-02-08 22:45:00,STATION_002,43.62
2026-02-08 23:00:00,STATION_002,45.42
2026-02-08 23:15:00,STATION_002,46.36
2026-02-08 23:30:00,STATION_002,44.9
2026-02-08 23:45:00,STATION_002,44.02
2026-02-09 00:00:00,STATION_002,45.12
2026-02-09 00:15:00,STATION_002,45.03
2026-02-09 00:30:00,STATION_002,43.97
2026-02-09 00:45:00,STATION_002,47.12
2026-02-09 01:00:00,STATION_002,45.64
2026-02-09 01:15:00,STATION_002,42.93
2026-02-09 01:30:00,STATION_002,45.37
2026-02-09 01:45:00,STATION_002,43.01
2026-02-09 02:00:00,STATION_002,42.37
2026-02-09 02:15:00,STATION_002,40.01
2026-02-09 02:30:00,STATION_002,41.73
2026-02-09 02:45:00,STATION_002,41.94
2026-02-09 03:00:00,STATION_002,44.48
2026-02-09 03:15:00,STATION_002,48.33
2026-02-09 03:30:00,STATION_002,45.13
2026-02-09 03:45:00,STATION_002,45.26
2026-02-09 04:00:00,STATION_002,43.14
2026-02-09 04:15:00,STATION_002,45.45
2026-02-09 04:30:00,STATION_002,44.89
2026-02-09 04:45:00,STATION_002,42.57
2026-02-09 05:00:00,STATION_002,42.13
2026-02-09 05:15:00,STATION_002,45.13
2026-02-09 05:30:00,STATION_002,43.63
2026-02-09 05:45:00,STATION_002,43.72
2026-02-09 06:00:00,STATION_002,42.06
2026-02-09 06:15:00,STATION_002,44.79
2026-02-09 06:30:00,STATION_002,42.94
2026-02-09 06:45:00,STATION_002,46.01
2026-02-09 07:00:00,STATION_002,47.71
2026-02-09 07:15:00,STATION_002,52.5
2026-02-09 07:30:00,STATION_002,50.47
2026-02-09 07:45:00,STATION_002,51.85
2026-02-09 08:00:00,STATION_002,48.36
2026-02-09 08:15:00,STATION_002,44.9
2026-02-09 08:30:00,STATION_002,46.7
2026-02-09 08:45:00,STATION_002,44.62
2026-02-09 09:00:00,STATION_002,44.39
2026-02-09 09:15:00,STATION_002,46.85
2026-02-09 09:30:00,STATION_002,49.32
2026-02-09 09:45:00,STATION_002,49.88
2026-02-09 10:00:00,STATION_002,51.39
2026-02-09 10:15:00,STATION_002,56.35
2026-02-09 10:30:00,STATION_002,57.63
2026-02-09 10:45:00,STATION_002,59.78
2026-02-09 11:00:00,STATION_002,60.82
2026-02-09 11:15:00,STATION_002,58.97
2026-02-09 11:30:00,STATION_002,57.34
2026-02-09 11:45:00,STATION_002,57.08
2026-02-09 12:00:00,STATION_002,63.98
2026-02-09 12:15:00,STATION_002,72.1
2026-02-09 12:30:00,STATION_002,77.14
2026-02-09 12:45:00,STATION_002,78.29
2026-02-09 13:00:00,STATION_002,80.64
2026-02-09 13:15:00,STATION_002,82.7
2026-02-09 13:30:00,STATION_002,84.08
2026-02-09 13:45:00,STATION_002,86.46
2026-02-09 14:00:00,STATION_002,89.28
2026-02-09 14:15:00,STATION_002,88.26
2026-02-09 14:30:00,STATION_002,89.51
2026-02-09 14:45:00,STATION_002,90.39
2026-02-09 15:00:00,STATION_002,90.34
2026-02-09 15:15:00,STATION_002,89.24
2026-02-09 15:30:00,STATION_002,90.76
2026-02-09 15:45:00,STATION_002,90.61
2026-02-09 16:00:00,STATION_002,92.29
2026-02-09 16:15:00,STATION_002,93.13
2026-02-09 16:30:00,STATION_002,92.27
2026-02-09 16:45:00,STATION_002,5.0
2026-02-09 17:00:00,STATION_002,1.6
2026-02-09 17:15:00,STATION_002,1.79
2026-02-09 17:30:00,STATION_002,0.0
2026-02-09 17:45:00,STATION_002,3.22
2026-02-09 18:00:00,STATION_002,6.03
2026-02-09 18:15:00,STATION_002,8.57
2026-02-09 18:30:00,STATION_002,8.48
2026-02-09 18:45:00,STATION_002,11.24
2026-02-09 19:00:00,STATION_002,14.83
2026-02-09 19:15:00,STATION_002,18.77
2026-02-09 19:30:00,STATION_002,20.79
2026-02-09 19:45:00,STATION_002,25.34
2026-02-09 20:00:00,STATION_002,27.45
2026-02-09 20:15:00,STATION_002,31.12
2026-02-09 20:30:00,STATION_002,35.46
2026-02-09 20:45:00,STATION_002,37.08
2026-02-09 21:00:00,STATION_002,39.09
2026-02-09 21:15:00,STATION_002,38.79
2026-02-09 21:30:00,STATION_002,42.37
2026-02-09 21:45:00,STATION_002,43.58
2026-02-09 22:00:00,STATION_002,45.21
2026-02-09 22:15:00,STATION_002,45.71
2026-02-09 22:30:00,STATION_002,44.8
2026-02-09 22:45:00,STATION_002,43.79
2026-02-09 23:00:00,STATION_002,46.93
2026-02-09 23:15:00,STATION_002,43.39
2026-02-09 23:30:00,STATION_002,45.04
2026-02-09 23:45:00,STATION_002,45.12
2026-02-10 00:00:00,STATION_002,45.69
2026-02-10 00:15:00,STATION_002,48.01
2026-02-10 00:30:00,STATION_002,47.99
2026-02-10 00:45:00,STATION_002,48.42
2026-02-10 01:00:00,STATION_002,47.9
2026-02-10 01:15:00,STATION_002,50.79
2026-02-10 01:30:00,STATION_002,54.15
2026-02-10 01:45:00,STATION_002,55.44
2026-02-10 02:00:00,STATION_002,53.88
2026-02-10 02:15:00,STATION_002,56.43
2026-02-10 02:30:00,STATION_002,55.1
2026-02-10 02:45:00,STATION_002,54.78
2026-02-10 03:00:00,STATION_002,56.61
2026-02-10 03:15:00,STATION_002,53.44
2026-02-10 03:30:00,STATION_002,54.2
2026-02-10 03:45:00,STATION_002,56.67
2026-02-10 04:00:00,STATION_002,56.42
2026-02-10 04:15:00,STATION_002,57.3
2026-02-10 04:30:00,STATION_002,56.37
2026-02-10 04:45:00,STATION_002,57.78
2026-02-10 05:00:00,STATION_002,63.88
2026-02-10 05:15:00,STATION_002,64.44
2026-02-10 05:30:00,STATION_002,66.33
2026-02-10 05:45:00,STATION_002,66.7
2026-02-10 06:00:00,STATION_002,69.84
2026-02-10 06:15:00,STATION_002,72.11
2026-02-10 06:30:00,STATION_002,75.32
2026-02-10 06:45:00,STATION_002,73.03
2026-02-10 07:00:00,STATION_002,73.98
2026-02-10 07:15:00,STATION_002,73.11
2026-02-10 07:30:00,STATION_002,77.72
2026-02-10 07:45:00,STATION_002,80.28
2026-02-10 08:00:00,STATION_002,81.21
2026-02-10 08:15:00,STATION_002,83.46
2026-02-10 08:30:00,STATION_002,83.02
2026-02-10 08:45:00,STATION_002,83.54
2026-02-10 09:00:00,STATION_002,85.52
2026-02-10 09:15:00,STATION_002,87.36
2026-02-10 09:30:00,STATION_002,89.63
2026-02-10 09:45:00,STATION_002,88.79
2026-02-10 10:00:00,STATION_002,92.37
2026-02-10 10:15:00,STATION_002,91.0
2026-02-10 10:30:00,STATION_002,92.64
2026-02-10 10:45:00,STATION_002,91.48
2026-02-10 11:00:00,STATION_002,90.62
2026-02-10 11:15:00,STATION_002,92.54
2026-02-10 11:30:00,STATION_002,92.16
2026-02-10 11:45:00,STATION_002,93.95
2026-02-10 12:00:00,STATION_002,5.0
2026-02-10 12:15:00,STATION_002,10.73
2026-02-10 12:30:00,STATION_002,14.11
2026-02-10 12:45:00,STATION_002,16.7
2026-02-10 13:00:00,STATION_002,21.99
2026-02-10 13:15:00,STATION_002,28.98
2026-02-10 13:30:00,STATION_002,33.7
2026-02-10 13:45:00,STATION_002,36.74
2026-02-10 14:00:00,STATION_002,42.06
2026-02-10 14:15:00,STATION_002,44.97
2026-02-10 14:30:00,STATION_002,46.35
2026-02-10 14:45:00,STATION_002,46.51
2026-02-10 15:00:00,STATION_002,43.28
2026-02-10 15:15:00,STATION_002,45.41
2026-02-10 15:30:00,STATION_002,45.39
2026-02-10 15:45:00,STATION_002,45.7
2026-02-10 16:00:00,STATION_002,49.54
2026-02-10 16:15:00,STATION_002,50.26
2026-02-10 16:30:00,STATION_002,50.37
2026-02-10 16:45:00,STATION_002,48.96
2026-02-10 17:00:00,STATION_002,54.71
2026-02-10 17:15:00,STATION_002,54.65
2026-02-10 17:30:00,STATION_002,54.87
2026-02-10 17:45:00,STATION_002,54.74
2026-02-10 18:00:00,STATION_002,59.15
2026-02-10 18:15:00,STATION_002,62.95
2026-02-10 18:30:00,STATION_002,68.62
2026-02-10 18:45:00,STATION_002,73.78
2026-02-10 19:00:00,STATION_002,77.51
2026-02-10 19:15:00,STATION_002,82.05
2026-02-10 19:30:00,STATION_002,87.22
2026-02-10 19:45:00,STATION_002,89.25
2026-02-10 20:00:00,STATION_002,92.89
2026-02-10 20:15:00,STATION_002,93.01
2026-02-10 20:30:00,STATION_002,5.0
2026-02-10 20:45:00,STATION_002,7.85
2026-02-10 21:00:00,STATION_002,7.22
2026-02-10 21:15:00,STATION_002,8.34
2026-02-10 21:30:00,STATION_002,5.12
2026-02-10 21:45:00,STATION_002,8.08
2026-02-10 22:00:00,STATION_002,9.64
2026-02-10 22:15:00,STATION_002,11.74
2026-02-10 22:30:00,STATION_002,12.73
2026-02-10 22:45:00,STATION_002,11.36
2026-02-10 23:00:00,STATION_002,13.46
2026-02-10 23:15:00,STATION_002,12.52
2026-02-10 23:30:00,STATION_002,10.09
2026-02-10 23:45:00,STATION_002,14.33
2026-02-11 00:00:00,STATION_002,14.15
2026-02-11 00:15:00,STATION_002,15.23
2026-02-11 00:30:00,STATION_002,14.76
2026-02-11 00:45:00,STATION_002,14.63
2026-02-11 01:00:00,STATION_002,14.67
2026-02-11 01:15:00,STATION_002,16.61
2026-02-11 01:30:00,STATION_002,16.92
2026-02-11 01:45:00,STATION_002,14.25
2026-02-11 02:00:00,STATION_002,16.91
2026-02-11 02:15:00,STATION_002,16.82
2026-02-11 02:30:00,STATION_002,16.99
2026-02-11 02:45:00,STATION_002,22.66
2026-02-11 03:00:00,STATION_002,23.56
2026-02-11 03:15:00,STATION_002,24.45
2026-02-11 03:30:00,STATION_002,28.23
2026-02-11 03:45:00,STATION_002,27.42
2026-02-11 04:00:00,STATION_002,32.42
2026-02-11 04:15:00,STATION_002,29.6
2026-02-11 04:30:00,STATION_002,32.28
2026-02-11 04:45:00,STATION_002,34.92
2026-02-11 05:00:00,STATION_002,34.86
2026-02-11 05:15:00,STATION_002,34.26
2026-02-11 05:30:00,STATION_002,34.78
2026-02-11 05:45:00,STATION_002,33.51
2026-02-11 06:00:00,STATION_002,32.65
2026-02-11 06:15:00,STATION_002,31.63
2026-02-11 06:30:00,STATION_002,31.26
2026-02-11 06:45:00,STATION_002,31.13
2026-02-11 07:00:00,STATION_002,33.74
2026-02-11 07:15:00,STATION_002,33.98
2026-02-11 07:30:00,STATION_002,37.16
2026-02-11 07:45:00,STATION_002,38.27
2026-02-11 08:00:00,STATION_002,38.71
2026-02-11 08:15:00,STATION_002,35.97
2026-02-11 08:30:00,STATION_002,37.03
2026-02-11 08:45:00,STATION_002,36.29
2026-02-11 09:00:00,STATION_002,36.65
2026-02-11 09:15:00,STATION_002,38.9
2026-02-11 09:30:00,STATION_002,38.64
2026-02-11 09:45:00,STATION_002,40.63
2026-02-11 10:00:00,STATION_002,41.88
2026-02-11 10:15:00,STATION_002,44.1
2026-02-11 10:30:00,STATION_002,42.64
2026-02-11 10:45:00,STATION_002,44.96
2026-02-11 11:00:00,STATION_002,45.29
2026-02-11 11:15:00,STATION_002,50.84
2026-02-11 11:30:00,STATION_002,49.94
2026-02-11 11:45:00,STATION_002,48.6
2026-02-11 12:00:00,STATION_002,54.3
2026-02-11 12:15:00,STATION_002,58.29
2026-02-11 12:30:00,STATION_002,63.68
2026-02-11 12:45:00,STATION_002,67.27
2026-02-11 13:00:00,STATION_002,69.26
2026-02-11 13:15:00,STATION_002,72.37
2026-02-11 13:30:00,STATION_002,75.61
2026-02-11 13:45:00,STATION_002,80.19
2026-02-11 14:00:00,STATION_002,81.06
2026-02-11 14:15:00,STATION_002,80.02
2026-02-11 14:30:00,STATION_002,84.39
2026-02-11 14:45:00,STATION_002,85.91
2026-02-11 15:00:00,STATION_002,86.5
2026-02-11 15:15:00,STATION_002,88.58
2026-02-11 15:30:00,STATION_002,88.52
2026-02-11 15:45:00,STATION_002,88.87
2026-02-11 16:00:00,STATION_002,88.29
2026-02-11 16:15:00,STATION_002,89.57
2026-02-11 16:30:00,STATION_002,93.11
2026-02-11 16:45:00,STATION_002,5.0
2026-02-11 17:00:00,STATION_002,3.22
2026-02-11 17:15:00,STATION_002,4.82
2026-02-11 17:30:00,STATION_002,11.44
2026-02-11 17:45:00,STATION_002,10.4
2026-02-11 18:00:00,STATION_002,12.59
2026-02-11 18:15:00,STATION_002,14.68
2026-02-11 18:30:00,STATION_002,21.04
2026-02-11 18:45:00,STATION_002,27.06
2026-02-11 19:00:00,STATION_002,33.76
2026-02-11 19:15:00,STATION_002,33.25
2026-02-11 19:30:00,STATION_002,35.15
2026-02-11 19:45:00,STATION_002,39.81
2026-02-11 20:00:00,STATION_002,42.0
2026-02-11 20:15:00,STATION_002,46.25
2026-02-11 20:30:00,STATION_002,48.91
2026-02-11 20:45:00,STATION_002,52.98
2026-02-11 21:00:00,STATION_002,55.16
2026-02-11 21:15:00,STATION_002,57.8
2026-02-11 21:30:00,STATION_002,60.5
2026-02-11 21:45:00,STATION_002,60.0
2026-02-11 22:00:00,STATION_002,62.28
2026-02-11 22:15:00,STATION_002,59.27
2026-02-11 22:30:00,STATION_002,57.0
2026-02-11 22:45:00,STATION_002,60.67
2026-02-11 23:00:00,STATION_002,63.88
2026-02-11 23:15:00,STATION_002,63.12
2026-02-11 23:30:00,STATION_002,62.25
2026-02-11 23:45:00,STATION_002,62.05
2026-02-12 00:00:00,STATION_002,64.47
2026-02-12 00:15:00,STATION_002,63.33
2026-02-12 00:30:00,STATION_002,66.48
2026-02-12 00:45:00,STATION_002,72.42
2026-02-12 01:00:00,STATION_002,71.11
2026-02-12 01:15:00,STATION_002,71.6
2026-02-12 01:30:00,STATION_002,72.19
2026-02-12 01:45:00,STATION_002,75.68
2026-02-12 02:00:00,STATION_002,76.38
2026-02-12 02:15:00,STATION_002,77.92
2026-02-12 02:30:00,STATION_002,73.17
2026-02-12 02:45:00,STATION_002,73.2
2026-02-12 03:00:00,STATION_002,72.83
2026-02-12 03:15:00,STATION_002,73.96
2026-02-12 03:30:00,STATION_002,74.46
2026-02-12 03:45:00,STATION_002,72.85
2026-02-12 04:00:00,STATION_002,73.94
2026-02-12 04:15:00,STATION_002,74.21
2026-02-12 04:30:00,STATION_002,75.55
2026-02-12 04:45:00,STATION_002,77.26
2026-02-12 05:00:00,STATION_002,78.76
2026-02-12 05:15:00,STATION_002,83.97
2026-02-12 05:30:00,STATION_002,83.64
2026-02-12 05:45:00,STATION_002,84.34
2026-02-12 06:00:00,STATION_002,86.64
2026-02-12 06:15:00,STATION_002,87.98
2026-02-12 06:30:00,STATION_002,91.52
2026-02-12 06:45:00,STATION_002,92.44
2026-02-12 07:00:00,STATION_002,5.0
2026-02-12 07:15:00,STATION_002,7.26
2026-02-12 07:30:00,STATION_002,7.96
2026-02-12 07:45:00,STATION_002,7.15
2026-02-12 08:00:00,STATION_002,7.5
2026-02-12 08:15:00,STATION_002,6.7
2026-02-12 08:30:00,STATION_002,5.8
2026-02-12 08:45:00,STATION_002,5.98
2026-02-12 09:00:00,STATION_002,6.92
2026-02-12 09:15:00,STATION_002,6.8
2026-02-12 09:30:00,STATION_002,8.49
2026-02-12 09:45:00,STATION_002,9.27
2026-02-12 10:00:00,STATION_002,10.87
2026-02-12 10:15:00,STATION_002,11.18
2026-02-12 10:30:00,STATION_002,8.67
2026-02-12 10:45:00,STATION_002,11.65
2026-02-12 11:00:00,STATION_002,14.89
2026-02-12 11:15:00,STATION_002,15.3
2026-02-12 11:30:00,STATION_002,15.26
2026-02-12 11:45:00,STATION_002,17.19
2026-02-12 12:00:00,STATION_002,20.7
2026-02-12 12:15:00,STATION_002,26.3
2026-02-12 12:30:00,STATION_002,30.58
2026-02-12 12:45:00,STATION_002,32.99
2026-02-12 13:00:00,STATION_002,37.04
2026-02-12 13:15:00,STATION_002,39.24
2026-02-12 13:30:00,STATION_002,43.7
2026-02-12 13:45:00,STATION_002,46.14
2026-02-12 14:00:00,STATION_002,44.85
2026-02-12 14:15:00,STATION_002,47.84
2026-02-12 14:30:00,STATION_002,46.59
2026-02-12 14:45:00,STATION_002,45.8
2026-02-12 15:00:00,STATION_002,46.95
2026-02-12 15:15:00,STATION_002,45.7
2026-02-12 15:30:00,STATION_002,45.63
2026-02-12 15:45:00,STATION_002,46.12
2026-02-12 16:00:00,STATION_002,46.77
2026-02-12 16:15:00,STATION_002,47.3
2026-02-12 16:30:00,STATION_002,46.0
2026-02-12 16:45:00,STATION_002,49.21
2026-02-12 17:00:00,STATION_002,52.46
2026-02-12 17:15:00,STATION_002,53.62
2026-02-12 17:30:00,STATION_002,53.55
2026-02-12 17:45:00,STATION_002,52.99
2026-02-12 18:00:00,STATION_002,56.08
2026-02-12 18:15:00,STATION_002,57.75
2026-02-12 18:30:00,STATION_002,62.86
2026-02-12 18:45:00,STATION_002,63.66
2026-02-12 19:00:00,STATION_002,67.02
2026-02-12 19:15:00,STATION_002,68.63
2026-02-12 19:30:00,STATION_002,73.08
2026-02-12 19:45:00,STATION_002,75.81
2026-02-12 20:00:00,STATION_002,79.71
2026-02-12 20:15:00,STATION_002,81.04
2026-02-12 20:30:00,STATION_002,82.32
2026-02-12 20:45:00,STATION_002,87.45
2026-02-12 21:00:00,STATION_002,87.35
2026-02-12 21:15:00,STATION_002,87.26
2026-02-12 21:30:00,STATION_002,84.16
2026-02-12 21:45:00,STATION_002,84.09
2026-02-12 22:00:00,STATION_002,85.25
2026-02-12 22:15:00,STATION_002,88.56
2026-02-12 22:30:00,STATION_002,88.97
2026-02-12 22:45:00,STATION_002,89.03
2026-02-12 23:00:00,STATION_002,92.01
2026-02-12 23:15:00,STATION_002,93.46
2026-02-12 23:30:00,STATION_002,92.19
2026-02-12 23:45:00,STATION_002,88.81
2026-02-13 00:00:00,STATION_002,89.61
2026-02-13 00:15:00,STATION_002,88.77
2026-02-13 00:30:00,STATION_002,87.53
2026-02-13 00:45:00,STATION_002,88.76
2026-02-13 01:00:00,STATION_002,90.86
2026-02-13 01:15:00,STATION_002,89.77
2026-02-13 01:30:00,STATION_002,87.8
2026-02-13 01:45:00,STATION_002,84.17
2026-02-13 02:00:00,STATION_002,82.35
2026-02-13 02:15:00,STATION_002,78.85
2026-02-13 02:30:00,STATION_002,78.33
2026-02-13 02:45:00,STATION_002,82.33
2026-02-13 03:00:00,STATION_002,81.66
2026-02-13 03:15:00,STATION_002,84.63
2026-02-13 03:30:00,STATION_002,84.93
2026-02-13 03:45:00,STATION_002,84.9
2026-02-13 04:00:00,STATION_002,82.86
2026-02-13 04:15:00,STATION_002,82.29
2026-02-13 04:30:00,STATION_002,85.08
2026-02-13 04:45:00,STATION_002,84.95
2026-02-13 05:00:00,STATION_002,88.22
2026-02-13 05:15:00,STATION_002,90.26
2026-02-13 05:30:00,STATION_002,91.77
2026-02-13 05:45:00,STATION_002,94.28
2026-02-13 06:00:00,STATION_002,90.82
2026-02-13 06:15:00,STATION_002,90.5
2026-02-13 06:30:00,STATION_002,91.31
2026-02-13 06:45:00,STATION_002,92.4
2026-02-13 07:00:00,STATION_002,5.0
2026-02-13 07:15:00,STATION_002,1.53
2026-02-13 07:30:00,STATION_002,1.72
2026-02-13 07:45:00,STATION_002,1.94
2026-02-13 08:00:00,STATION_002,4.53
2026-02-13 08:15:00,STATION_002,4.34
2026-02-13 08:30:00,STATION_002,6.06
2026-02-13 08:45:00,STATION_002,6.33
2026-02-13 09:00:00,STATION_002,7.88
2026-02-13 09:15:00,STATION_002,7.69
2026-02-13 09:30:00,STATION_002,8.19
2026-02-13 09:45:00,STATION_002,7.63
2026-02-13 10:00:00,STATION_002,6.32
2026-02-13 10:15:00,STATION_002,10.76
2026-02-13 10:30:00,STATION_002,11.66
2026-02-13 10:45:00,STATION_002,8.01
2026-02-13 11:00:00,STATION_002,8.35
2026-02-13 11:15:00,STATION_002,11.11
2026-02-13 11:30:00,STATION_002,11.62
2026-02-13 11:45:00,STATION_002,8.75
2026-02-13 12:00:00,STATION_002,12.99
2026-02-13 12:15:00,STATION_002,14.75
2026-02-13 12:30:00,STATION_002,17.02
2026-02-13 12:45:00,STATION_002,21.82
2026-02-13 13:00:00,STATION_002,25.22
2026-02-13 13:15:00,STATION_002,28.82
2026-02-13 13:30:00,STATION_002,32.31
2026-02-13 13:45:00,STATION_002,35.52
2026-02-13 14:00:00,STATION_002,34.31
2026-02-13 14:15:00,STATION_002,36.3
2026-02-13 14:30:00,STATION_002,35.03
2026-02-13 14:45:00,STATION_002,38.47
2026-02-13 15:00:00,STATION_002,39.09
2026-02-13 15:15:00,STATION_002,40.16
2026-02-13 15:30:00,STATION_002,34.95
2026-02-13 15:45:00,STATION_002,34.26
2026-02-13 16:00:00,STATION_002,36.29
2026-02-13 16:15:00,STATION_002,35.4
2026-02-13 16:30:00,STATION_002,39.24
2026-02-13 16:45:00,STATION_002,41.0
2026-02-13 17:00:00,STATION_002,38.32
2026-02-13 17:15:00,STATION_002,39.49
2026-02-13 17:30:00,STATION_002,39.2
2026-02-13 17:45:00,STATION_002,35.71
2026-02-13 18:00:00,STATION_002,35.51
2026-02-13 18:15:00,STATION_002,42.84
2026-02-13 18:30:00,STATION_002,39.16
2026-02-13 18:45:00,STATION_002,44.01
2026-02-13 19:00:00,STATION_002,45.67
2026-02-13 19:15:00,STATION_002,49.83
2026-02-13 19:30:00,STATION_002,51.91
2026-02-13 19:45:00,STATION_002,55.71
2026-02-13 20:00:00,STATION_002,59.65
2026-02-13 20:15:00,STATION_002,60.74
2026-02-13 20:30:00,STATION_002,63.64
2026-02-13 20:45:00,STATION_002,66.15
2026-02-13 21:00:00,STATION_002,68.79
2026-02-13 21:15:00,STATION_002,68.96
2026-02-13 21:30:00,STATION_002,69.56
2026-02-13 21:45:00,STATION_002,70.4
2026-02-13 22:00:00,STATION_002,70.93
2026-02-13 22:15:00,STATION_002,72.29
2026-02-13 22:30:00,STATION_002,72.0
2026-02-13 22:45:00,STATION_002,73.23
2026-02-13 23:00:00,STATION_002,74.87
2026-02-13 23:15:00,STATION_002,76.29
2026-02-13 23:30:00,STATION_002,78.92
2026-02-13 23:45:00,STATION_002,78.34
2026-02-14 00:00:00,STATION_002,79.72
2026-02-14 00:15:00,STATION_002,80.72
2026-02-14 00:30:00,STATION_002,81.58
2026-02-14 00:45:00,STATION_002,82.32
2026-02-14 01:00:00,STATION_002,84.28
2026-02-14 01:15:00,STATION_002,84.02
2026-02-14 01:30:00,STATION_002,79.56
2026-02-14 01:45:00,STATION_002,80.93
2026-02-14 02:00:00,STATION_002,79.44
2026-02-14 02:15:00,STATION_002,80.56
2026-02-14 02:30:00,STATION_002,78.88
2026-02-14 02:45:00,STATION_002,78.22
2026-02-14 03:00:00,STATION_002,79.73
2026-02-14 03:15:00,STATION_002,80.42
2026-02-14 03:30:00,STATION_002,81.61
2026-02-14 03:45:00,STATION_002,83.32
2026-02-14 04:00:00,STATION_002,79.97
2026-02-14 04:15:00,STATION_002,80.9
2026-02-14 04:30:00,STATION_002,78.75
2026-02-14 04:45:00,STATION_002,80.04
2026-02-14 05:00:00,STATION_002,79.62
2026-02-14 05:15:00,STATION_002,79.5
2026-02-14 05:30:00,STATION_002,79.41
2026-02-14 05:45:00,STATION_002,78.59
2026-02-14 06:00:00,STATION_002,75.51
2026-02-14 06:15:00,STATION_002,79.0
2026-02-14 06:30:00,STATION_002,75.06
2026-02-14 06:45:00,STATION_002,76.23
2026-02-14 07:00:00,STATION_002,73.71
2026-02-14 07:15:00,STATION_002,72.95
2026-02-14 07:30:00,STATION_002,77.0
2026-02-14 07:45:00,STATION_002,75.72
2026-02-14 08:00:00,STATION_002,75.6
2026-02-14 08:15:00,STATION_002,80.01
2026-02-14 08:30:00,STATION_002,83.34
2026-02-14 08:45:00,STATION_002,87.25
2026-02-14 09:00:00,STATION_002,87.39
2026-02-14 09:15:00,STATION_002,89.45
2026-02-14 09:30:00,STATION_002,87.2
2026-02-14 09:45:00,STATION_002,87.22
2026-02-14 10:00:00,STATION_002,88.95
2026-02-14 10:15:00,STATION_002,92.5
2026-02-14 10:30:00,STATION_002,91.36
2026-02-14 10:45:00,STATION_002,92.84
2026-02-14 11:00:00,STATION_002,5.0
2026-02-14 11:15:00,STATION_002,8.19
2026-02-14 11:30:00,STATION_002,11.1
2026-02-14 11:45:00,STATION_002,13.11
2026-02-14 12:00:00,STATION_002,14.36
2026-02-14 12:15:00,STATION_002,19.24
2026-02-14 12:30:00,STATION_002,20.9
2026-02-14 12:45:00,STATION_002,24.99
2026-02-14 13:00:00,STATION_002,27.6
2026-02-14 13:15:00,STATION_002,30.32
2026-02-14 13:30:00,STATION_002,35.52
2026-02-14 13:45:00,STATION_002,39.52
2026-02-14 14:00:00,STATION_002,42.79
2026-02-14 14:15:00,STATION_002,46.09
2026-02-14 14:30:00,STATION_002,49.77
2026-02-14 14:45:00,STATION_002,52.79
2026-02-14 15:00:00,STATION_002,51.16
2026-02-14 15:15:00,STATION_002,54.33
2026-02-14 15:30:00,STATION_002,53.35
2026-02-14 15:45:00,STATION_002,56.12
2026-02-14 16:00:00,STATION_002,59.57
2026-02-14 16:15:00,STATION_002,61.57
2026-02-14 16:30:00,STATION_002,60.68
2026-02-14 16:45:00,STATION_002,59.37
2026-02-14 17:00:00,STATION_002,59.34
2026-02-14 17:15:00,STATION_002,60.2
2026-02-14 17:30:00,STATION_002,59.44
2026-02-14 17:45:00,STATION_002,59.67
2026-02-14 18:00:00,STATION_002,59.73
2026-02-14 18:15:00,STATION_002,57.24
2026-02-14 18:30:00,STATION_002,56.17
2026-02-14 18:45:00,STATION_002,55.31
2026-02-14 19:00:00,STATION_002,56.41
2026-02-14 19:15:00,STATION_002,58.82
2026-02-14 19:30:00,STATION_002,59.74
2026-02-14 19:45:00,STATION_002,60.85
2026-02-14 20:00:00,STATION_002,61.14
2026-02-14 20:15:00,STATION_002,63.35
2026-02-14 20:30:00,STATION_002,63.71
2026-02-14 20:45:00,STATION_002,64.43
2026-02-14 21:00:00,STATION_002,69.03
2026-02-14 21:15:00,STATION_002,66.26
2026-02-14 21:30:00,STATION_002,65.47
2026-02-14 21:45:00,STATION_002,66.65
2026-02-14 22:00:00,STATION_002,66.89
2026-02-14 22:15:00,STATION_002,64.33
2026-02-14 22:30:00,STATION_002,65.52
2026-02-14 22:45:00,STATION_002,65.56
2026-02-14 23:00:00,STATION_002,66.05
2026-02-14 23:15:00,STATION_002,65.32
2026-02-14 23:30:00,STATION_002,65.1
2026-02-14 23:45:00,STATION_002,66.89
2026-02-15 00:00:00,STATION_002,67.69
2026-02-15 00:15:00,STATION_002,68.34
2026-02-15 00:30:00,STATION_002,68.81
2026-02-15 00:45:00,STATION_002,70.34
2026-02-15 01:00:00,STATION_002,68.53
2026-02-15 01:15:00,STATION_002,68.48
2026-02-15 01:30:00,STATION_002,72.79
2026-02-15 01:45:00,STATION_002,70.35
2026-02-15 02:00:00,STATION_002,69.32
2026-02-15 02:15:00,STATION_002,70.87
2026-02-15 02:30:00,STATION_002,75.78
2026-02-15 02:45:00,STATION_002,78.24
2026-02-15 03:00:00,STATION_002,79.86
2026-02-15 03:15:00,STATION_002,80.98
2026-02-15 03:30:00,STATION_002,83.31
2026-02-15 03:45:00,STATION_002,84.34
2026-02-15 04:00:00,STATION_002,85.24
2026-02-15 04:15:00,STATION_002,85.37
2026-02-15 04:30:00,STATION_002,86.1
2026-02-15 04:45:00,STATION_002,86.02
2026-02-15 05:00:00,STATION_002,85.53
2026-02-15 05:15:00,STATION_002,88.77
2026-02-15 05:30:00,STATION_002,88.94
2026-02-15 05:45:00,STATION_002,86.27
2026-02-15 06:00:00,STATION_002,86.58
2026-02-15 06:15:00,STATION_002,85.77
2026-02-15 06:30:00,STATION_002,82.77
2026-02-15 06:45:00,STATION_002,82.35
2026-02-15 07:00:00,STATION_002,87.12
2026-02-15 07:15:00,STATION_002,86.43
2026-02-15 07:30:00,STATION_002,85.15
2026-02-15 07:45:00,STATION_002,82.69
2026-02-15 08:00:00,STATION_002,86.32
2026-02-15 08:15:00,STATION_002,85.46
2026-02-15 08:30:00,STATION_002,86.25
2026-02-15 08:45:00,STATION_002,86.27
2026-02-15 09:00:00,STATION_002,87.59
2026-02-15 09:15:00,STATION_002,88.84
2026-02-15 09:30:00,STATION_002,84.53
2026-02-15 09:45:00,STATION_002,84.75
2026-02-15 10:00:00,STATION_002,85.5
2026-02-15 10:15:00,STATION_002,82.68
2026-02-15 10:30:00,STATION_002,86.2
2026-02-15 10:45:00,STATION_002,87.58
2026-02-15 11:00:00,STATION_002,90.36
2026-02-15 11:15:00,STATION_002,93.58
2026-02-15 11:30:00,STATION_002,94.2
2026-02-15 11:45:00,STATION_002,5.0
2026-02-15 12:00:00,STATION_002,6.57
2026-02-15 12:15:00,STATION_002,6.42
2026-02-15 12:30:00,STATION_002,11.77
2026-02-15 12:45:00,STATION_002,15.65
2026-02-15 13:00:00,STATION_002,20.88
2026-02-15 13:15:00,STATION_002,26.7
2026-02-15 13:30:00,STATION_002,26.36
2026-02-15 13:45:00,STATION_002,27.08
2026-02-15 14:00:00,STATION_002,29.84
2026-02-15 14:15:00,STATION_002,34.49
2026-02-15 14:30:00,STATION_002,40.46
2026-02-15 14:45:00,STATION_002,47.86
2026-02-15 15:00:00,STATION_002,46.54
2026-02-15 15:15:00,STATION_002,49.01
2026-02-15 15:30:00,STATION_002,47.61
2026-02-15 15:45:00,STATION_002,47.42
2026-02-15 16:00:00,STATION_002,52.2
2026-02-15 16:15:00,STATION_002,54.81
2026-02-15 16:30:00,STATION_002,56.12
2026-02-15 16:45:00,STATION_002,56.93
2026-02-15 17:00:00,STATION_002,58.98
2026-02-15 17:15:00,STATION_002,60.87
2026-02-15 17:30:00,STATION_002,64.08
2026-02-15 17:45:00,STATION_002,62.55
2026-02-15 18:00:00,STATION_002,60.25
2026-02-15 18:15:00,STATION_002,63.32
2026-02-15 18:30:00,STATION_002,63.76
2026-02-15 18:45:00,STATION_002,66.78
2026-02-15 19:00:00,STATION_002,66.78
2026-02-15 19:15:00,STATION_002,64.85
2026-02-15 19:30:00,STATION_002,63.4
2026-02-15 19:45:00,STATION_002,67.46
2026-02-15 20:00:00,STATION_002,67.56
2026-02-15 20:15:00,STATION_002,67.61
2026-02-15 20:30:00,STATION_002,71.49
2026-02-15 20:45:00,STATION_002,72.11
2026-02-15 21:00:00,STATION_002,74.22
2026-02-15 21:15:00,STATION_002,72.27
2026-02-15 21:30:00,STATION_002,72.95
2026-02-15 21:45:00,STATION_002,73.56
2026-02-15 22:00:00,STATION_002,74.74
2026-02-15 22:15:00,STATION_002,73.52
2026-02-15 22:30:00,STATION_002,78.29
2026-02-15 22:45:00,STATION_002,77.4
2026-02-15 23:00:00,STATION_002,78.63
2026-02-15 23:15:00,STATION_002,81.13
2026-02-15 23:30:00,STATION_002,83.21
2026-02-15 23:45:00,STATION_002,86.8
2026-02-16 00:00:00,STATION_002,87.45
2026-02-16 00:15:00,STATION_002,87.83
2026-02-16 00:30:00,STATION_002,92.28
2026-02-16 00:45:00,STATION_002,90.63
2026-02-16 01:00:00,STATION_002,92.06
2026-02-16 01:15:00,STATION_002,93.88
2026-02-16 01:30:00,STATION_002,92.12
2026-02-16 01:45:00,STATION_002,92.17
2026-02-16 02:00:00,STATION_002,92.36
2026-02-16 02:15:00,STATION_002,91.07
2026-02-16 02:30:00,STATION_002,88.69
2026-02-16 02:45:00,STATION_002,91.78
2026-02-16 03:00:00,STATION_002,90.69
2026-02-16 03:15:00,STATION_002,91.25
2026-02-16 03:30:00,STATION_002,93.23
2026-02-16 03:45:00,STATION_002,5.0
2026-02-16 04:00:00,STATION_002,7.01
2026-02-16 04:15:00,STATION_002,5.92
2026-02-16 04:30:00,STATION_002,5.64
2026-02-16 04:45:00,STATION_002,6.18
2026-02-16 05:00:00,STATION_002,7.77
2026-02-16 05:15:00,STATION_002,10.3
2026-02-16 05:30:00,STATION_002,13.17
2026-02-16 05:45:00,STATION_002,17.0
2026-02-16 06:00:00,STATION_002,15.12
2026-02-16 06:15:00,STATION_002,13.46
2026-02-16 06:30:00,STATION_002,17.22
2026-02-16 06:45:00,STATION_002,16.05
2026-02-16 07:00:00,STATION_002,14.13
2026-02-16 07:15:00,STATION_002,13.21
2026-02-16 07:30:00,STATION_002,14.04
2026-02-16 07:45:00,STATION_002,13.06
2026-02-16 08:00:00,STATION_002,15.11
2026-02-16 08:15:00,STATION_002,16.38
2026-02-16 08:30:00,STATION_002,17.51
2026-02-16 08:45:00,STATION_002,20.31
2026-02-16 09:00:00,STATION_002,19.64
2026-02-16 09:15:00,STATION_002,20.13
2026-02-16 09:30:00,STATION_002,20.71
2026-02-16 09:45:00,STATION_002,23.61
2026-02-16 10:00:00,STATION_002,22.41
2026-02-16 10:15:00,STATION_002,27.01
2026-02-16 10:30:00,STATION_002,29.34
2026-02-16 10:45:00,STATION_002,31.66
2026-02-16 11:00:00,STATION_002,31.4
2026-02-16 11:15:00,STATION_002,30.16
2026-02-16 11:30:00,STATION_002,28.32
2026-02-16 11:45:00,STATION_002,25.72
2026-02-16 12:00:00,STATION_002,32.82
2026-02-16 12:15:00,STATION_002,38.13
2026-02-16 12:30:00,STATION_002,40.05
2026-02-16 12:45:00,STATION_002,45.41
2026-02-16 13:00:00,STATION_002,50.97
2026-02-16 13:15:00,STATION_002,54.5
2026-02-16 13:30:00,STATION_002,60.98
2026-02-16 13:45:00,STATION_002,64.82
2026-02-16 14:00:00,STATION_002,69.1
2026-02-16 14:15:00,STATION_002,68.52
2026-02-16 14:30:00,STATION_002,68.78
2026-02-16 14:45:00,STATION_002,71.31
2026-02-16 15:00:00,STATION_002,72.13
2026-02-16 15:15:00,STATION_002,68.91
2026-02-16 15:30:00,STATION_002,68.8
2026-02-16 15:45:00,STATION_002,69.03
2026-02-16 16:00:00,STATION_002,71.16
2026-02-16 16:15:00,STATION_002,72.33
2026-02-16 16:30:00,STATION_002,71.47
2026-02-16 16:45:00,STATION_002,70.41
2026-02-16 17:00:00,STATION_002,70.99
2026-02-16 17:15:00,STATION_002,77.17
2026-02-16 17:30:00,STATION_002,79.11
2026-02-16 17:45:00,STATION_002,80.33
2026-02-16 18:00:00,STATION_002,82.0
2026-02-16 18:15:00,STATION_002,84.37
2026-02-16 18:30:00,STATION_002,89.14
2026-02-16 18:45:00,STATION_002,90.17
2026-02-16 19:00:00,STATION_002,93.12
2026-02-16 19:15:00,STATION_002,5.0
2026-02-16 19:30:00,STATION_002,9.22
2026-02-16 19:45:00,STATION_002,9.61
2026-02-16 20:00:00,STATION_002,12.62
2026-02-16 20:15:00,STATION_002,15.6
2026-02-16 20:30:00,STATION_002,18.18
2026-02-16 20:45:00,STATION_002,21.35
2026-02-16 21:00:00,STATION_002,22.31
2026-02-16 21:15:00,STATION_002,22.3
2026-02-16 21:30:00,STATION_002,21.04
2026-02-16 21:45:00,STATION_002,18.54
2026-02-16 22:00:00,STATION_002,18.45
2026-02-16 22:15:00,STATION_002,18.05
2026-02-16 22:30:00,STATION_002,18.87
2026-02-16 22:45:00,STATION_002,23.38
2026-02-16 23:00:00,STATION_002,21.23
2026-02-16 23:15:00,STATION_002,22.74
2026-02-16 23:30:00,STATION_002,26.25
2026-02-16 23:45:00,STATION_002,26.82
2026-02-17 00:00:00,STATION_002,29.72
2026-02-17 00:15:00,STATION_002,28.1
2026-02-17 00:30:00,STATION_002,30.08
2026-02-17 00:45:00,STATION_002,31.85
2026-02-17 01:00:00,STATION_002,33.44
2026-02-17 01:15:00,STATION_002,33.16
2026-02-17 01:30:00,STATION_002,38.01
2026-02-17 01:45:00,STATION_002,39.91
2026-02-17 02:00:00,STATION_002,41.41
2026-02-17 02:15:00,STATION_002,41.26
2026-02-17 02:30:00,STATION_002,44.42
2026-02-17 02:45:00,STATION_002,42.83
2026-02-17 03:00:00,STATION_002,42.64
2026-02-17 03:15:00,STATION_002,42.6
2026-02-17 03:30:00,STATION_002,43.1
2026-02-17 03:45:00,STATION_002,46.59
2026-02-17 04:00:00,STATION_002,48.29
2026-02-17 04:15:00,STATION_002,49.38
2026-02-17 04:30:00,STATION_002,47.67
2026-02-17 04:45:00,STATION_002,50.54
2026-02-17 05:00:00,STATION_002,50.57
2026-02-17 05:15:00,STATION_002,51.44
2026-02-17 05:30:00,STATION_002,52.22
2026-02-17 05:45:00,STATION_002,50.64
2026-02-17 06:00:00,STATION_002,49.86
2026-02-17 06:15:00,STATION_002,48.4
2026-02-17 06:30:00,STATION_002,46.77
2026-02-17 06:45:00,STATION_002,47.93
2026-02-17 07:00:00,STATION_002,49.16
2026-02-17 07:15:00,STATION_002,47.52
2026-02-17 07:30:00,STATION_002,52.1
2026-02-17 07:45:00,STATION_002,50.7
2026-02-17 08:00:00,STATION_002,47.6
2026-02-17 08:15:00,STATION_002,49.39
2026-02-17 08:30:00,STATION_002,50.41
2026-02-17 08:45:00,STATION_002,51.0
2026-02-17 09:00:00,STATION_002,50.97
2026-02-17 09:15:00,STATION_002,52.37
2026-02-17 09:30:00,STATION_002,54.54
2026-02-17 09:45:00,STATION_002,55.26
2026-02-17 10:00:00,STATION_002,56.1
2026-02-17 10:15:00,STATION_002,53.95
2026-02-17 10:30:00,STATION_002,55.46
2026-02-17 10:45:00,STATION_002,56.92
2026-02-17 11:00:00,STATION_002,55.26
2026-02-17 11:15:00,STATION_002,60.35
2026-02-17 11:30:00,STATION_002,58.16
2026-02-17 11:45:00,STATION_002,59.98
2026-02-17 12:00:00,STATION_002,62.24
2026-02-17 12:15:00,STATION_002,65.44
2026-02-17 12:30:00,STATION_002,70.05
2026-02-17 12:45:00,STATION_002,77.48
2026-02-17 13:00:00,STATION_002,82.51
2026-02-17 13:15:00,STATION_002,86.52
2026-02-17 13:30:00,STATION_002,87.85
2026-02-17 13:45:00,STATION_002,89.86
2026-02-17 14:00:00,STATION_002,86.01
2026-02-17 14:15:00,STATION_002,85.99
2026-02-17 14:30:00,STATION_002,85.9
2026-02-17 14:45:00,STATION_002,81.27
2026-02-17 15:00:00,STATION_002,80.85
2026-02-17 15:15:00,STATION_002,84.74
2026-02-17 15:30:00,STATION_002,86.75
2026-02-17 15:45:00,STATION_002,90.52
2026-02-17 16:00:00,STATION_002,91.2
2026-02-17 16:15:00,STATION_002,88.78
2026-02-17 16:30:00,STATION_002,90.3
2026-02-17 16:45:00,STATION_002,94.21
2026-02-17 17:00:00,STATION_002,5.0
2026-02-17 17:15:00,STATION_002,9.04
2026-02-17 17:30:00,STATION_002,11.05
2026-02-17 17:45:00,STATION_002,12.87
2026-02-17 18:00:00,STATION_002,20.66
2026-02-17 18:15:00,STATION_002,22.02
2026-02-17 18:30:00,STATION_002,24.17
2026-02-17 18:45:00,STATION_002,26.33
2026-02-17 19:00:00,STATION_002,25.7
2026-02-17 19:15:00,STATION_002,25.06
2026-02-17 19:30:00,STATION_002,29.4
2026-02-17 19:45:00,STATION_002,31.46
2026-02-17 20:00:00,STATION_002,34.25
2026-02-17 20:15:00,STATION_002,37.78
2026-02-17 20:30:00,STATION_002,41.55
2026-02-17 20:45:00,STATION_002,41.28
2026-02-17 21:00:00,STATION_002,40.26
2026-02-17 21:15:00,STATION_002,43.3
2026-02-17 21:30:00,STATION_002,43.49
2026-02-17 21:45:00,STATION_002,42.71
2026-02-17 22:00:00,STATION_002,43.64
2026-02-17 22:15:00,STATION_002,44.48
2026-02-17 22:30:00,STATION_002,45.55
2026-02-17 22:45:00,STATION_002,47.58
2026-02-17 23:00:00,STATION_002,49.61
2026-02-17 23:15:00,STATION_002,52.46
2026-02-17 23:30:00,STATION_002,53.74
2026-02-17 23:45:00,STATION_002,50.23
2026-02-18 00:00:00,STATION_002,49.96
2026-02-18 00:15:00,STATION_002,50.68
2026-02-18 00:30:00,STATION_002,54.56
2026-02-18 00:45:00,STATION_002,53.97
2026-02-18 01:00:00,STATION_002,54.39
2026-02-18 01:15:00,STATION_002,55.24
2026-02-18 01:30:00,STATION_002,55.57
2026-02-18 01:45:00,STATION_002,58.37
2026-02-18 02:00:00,STATION_002,56.91
2026-02-18 02:15:00,STATION_002,61.67
2026-02-18 02:30:00,STATION_002,57.17
2026-02-18 02:45:00,STATION_002,56.56
2026-02-18 03:00:00,STATION_002,58.42
2026-02-18 03:15:00,STATION_002,59.88
2026-02-18 03:30:00,STATION_002,61.83
2026-02-18 03:45:00,STATION_002,64.18
2026-02-18 04:00:00,STATION_002,64.45
2026-02-18 04:15:00,STATION_002,67.55
2026-02-18 04:30:00,STATION_002,68.23
2026-02-18 04:45:00,STATION_002,67.8
2026-02-18 05:00:00,STATION_002,68.64
2026-02-18 05:15:00,STATION_002,71.44
2026-02-18 05:30:00,STATION_002,70.98
2026-02-18 05:45:00,STATION_002,77.13
2026-02-18 06:00:00,STATION_002,74.33
2026-02-18 06:15:00,STATION_002,76.56
2026-02-18 06:30:00,STATION_002,75.04
2026-02-18 06:45:00,STATION_002,72.49
2026-02-18 07:00:00,STATION_002,70.8
2026-02-18 07:15:00,STATION_002,70.69
2026-02-18 07:30:00,STATION_002,70.57
2026-02-18 07:45:00,STATION_002,68.82
2026-02-18 08:00:00,STATION_002,69.54
2026-02-18 08:15:00,STATION_002,70.31
2026-02-18 08:30:00,STATION_002,71.13
2026-02-18 08:45:00,STATION_002,72.55
2026-02-18 09:00:00,STATION_002,70.97
2026-02-18 09:15:00,STATION_002,73.03
2026-02-18 09:30:00,STATION_002,72.58
2026-02-18 09:45:00,STATION_002,73.96
2026-02-18 10:00:00,STATION_002,73.54
2026-02-18 10:15:00,STATION_002,71.61
2026-02-18 10:30:00,STATION_002,76.3
2026-02-18 10:45:00,STATION_002,78.32
2026-02-18 11:00:00,STATION_002,76.28
2026-02-18 11:15:00,STATION_002,76.87
2026-02-18 11:30:00,STATION_002,76.28
2026-02-18 11:45:00,STATION_002,74.78
2026-02-18 12:00:00,STATION_002,79.27
2026-02-18 12:15:00,STATION_002,82.54
2026-02-18 12:30:00,STATION_002,84.36
2026-02-18 12:45:00,STATION_002,85.09
2026-02-18 13:00:00,STATION_002,91.14
2026-02-18 13:15:00,STATION_002,5.0
2026-02-18 13:30:00,STATION_002,5.81
2026-02-18 13:45:00,STATION_002,9.11
2026-02-18 14:00:00,STATION_002,9.84
2026-02-18 14:15:00,STATION_002,10.55
2026-02-18 14:30:00,STATION_002,12.37
2026-02-18 14:45:00,STATION_002,15.87
2026-02-18 15:00:00,STATION_002,16.98
2026-02-18 15:15:00,STATION_002,19.42
2026-02-18 15:30:00,STATION_002,22.52
2026-02-18 15:45:00,STATION_002,25.84
2026-02-18 16:00:00,STATION_002,26.85
2026-02-18 16:15:00,STATION_002,25.25
2026-02-18 16:30:00,STATION_002,22.91
2026-02-18 16:45:00,STATION_002,25.43
2026-02-18 17:00:00,STATION_002,27.58
2026-02-18 17:15:00,STATION_002,33.56
2026-02-18 17:30:00,STATION_002,36.21
2026-02-18 17:45:00,STATION_002,36.67
2026-02-18 18:00:00,STATION_002,36.56
2026-02-18 18:15:00,STATION_002,39.53
2026-02-18 18:30:00,STATION_002,45.19
2026-02-18 18:45:00,STATION_002,46.02
2026-02-18 19:00:00,STATION_002,52.1
2026-02-18 19:15:00,STATION_002,53.96
2026-02-18 19:30:00,STATION_002,56.13
2026-02-18 19:45:00,STATION_002,58.76
2026-02-18 20:00:00,STATION_002,62.46
2026-02-18 20:15:00,STATION_002,62.57
2026-02-18 20:30:00,STATION_002,67.39
2026-02-18 20:45:00,STATION_002,70.74
2026-02-18 21:00:00,STATION_002,72.18
2026-02-18 21:15:00,STATION_002,74.55
2026-02-18 21:30:00,STATION_002,77.04
2026-02-18 21:45:00,STATION_002,77.71
2026-02-18 22:00:00,STATION_002,78.68
2026-02-18 22:15:00,STATION_002,81.36
2026-02-18 22:30:00,STATION_002,80.85
2026-02-18 22:45:00,STATION_002,79.16
2026-02-18 23:00:00,STATION_002,78.53
2026-02-18 23:15:00,STATION_002,79.31
2026-02-18 23:30:00,STATION_002,79.82
2026-02-18 23:45:00,STATION_002,80.05
2026-02-19 00:00:00,STATION_002,80.95
2026-02-19 00:15:00,STATION_002,81.33
2026-02-19 00:30:00,STATION_002,81.56
2026-02-19 00:45:00,STATION_002,83.61
2026-02-19 01:00:00,STATION_002,88.01
2026-02-19 01:15:00,STATION_002,86.13
2026-02-19 01:30:00,STATION_002,89.83
2026-02-19 01:45:00,STATION_002,88.22
2026-02-19 02:00:00,STATION_002,92.4
2026-02-19 02:15:00,STATION_002,5.0
2026-02-19 02:30:00,STATION_002,3.51
2026-02-19 02:45:00,STATION_002,4.71
2026-02-19 03:00:00,STATION_002,5.73
2026-02-19 03:15:00,STATION_002,4.85
2026-02-19 03:30:00,STATION_002,5.52
2026-02-19 03:45:00,STATION_002,10.72
2026-02-19 04:00:00,STATION_002,10.74
2026-02-19 04:15:00,STATION_002,11.66
2026-02-19 04:30:00,STATION_002,12.16
2026-02-19 04:45:00,STATION_002,10.92
2026-02-19 05:00:00,STATION_002,11.08
2026-02-19 05:15:00,STATION_002,12.49
2026-02-19 05:30:00,STATION_002,14.16
2026-02-19 05:45:00,STATION_002,15.91
2026-02-19 06:00:00,STATION_002,16.78
2026-02-19 06:15:00,STATION_002,16.24
2026-02-19 06:30:00,STATION_002,15.98
2026-02-19 06:45:00,STATION_002,17.82
2026-02-19 07:00:00,STATION_002,21.15
2026-02-19 07:15:00,STATION_002,20.88
2026-02-19 07:30:00,STATION_002,21.99
2026-02-19 07:45:00,STATION_002,23.5
2026-02-19 08:00:00,STATION_002,24.02
2026-02-19 08:15:00,STATION_002,21.88
2026-02-19 08:30:00,STATION_002,21.87
2026-02-19 08:45:00,STATION_002,20.82
2026-02-19 09:00:00,STATION_002,21.1
2026-02-19 09:15:00,STATION_002,21.7
2026-02-19 09:30:00,STATION_002,21.42
2026-02-19 09:45:00,STATION_002,23.48
2026-02-19 10:00:00,STATION_002,20.99
2026-02-19 10:15:00,STATION_002,20.86
2026-02-19 10:30:00,STATION_002,20.55
2026-02-19 10:45:00,STATION_002,21.34
2026-02-19 11:00:00,STATION_002,19.64
2026-02-19 11:15:00,STATION_002,20.54
2026-02-19 11:30:00,STATION_002,21.35
2026-02-19 11:45:00,STATION_002,22.55
2026-02-19 12:00:00,STATION_002,30.03
2026-02-19 12:15:00,STATION_002,35.8
2026-02-19 12:30:00,STATION_002,38.6
2026-02-19 12:45:00,STATION_002,42.1
2026-02-19 13:00:00,STATION_002,43.8
2026-02-19 13:15:00,STATION_002,44.58
2026-02-19 13:30:00,STATION_002,48.14
2026-02-19 13:45:00,STATION_002,51.6
2026-02-19 14:00:00,STATION_002,50.45
2026-02-19 14:15:00,STATION_002,53.86
2026-02-19 14:30:00,STATION_002,52.61
2026-02-19 14:45:00,STATION_002,51.24
2026-02-19 15:00:00,STATION_002,53.58
2026-02-19 15:15:00,STATION_002,55.41
2026-02-19 15:30:00,STATION_002,57.61
2026-02-19 15:45:00,STATION_002,56.62
2026-02-19 16:00:00,STATION_002,57.68
2026-02-19 16:15:00,STATION_002,59.9
2026-02-19 16:30:00,STATION_002,61.01
2026-02-19 16:45:00,STATION_002,55.31
2026-02-19 17:00:00,STATION_002,56.78
2026-02-19 17:15:00,STATION_002,60.76
2026-02-19 17:30:00,STATION_002,61.12
2026-02-19 17:45:00,STATION_002,63.37
2026-02-19 18:00:00,STATION_002,70.04
2026-02-19 18:15:00,STATION_002,73.66
2026-02-19 18:30:00,STATION_002,79.27
2026-02-19 18:45:00,STATION_002,85.54
2026-02-19 19:00:00,STATION_002,89.42
2026-02-19 19:15:00,STATION_002,5.0
2026-02-19 19:30:00,STATION_002,9.02
2026-02-19 19:45:00,STATION_002,14.03
2026-02-19 20:00:00,STATION_002,20.13
2026-02-19 20:15:00,STATION_002,24.89
2026-02-19 20:30:00,STATION_002,28.78
2026-02-19 20:45:00,STATION_002,30.06
2026-02-19 21:00:00,STATION_002,31.88
2026-02-19 21:15:00,STATION_002,35.31
2026-02-19 21:30:00,STATION_002,37.94
2026-02-19 21:45:00,STATION_002,41.04
2026-02-19 22:00:00,STATION_002,41.96
2026-02-19 22:15:00,STATION_002,40.56
2026-02-19 22:30:00,STATION_002,37.08
2026-02-19 22:45:00,STATION_002,41.35
2026-02-19 23:00:00,STATION_002,41.4
2026-02-19 23:15:00,STATION_002,41.36
2026-02-19 23:30:00,STATION_002,44.14
2026-02-19 23:45:00,STATION_002,45.11
2026-02-20 00:00:00,STATION_002,45.58
2026-02-20 00:15:00,STATION_002,46.09
2026-02-20 00:30:00,STATION_002,49.29
2026-02-20 00:45:00,STATION_002,51.27
2026-02-20 01:00:00,STATION_002,48.81
2026-02-20 01:15:00,STATION_002,51.45
2026-02-20 01:30:00,STATION_002,53.35
2026-02-20 01:45:00,STATION_002,54.84
2026-02-20 02:00:00,STATION_002,54.71
2026-02-20 02:15:00,STATION_002,58.97
2026-02-20 02:30:00,STATION_002,60.83
2026-02-20 02:45:00,STATION_002,62.88
2026-02-20 03:00:00,STATION_002,62.66
2026-02-20 03:15:00,STATION_002,60.98
2026-02-20 03:30:00,STATION_002,61.41
2026-02-20 03:45:00,STATION_002,59.33
2026-02-20 04:00:00,STATION_002,61.0
2026-02-20 04:15:00,STATION_002,61.34
2026-02-20 04:30:00,STATION_002,62.46
2026-02-20 04:45:00,STATION_002,66.52
2026-02-20 05:00:00,STATION_002,65.58
2026-02-20 05:15:00,STATION_002,67.21
2026-02-20 05:30:00,STATION_002,70.52
2026-02-20 05:45:00,STATION_002,71.45
2026-02-20 06:00:00,STATION_002,71.67
2026-02-20 06:15:00,STATION_002,72.31
2026-02-20 06:30:00,STATION_002,75.35
2026-02-20 06:45:00,STATION_002,77.73
2026-02-20 07:00:00,STATION_002,78.53
2026-02-20 07:15:00,STATION_002,78.92
2026-02-20 07:30:00,STATION_002,82.77
2026-02-20 07:45:00,STATION_002,84.65
2026-02-20 08:00:00,STATION_002,84.06
2026-02-20 08:15:00,STATION_002,83.93
2026-02-20 08:30:00,STATION_002,83.16
2026-02-20 08:45:00,STATION_002,80.63
2026-02-20 09:00:00,STATION_002,81.39
2026-02-20 09:15:00,STATION_002,84.06
2026-02-20 09:30:00,STATION_002,85.46
2026-02-20 09:45:00,STATION_002,89.18
2026-02-20 10:00:00,STATION_002,90.27
2026-02-20 10:15:00,STATION_002,93.05
2026-02-20 10:30:00,STATION_002,5.0
2026-02-20 10:45:00,STATION_002,9.07
2026-02-20 11:00:00,STATION_002,10.55
2026-02-20 11:15:00,STATION_002,12.18
2026-02-20 11:30:00,STATION_002,14.07
2026-02-20 11:45:00,STATION_002,15.37
2026-02-20 12:00:00,STATION_002,18.42
2026-02-20 12:15:00,STATION_002,22.35
2026-02-20 12:30:00,STATION_002,25.31
2026-02-20 12:45:00,STATION_002,29.46
2026-02-20 13:00:00,STATION_002,30.66
2026-02-20 13:15:00,STATION_002,34.48
2026-02-20 13:30:00,STATION_002,36.91
2026-02-20 13:45:00,STATION_002,41.6
2026-02-20 14:00:00,STATION_002,41.25
2026-02-20 14:15:00,STATION_002,40.03
2026-02-20 14:30:00,STATION_002,42.93
2026-02-20 14:45:00,STATION_002,39.15
2026-02-20 15:00:00,STATION_002,38.47
2026-02-20 15:15:00,STATION_002,42.67
2026-02-20 15:30:00,STATION_002,42.11
2026-02-20 15:45:00,STATION_002,42.23
2026-02-20 16:00:00,STATION_002,44.2
2026-02-20 16:15:00,STATION_002,46.16
2026-02-20 16:30:00,STATION_002,44.71
2026-02-20 16:45:00,STATION_002,43.04
2026-02-20 17:00:00,STATION_002,43.83
2026-02-20 17:15:00,STATION_002,44.89
2026-02-20 17:30:00,STATION_002,46.39
2026-02-20 17:45:00,STATION_002,45.81
2026-02-20 18:00:00,STATION_002,49.9
2026-02-20 18:15:00,STATION_002,55.67
2026-02-20 18:30:00,STATION_002,55.17
2026-02-20 18:45:00,STATION_002,54.7
2026-02-20 19:00:00,STATION_002,56.97
2026-02-20 19:15:00,STATION_002,62.34
2026-02-20 19:30:00,STATION_002,61.56
2026-02-20 19:45:00,STATION_002,64.21
2026-02-20 20:00:00,STATION_002,68.84
2026-02-20 20:15:00,STATION_002,70.9
2026-02-20 20:30:00,STATION_002,74.19
2026-02-20 20:45:00,STATION_002,79.03
2026-02-20 21:00:00,STATION_002,74.97
2026-02-20 21:15:00,STATION_002,72.36
2026-02-20 21:30:00,STATION_002,73.71
2026-02-20 21:45:00,STATION_002,74.2
2026-02-20 22:00:00,STATION_002,77.2
2026-02-20 22:15:00,STATION_002,73.41
2026-02-20 22:30:00,STATION_002,73.29
2026-02-20 22:45:00,STATION_002,76.73
2026-02-20 23:00:00,STATION_002,78.88
2026-02-20 23:15:00,STATION_002,80.68
2026-02-20 23:30:00,STATION_002,77.65
2026-02-20 23:45:00,STATION_002,80.61
2026-02-21 00:00:00,STATION_002,82.96
2026-02-21 00:15:00,STATION_002,82.93
2026-02-21 00:30:00,STATION_002,83.48
2026-02-21 00:45:00,STATION_002,84.24
2026-02-21 01:00:00,STATION_002,85.86
2026-02-21 01:15:00,STATION_002,85.89
2026-02-21 01:30:00,STATION_002,85.31
2026-02-21 01:45:00,STATION_002,83.87
2026-02-21 02:00:00,STATION_002,83.92
2026-02-21 02:15:00,STATION_002,84.41
2026-02-21 02:30:00,STATION_002,84.4
2026-02-21 02:45:00,STATION_002,83.38
2026-02-21 03:00:00,STATION_002,82.78
2026-02-21 03:15:00,STATION_002,80.27
2026-02-21 03:30:00,STATION_002,81.33
2026-02-21 03:45:00,STATION_002,83.08
2026-02-21 04:00:00,STATION_002,82.89
2026-02-21 04:15:00,STATION_002,83.42
2026-02-21 04:30:00,STATION_002,87.28
2026-02-21 04:45:00,STATION_002,88.7
2026-02-21 05:00:00,STATION_002,87.69
2026-02-21 05:15:00,STATION_002,85.62
2026-02-21 05:30:00,STATION_002,84.77
2026-02-21 05:45:00,STATION_002,81.17
2026-02-21 06:00:00,STATION_002,83.45
2026-02-21 06:15:00,STATION_002,85.8
2026-02-21 06:30:00,STATION_002,87.85
2026-02-21 06:45:00,STATION_002,86.53
2026-02-21 07:00:00,STATION_002,86.65
2026-02-21 07:15:00,STATION_002,86.92
2026-02-21 07:30:00,STATION_002,84.35
2026-02-21 07:45:00,STATION_002,87.43
2026-02-21 08:00:00,STATION_002,90.09
2026-02-21 08:15:00,STATION_002,89.57
2026-02-21 08:30:00,STATION_002,92.73
2026-02-21 08:45:00,STATION_002,92.72
2026-02-21 09:00:00,STATION_002,5.0
2026-02-21 09:15:00,STATION_002,5.29
2026-02-21 09:30:00,STATION_002,5.79
2026-02-21 09:45:00,STATION_002,10.01
2026-02-21 10:00:00,STATION_002,10.73
2026-02-21 10:15:00,STATION_002,9.15
2026-02-21 10:30:00,STATION_002,11.13
2026-02-21 10:45:00,STATION_002,8.45
2026-02-21 11:00:00,STATION_002,11.26
2026-02-21 11:15:00,STATION_002,16.23
2026-02-21 11:30:00,STATION_002,19.91
2026-02-21 11:45:00,STATION_002,19.74
2026-02-21 12:00:00,STATION_002,24.42
2026-02-21 12:15:00,STATION_002,27.81
2026-02-21 12:30:00,STATION_002,32.26
2026-02-21 12:45:00,STATION_002,36.13
2026-02-21 13:00:00,STATION_002,39.38
2026-02-21 13:15:00,STATION_002,41.74
2026-02-21 13:30:00,STATION_002,42.19
2026-02-21 13:45:00,STATION_002,46.62
2026-02-21 14:00:00,STATION_002,48.88
2026-02-21 14:15:00,STATION_002,53.45
2026-02-21 14:30:00,STATION_002,50.66
2026-02-21 14:45:00,STATION_002,50.93
2026-02-21 15:00:00,STATION_002,50.77
2026-02-21 15:15:00,STATION_002,50.65
2026-02-21 15:30:00,STATION_002,49.69
2026-02-21 15:45:00,STATION_002,53.39
2026-02-21 16:00:00,STATION_002,59.27
2026-02-21 16:15:00,STATION_002,61.43
2026-02-21 16:30:00,STATION_002,61.83
2026-02-21 16:45:00,STATION_002,64.44
2026-02-21 17:00:00,STATION_002,66.25
2026-02-21 17:15:00,STATION_002,61.24
2026-02-21 17:30:00,STATION_002,60.87
2026-02-21 17:45:00,STATION_002,61.33
2026-02-21 18:00:00,STATION_002,61.88
2026-02-21 18:15:00,STATION_002,62.18
2026-02-21 18:30:00,STATION_002,60.38
2026-02-21 18:45:00,STATION_002,61.13
2026-02-21 19:00:00,STATION_002,60.27
2026-02-21 19:15:00,STATION_002,62.56
2026-02-21 19:30:00,STATION_002,60.18
2026-02-21 19:45:00,STATION_002,65.98
2026-02-21 20:00:00,STATION_002,68.15
2026-02-21 20:15:00,STATION_002,68.86
2026-02-21 20:30:00,STATION_002,69.93
2026-02-21 20:45:00,STATION_002,73.21
2026-02-21 21:00:00,STATION_002,72.22
2026-02-21 21:15:00,STATION_002,73.57
2026-02-21 21:30:00,STATION_002,74.76
2026-02-21 21:45:00,STATION_002,74.92
2026-02-21 22:00:00,STATION_002,76.21
2026-02-21 22:15:00,STATION_002,77.33
2026-02-21 22:30:00,STATION_002,73.9
2026-02-21 22:45:00,STATION_002,73.81
2026-02-21 23:00:00,STATION_002,76.99
2026-02-21 23:15:00,STATION_002,79.37
2026-02-21 23:30:00,STATION_002,79.5
2026-02-21 23:45:00,STATION_002,79.54
2026-02-22 00:00:00,STATION_002,78.28
2026-02-22 00:15:00,STATION_002,83.1
2026-02-22 00:30:00,STATION_002,85.51
2026-02-22 00:45:00,STATION_002,83.01
2026-02-22 01:00:00,STATION_002,84.54
2026-02-22 01:15:00,STATION_002,83.6
2026-02-22 01:30:00,STATION_002,84.66
2026-02-22 01:45:00,STATION_002,82.62
2026-02-22 02:00:00,STATION_002,81.89
2026-02-22 02:15:00,STATION_002,83.24
2026-02-22 02:30:00,STATION_002,87.83
2026-02-22 02:45:00,STATION_002,90.08
2026-02-22 03:00:00,STATION_002,91.04
2026-02-22 03:15:00,STATION_002,93.44
2026-02-22 03:30:00,STATION_002,91.33
2026-02-22 03:45:00,STATION_002,5.0
2026-02-22 04:00:00,STATION_002,8.03
2026-02-22 04:15:00,STATION_002,5.71
2026-02-22 04:30:00,STATION_002,4.63
2026-02-22 04:45:00,STATION_002,6.22
2026-02-22 05:00:00,STATION_002,10.12
2026-02-22 05:15:00,STATION_002,12.79
2026-02-22 05:30:00,STATION_002,15.98
2026-02-22 05:45:00,STATION_002,14.59
2026-02-22 06:00:00,STATION_002,16.11
2026-02-22 06:15:00,STATION_002,17.69
2026-02-22 06:30:00,STATION_002,15.0
2026-02-22 06:45:00,STATION_002,14.66
2026-02-22 07:00:00,STATION_002,15.61
2026-02-22 07:15:00,STATION_002,16.27
2026-02-22 07:30:00,STATION_002,16.49
2026-02-22 07:45:00,STATION_002,14.28
2026-02-22 08:00:00,STATION_002,15.82
2026-02-22 08:15:00,STATION_002,19.21
2026-02-22 08:30:00,STATION_002,19.45
2026-02-22 08:45:00,STATION_002,19.16
2026-02-22 09:00:00,STATION_002,18.31
2026-02-22 09:15:00,STATION_002,17.51
2026-02-22 09:30:00,STATION_002,18.8
2026-02-22 09:45:00,STATION_002,19.47
2026-02-22 10:00:00,STATION_002,19.97
2026-02-22 10:15:00,STATION_002,21.47
2026-02-22 10:30:00,STATION_002,22.26
2026-02-22 10:45:00,STATION_002,25.07
2026-02-22 11:00:00,STATION_002,26.2
2026-02-22 11:15:00,STATION_002,30.46
2026-02-22 11:30:00,STATION_002,30.78
2026-02-22 11:45:00,STATION_002,29.77
2026-02-22 12:00:00,STATION_002,33.14
2026-02-22 12:15:00,STATION_002,36.98
2026-02-22 12:30:00,STATION_002,36.04
2026-02-22 12:45:00,STATION_002,36.32
2026-02-22 13:00:00,STATION_002,35.43
2026-02-22 13:15:00,STATION_002,36.22
2026-02-22 13:30:00,STATION_002,36.26
2026-02-22 13:45:00,STATION_002,38.37
2026-02-22 14:00:00,STATION_002,38.61
2026-02-22 14:15:00,STATION_002,39.71
2026-02-22 14:30:00,STATION_002,40.43
2026-02-22 14:45:00,STATION_002,45.48
2026-02-22 15:00:00,STATION_002,46.07
2026-02-22 15:15:00,STATION_002,49.05
2026-02-22 15:30:00,STATION_002,50.62
2026-02-22 15:45:00,STATION_002,52.14
2026-02-22 16:00:00,STATION_002,53.29
2026-02-22 16:15:00,STATION_002,55.01
2026-02-22 16:30:00,STATION_002,56.15
2026-02-22 16:45:00,STATION_002,56.31
2026-02-22 17:00:00,STATION_002,58.05
2026-02-22 17:15:00,STATION_002,60.69
2026-02-22 17:30:00,STATION_002,60.17
2026-02-22 17:45:00,STATION_002,59.33
2026-02-22 18:00:00,STATION_002,59.97
2026-02-22 18:15:00,STATION_002,60.5
2026-02-22 18:30:00,STATION_002,63.26
2026-02-22 18:45:00,STATION_002,62.41
2026-02-22 19:00:00,STATION_002,63.33
2026-02-22 19:15:00,STATION_002,66.04
2026-02-22 19:30:00,STATION_002,67.37
2026-02-22 19:45:00,STATION_002,72.56
2026-02-22 20:00:00,STATION_002,75.62
2026-02-22 20:15:00,STATION_002,74.47
2026-02-22 20:30:00,STATION_002,74.63
2026-02-22 20:45:00,STATION_002,77.18
2026-02-22 21:00:00,STATION_002,76.81
2026-02-22 21:15:00,STATION_002,78.99
2026-02-22 21:30:00,STATION_002,77.05
2026-02-22 21:45:00,STATION_002,76.01
2026-02-22 22:00:00,STATION_002,74.88
2026-02-22 22:15:00,STATION_002,75.43
2026-02-22 22:30:00,STATION_002,76.75
2026-02-22 22:45:00,STATION_002,78.48
2026-02-22 23:00:00,STATION_002,79.18
2026-02-22 23:15:00,STATION_002,81.53
2026-02-22 23:30:00,STATION_002,81.46
2026-02-22 23:45:00,STATION_002,83.37
2026-02-23 00:00:00,STATION_002,86.69
2026-02-23 00:15:00,STATION_002,88.07
2026-02-23 00:30:00,STATION_002,91.78
2026-02-23 00:45:00,STATION_002,92.08
2026-02-23 01:00:00,STATION_002,93.75
2026-02-23 01:15:00,STATION_002,5.0
2026-02-23 01:30:00,STATION_002,6.2
2026-02-23 01:45:00,STATION_002,8.28
2026-02-23 02:00:00,STATION_002,9.97
2026-02-23 02:15:00,STATION_002,10.03
2026-02-23 02:30:00,STATION_002,10.35
2026-02-23 02:45:00,STATION_002,12.97
2026-02-23 03:00:00,STATION_002,15.1
2026-02-23 03:15:00,STATION_002,15.06
2026-02-23 03:30:00,STATION_002,15.99
2026-02-23 03:45:00,STATION_002,15.53
2026-02-23 04:00:00,STATION_002,18.53
2026-02-23 04:15:00,STATION_002,17.33
2026-02-23 04:30:00,STATION_002,17.37
2026-02-23 04:45:00,STATION_002,20.25
2026-02-23 05:00:00,STATION_002,21.55
2026-02-23 05:15:00,STATION_002,23.57
2026-02-23 05:30:00,STATION_002,27.34
2026-02-23 05:45:00,STATION_002,28.17
2026-02-23 06:00:00,STATION_002,26.09
2026-02-23 06:15:00,STATION_002,24.2
2026-02-23 06:30:00,STATION_002,22.26
2026-02-23 06:45:00,STATION_002,25.58
2026-02-23 07:00:00,STATION_002,26.19
2026-02-23 07:15:00,STATION_002,26.18
2026-02-23 07:30:00,STATION_002,29.58
2026-02-23 07:45:00,STATION_002,29.23
2026-02-23 08:00:00,STATION_002,36.01
2026-02-23 08:15:00,STATION_002,39.62
2026-02-23 08:30:00,STATION_002,39.08
2026-02-23 08:45:00,STATION_002,38.25
2026-02-23 09:00:00,STATION_002,40.75
2026-02-23 09:15:00,STATION_002,41.5
2026-02-23 09:30:00,STATION_002,43.89
2026-02-23 09:45:00,STATION_002,42.27
2026-02-23 10:00:00,STATION_002,43.09
2026-02-23 10:15:00,STATION_002,47.32
2026-02-23 10:30:00,STATION_002,47.77
2026-02-23 10:45:00,STATION_002,49.39
2026-02-23 11:00:00,STATION_002,52.25
2026-02-23 11:15:00,STATION_002,51.87
2026-02-23 11:30:00,STATION_002,53.34
2026-02-23 11:45:00,STATION_002,57.68
2026-02-23 12:00:00,STATION_002,59.88
2026-02-23 12:15:00,STATION_002,63.87
2026-02-23 12:30:00,STATION_002,65.94
2026-02-23 12:45:00,STATION_002,66.87
2026-02-23 13:00:00,STATION_002,69.41
2026-02-23 13:15:00,STATION_002,70.43
2026-02-23 13:30:00,STATION_002,70.23
2026-02-23 13:45:00,STATION_002,72.91
2026-02-23 14:00:00,STATION_002,71.89
2026-02-23 14:15:00,STATION_002,73.54
2026-02-23 14:30:00,STATION_002,76.24
2026-02-23 14:45:00,STATION_002,76.85
2026-02-23 15:00:00,STATION_002,76.94
2026-02-23 15:15:00,STATION_002,77.93
2026-02-23 15:30:00,STATION_002,79.01
2026-02-23 15:45:00,STATION_002,82.23
2026-02-23 16:00:00,STATION_002,86.9
2026-02-23 16:15:00,STATION_002,92.77
2026-02-23 16:30:00,STATION_002,5.0
2026-02-23 16:45:00,STATION_002,0.26
2026-02-23 17:00:00,STATION_002,4.39
2026-02-23 17:15:00,STATION_002,4.44
2026-02-23 17:30:00,STATION_002,9.01
2026-02-23 17:45:00,STATION_002,7.25
2026-02-23 18:00:00,STATION_002,7.87
2026-02-23 18:15:00,STATION_002,8.3
2026-02-23 18:30:00,STATION_002,11.1
2026-02-23 18:45:00,STATION_002,14.14
2026-02-23 19:00:00,STATION_002,19.92
2026-02-23 19:15:00,STATION_002,20.68
2026-02-23 19:30:00,STATION_002,24.21
2026-02-23 19:45:00,STATION_002,26.6
2026-02-23 20:00:00,STATION_002,28.81
2026-02-23 20:15:00,STATION_002,32.38
2026-02-23 20:30:00,STATION_002,33.08
2026-02-23 20:45:00,STATION_002,36.82
2026-02-23 21:00:00,STATION_002,39.59
2026-02-23 21:15:00,STATION_002,39.13
2026-02-23 21:30:00,STATION_002,39.63
2026-02-23 21:45:00,STATION_002,39.58
2026-02-23 22:00:00,STATION_002,44.23
2026-02-23 22:15:00,STATION_002,43.49
2026-02-23 22:30:00,STATION_002,43.43
2026-02-23 22:45:00,STATION_002,45.28
2026-02-23 23:00:00,STATION_002,47.16
2026-02-23 23:15:00,STATION_002,45.37
2026-02-23 23:30:00,STATION_002,43.45
2026-02-23 23:45:00,STATION_002,44.2
2026-02-24 00:00:00,STATION_002,42.22
2026-02-24 00:15:00,STATION_002,44.24
2026-02-24 00:30:00,STATION_002,45.45
2026-02-24 00:45:00,STATION_002,46.99
2026-02-24 01:00:00,STATION_002,47.92
2026-02-24 01:15:00,STATION_002,47.37
2026-02-24 01:30:00,STATION_002,49.15
2026-02-24 01:45:00,STATION_002,50.94
2026-02-24 02:00:00,STATION_002,51.41
2026-02-24 02:15:00,STATION_002,52.94
2026-02-24 02:30:00,STATION_002,48.81
2026-02-24 02:45:00,STATION_002,50.48
2026-02-24 03:00:00,STATION_002,54.18
2026-02-24 03:15:00,STATION_002,55.54
2026-02-24 03:30:00,STATION_002,56.65
2026-02-24 03:45:00,STATION_002,59.12
2026-02-24 04:00:00,STATION_002,55.84
2026-02-24 04:15:00,STATION_002,53.94
2026-02-24 04:30:00,STATION_002,50.91
2026-02-24 04:45:00,STATION_002,52.15
2026-02-24 05:00:00,STATION_002,53.7
2026-02-24 05:15:00,STATION_002,53.72
2026-02-24 05:30:00,STATION_002,51.11
2026-02-24 05:45:00,STATION_002,46.92
2026-02-24 06:00:00,STATION_002,49.04
2026-02-24 06:15:00,STATION_002,47.26
2026-02-24 06:30:00,STATION_002,47.59
2026-02-24 06:45:00,STATION_002,47.03
2026-02-24 07:00:00,STATION_002,47.05
2026-02-24 07:15:00,STATION_002,50.34
2026-02-24 07:30:00,STATION_002,52.64
2026-02-24 07:45:00,STATION_002,57.49
2026-02-24 08:00:00,STATION_002,58.45
2026-02-24 08:15:00,STATION_002,58.55
2026-02-24 08:30:00,STATION_002,61.18
2026-02-24 08:45:00,STATION_002,61.8
2026-02-24 09:00:00,STATION_002,64.91
2026-02-24 09:15:00,STATION_002,65.21
2026-02-24 09:30:00,STATION_002,66.85
2026-02-24 09:45:00,STATION_002,67.71
2026-02-24 10:00:00,STATION_002,68.95
2026-02-24 10:15:00,STATION_002,67.39
2026-02-24 10:30:00,STATION_002,71.64
2026-02-24 10:45:00,STATION_002,73.21
2026-02-24 11:00:00,STATION_002,71.88
2026-02-24 11:15:00,STATION_002,78.11
2026-02-24 11:30:00,STATION_002,79.56
2026-02-24 11:45:00,STATION_002,77.31
2026-02-24 12:00:00,STATION_002,75.75
2026-02-24 12:15:00,STATION_002,79.11
2026-02-24 12:30:00,STATION_002,80.97
2026-02-24 12:45:00,STATION_002,87.14
2026-02-24 13:00:00,STATION_002,87.43
2026-02-24 13:15:00,STATION_002,91.0
2026-02-24 13:30:00,STATION_002,93.05
2026-02-24 13:45:00,STATION_002,5.0
2026-02-24 14:00:00,STATION_002,5.11
2026-02-24 14:15:00,STATION_002,3.14
2026-02-24 14:30:00,STATION_002,2.27
2026-02-24 14:45:00,STATION_002,3.57
2026-02-24 15:00:00,STATION_002,3.08
2026-02-24 15:15:00,STATION_002,3.91
2026-02-24 15:30:00,STATION_002,6.8
2026-02-24 15:45:00,STATION_002,8.42
2026-02-24 16:00:00,STATION_002,6.94
2026-02-24 16:15:00,STATION_002,8.99
2026-02-24 16:30:00,STATION_002,10.74
2026-02-24 16:45:00,STATION_002,14.27
2026-02-24 17:00:00,STATION_002,13.48
2026-02-24 17:15:00,STATION_002,13.88
2026-02-24 17:30:00,STATION_002,13.02
2026-02-24 17:45:00,STATION_002,15.12
2026-02-24 18:00:00,STATION_002,17.39
2026-02-24 18:15:00,STATION_002,23.29
2026-02-24 18:30:00,STATION_002,27.37
2026-02-24 18:45:00,STATION_002,26.46
2026-02-24 19:00:00,STATION_002,28.52
2026-02-24 19:15:00,STATION_002,34.86
2026-02-24 19:30:00,STATION_002,38.4
2026-02-24 19:45:00,STATION_002,42.24
2026-02-24 20:00:00,STATION_002,48.22
2026-02-24 20:15:00,STATION_002,52.11
2026-02-24 20:30:00,STATION_002,55.2
2026-02-24 20:45:00,STATION_002,60.15
2026-02-24 21:00:00,STATION_002,62.68
2026-02-24 21:15:00,STATION_002,62.72
2026-02-24 21:30:00,STATION_002,62.74
2026-02-24 21:45:00,STATION_002,65.36
2026-02-24 22:00:00,STATION_002,67.48
2026-02-24 22:15:00,STATION_002,66.4
2026-02-24 22:30:00,STATION_002,67.46
2026-02-24 22:45:00,STATION_002,67.26
2026-02-24 23:00:00,STATION_002,68.9
2026-02-24 23:15:00,STATION_002,71.16
2026-02-24 23:30:00,STATION_002,73.05
2026-02-24 23:45:00,STATION_002,75.97
2026-02-25 00:00:00,STATION_002,77.07
2026-02-25 00:15:00,STATION_002,80.2
2026-02-25 00:30:00,STATION_002,79.36
2026-02-25 00:45:00,STATION_002,81.49
2026-02-25 01:00:00,STATION_002,80.61
2026-02-25 01:15:00,STATION_002,84.89
2026-02-25 01:30:00,STATION_002,86.62
2026-02-25 01:45:00,STATION_002,88.49
2026-02-25 02:00:00,STATION_002,87.13
2026-02-25 02:15:00,STATION_002,84.58
2026-02-25 02:30:00,STATION_002,85.05
2026-02-25 02:45:00,STATION_002,87.83
2026-02-25 03:00:00,STATION_002,89.46
2026-02-25 03:15:00,STATION_002,91.31
2026-02-25 03:30:00,STATION_002,91.44
2026-02-25 03:45:00,STATION_002,92.37
2026-02-25 04:00:00,STATION_002,5.0
2026-02-25 04:15:00,STATION_002,6.93
2026-02-25 04:30:00,STATION_002,10.65
2026-02-25 04:45:00,STATION_002,11.07
2026-02-25 05:00:00,STATION_002,10.78
2026-02-25 05:15:00,STATION_002,10.46
2026-02-25 05:30:00,STATION_002,15.01
2026-02-25 05:45:00,STATION_002,17.94
2026-02-25 06:00:00,STATION_002,20.13
2026-02-25 06:15:00,STATION_002,18.84
2026-02-25 06:30:00,STATION_002,22.81
2026-02-25 06:45:00,STATION_002,24.69
2026-02-25 07:00:00,STATION_002,26.8
2026-02-25 07:15:00,STATION_002,30.59
2026-02-25 07:30:00,STATION_002,29.17
2026-02-25 07:45:00,STATION_002,30.84
2026-02-25 08:00:00,STATION_002,31.4
2026-02-25 08:15:00,STATION_002,32.9
2026-02-25 08:30:00,STATION_002,32.88
2026-02-25 08:45:00,STATION_002,35.13
2026-02-25 09:00:00,STATION_002,33.95
2026-02-25 09:15:00,STATION_002,34.67
2026-02-25 09:30:00,STATION_002,33.74
2026-02-25 09:45:00,STATION_002,33.57
2026-02-25 10:00:00,STATION_002,35.43
2026-02-25 10:15:00,STATION_002,39.84
2026-02-25 10:30:00,STATION_002,39.65
2026-02-25 10:45:00,STATION_002,41.74
2026-02-25 11:00:00,STATION_002,41.81
2026-02-25 11:15:00,STATION_002,44.44
2026-02-25 11:30:00,STATION_002,44.91
2026-02-25 11:45:00,STATION_002,46.77
2026-02-25 12:00:00,STATION_002,47.78
2026-02-25 12:15:00,STATION_002,51.65
2026-02-25 12:30:00,STATION_002,54.25
2026-02-25 12:45:00,STATION_002,60.81
2026-02-25 13:00:00,STATION_002,67.85
2026-02-25 13:15:00,STATION_002,70.74
2026-02-25 13:30:00,STATION_002,72.8
2026-02-25 13:45:00,STATION_002,74.88
2026-02-25 14:00:00,STATION_002,74.54
2026-02-25 14:15:00,STATION_002,73.36
2026-02-25 14:30:00,STATION_002,71.9
2026-02-25 14:45:00,STATION_002,73.33
2026-02-25 15:00:00,STATION_002,73.79
2026-02-25 15:15:00,STATION_002,75.01
2026-02-25 15:30:00,STATION_002,75.93
2026-02-25 15:45:00,STATION_002,74.6
2026-02-25 16:00:00,STATION_002,73.3
2026-02-25 16:15:00,STATION_002,74.01
2026-02-25 16:30:00,STATION_002,76.41
2026-02-25 16:45:00,STATION_002,76.05
2026-02-25 17:00:00,STATION_002,75.02
2026-02-25 17:15:00,STATION_002,76.32
2026-02-25 17:30:00,STATION_002,78.88
2026-02-25 17:45:00,STATION_002,82.27
2026-02-25 18:00:00,STATION_002,89.65
2026-02-25 18:15:00,STATION_002,93.92
2026-02-25 18:30:00,STATION_002,5.0
2026-02-25 18:45:00,STATION_002,7.76
2026-02-25 19:00:00,STATION_002,9.87
2026-02-25 19:15:00,STATION_002,12.03
2026-02-25 19:30:00,STATION_002,16.43
2026-02-25 19:45:00,STATION_002,19.33
2026-02-25 20:00:00,STATION_002,23.75
2026-02-25 20:15:00,STATION_002,26.89
2026-02-25 20:30:00,STATION_002,31.32
2026-02-25 20:45:00,STATION_002,35.84
2026-02-25 21:00:00,STATION_002,32.77
2026-02-25 21:15:00,STATION_002,30.38
2026-02-25 21:30:00,STATION_002,30.63
2026-02-25 21:45:00,STATION_002,33.92
2026-02-25 22:00:00,STATION_002,34.88
2026-02-25 22:15:00,STATION_002,35.87
2026-02-25 22:30:00,STATION_002,37.08
2026-02-25 22:45:00,STATION_002,36.78
2026-02-25 23:00:00,STATION_002,34.94
2026-02-25 23:15:00,STATION_002,35.68
2026-02-25 23:30:00,STATION_002,34.22
2026-02-25 23:45:00,STATION_002,36.86
2026-02-26 00:00:00,STATION_002,36.08
2026-02-26 00:15:00,STATION_002,34.14
2026-02-26 00:30:00,STATION_002,34.04
2026-02-26 00:45:00,STATION_002,31.66
2026-02-26 01:00:00,STATION_002,30.71
2026-02-26 01:15:00,STATION_002,34.65
2026-02-26 01:30:00,STATION_002,36.21
2026-02-26 01:45:00,STATION_002,42.21
2026-02-26 02:00:00,STATION_002,41.56
2026-02-26 02:15:00,STATION_002,44.08
2026-02-26 02:30:00,STATION_002,45.63
2026-02-26 02:45:00,STATION_002,49.24
2026-02-26 03:00:00,STATION_002,53.49
2026-02-26 03:15:00,STATION_002,54.89
2026-02-26 03:30:00,STATION_002,56.95
2026-02-26 03:45:00,STATION_002,57.5
2026-02-26 04:00:00,STATION_002,55.73
2026-02-26 04:15:00,STATION_002,54.68
2026-02-26 04:30:00,STATION_002,53.02
2026-02-26 04:45:00,STATION_002,55.17
2026-02-26 05:00:00,STATION_002,55.7
2026-02-26 05:15:00,STATION_002,56.89
2026-02-26 05:30:00,STATION_002,53.42
2026-02-26 05:45:00,STATION_002,53.44
2026-02-26 06:00:00,STATION_002,54.5
2026-02-26 06:15:00,STATION_002,56.97
2026-02-26 06:30:00,STATION_002,56.07
2026-02-26 06:45:00,STATION_002,56.87
2026-02-26 07:00:00,STATION_002,56.23
2026-02-26 07:15:00,STATION_002,58.11
2026-02-26 07:30:00,STATION_002,58.53
2026-02-26 07:45:00,STATION_002,62.18
2026-02-26 08:00:00,STATION_002,62.76
2026-02-26 08:15:00,STATION_002,67.52
2026-02-26 08:30:00,STATION_002,69.22
2026-02-26 08:45:00,STATION_002,71.08
2026-02-26 09:00:00,STATION_002,72.71
2026-02-26 09:15:00,STATION_002,74.31
2026-02-26 09:30:00,STATION_002,79.9
2026-02-26 09:45:00,STATION_002,81.89
2026-02-26 10:00:00,STATION_002,83.05
2026-02-26 10:15:00,STATION_002,83.88
2026-02-26 10:30:00,STATION_002,86.74
2026-02-26 10:45:00,STATION_002,87.9
2026-02-26 11:00:00,STATION_002,87.1
2026-02-26 11:15:00,STATION_002,87.58
2026-02-26 11:30:00,STATION_002,90.68
2026-02-26 11:45:00,STATION_002,93.08
2026-02-26 12:00:00,STATION_002,92.61
2026-02-26 12:15:00,STATION_002,92.55
2026-02-26 12:30:00,STATION_002,5.0
2026-02-26 12:45:00,STATION_002,4.14
2026-02-26 13:00:00,STATION_002,8.38
2026-02-26 13:15:00,STATION_002,13.28
2026-02-26 13:30:00,STATION_002,16.6
2026-02-26 13:45:00,STATION_002,22.12
2026-02-26 14:00:00,STATION_002,21.45
2026-02-26 14:15:00,STATION_002,21.2
2026-02-26 14:30:00,STATION_002,23.16
2026-02-26 14:45:00,STATION_002,21.98
2026-02-26 15:00:00,STATION_002,27.46
2026-02-26 15:15:00,STATION_002,30.07
2026-02-26 15:30:00,STATION_002,30.58
2026-02-26 15:45:00,STATION_002,29.59
2026-02-26 16:00:00,STATION_002,31.66
2026-02-26 16:15:00,STATION_002,31.28
2026-02-26 16:30:00,STATION_002,30.88
2026-02-26 16:45:00,STATION_002,36.17
2026-02-26 17:00:00,STATION_002,36.14
2026-02-26 17:15:00,STATION_002,36.87
2026-02-26 17:30:00,STATION_002,38.51
2026-02-26 17:45:00,STATION_002,35.32
2026-02-26 18:00:00,STATION_002,36.39
2026-02-26 18:15:00,STATION_002,36.76
2026-02-26 18:30:00,STATION_002,41.13
2026-02-26 18:45:00,STATION_002,41.67
2026-02-26 19:00:00,STATION_002,46.48
2026-02-26 19:15:00,STATION_002,54.23
2026-02-26 19:30:00,STATION_002,54.01
2026-02-26 19:45:00,STATION_002,57.78
2026-02-26 20:00:00,STATION_002,59.87
2026-02-26 20:15:00,STATION_002,66.18
2026-02-26 20:30:00,STATION_002,68.73
2026-02-26 20:45:00,STATION_002,73.86
2026-02-26 21:00:00,STATION_002,75.31
2026-02-26 21:15:00,STATION_002,77.75
2026-02-26 21:30:00,STATION_002,76.33
2026-02-26 21:45:00,STATION_002,75.92
2026-02-26 22:00:00,STATION_002,76.34
2026-02-26 22:15:00,STATION_002,76.65
2026-02-26 22:30:00,STATION_002,77.54
2026-02-26 22:45:00,STATION_002,79.63
2026-02-26 23:00:00,STATION_002,81.86
2026-02-26 23:15:00,STATION_002,84.46
2026-02-26 23:30:00,STATION_002,88.91
2026-02-26 23:45:00,STATION_002,89.86
2026-02-27 00:00:00,STATION_002,90.41
2026-02-27 00:15:00,STATION_002,89.17
2026-02-27 00:30:00,STATION_002,88.46
2026-02-27 00:45:00,STATION_002,90.44
2026-02-27 01:00:00,STATION_002,91.65
2026-02-27 01:15:00,STATION_002,89.48
2026-02-27 01:30:00,STATION_002,90.53
2026-02-27 01:45:00,STATION_002,90.54
2026-02-27 02:00:00,STATION_002,92.34
2026-02-27 02:15:00,STATION_002,5.0
2026-02-27 02:30:00,STATION_002,7.9
2026-02-27 02:45:00,STATION_002,9.33
2026-02-27 03:00:00,STATION_002,6.0
2026-02-27 03:15:00,STATION_002,10.4
2026-02-27 03:30:00,STATION_002,8.32
2026-02-27 03:45:00,STATION_002,13.2
2026-02-27 04:00:00,STATION_002,14.99
2026-02-27 04:15:00,STATION_002,17.66
2026-02-27 04:30:00,STATION_002,19.14
2026-02-27 04:45:00,STATION_002,20.1
2026-02-27 05:00:00,STATION_002,20.19
2026-02-27 05:15:00,STATION_002,25.43
2026-02-27 05:30:00,STATION_002,29.86
2026-02-27 05:45:00,STATION_002,31.53
2026-02-27 06:00:00,STATION_002,32.8
2026-02-27 06:15:00,STATION_002,33.89
2026-02-27 06:30:00,STATION_002,32.25
2026-02-27 06:45:00,STATION_002,36.84
2026-02-27 07:00:00,STATION_002,37.92
2026-02-27 07:15:00,STATION_002,42.08
2026-02-27 07:30:00,STATION_002,43.77
2026-02-27 07:45:00,STATION_002,40.18
2026-02-27 08:00:00,STATION_002,45.8
2026-02-27 08:15:00,STATION_002,46.4
2026-02-27 08:30:00,STATION_002,44.84
2026-02-27 08:45:00,STATION_002,43.83
2026-02-27 09:00:00,STATION_002,44.78
2026-02-27 09:15:00,STATION_002,45.28
2026-02-27 09:30:00,STATION_002,46.22
2026-02-27 09:45:00,STATION_002,45.02
2026-02-27 10:00:00,STATION_002,46.88
2026-02-27 10:15:00,STATION_002,44.79
2026-02-27 10:30:00,STATION_002,45.55
2026-02-27 10:45:00,STATION_002,48.96
2026-02-27 11:00:00,STATION_002,46.99
2026-02-27 11:15:00,STATION_002,46.69
2026-02-27 11:30:00,STATION_002,45.81
2026-02-27 11:45:00,STATION_002,42.75
2026-02-27 12:00:00,STATION_002,45.35
2026-02-27 12:15:00,STATION_002,49.9
2026-02-27 12:30:00,STATION_002,50.2
2026-02-27 12:45:00,STATION_002,54.35
2026-02-27 13:00:00,STATION_002,55.88
2026-02-27 13:15:00,STATION_002,59.52
2026-02-27 13:30:00,STATION_002,64.46
2026-02-27 13:45:00,STATION_002,68.75
2026-02-27 14:00:00,STATION_002,69.13
2026-02-27 14:15:00,STATION_002,71.19
2026-02-27 14:30:00,STATION_002,75.05
2026-02-27 14:45:00,STATION_002,80.84
2026-02-27 15:00:00,STATION_002,79.68
2026-02-27 15:15:00,STATION_002,80.46
2026-02-27 15:30:00,STATION_002,79.57
2026-02-27 15:45:00,STATION_002,78.14
2026-02-27 16:00:00,STATION_002,79.63
2026-02-27 16:15:00,STATION_002,78.11
2026-02-27 16:30:00,STATION_002,79.31
2026-02-27 16:45:00,STATION_002,80.79
2026-02-27 17:00:00,STATION_002,80.31
2026-02-27 17:15:00,STATION_002,81.15
2026-02-27 17:30:00,STATION_002,81.13
2026-02-27 17:45:00,STATION_002,80.75
2026-02-27 18:00:00,STATION_002,86.53
2026-02-27 18:15:00,STATION_002,90.99
2026-02-27 18:30:00,STATION_002,89.11
2026-02-27 18:45:00,STATION_002,5.0
2026-02-27 19:00:00,STATION_002,8.31
2026-02-27 19:15:00,STATION_002,7.86
2026-02-27 19:30:00,STATION_002,9.43
2026-02-27 19:45:00,STATION_002,14.78
2026-02-27 20:00:00,STATION_002,19.04
2026-02-27 20:15:00,STATION_002,22.15
2026-02-27 20:30:00,STATION_002,24.51
2026-02-27 20:45:00,STATION_002,27.64
2026-02-27 21:00:00,STATION_002,27.51
2026-02-27 21:15:00,STATION_002,28.41
2026-02-27 21:30:00,STATION_002,28.12
2026-02-27 21:45:00,STATION_002,29.69
2026-02-27 22:00:00,STATION_002,31.79
2026-02-27 22:15:00,STATION_002,31.73
2026-02-27 22:30:00,STATION_002,32.74
2026-02-27 22:45:00,STATION_002,28.0
2026-02-27 23:00:00,STATION_002,26.64
2026-02-27 23:15:00,STATION_002,23.19
2026-02-27 23:30:00,STATION_002,23.83
2026-02-27 23:45:00,STATION_002,21.72
2026-02-28 00:00:00,STATION_002,24.81
2026-02-28 00:15:00,STATION_002,26.71
2026-02-28 00:30:00,STATION_002,31.28
2026-02-28 00:45:00,STATION_002,32.57
2026-02-28 01:00:00,STATION_002,37.17
2026-02-28 01:15:00,STATION_002,36.08
2026-02-28 01:30:00,STATION_002,36.38
2026-02-28 01:45:00,STATION_002,37.17
2026-02-28 02:00:00,STATION_002,36.01
2026-02-28 02:15:00,STATION_002,35.18
2026-02-28 02:30:00,STATION_002,35.95
2026-02-28 02:45:00,STATION_002,35.03
2026-02-28 03:00:00,STATION_002,34.85
2026-02-28 03:15:00,STATION_002,38.64
2026-02-28 03:30:00,STATION_002,40.48
2026-02-28 03:45:00,STATION_002,42.93
2026-02-28 04:00:00,STATION_002,43.71
2026-02-28 04:15:00,STATION_002,44.84
2026-02-28 04:30:00,STATION_002,42.5
2026-02-28 04:45:00,STATION_002,40.99
2026-02-28 05:00:00,STATION_002,40.48
2026-02-28 05:15:00,STATION_002,41.54
2026-02-28 05:30:00,STATION_002,37.99
2026-02-28 05:45:00,STATION_002,37.53
2026-02-28 06:00:00,STATION_002,37.83
2026-02-28 06:15:00,STATION_002,38.25
2026-02-28 06:30:00,STATION_002,38.28
2026-02-28 06:45:00,STATION_002,38.8
2026-02-28 07:00:00,STATION_002,39.28
2026-02-28 07:15:00,STATION_002,39.02
2026-02-28 07:30:00,STATION_002,37.42
2026-02-28 07:45:00,STATION_002,38.99
2026-02-28 08:00:00,STATION_002,43.15
2026-02-28 08:15:00,STATION_002,46.39
2026-02-28 08:30:00,STATION_002,46.98
2026-02-28 08:45:00,STATION_002,48.85
2026-02-28 09:00:00,STATION_002,49.8
2026-02-28 09:15:00,STATION_002,49.29
2026-02-28 09:30:00,STATION_002,49.39
2026-02-28 09:45:00,STATION_002,51.93
2026-02-28 10:00:00,STATION_002,52.43
2026-02-28 10:15:00,STATION_002,51.42
2026-02-28 10:30:00,STATION_002,55.17
2026-02-28 10:45:00,STATION_002,58.11
2026-02-28 11:00:00,STATION_002,55.6
2026-02-28 11:15:00,STATION_002,53.95
2026-02-28 11:30:00,STATION_002,55.28
2026-02-28 11:45:00,STATION_002,53.89
2026-02-28 12:00:00,STATION_002,55.68
2026-02-28 12:15:00,STATION_002,60.89
2026-02-28 12:30:00,STATION_002,67.48
2026-02-28 12:45:00,STATION_002,69.9
2026-02-28 13:00:00,STATION_002,70.38
2026-02-28 13:15:00,STATION_002,72.57
2026-02-28 13:30:00,STATION_002,76.53
2026-02-28 13:45:00,STATION_002,77.81
2026-02-28 14:00:00,STATION_002,80.24
2026-02-28 14:15:00,STATION_002,80.49
2026-02-28 14:30:00,STATION_002,80.97
2026-02-28 14:45:00,STATION_002,84.73
2026-02-28 15:00:00,STATION_002,87.61
2026-02-28 15:15:00,STATION_002,89.13
2026-02-28 15:30:00,STATION_002,89.9
2026-02-28 15:45:00,STATION_002,91.35
2026-02-28 16:00:00,STATION_002,90.66
2026-02-28 16:15:00,STATION_002,88.17
2026-02-28 16:30:00,STATION_002,90.2
2026-02-28 16:45:00,STATION_002,89.74
2026-02-28 17:00:00,STATION_002,88.71
2026-02-28 17:15:00,STATION_002,89.41
2026-02-28 17:30:00,STATION_002,92.28
2026-02-28 17:45:00,STATION_002,92.84
2026-02-28 18:00:00,STATION_002,92.96
2026-02-28 18:15:00,STATION_002,5.0
2026-02-28 18:30:00,STATION_002,3.88
2026-02-28 18:45:00,STATION_002,6.58
2026-02-28 19:00:00,STATION_002,5.44
2026-02-28 19:15:00,STATION_002,6.59
2026-02-28 19:30:00,STATION_002,7.72
2026-02-28 19:45:00,STATION_002,9.91
2026-02-28 20:00:00,STATION_002,12.11
2026-02-28 20:15:00,STATION_002,12.5
2026-02-28 20:30:00,STATION_002,13.44
2026-02-28 20:45:00,STATION_002,16.15
2026-02-28 21:00:00,STATION_002,20.84
2026-02-28 21:15:00,STATION_002,22.76
2026-02-28 21:30:00,STATION_002,27.03
2026-02-28 21:45:00,STATION_002,26.54
2026-02-28 22:00:00,STATION_002,27.27
2026-02-28 22:15:00,STATION_002,27.98
2026-02-28 22:30:00,STATION_002,27.23
2026-02-28 22:45:00,STATION_002,28.47
2026-02-28 23:00:00,STATION_002,32.03
2026-02-28 23:15:00,STATION_002,32.62
2026-02-28 23:30:00,STATION_002,34.99
2026-02-28 23:45:00,STATION_002,35.11
2026-03-01 00:00:00,STATION_002,35.74
2026-03-01 00:15:00,STATION_002,34.15
2026-03-01 00:30:00,STATION_002,31.04
2026-03-01 00:45:00,STATION_002,30.9
2026-03-01 01:00:00,STATION_002,32.27
2026-03-01 01:15:00,STATION_002,34.73
2026-03-01 01:30:00,STATION_002,37.75
2026-03-01 01:45:00,STATION_002,36.91
2026-03-01 02:00:00,STATION_002,38.95
2026-03-01 02:15:00,STATION_002,42.02
2026-03-01 02:30:00,STATION_002,47.06
2026-03-01 02:45:00,STATION_002,47.52
2026-03-01 03:00:00,STATION_002,54.87
2026-03-01 03:15:00,STATION_002,56.02
2026-03-01 03:30:00,STATION_002,58.67
2026-03-01 03:45:00,STATION_002,57.06
2026-03-01 04:00:00,STATION_002,58.08
2026-03-01 04:15:00,STATION_002,56.71
2026-03-01 04:30:00,STATION_002,59.72
2026-03-01 04:45:00,STATION_002,61.38
2026-03-01 05:00:00,STATION_002,62.96
2026-03-01 05:15:00,STATION_002,63.0
2026-03-01 05:30:00,STATION_002,66.68
2026-03-01 05:45:00,STATION_002,63.63
2026-03-01 06:00:00,STATION_002,63.17
2026-03-01 06:15:00,STATION_002,63.56
2026-03-01 06:30:00,STATION_002,64.96
2026-03-01 06:45:00,STATION_002,66.95
2026-03-01 07:00:00,STATION_002,67.75
2026-03-01 07:15:00,STATION_002,68.46
2026-03-01 07:30:00,STATION_002,67.88
2026-03-01 07:45:00,STATION_002,67.56
2026-03-01 08:00:00,STATION_002,68.13
2026-03-01 08:15:00,STATION_002,65.9
2026-03-01 08:30:00,STATION_002,66.64
2026-03-01 08:45:00,STATION_002,69.77
2026-03-01 09:00:00,STATION_002,73.22
2026-03-01 09:15:00,STATION_002,74.44
2026-03-01 09:30:00,STATION_002,78.63
2026-03-01 09:45:00,STATION_002,81.48
2026-03-01 10:00:00,STATION_002,82.91
2026-03-01 10:15:00,STATION_002,84.55
2026-03-01 10:30:00,STATION_002,82.45
2026-03-01 10:45:00,STATION_002,82.62
2026-03-01 11:00:00,STATION_002,81.4
2026-03-01 11:15:00,STATION_002,81.49
2026-03-01 11:30:00,STATION_002,86.01
2026-03-01 11:45:00,STATION_002,85.44
2026-03-01 12:00:00,STATION_002,88.49
2026-03-01 12:15:00,STATION_002,93.67
2026-03-01 12:30:00,STATION_002,5.0
2026-03-01 12:45:00,STATION_002,6.61
2026-03-01 13:00:00,STATION_002,10.33
2026-03-01 13:15:00,STATION_002,13.03
2026-03-01 13:30:00,STATION_002,14.78
2026-03-01 13:45:00,STATION_002,19.08
2026-03-01 14:00:00,STATION_002,21.54
2026-03-01 14:15:00,STATION_002,19.71
2026-03-01 14:30:00,STATION_002,21.92
2026-03-01 14:45:00,STATION_002,23.2
2026-03-01 15:00:00,STATION_002,24.91
2026-03-01 15:15:00,STATION_002,23.18
2026-03-01 15:30:00,STATION_002,22.31
2026-03-01 15:45:00,STATION_002,23.61
2026-03-01 16:00:00,STATION_002,22.51
2026-03-01 16:15:00,STATION_002,16.96
2026-03-01 16:30:00,STATION_002,16.61
2026-03-01 16:45:00,STATION_002,15.67
2026-03-01 17:00:00,STATION_002,15.77
2026-03-01 17:15:00,STATION_002,15.07
2026-03-01 17:30:00,STATION_002,13.35
2026-03-01 17:45:00,STATION_002,16.26
2026-03-01 18:00:00,STATION_002,18.56
2026-03-01 18:15:00,STATION_002,18.57
2026-03-01 18:30:00,STATION_002,18.37
2026-03-01 18:45:00,STATION_002,20.78
2026-03-01 19:00:00,STATION_002,22.74
2026-03-01 19:15:00,STATION_002,22.47
2026-03-01 19:30:00,STATION_002,24.73
2026-03-01 19:45:00,STATION_002,26.92
2026-03-01 20:00:00,STATION_002,28.32
2026-03-01 20:15:00,STATION_002,32.34
2026-03-01 20:30:00,STATION_002,32.57
2026-03-01 20:45:00,STATION_002,34.85
2026-03-01 21:00:00,STATION_002,37.39
2026-03-01 21:15:00,STATION_002,37.6
2026-03-01 21:30:00,STATION_002,39.71
2026-03-01 21:45:00,STATION_002,38.94
2026-03-01 22:00:00,STATION_002,42.35
2026-03-01 22:15:00,STATION_002,41.08
2026-03-01 22:30:00,STATION_002,44.08
2026-03-01 22:45:00,STATION_002,43.28
2026-03-01 23:00:00,STATION_002,41.68
2026-03-01 23:15:00,STATION_002,41.57
2026-03-01 23:30:00,STATION_002,40.75
2026-03-01 23:45:00,STATION_002,39.81
2026-03-02 00:00:00,STATION_002,40.17
2026-03-02 00:15:00,STATION_002,39.51
2026-03-02 00:30:00,STATION_002,38.94
2026-03-02 00:45:00,STATION_002,38.85
2026-03-02 01:00:00,STATION_002,39.53
2026-03-02 01:15:00,STATION_002,38.96
2026-03-02 01:30:00,STATION_002,42.48
2026-03-02 01:45:00,STATION_002,43.43
2026-03-02 02:00:00,STATION_002,42.65
2026-03-02 02:15:00,STATION_002,40.2
2026-03-02 02:30:00,STATION_002,41.78
2026-03-02 02:45:00,STATION_002,43.96
2026-03-02 03:00:00,STATION_002,44.69
2026-03-02 03:15:00,STATION_002,49.94
2026-03-02 03:30:00,STATION_002,52.2
2026-03-02 03:45:00,STATION_002,54.02
2026-03-02 04:00:00,STATION_002,54.21
2026-03-02 04:15:00,STATION_002,58.82
2026-03-02 04:30:00,STATION_002,58.5
2026-03-02 04:45:00,STATION_002,60.96
2026-03-02 05:00:00,STATION_002,63.36
2026-03-02 05:15:00,STATION_002,64.15
2026-03-02 05:30:00,STATION_002,69.03
2026-03-02 05:45:00,STATION_002,69.71
2026-03-02 06:00:00,STATION_002,67.89
2026-03-02 06:15:00,STATION_002,69.25
2026-03-02 06:30:00,STATION_002,71.66
2026-03-02 06:45:00,STATION_002,71.06
2026-03-02 07:00:00,STATION_002,75.63
2026-03-02 07:15:00,STATION_002,76.53
2026-03-02 07:30:00,STATION_002,78.94
2026-03-02 07:45:00,STATION_002,74.89
2026-03-02 08:00:00,STATION_002,74.05
2026-03-02 08:15:00,STATION_002,77.69
2026-03-02 08:30:00,STATION_002,82.17
2026-03-02 08:45:00,STATION_002,82.17
2026-03-02 09:00:00,STATION_002,85.33
2026-03-02 09:15:00,STATION_002,87.31
2026-03-02 09:30:00,STATION_002,87.37
2026-03-02 09:45:00,STATION_002,90.18
2026-03-02 10:00:00,STATION_002,89.93
2026-03-02 10:15:00,STATION_002,94.55
2026-03-02 10:30:00,STATION_002,93.86
2026-03-02 10:45:00,STATION_002,5.0
2026-03-02 11:00:00,STATION_002,5.64
2026-03-02 11:15:00,STATION_002,8.06
2026-03-02 11:30:00,STATION_002,8.81
2026-03-02 11:45:00,STATION_002,7.33
2026-03-02 12:00:00,STATION_002,9.64
2026-03-02 12:15:00,STATION_002,12.72
2026-03-02 12:30:00,STATION_002,16.12
2026-03-02 12:45:00,STATION_002,19.14
2026-03-02 13:00:00,STATION_002,24.25
2026-03-02 13:15:00,STATION_002,28.56
2026-03-02 13:30:00,STATION_002,31.45
2026-03-02 13:45:00,STATION_002,34.7
2026-03-02 14:00:00,STATION_002,39.97
2026-03-02 14:15:00,STATION_002,42.43
2026-03-02 14:30:00,STATION_002,44.23
2026-03-02 14:45:00,STATION_002,48.61
2026-03-02 15:00:00,STATION_002,49.23
2026-03-02 15:15:00,STATION_002,51.41
2026-03-02 15:30:00,STATION_002,52.89
2026-03-02 15:45:00,STATION_002,55.04
2026-03-02 16:00:00,STATION_002,56.85
2026-03-02 16:15:00,STATION_002,56.82
2026-03-02 16:30:00,STATION_002,59.7
2026-03-02 16:45:00,STATION_002,56.85
2026-03-02 17:00:00,STATION_002,54.93
2026-03-02 17:15:00,STATION_002,57.79
2026-03-02 17:30:00,STATION_002,58.07
2026-03-02 17:45:00,STATION_002,58.23
2026-03-02 18:00:00,STATION_002,62.14
2026-03-02 18:15:00,STATION_002,62.69
2026-03-02 18:30:00,STATION_002,65.8
2026-03-02 18:45:00,STATION_002,66.2
2026-03-02 19:00:00,STATION_002,66.13
2026-03-02 19:15:00,STATION_002,65.41
2026-03-02 19:30:00,STATION_002,65.37
2026-03-02 19:45:00,STATION_002,68.17
2026-03-02 20:00:00,STATION_002,70.98
2026-03-02 20:15:00,STATION_002,73.88
2026-03-02 20:30:00,STATION_002,75.39
2026-03-02 20:45:00,STATION_002,78.26
2026-03-02 21:00:00,STATION_002,81.29
2026-03-02 21:15:00,STATION_002,82.8
2026-03-02 21:30:00,STATION_002,82.41
2026-03-02 21:45:00,STATION_002,82.88
2026-03-02 22:00:00,STATION_002,81.38
2026-03-02 22:15:00,STATION_002,83.88
2026-03-02 22:30:00,STATION_002,83.04
2026-03-02 22:45:00,STATION_002,87.2
2026-03-02 23:00:00,STATION_002,89.37
2026-03-02 23:15:00,STATION_002,90.24
2026-03-02 23:30:00,STATION_002,91.45
2026-03-02 23:45:00,STATION_002,94.09
2026-03-03 00:00:00,STATION_002,91.19
2026-03-03 00:15:00,STATION_002,92.81
2026-03-03 00:30:00,STATION_002,89.19
2026-03-03 00:45:00,STATION_002,88.51
2026-03-03 01:00:00,STATION_002,89.61
2026-03-03 01:15:00,STATION_002,90.56
2026-03-03 01:30:00,STATION_002,92.13
2026-03-03 01:45:00,STATION_002,90.38
2026-03-03 02:00:00,STATION_002,91.5
2026-03-03 02:15:00,STATION_002,91.05
2026-03-03 02:30:00,STATION_002,94.0
2026-03-03 02:45:00,STATION_002,5.0
2026-03-03 03:00:00,STATION_002,4.09
2026-03-03 03:15:00,STATION_002,7.61
2026-03-03 03:30:00,STATION_002,9.5
2026-03-03 03:45:00,STATION_002,11.26
2026-03-03 04:00:00,STATION_002,13.35
2026-03-03 04:15:00,STATION_002,14.13
2026-03-03 04:30:00,STATION_002,13.56
2026-03-03 04:45:00,STATION_002,11.64
2026-03-03 05:00:00,STATION_002,10.83
2026-03-03 05:15:00,STATION_002,10.35
2026-03-03 05:30:00,STATION_002,9.39
2026-03-03 05:45:00,STATION_002,6.9
2026-03-03 06:00:00,STATION_002,9.95
2026-03-03 06:15:00,STATION_002,14.78
2026-03-03 06:30:00,STATION_002,13.05
2026-03-03 06:45:00,STATION_002,15.67
2026-03-03 07:00:00,STATION_002,19.45
2026-03-03 07:15:00,STATION_002,21.65
2026-03-03 07:30:00,STATION_002,21.38
2026-03-03 07:45:00,STATION_002,23.73
2026-03-03 08:00:00,STATION_002,24.44
2026-03-03 08:15:00,STATION_002,24.98
2026-03-03 08:30:00,STATION_002,22.85
2026-03-03 08:45:00,STATION_002,21.73
2026-03-03 09:00:00,STATION_002,26.2
2026-03-03 09:15:00,STATION_002,24.93
2026-03-03 09:30:00,STATION_002,23.59
2026-03-03 09:45:00,STATION_002,21.08
2026-03-03 10:00:00,STATION_002,20.78
2026-03-03 10:15:00,STATION_002,21.14
2026-03-03 10:30:00,STATION_002,21.28
2026-03-03 10:45:00,STATION_002,21.37
2026-03-03 11:00:00,STATION_002,20.92
2026-03-03 11:15:00,STATION_002,18.57
2026-03-03 11:30:00,STATION_002,15.41
2026-03-03 11:45:00,STATION_002,16.21
2026-03-03 12:00:00,STATION_002,19.74
2026-03-03 12:15:00,STATION_002,23.08
2026-03-03 12:30:00,STATION_002,25.63
2026-03-03 12:45:00,STATION_002,29.57
2026-03-03 13:00:00,STATION_002,32.86
2026-03-03 13:15:00,STATION_002,31.79
2026-03-03 13:30:00,STATION_002,30.09
2026-03-03 13:45:00,STATION_002,31.03
2026-03-03 14:00:00,STATION_002,34.63
2026-03-03 14:15:00,STATION_002,35.42
2026-03-03 14:30:00,STATION_002,38.29
2026-03-03 14:45:00,STATION_002,38.31
2026-03-03 15:00:00,STATION_002,35.5
2026-03-03 15:15:00,STATION_002,38.26
2026-03-03 15:30:00,STATION_002,38.29
2026-03-03 15:45:00,STATION_002,36.57
2026-03-03 16:00:00,STATION_002,37.72
2026-03-03 16:15:00,STATION_002,39.29
2026-03-03 16:30:00,STATION_002,39.77
2026-03-03 16:45:00,STATION_002,39.71
2026-03-03 17:00:00,STATION_002,41.68
2026-03-03 17:15:00,STATION_002,42.7
2026-03-03 17:30:00,STATION_002,42.0
2026-03-03 17:45:00,STATION_002,43.3
2026-03-03 18:00:00,STATION_002,48.32
2026-03-03 18:15:00,STATION_002,52.08
2026-03-03 18:30:00,STATION_002,56.04
2026-03-03 18:45:00,STATION_002,61.86
2026-03-03 19:00:00,STATION_002,63.23
2026-03-03 19:15:00,STATION_002,66.09
2026-03-03 19:30:00,STATION_002,67.4
2026-03-03 19:45:00,STATION_002,68.15
2026-03-03 20:00:00,STATION_002,72.81
2026-03-03 20:15:00,STATION_002,76.46
2026-03-03 20:30:00,STATION_002,78.84
2026-03-03 20:45:00,STATION_002,79.23
2026-03-03 21:00:00,STATION_002,82.09
2026-03-03 21:15:00,STATION_002,81.77
2026-03-03 21:30:00,STATION_002,82.1
2026-03-03 21:45:00,STATION_002,83.95
2026-03-03 22:00:00,STATION_002,84.85
2026-03-03 22:15:00,STATION_002,85.2
2026-03-03 22:30:00,STATION_002,82.91
2026-03-03 22:45:00,STATION_002,82.86
2026-03-03 23:00:00,STATION_002,81.41
2026-03-03 23:15:00,STATION_002,80.16
2026-03-03 23:30:00,STATION_002,79.04
2026-03-03 23:45:00,STATION_002,77.94
2026-03-04 00:00:00,STATION_002,77.78
2026-03-04 00:15:00,STATION_002,77.29
2026-03-04 00:30:00,STATION_002,79.11
2026-03-04 00:45:00,STATION_002,82.68
2026-03-04 01:00:00,STATION_002,80.5
2026-03-04 01:15:00,STATION_002,78.79
2026-03-04 01:30:00,STATION_002,83.79
2026-03-04 01:45:00,STATION_002,83.94
2026-03-04 02:00:00,STATION_002,79.55
2026-03-04 02:15:00,STATION_002,80.67
2026-03-04 02:30:00,STATION_002,83.28
2026-03-04 02:45:00,STATION_002,84.63
2026-03-04 03:00:00,STATION_002,86.75
2026-03-04 03:15:00,STATION_002,85.68
2026-03-04 03:30:00,STATION_002,85.92
2026-03-04 03:45:00,STATION_002,87.83
2026-03-04 04:00:00,STATION_002,88.86
2026-03-04 04:15:00,STATION_002,87.09
2026-03-04 04:30:00,STATION_002,88.11
2026-03-04 04:45:00,STATION_002,87.28
2026-03-04 05:00:00,STATION_002,91.94
2026-03-04 05:15:00,STATION_002,90.6
2026-03-04 05:30:00,STATION_002,92.6
2026-03-04 05:45:00,STATION_002,94.66
2026-03-04 06:00:00,STATION_002,94.84
2026-03-04 06:15:00,STATION_002,91.44
2026-03-04 06:30:00,STATION_002,94.03
2026-03-04 06:45:00,STATION_002,94.78
2026-03-04 07:00:00,STATION_002,94.42
2026-03-04 07:15:00,STATION_002,91.09
2026-03-04 07:30:00,STATION_002,89.97
2026-03-04 07:45:00,STATION_002,90.74
2026-03-04 08:00:00,STATION_002,93.42
2026-03-04 08:15:00,STATION_002,92.99
2026-03-04 08:30:00,STATION_002,94.44
2026-03-04 08:45:00,STATION_002,5.0
2026-03-04 09:00:00,STATION_002,7.94
2026-03-04 09:15:00,STATION_002,7.12
2026-03-04 09:30:00,STATION_002,9.27
2026-03-04 09:45:00,STATION_002,8.79
2026-03-04 10:00:00,STATION_002,9.32
2026-03-04 10:15:00,STATION_002,7.15
2026-03-04 10:30:00,STATION_002,8.75
2026-03-04 10:45:00,STATION_002,11.26
2026-03-04 11:00:00,STATION_002,9.57
2026-03-04 11:15:00,STATION_002,9.1
2026-03-04 11:30:00,STATION_002,12.62
2026-03-04 11:45:00,STATION_002,14.44
2026-03-04 12:00:00,STATION_002,19.56
2026-03-04 12:15:00,STATION_002,21.29
2026-03-04 12:30:00,STATION_002,25.82
2026-03-04 12:45:00,STATION_002,27.93
2026-03-04 13:00:00,STATION_002,32.12
2026-03-04 13:15:00,STATION_002,34.78
2026-03-04 13:30:00,STATION_002,41.19
2026-03-04 13:45:00,STATION_002,47.53
2026-03-04 14:00:00,STATION_002,50.24
2026-03-04 14:15:00,STATION_002,46.28
2026-03-04 14:30:00,STATION_002,53.05
2026-03-04 14:45:00,STATION_002,53.58
2026-03-04 15:00:00,STATION_002,53.11
2026-03-04 15:15:00,STATION_002,55.94
2026-03-04 15:30:00,STATION_002,56.4
2026-03-04 15:45:00,STATION_002,54.64
2026-03-04 16:00:00,STATION_002,55.12
2026-03-04 16:15:00,STATION_002,55.18
2026-03-04 16:30:00,STATION_002,55.27
2026-03-04 16:45:00,STATION_002,56.98
2026-03-04 17:00:00,STATION_002,56.14
2026-03-04 17:15:00,STATION_002,61.47
2026-03-04 17:30:00,STATION_002,62.62
2026-03-04 17:45:00,STATION_002,64.14
2026-03-04 18:00:00,STATION_002,65.2
2026-03-04 18:15:00,STATION_002,72.66
2026-03-04 18:30:00,STATION_002,76.62
2026-03-04 18:45:00,STATION_002,78.87
2026-03-04 19:00:00,STATION_002,81.94
2026-03-04 19:15:00,STATION_002,82.42
2026-03-04 19:30:00,STATION_002,87.26
2026-03-04 19:45:00,STATION_002,89.55
2026-03-04 20:00:00,STATION_002,94.68
2026-03-04 20:15:00,STATION_002,5.0
2026-03-04 20:30:00,STATION_002,12.17
2026-03-04 20:45:00,STATION_002,16.43
2026-03-04 21:00:00,STATION_002,15.6
2026-03-04 21:15:00,STATION_002,16.59
2026-03-04 21:30:00,STATION_002,17.6
2026-03-04 21:45:00,STATION_002,16.64
2026-03-04 22:00:00,STATION_002,17.66
2026-03-04 22:15:00,STATION_002,14.86
2026-03-04 22:30:00,STATION_002,16.87
2026-03-04 22:45:00,STATION_002,18.88
2026-03-04 23:00:00,STATION_002,19.14
2026-03-04 23:15:00,STATION_002,16.33
2026-03-04 23:30:00,STATION_002,14.94
2026-03-04 23:45:00,STATION_002,13.32
2026-03-05 00:00:00,STATION_002,15.08
2026-03-05 00:15:00,STATION_002,17.03
2026-03-05 00:30:00,STATION_002,12.87
2026-03-05 00:45:00,STATION_002,11.4
2026-03-05 01:00:00,STATION_002,11.67
2026-03-05 01:15:00,STATION_002,12.36
2026-03-05 01:30:00,STATION_002,14.74
2026-03-05 01:45:00,STATION_002,17.11
2026-03-05 02:00:00,STATION_002,19.44
2026-03-05 02:15:00,STATION_002,18.24
2026-03-05 02:30:00,STATION_002,17.03
2026-03-05 02:45:00,STATION_002,19.06
2026-03-05 03:00:00,STATION_002,21.91
2026-03-05 03:15:00,STATION_002,20.34
2026-03-05 03:30:00,STATION_002,21.92
2026-03-05 03:45:00,STATION_002,23.92
2026-03-05 04:00:00,STATION_002,23.57
2026-03-05 04:15:00,STATION_002,26.83
2026-03-05 04:30:00,STATION_002,26.51
2026-03-05 04:45:00,STATION_002,29.49
2026-03-05 05:00:00,STATION_002,30.37
2026-03-05 05:15:00,STATION_002,33.92
2026-03-05 05:30:00,STATION_002,38.28
2026-03-05 05:45:00,STATION_002,39.2
2026-03-05 06:00:00,STATION_002,39.81
2026-03-05 06:15:00,STATION_002,40.89
2026-03-05 06:30:00,STATION_002,40.48
2026-03-05 06:45:00,STATION_002,41.02
2026-03-05 07:00:00,STATION_002,44.33
2026-03-05 07:15:00,STATION_002,45.83
2026-03-05 07:30:00,STATION_002,49.81
2026-03-05 07:45:00,STATION_002,51.74
2026-03-05 08:00:00,STATION_002,55.82
2026-03-05 08:15:00,STATION_002,56.5
2026-03-05 08:30:00,STATION_002,59.06
2026-03-05 08:45:00,STATION_002,58.63
2026-03-05 09:00:00,STATION_002,61.01
2026-03-05 09:15:00,STATION_002,62.36
2026-03-05 09:30:00,STATION_002,60.97
2026-03-05 09:45:00,STATION_002,61.77
2026-03-05 10:00:00,STATION_002,63.15
2026-03-05 10:15:00,STATION_002,67.3
2026-03-05 10:30:00,STATION_002,72.12
2026-03-05 10:45:00,STATION_002,69.69
2026-03-05 11:00:00,STATION_002,70.67
2026-03-05 11:15:00,STATION_002,70.16
2026-03-05 11:30:00,STATION_002,74.77
2026-03-05 11:45:00,STATION_002,76.64
2026-03-05 12:00:00,STATION_002,79.89
2026-03-05 12:15:00,STATION_002,80.02
2026-03-05 12:30:00,STATION_002,83.18
2026-03-05 12:45:00,STATION_002,89.21
2026-03-05 13:00:00,STATION_002,94.53
2026-03-05 13:15:00,STATION_002,5.0
2026-03-05 13:30:00,STATION_002,6.97
2026-03-05 13:45:00,STATION_002,12.71
2026-03-05 14:00:00,STATION_002,17.69
2026-03-05 14:15:00,STATION_002,19.32
2026-03-05 14:30:00,STATION_002,18.21
2026-03-05 14:45:00,STATION_002,17.44
2026-03-05 15:00:00,STATION_002,18.12
2026-03-05 15:15:00,STATION_002,19.57
2026-03-05 15:30:00,STATION_002,17.36
2026-03-05 15:45:00,STATION_002,18.07
2026-03-05 16:00:00,STATION_002,18.55
2026-03-05 16:15:00,STATION_002,19.33
2026-03-05 16:30:00,STATION_002,20.69
2026-03-05 16:45:00,STATION_002,20.67
2026-03-05 17:00:00,STATION_002,23.49
2026-03-05 17:15:00,STATION_002,25.69
2026-03-05 17:30:00,STATION_002,27.45
2026-03-05 17:45:00,STATION_002,28.53
2026-03-05 18:00:00,STATION_002,34.75
2026-03-05 18:15:00,STATION_002,38.04
2026-03-05 18:30:00,STATION_002,39.9
2026-03-05 18:45:00,STATION_002,41.9
2026-03-05 19:00:00,STATION_002,46.72
2026-03-05 19:15:00,STATION_002,50.65
2026-03-05 19:30:00,STATION_002,53.47
2026-03-05 19:45:00,STATION_002,54.87
2026-03-05 20:00:00,STATION_002,60.8
2026-03-05 20:15:00,STATION_002,66.54
2026-03-05 20:30:00,STATION_002,67.97
2026-03-05 20:45:00,STATION_002,69.87
2026-03-05 21:00:00,STATION_002,68.96
2026-03-05 21:15:00,STATION_002,70.23
2026-03-05 21:30:00,STATION_002,72.53
2026-03-05 21:45:00,STATION_002,72.18
2026-03-05 22:00:00,STATION_002,75.15
2026-03-05 22:15:00,STATION_002,73.45
2026-03-05 22:30:00,STATION_002,72.81
2026-03-05 22:45:00,STATION_002,69.25
2026-03-05 23:00:00,STATION_002,72.99
2026-03-05 23:15:00,STATION_002,74.1
2026-03-05 23:30:00,STATION_002,71.94
2026-03-05 23:45:00,STATION_002,72.89
2026-03-06 00:00:00,STATION_002,74.34
2026-03-06 00:15:00,STATION_002,74.16
2026-03-06 00:30:00,STATION_002,75.66
2026-03-06 00:45:00,STATION_002,75.12
2026-03-06 01:00:00,STATION_002,77.81
2026-03-06 01:15:00,STATION_002,78.87
2026-03-06 01:30:00,STATION_002,81.32
2026-03-06 01:45:00,STATION_002,84.88
2026-03-06 02:00:00,STATION_002,83.18
2026-03-06 02:15:00,STATION_002,85.17
2026-03-06 02:30:00,STATION_002,85.35
2026-03-06 02:45:00,STATION_002,84.79
2026-03-06 03:00:00,STATION_002,83.8
2026-03-06 03:15:00,STATION_002,82.69
2026-03-06 03:30:00,STATION_002,84.61
2026-03-06 03:45:00,STATION_002,85.48
2026-03-06 04:00:00,STATION_002,88.8
2026-03-06 04:15:00,STATION_002,90.06
2026-03-06 04:30:00,STATION_002,90.23
2026-03-06 04:45:00,STATION_002,90.28
2026-03-06 05:00:00,STATION_002,93.76
2026-03-06 05:15:00,STATION_002,93.68
2026-03-06 05:30:00,STATION_002,5.0
2026-03-06 05:45:00,STATION_002,5.0
2026-03-06 06:00:00,STATION_002,7.08
2026-03-06 06:15:00,STATION_002,9.63
2026-03-06 06:30:00,STATION_002,8.13
2026-03-06 06:45:00,STATION_002,8.07
2026-03-06 07:00:00,STATION_002,6.31
2026-03-06 07:15:00,STATION_002,7.55
2026-03-06 07:30:00,STATION_002,8.73
2026-03-06 07:45:00,STATION_002,9.14
2026-03-06 08:00:00,STATION_002,9.66
2026-03-06 08:15:00,STATION_002,11.62
2026-03-06 08:30:00,STATION_002,14.98
2026-03-06 08:45:00,STATION_002,16.55
2026-03-06 09:00:00,STATION_002,18.96
2026-03-06 09:15:00,STATION_002,17.14
2026-03-06 09:30:00,STATION_002,19.87
2026-03-06 09:45:00,STATION_002,22.27
2026-03-06 10:00:00,STATION_002,21.53
2026-03-06 10:15:00,STATION_002,23.27
2026-03-06 10:30:00,STATION_002,23.67
2026-03-06 10:45:00,STATION_002,24.65
2026-03-06 11:00:00,STATION_002,26.82
2026-03-06 11:15:00,STATION_002,24.59
2026-03-06 11:30:00,STATION_002,25.29
2026-03-06 11:45:00,STATION_002,30.46
2026-03-06 12:00:00,STATION_002,35.5
2026-03-06 12:15:00,STATION_002,40.18
2026-03-06 12:30:00,STATION_002,44.12
2026-03-06 12:45:00,STATION_002,47.08
2026-03-06 13:00:00,STATION_002,52.35
2026-03-06 13:15:00,STATION_002,56.81
2026-03-06 13:30:00,STATION_002,59.07
2026-03-06 13:45:00,STATION_002,59.15
2026-03-06 14:00:00,STATION_002,59.9
2026-03-06 14:15:00,STATION_002,59.32
2026-03-06 14:30:00,STATION_002,62.67
2026-03-06 14:45:00,STATION_002,65.6
2026-03-06 15:00:00,STATION_002,65.88
2026-03-06 15:15:00,STATION_002,67.38
2026-03-06 15:30:00,STATION_002,68.53
2026-03-06 15:45:00,STATION_002,69.43
2026-03-06 16:00:00,STATION_002,73.2
2026-03-06 16:15:00,STATION_002,75.64
2026-03-06 16:30:00,STATION_002,78.38
2026-03-06 16:45:00,STATION_002,84.61
2026-03-06 17:00:00,STATION_002,86.19
2026-03-06 17:15:00,STATION_002,85.47
2026-03-06 17:30:00,STATION_002,87.19
2026-03-06 17:45:00,STATION_002,88.63
2026-03-06 18:00:00,STATION_002,91.39
2026-03-06 18:15:00,STATION_002,94.7
2026-03-06 18:30:00,STATION_002,5.0
2026-03-06 18:45:00,STATION_002,8.69
2026-03-06 19:00:00,STATION_002,11.08
2026-03-06 19:15:00,STATION_002,17.07
2026-03-06 19:30:00,STATION_002,22.24
2026-03-06 19:45:00,STATION_002,28.49
2026-03-06 20:00:00,STATION_002,30.63
2026-03-06 20:15:00,STATION_002,36.51
2026-03-06 20:30:00,STATION_002,39.15
2026-03-06 20:45:00,STATION_002,40.35
2026-03-06 21:00:00,STATION_002,43.78
2026-03-06 21:15:00,STATION_002,45.54
2026-03-06 21:30:00,STATION_002,43.66
2026-03-06 21:45:00,STATION_002,45.96
2026-03-06 22:00:00,STATION_002,46.98
2026-03-06 22:15:00,STATION_002,48.77
2026-03-06 22:30:00,STATION_002,52.16
2026-03-06 22:45:00,STATION_002,51.88
2026-03-06 23:00:00,STATION_002,54.43
2026-03-06 23:15:00,STATION_002,54.08
2026-03-06 23:30:00,STATION_002,53.45
2026-03-06 23:45:00,STATION_002,56.44
2026-03-07 00:00:00,STATION_002,58.97
2026-03-07 00:15:00,STATION_002,61.48
2026-03-07 00:30:00,STATION_002,65.25
2026-03-07 00:45:00,STATION_002,65.98
2026-03-07 01:00:00,STATION_002,65.63
2026-03-07 01:15:00,STATION_002,63.85
2026-03-07 01:30:00,STATION_002,62.9
2026-03-07 01:45:00,STATION_002,65.32
2026-03-07 02:00:00,STATION_002,65.42
2026-03-07 02:15:00,STATION_002,68.73
2026-03-07 02:30:00,STATION_002,66.15
2026-03-07 02:45:00,STATION_002,67.47
2026-03-07 03:00:00,STATION_002,69.56
2026-03-07 03:15:00,STATION_002,70.21
2026-03-07 03:30:00,STATION_002,69.9
2026-03-07 03:45:00,STATION_002,74.08
2026-03-07 04:00:00,STATION_002,75.23
2026-03-07 04:15:00,STATION_002,76.0
2026-03-07 04:30:00,STATION_002,74.57
2026-03-07 04:45:00,STATION_002,75.07
2026-03-07 05:00:00,STATION_002,76.22
2026-03-07 05:15:00,STATION_002,77.61
2026-03-07 05:30:00,STATION_002,76.46
2026-03-07 05:45:00,STATION_002,76.59
2026-03-07 06:00:00,STATION_002,80.05
2026-03-07 06:15:00,STATION_002,80.57
2026-03-07 06:30:00,STATION_002,78.79
2026-03-07 06:45:00,STATION_002,78.69
2026-03-07 07:00:00,STATION_002,81.0
2026-03-07 07:15:00,STATION_002,82.42
2026-03-07 07:30:00,STATION_002,80.69
2026-03-07 07:45:00,STATION_002,80.59
2026-03-07 08:00:00,STATION_002,81.56
2026-03-07 08:15:00,STATION_002,82.44
2026-03-07 08:30:00,STATION_002,84.18
2026-03-07 08:45:00,STATION_002,85.63
2026-03-07 09:00:00,STATION_002,87.57
2026-03-07 09:15:00,STATION_002,87.75
2026-03-07 09:30:00,STATION_002,88.19
2026-03-07 09:45:00,STATION_002,88.06
2026-03-07 10:00:00,STATION_002,88.16
2026-03-07 10:15:00,STATION_002,86.98
2026-03-07 10:30:00,STATION_002,90.62
2026-03-07 10:45:00,STATION_002,90.32
2026-03-07 11:00:00,STATION_002,5.0
2026-03-07 11:15:00,STATION_002,5.29
2026-03-07 11:30:00,STATION_002,6.61
2026-03-07 11:45:00,STATION_002,9.45
2026-03-07 12:00:00,STATION_002,11.34
2026-03-07 12:15:00,STATION_002,9.35
2026-03-07 12:30:00,STATION_002,12.16
2026-03-07 12:45:00,STATION_002,15.39
2026-03-07 13:00:00,STATION_002,20.5
2026-03-07 13:15:00,STATION_002,23.12
2026-03-07 13:30:00,STATION_002,26.17
2026-03-07 13:45:00,STATION_002,31.28
2026-03-07 14:00:00,STATION_002,34.37
2026-03-07 14:15:00,STATION_002,35.21
2026-03-07 14:30:00,STATION_002,34.63
2026-03-07 14:45:00,STATION_002,38.97
2026-03-07 15:00:00,STATION_002,41.38
2026-03-07 15:15:00,STATION_002,43.18
2026-03-07 15:30:00,STATION_002,48.84
2026-03-07 15:45:00,STATION_002,47.48
2026-03-07 16:00:00,STATION_002,51.29
2026-03-07 16:15:00,STATION_002,49.72
2026-03-07 16:30:00,STATION_002,51.94
2026-03-07 16:45:00,STATION_002,50.37
2026-03-07 17:00:00,STATION_002,48.33
2026-03-07 17:15:00,STATION_002,50.18
2026-03-07 17:30:00,STATION_002,49.95
2026-03-07 17:45:00,STATION_002,50.18
2026-03-07 18:00:00,STATION_002,55.36
2026-03-07 18:15:00,STATION_002,54.32
2026-03-07 18:30:00,STATION_002,55.26
2026-03-07 18:45:00,STATION_002,56.55
2026-03-07 19:00:00,STATION_002,56.93
2026-03-07 19:15:00,STATION_002,58.22
2026-03-07 19:30:00,STATION_002,52.42
2026-03-07 19:45:00,STATION_002,54.61
2026-03-07 20:00:00,STATION_002,56.77
2026-03-07 20:15:00,STATION_002,57.85
2026-03-07 20:30:00,STATION_002,55.66
2026-03-07 20:45:00,STATION_002,54.18
2026-03-07 21:00:00,STATION_002,54.26
2026-03-07 21:15:00,STATION_002,56.12
2026-03-07 21:30:00,STATION_002,57.62
2026-03-07 21:45:00,STATION_002,58.32
2026-03-07 22:00:00,STATION_002,55.89
2026-03-07 22:15:00,STATION_002,58.41
2026-03-07 22:30:00,STATION_002,57.94
2026-03-07 22:45:00,STATION_002,55.68
2026-03-07 23:00:00,STATION_002,59.51
2026-03-07 23:15:00,STATION_002,61.46
2026-03-07 23:30:00,STATION_002,65.52
2026-03-07 23:45:00,STATION_002,67.37
2026-03-08 00:00:00,STATION_002,68.22
2026-03-08 00:15:00,STATION_002,69.33
2026-03-08 00:30:00,STATION_002,70.53
2026-03-08 00:45:00,STATION_002,69.68
2026-03-08 01:00:00,STATION_002,70.03
2026-03-08 01:15:00,STATION_002,68.09
2026-03-08 01:30:00,STATION_002,67.4
2026-03-08 01:45:00,STATION_002,66.03
2026-03-08 02:00:00,STATION_002,69.93
2026-03-08 02:15:00,STATION_002,70.82
2026-03-08 02:30:00,STATION_002,70.39
2026-03-08 02:45:00,STATION_002,68.99
2026-03-08 03:00:00,STATION_002,71.42
2026-03-08 03:15:00,STATION_002,76.85
2026-03-08 03:30:00,STATION_002,73.69
2026-03-08 03:45:00,STATION_002,74.59
2026-03-08 04:00:00,STATION_002,72.43
2026-03-08 04:15:00,STATION_002,77.02
2026-03-08 04:30:00,STATION_002,77.09
2026-03-08 04:45:00,STATION_002,82.36
2026-03-08 05:00:00,STATION_002,81.39
2026-03-08 05:15:00,STATION_002,84.91
2026-03-08 05:30:00,STATION_002,86.49
2026-03-08 05:45:00,STATION_002,89.6
2026-03-08 06:00:00,STATION_002,91.16
2026-03-08 06:15:00,STATION_002,92.53
2026-03-08 06:30:00,STATION_002,5.0
2026-03-08 06:45:00,STATION_002,5.13
2026-03-08 07:00:00,STATION_002,3.6
2026-03-08 07:15:00,STATION_002,3.21
2026-03-08 07:30:00,STATION_002,0.94
2026-03-08 07:45:00,STATION_002,3.99
2026-03-08 08:00:00,STATION_002,3.39
2026-03-08 08:15:00,STATION_002,0.0
2026-03-08 08:30:00,STATION_002,2.86
2026-03-08 08:45:00,STATION_002,1.82
2026-03-08 09:00:00,STATION_002,0.26
2026-03-08 09:15:00,STATION_002,0.41
2026-03-08 09:30:00,STATION_002,0.04
2026-03-08 09:45:00,STATION_002,0.0
2026-03-08 10:00:00,STATION_002,2.14
2026-03-08 10:15:00,STATION_002,5.9
2026-03-08 10:30:00,STATION_002,5.85
2026-03-08 10:45:00,STATION_002,7.17
2026-03-08 11:00:00,STATION_002,8.14
2026-03-08 11:15:00,STATION_002,12.2
2026-03-08 11:30:00,STATION_002,19.18
2026-03-08 11:45:00,STATION_002,24.38
2026-03-08 12:00:00,STATION_002,27.23
2026-03-08 12:15:00,STATION_002,28.68
2026-03-08 12:30:00,STATION_002,30.85
2026-03-08 12:45:00,STATION_002,32.22
2026-03-08 13:00:00,STATION_002,34.24
2026-03-08 13:15:00,STATION_002,38.75
2026-03-08 13:30:00,STATION_002,35.51
2026-03-08 13:45:00,STATION_002,37.83
2026-03-08 14:00:00,STATION_002,43.69
2026-03-08 14:15:00,STATION_002,45.36
2026-03-08 14:30:00,STATION_002,47.56
2026-03-08 14:45:00,STATION_002,48.92
2026-03-08 15:00:00,STATION_002,49.72
2026-03-08 15:15:00,STATION_002,48.64
2026-03-08 15:30:00,STATION_002,49.01
2026-03-08 15:45:00,STATION_002,50.46
2026-03-08 16:00:00,STATION_002,52.77
2026-03-08 16:15:00,STATION_002,53.69
2026-03-08 16:30:00,STATION_002,52.99
2026-03-08 16:45:00,STATION_002,53.04
2026-03-08 17:00:00,STATION_002,54.0
2026-03-08 17:15:00,STATION_002,56.25
2026-03-08 17:30:00,STATION_002,59.06
2026-03-08 17:45:00,STATION_002,59.63
2026-03-08 18:00:00,STATION_002,59.4
2026-03-08 18:15:00,STATION_002,61.15
2026-03-08 18:30:00,STATION_002,59.53
2026-03-08 18:45:00,STATION_002,58.07
2026-03-08 19:00:00,STATION_002,62.29
2026-03-08 19:15:00,STATION_002,62.19
2026-03-08 19:30:00,STATION_002,65.56
2026-03-08 19:45:00,STATION_002,68.22
2026-03-08 20:00:00,STATION_002,70.47
2026-03-08 20:15:00,STATION_002,74.91
2026-03-08 20:30:00,STATION_002,76.52
2026-03-08 20:45:00,STATION_002,78.89
2026-03-08 21:00:00,STATION_002,78.63
2026-03-08 21:15:00,STATION_002,80.37
2026-03-08 21:30:00,STATION_002,82.23
2026-03-08 21:45:00,STATION_002,86.82
2026-03-08 22:00:00,STATION_002,87.42
2026-03-08 22:15:00,STATION_002,91.75
2026-03-08 22:30:00,STATION_002,93.38
2026-03-08 22:45:00,STATION_002,5.0
2026-03-08 23:00:00,STATION_002,4.53
2026-03-08 23:15:00,STATION_002,5.62
2026-03-08 23:30:00,STATION_002,4.63
2026-03-08 23:45:00,STATION_002,6.63
2026-03-09 00:00:00,STATION_002,10.44
2026-03-09 00:15:00,STATION_002,12.58
2026-03-09 00:30:00,STATION_002,15.46
2026-03-09 00:45:00,STATION_002,14.12
2026-03-09 01:00:00,STATION_002,17.33
2026-03-09 01:15:00,STATION_002,14.94
2026-03-09 01:30:00,STATION_002,19.09
2026-03-09 01:45:00,STATION_002,22.99
2026-03-09 02:00:00,STATION_002,22.94
2026-03-09 02:15:00,STATION_002,20.09
2026-03-09 02:30:00,STATION_002,20.22
2026-03-09 02:45:00,STATION_002,20.54
2026-03-09 03:00:00,STATION_002,21.93
2026-03-09 03:15:00,STATION_002,20.76
2026-03-09 03:30:00,STATION_002,18.21
2026-03-09 03:45:00,STATION_002,16.41
2026-03-09 04:00:00,STATION_002,18.76
2026-03-09 04:15:00,STATION_002,22.15
2026-03-09 04:30:00,STATION_002,23.82
2026-03-09 04:45:00,STATION_002,23.69
2026-03-09 05:00:00,STATION_002,22.78
2026-03-09 05:15:00,STATION_002,21.72
2026-03-09 05:30:00,STATION_002,19.06
2026-03-09 05:45:00,STATION_002,19.37
2026-03-09 06:00:00,STATION_002,20.76
2026-03-09 06:15:00,STATION_002,20.41
2026-03-09 06:30:00,STATION_002,19.43
2026-03-09 06:45:00,STATION_002,20.6
2026-03-09 07:00:00,STATION_002,22.0
2026-03-09 07:15:00,STATION_002,22.68
2026-03-09 07:30:00,STATION_002,24.3
2026-03-09 07:45:00,STATION_002,22.53
2026-03-09 08:00:00,STATION_002,25.45
2026-03-09 08:15:00,STATION_002,30.4
2026-03-09 08:30:00,STATION_002,31.12
2026-03-09 08:45:00,STATION_002,28.85
2026-03-09 09:00:00,STATION_002,26.43
2026-03-09 09:15:00,STATION_002,28.52
2026-03-09 09:30:00,STATION_002,31.29
2026-03-09 09:45:00,STATION_002,30.6
2026-03-09 10:00:00,STATION_002,29.4
2026-03-09 10:15:00,STATION_002,29.66
2026-03-09 10:30:00,STATION_002,31.07
2026-03-09 10:45:00,STATION_002,33.66
2026-03-09 11:00:00,STATION_002,33.99
2026-03-09 11:15:00,STATION_002,34.98
2026-03-09 11:30:00,STATION_002,34.39
2026-03-09 11:45:00,STATION_002,37.65
2026-03-09 12:00:00,STATION_002,43.14
2026-03-09 12:15:00,STATION_002,43.72
2026-03-09 12:30:00,STATION_002,45.56
2026-03-09 12:45:00,STATION_002,50.17
2026-03-09 13:00:00,STATION_002,53.72
2026-03-09 13:15:00,STATION_002,55.2
2026-03-09 13:30:00,STATION_002,58.9
2026-03-09 13:45:00,STATION_002,61.26
2026-03-09 14:00:00,STATION_002,60.57
2026-03-09 14:15:00,STATION_002,58.56
2026-03-09 14:30:00,STATION_002,56.44
2026-03-09 14:45:00,STATION_002,55.91
2026-03-09 15:00:00,STATION_002,56.61
2026-03-09 15:15:00,STATION_002,57.97
2026-03-09 15:30:00,STATION_002,64.91
2026-03-09 15:45:00,STATION_002,68.74
2026-03-09 16:00:00,STATION_002,68.05
2026-03-09 16:15:00,STATION_002,67.03
2026-03-09 16:30:00,STATION_002,67.72
2026-03-09 16:45:00,STATION_002,68.72
2026-03-09 17:00:00,STATION_002,70.2
2026-03-09 17:15:00,STATION_002,72.65
2026-03-09 17:30:00,STATION_002,75.31
2026-03-09 17:45:00,STATION_002,78.46
2026-03-09 18:00:00,STATION_002,81.49
2026-03-09 18:15:00,STATION_002,84.11
2026-03-09 18:30:00,STATION_002,86.22
2026-03-09 18:45:00,STATION_002,92.14
2026-03-09 19:00:00,STATION_002,5.0
2026-03-09 19:15:00,STATION_002,8.77
2026-03-09 19:30:00,STATION_002,10.96
2026-03-09 19:45:00,STATION_002,10.15
2026-03-09 20:00:00,STATION_002,11.82
2026-03-09 20:15:00,STATION_002,15.41
2026-03-09 20:30:00,STATION_002,20.16
2026-03-09 20:45:00,STATION_002,23.62
2026-03-09 21:00:00,STATION_002,24.71
2026-03-09 21:15:00,STATION_002,24.97
2026-03-09 21:30:00,STATION_002,23.76
2026-03-09 21:45:00,STATION_002,25.66
2026-03-09 22:00:00,STATION_002,24.9
2026-03-09 22:15:00,STATION_002,24.41
2026-03-09 22:30:00,STATION_002,30.03
2026-03-09 22:45:00,STATION_002,32.31
2026-03-09 23:00:00,STATION_002,34.94
2026-03-09 23:15:00,STATION_002,34.24
2026-03-09 23:30:00,STATION_002,34.29
2026-03-09 23:45:00,STATION_002,35.34
2026-03-10 00:00:00,STATION_002,36.65
2026-03-10 00:15:00,STATION_002,37.18
2026-03-10 00:30:00,STATION_002,36.17
2026-03-10 00:45:00,STATION_002,35.94
2026-03-10 01:00:00,STATION_002,35.63
2026-03-10 01:15:00,STATION_002,36.5
2026-03-10 01:30:00,STATION_002,38.68
2026-03-10 01:45:00,STATION_002,41.07
2026-03-10 02:00:00,STATION_002,40.21
2026-03-10 02:15:00,STATION_002,38.81
2026-03-10 02:30:00,STATION_002,41.42
2026-03-10 02:45:00,STATION_002,40.1
2026-03-10 03:00:00,STATION_002,37.99
2026-03-10 03:15:00,STATION_002,37.68
2026-03-10 03:30:00,STATION_002,41.41
2026-03-10 03:45:00,STATION_002,43.66
2026-03-10 04:00:00,STATION_002,41.92
2026-03-10 04:15:00,STATION_002,42.63
2026-03-10 04:30:00,STATION_002,43.49
2026-03-10 04:45:00,STATION_002,44.26
2026-03-10 05:00:00,STATION_002,46.32
2026-03-10 05:15:00,STATION_002,48.84
2026-03-10 05:30:00,STATION_002,50.69
2026-03-10 05:45:00,STATION_002,52.61
2026-03-10 06:00:00,STATION_002,50.09
2026-03-10 06:15:00,STATION_002,53.49
2026-03-10 06:30:00,STATION_002,52.65
2026-03-10 06:45:00,STATION_002,49.91
2026-03-10 07:00:00,STATION_002,50.8
2026-03-10 07:15:00,STATION_002,50.28
2026-03-10 07:30:00,STATION_002,54.05
2026-03-10 07:45:00,STATION_002,54.5
2026-03-10 08:00:00,STATION_002,58.02
2026-03-10 08:15:00,STATION_002,59.24
2026-03-10 08:30:00,STATION_002,63.23
2026-03-10 08:45:00,STATION_002,65.35
2026-03-10 09:00:00,STATION_002,63.46
2026-03-10 09:15:00,STATION_002,63.66
2026-03-10 09:30:00,STATION_002,60.69
2026-03-10 09:45:00,STATION_002,59.5
2026-03-10 10:00:00,STATION_002,56.31
2026-03-10 10:15:00,STATION_002,57.7
2026-03-10 10:30:00,STATION_002,54.91
2026-03-10 10:45:00,STATION_002,55.52
2026-03-10 11:00:00,STATION_002,56.85
2026-03-10 11:15:00,STATION_002,57.59
2026-03-10 11:30:00,STATION_002,57.42
2026-03-10 11:45:00,STATION_002,57.61
2026-03-10 12:00:00,STATION_002,59.71
2026-03-10 12:15:00,STATION_002,63.22
2026-03-10 12:30:00,STATION_002,65.44
2026-03-10 12:45:00,STATION_002,66.79
2026-03-10 13:00:00,STATION_002,69.23
2026-03-10 13:15:00,STATION_002,69.37
2026-03-10 13:30:00,STATION_002,68.95
2026-03-10 13:45:00,STATION_002,71.86
2026-03-10 14:00:00,STATION_002,70.44
2026-03-10 14:15:00,STATION_002,72.79
2026-03-10 14:30:00,STATION_002,73.88
2026-03-10 14:45:00,STATION_002,74.36
2026-03-10 15:00:00,STATION_002,75.31
2026-03-10 15:15:00,STATION_002,74.11
2026-03-10 15:30:00,STATION_002,70.63
2026-03-10 15:45:00,STATION_002,68.98
2026-03-10 16:00:00,STATION_002,69.53
2026-03-10 16:15:00,STATION_002,68.69
2026-03-10 16:30:00,STATION_002,72.12
2026-03-10 16:45:00,STATION_002,74.24
2026-03-10 17:00:00,STATION_002,74.38
2026-03-10 17:15:00,STATION_002,74.41
2026-03-10 17:30:00,STATION_002,75.42
2026-03-10 17:45:00,STATION_002,74.1
2026-03-10 18:00:00,STATION_002,75.29
2026-03-10 18:15:00,STATION_002,79.15
2026-03-10 18:30:00,STATION_002,82.4
2026-03-10 18:45:00,STATION_002,85.39
2026-03-10 19:00:00,STATION_002,87.16
2026-03-10 19:15:00,STATION_002,87.01
2026-03-10 19:30:00,STATION_002,90.33
2026-03-10 19:45:00,STATION_002,93.33
2026-03-10 20:00:00,STATION_002,5.0
2026-03-10 20:15:00,STATION_002,6.01
2026-03-10 20:30:00,STATION_002,8.66
2026-03-10 20:45:00,STATION_002,11.2
2026-03-10 21:00:00,STATION_002,10.26
2026-03-10 21:15:00,STATION_002,8.48
2026-03-10 21:30:00,STATION_002,9.31
2026-03-10 21:45:00,STATION_002,7.74
2026-03-10 22:00:00,STATION_002,6.93
2026-03-10 22:15:00,STATION_002,7.55
2026-03-10 22:30:00,STATION_002,9.39
2026-03-10 22:45:00,STATION_002,9.43
2026-03-10 23:00:00,STATION_002,10.94
2026-03-10 23:15:00,STATION_002,10.5
2026-03-10 23:30:00,STATION_002,13.38
2026-03-10 23:45:00,STATION_002,10.87
2026-03-11 00:00:00,STATION_002,10.32
2026-03-11 00:15:00,STATION_002,9.22
2026-03-11 00:30:00,STATION_002,13.02
2026-03-11 00:45:00,STATION_002,11.51
2026-03-11 01:00:00,STATION_002,11.37
2026-03-11 01:15:00,STATION_002,12.76
2026-03-11 01:30:00,STATION_002,11.78
2026-03-11 01:45:00,STATION_002,13.9
2026-03-11 02:00:00,STATION_002,18.28
2026-03-11 02:15:00,STATION_002,21.54
2026-03-11 02:30:00,STATION_002,22.02
2026-03-11 02:45:00,STATION_002,18.92
2026-03-11 03:00:00,STATION_002,19.61
2026-03-11 03:15:00,STATION_002,20.06
2026-03-11 03:30:00,STATION_002,19.66
2026-03-11 03:45:00,STATION_002,18.43
2026-03-11 04:00:00,STATION_002,18.01
2026-03-11 04:15:00,STATION_002,16.59
2026-03-11 04:30:00,STATION_002,16.29
2026-03-11 04:45:00,STATION_002,17.5
2026-03-11 05:00:00,STATION_002,20.2
2026-03-11 05:15:00,STATION_002,20.91
2026-03-11 05:30:00,STATION_002,22.63
2026-03-11 05:45:00,STATION_002,21.59
2026-03-11 06:00:00,STATION_002,24.48
2026-03-11 06:15:00,STATION_002,22.81
2026-03-11 06:30:00,STATION_002,21.67
2026-03-11 06:45:00,STATION_002,24.22
2026-03-11 07:00:00,STATION_002,23.78
2026-03-11 07:15:00,STATION_002,23.38
2026-03-11 07:30:00,STATION_002,23.25
2026-03-11 07:45:00,STATION_002,24.6
2026-03-11 08:00:00,STATION_002,24.37
2026-03-11 08:15:00,STATION_002,20.81
2026-03-11 08:30:00,STATION_002,21.25
2026-03-11 08:45:00,STATION_002,19.26
2026-03-11 09:00:00,STATION_002,19.72
2026-03-11 09:15:00,STATION_002,21.08
2026-03-11 09:30:00,STATION_002,20.74
2026-03-11 09:45:00,STATION_002,18.15
2026-03-11 10:00:00,STATION_002,19.2
2026-03-11 10:15:00,STATION_002,21.7
2026-03-11 10:30:00,STATION_002,22.9
2026-03-11 10:45:00,STATION_002,23.13
2026-03-11 11:00:00,STATION_002,24.57
2026-03-11 11:15:00,STATION_002,26.63
2026-03-11 11:30:00,STATION_002,26.79
2026-03-11 11:45:00,STATION_002,27.7
2026-03-11 12:00:00,STATION_002,33.48
2026-03-11 12:15:00,STATION_002,36.92
2026-03-11 12:30:00,STATION_002,39.72
2026-03-11 12:45:00,STATION_002,45.11
2026-03-11 13:00:00,STATION_002,46.87
2026-03-11 13:15:00,STATION_002,46.99
2026-03-11 13:30:00,STATION_002,54.27
2026-03-11 13:45:00,STATION_002,58.83
2026-03-11 14:00:00,STATION_002,59.65
2026-03-11 14:15:00,STATION_002,62.88
2026-03-11 14:30:00,STATION_002,65.33
2026-03-11 14:45:00,STATION_002,68.68
2026-03-11 15:00:00,STATION_002,71.44
2026-03-11 15:15:00,STATION_002,72.49
2026-03-11 15:30:00,STATION_002,73.12
2026-03-11 15:45:00,STATION_002,73.9
2026-03-11 16:00:00,STATION_002,74.7
2026-03-11 16:15:00,STATION_002,76.31
2026-03-11 16:30:00,STATION_002,77.54
2026-03-11 16:45:00,STATION_002,77.3
2026-03-11 17:00:00,STATION_002,81.47
2026-03-11 17:15:00,STATION_002,80.58
2026-03-11 17:30:00,STATION_002,80.34
2026-03-11 17:45:00,STATION_002,77.93
2026-03-11 18:00:00,STATION_002,80.93
2026-03-11 18:15:00,STATION_002,79.88
2026-03-11 18:30:00,STATION_002,83.22
2026-03-11 18:45:00,STATION_002,87.44
2026-03-11 19:00:00,STATION_002,87.14
2026-03-11 19:15:00,STATION_002,86.0
2026-03-11 19:30:00,STATION_002,88.86
2026-03-11 19:45:00,STATION_002,91.75
2026-03-11 20:00:00,STATION_002,5.0
2026-03-11 20:15:00,STATION_002,5.75
2026-03-11 20:30:00,STATION_002,9.22
2026-03-11 20:45:00,STATION_002,15.18
2026-03-11 21:00:00,STATION_002,15.27
2026-03-11 21:15:00,STATION_002,17.06
2026-03-11 21:30:00,STATION_002,19.44
2026-03-11 21:45:00,STATION_002,19.99
2026-03-11 22:00:00,STATION_002,19.3
2026-03-11 22:15:00,STATION_002,21.72
2026-03-11 22:30:00,STATION_002,20.05
2026-03-11 22:45:00,STATION_002,23.85
2026-03-11 23:00:00,STATION_002,23.04
2026-03-11 23:15:00,STATION_002,24.99
2026-03-11 23:30:00,STATION_002,25.71
2026-03-11 23:45:00,STATION_002,27.85
2026-03-12 00:00:00,STATION_002,29.25
2026-03-12 00:15:00,STATION_002,31.28
2026-03-12 00:30:00,STATION_002,30.7
2026-03-12 00:45:00,STATION_002,31.64
2026-03-12 01:00:00,STATION_002,36.05
2026-03-12 01:15:00,STATION_002,34.15
2026-03-12 01:30:00,STATION_002,36.46
2026-03-12 01:45:00,STATION_002,42.68
2026-03-12 02:00:00,STATION_002,47.35
2026-03-12 02:15:00,STATION_002,48.92
2026-03-12 02:30:00,STATION_002,51.22
2026-03-12 02:45:00,STATION_002,56.17
2026-03-12 03:00:00,STATION_002,58.8
2026-03-12 03:15:00,STATION_002,59.29
2026-03-12 03:30:00,STATION_002,59.74
2026-03-12 03:45:00,STATION_002,58.36
2026-03-12 04:00:00,STATION_002,61.25
2026-03-12 04:15:00,STATION_002,67.21
2026-03-12 04:30:00,STATION_002,68.53
2026-03-12 04:45:00,STATION_002,68.93
2026-03-12 05:00:00,STATION_002,70.08
2026-03-12 05:15:00,STATION_002,70.11
2026-03-12 05:30:00,STATION_002,68.51
2026-03-12 05:45:00,STATION_002,66.78
2026-03-12 06:00:00,STATION_002,65.6
2026-03-12 06:15:00,STATION_002,65.57
2026-03-12 06:30:00,STATION_002,68.24
2026-03-12 06:45:00,STATION_002,68.98
2026-03-12 07:00:00,STATION_002,66.25
2026-03-12 07:15:00,STATION_002,68.83
2026-03-12 07:30:00,STATION_002,68.64
2026-03-12 07:45:00,STATION_002,70.24
2026-03-12 08:00:00,STATION_002,74.32
2026-03-12 08:15:00,STATION_002,75.09
2026-03-12 08:30:00,STATION_002,78.12
2026-03-12 08:45:00,STATION_002,80.77
2026-03-12 09:00:00,STATION_002,81.5
2026-03-12 09:15:00,STATION_002,81.63
2026-03-12 09:30:00,STATION_002,80.67
2026-03-12 09:45:00,STATION_002,81.94
2026-03-12 10:00:00,STATION_002,85.05
2026-03-12 10:15:00,STATION_002,84.8
2026-03-12 10:30:00,STATION_002,87.6
2026-03-12 10:45:00,STATION_002,89.88
2026-03-12 11:00:00,STATION_002,89.28
2026-03-12 11:15:00,STATION_002,88.72
2026-03-12 11:30:00,STATION_002,92.2
2026-03-12 11:45:00,STATION_002,94.96
2026-03-12 12:00:00,STATION_002,5.0
2026-03-12 12:15:00,STATION_002,9.54
2026-03-12 12:30:00,STATION_002,13.23
2026-03-12 12:45:00,STATION_002,14.69
2026-03-12 13:00:00,STATION_002,19.34
2026-03-12 13:15:00,STATION_002,22.8
2026-03-12 13:30:00,STATION_002,23.86
2026-03-12 13:45:00,STATION_002,28.26
2026-03-12 14:00:00,STATION_002,30.39
2026-03-12 14:15:00,STATION_002,29.6
2026-03-12 14:30:00,STATION_002,29.94
2026-03-12 14:45:00,STATION_002,32.71
2026-03-12 15:00:00,STATION_002,33.6
2026-03-12 15:15:00,STATION_002,33.6
2026-03-12 15:30:00,STATION_002,33.04
2026-03-12 15:45:00,STATION_002,33.72
2026-03-12 16:00:00,STATION_002,34.04
2026-03-12 16:15:00,STATION_002,33.58
2026-03-12 16:30:00,STATION_002,34.05
2026-03-12 16:45:00,STATION_002,33.6
2026-03-12 17:00:00,STATION_002,37.28
2026-03-12 17:15:00,STATION_002,35.16
2026-03-12 17:30:00,STATION_002,33.35
2026-03-12 17:45:00,STATION_002,32.54
2026-03-12 18:00:00,STATION_002,34.32
2026-03-12 18:15:00,STATION_002,37.24
2026-03-12 18:30:00,STATION_002,36.15
2026-03-12 18:45:00,STATION_002,42.81
2026-03-12 19:00:00,STATION_002,47.13
2026-03-12 19:15:00,STATION_002,50.5
2026-03-12 19:30:00,STATION_002,56.12
2026-03-12 19:45:00,STATION_002,58.08
2026-03-12 20:00:00,STATION_002,62.51
2026-03-12 20:15:00,STATION_002,65.58
2026-03-12 20:30:00,STATION_002,71.46
2026-03-12 20:45:00,STATION_002,77.14
2026-03-12 21:00:00,STATION_002,80.91
2026-03-12 21:15:00,STATION_002,81.09
2026-03-12 21:30:00,STATION_002,83.11
2026-03-12 21:45:00,STATION_002,83.91
2026-03-12 22:00:00,STATION_002,86.4
2026-03-12 22:15:00,STATION_002,84.78
2026-03-12 22:30:00,STATION_002,84.74
2026-03-12 22:45:00,STATION_002,84.01
2026-03-12 23:00:00,STATION_002,84.47
2026-03-12 23:15:00,STATION_002,84.53
2026-03-12 23:30:00,STATION_002,85.6
2026-03-12 23:45:00,STATION_002,87.91
2026-03-13 00:00:00,STATION_002,85.25
2026-03-13 00:15:00,STATION_002,85.96
2026-03-13 00:30:00,STATION_002,86.78
2026-03-13 00:45:00,STATION_002,87.97
2026-03-13 01:00:00,STATION_002,93.31
2026-03-13 01:15:00,STATION_002,92.84
2026-03-13 01:30:00,STATION_002,5.0
2026-03-13 01:45:00,STATION_002,7.32
2026-03-13 02:00:00,STATION_002,6.28
2026-03-13 02:15:00,STATION_002,6.61
2026-03-13 02:30:00,STATION_002,7.97
2026-03-13 02:45:00,STATION_002,11.16
2026-03-13 03:00:00,STATION_002,15.03
2026-03-13 03:15:00,STATION_002,15.83
2026-03-13 03:30:00,STATION_002,19.29
2026-03-13 03:45:00,STATION_002,18.44
2026-03-13 04:00:00,STATION_002,20.19
2026-03-13 04:15:00,STATION_002,21.99
2026-03-13 04:30:00,STATION_002,21.38
2026-03-13 04:45:00,STATION_002,19.75
2026-03-13 05:00:00,STATION_002,22.11
2026-03-13 05:15:00,STATION_002,22.32
2026-03-13 05:30:00,STATION_002,18.1
2026-03-13 05:45:00,STATION_002,15.88
2026-03-13 06:00:00,STATION_002,15.92
2026-03-13 06:15:00,STATION_002,13.52
2026-03-13 06:30:00,STATION_002,14.36
2026-03-13 06:45:00,STATION_002,15.41
2026-03-13 07:00:00,STATION_002,16.3
2026-03-13 07:15:00,STATION_002,17.22
2026-03-13 07:30:00,STATION_002,15.9
2026-03-13 07:45:00,STATION_002,17.12
2026-03-13 08:00:00,STATION_002,16.23
2026-03-13 08:15:00,STATION_002,19.13
2026-03-13 08:30:00,STATION_002,15.52
2026-03-13 08:45:00,STATION_002,20.19
2026-03-13 09:00:00,STATION_002,23.43
2026-03-13 09:15:00,STATION_002,25.04
2026-03-13 09:30:00,STATION_002,23.79
2026-03-13 09:45:00,STATION_002,26.14
2026-03-13 10:00:00,STATION_002,28.67
2026-03-13 10:15:00,STATION_002,27.61
2026-03-13 10:30:00,STATION_002,27.26
2026-03-13 10:45:00,STATION_002,31.66
2026-03-13 11:00:00,STATION_002,35.05
2026-03-13 11:15:00,STATION_002,35.27
2026-03-13 11:30:00,STATION_002,37.26
2026-03-13 11:45:00,STATION_002,37.46
2026-03-13 12:00:00,STATION_002,38.9
2026-03-13 12:15:00,STATION_002,43.72
2026-03-13 12:30:00,STATION_002,50.53
2026-03-13 12:45:00,STATION_002,54.64
2026-03-13 13:00:00,STATION_002,56.91
2026-03-13 13:15:00,STATION_002,58.9
2026-03-13 13:30:00,STATION_002,62.13
2026-03-13 13:45:00,STATION_002,65.98
2026-03-13 14:00:00,STATION_002,65.84
2026-03-13 14:15:00,STATION_002,65.52
2026-03-13 14:30:00,STATION_002,65.32
2026-03-13 14:45:00,STATION_002,67.28
2026-03-13 15:00:00,STATION_002,67.46
2026-03-13 15:15:00,STATION_002,69.0
2026-03-13 15:30:00,STATION_002,66.5
2026-03-13 15:45:00,STATION_002,69.32
2026-03-13 16:00:00,STATION_002,70.96
2026-03-13 16:15:00,STATION_002,72.33
2026-03-13 16:30:00,STATION_002,72.65
2026-03-13 16:45:00,STATION_002,73.49
2026-03-13 17:00:00,STATION_002,79.37
2026-03-13 17:15:00,STATION_002,78.95
2026-03-13 17:30:00,STATION_002,78.19
2026-03-13 17:45:00,STATION_002,80.64
2026-03-13 18:00:00,STATION_002,82.08
2026-03-13 18:15:00,STATION_002,85.03
2026-03-13 18:30:00,STATION_002,90.2
2026-03-13 18:45:00,STATION_002,93.56
2026-03-13 19:00:00,STATION_002,5.0
2026-03-13 19:15:00,STATION_002,8.45
2026-03-13 19:30:00,STATION_002,11.11
2026-03-13 19:45:00,STATION_002,14.93
2026-03-13 20:00:00,STATION_002,18.63
2026-03-13 20:15:00,STATION_002,21.39
2026-03-13 20:30:00,STATION_002,19.96
2026-03-13 20:45:00,STATION_002,25.14
2026-03-13 21:00:00,STATION_002,27.49
2026-03-13 21:15:00,STATION_002,30.3
2026-03-13 21:30:00,STATION_002,30.24
2026-03-13 21:45:00,STATION_002,31.66
2026-03-13 22:00:00,STATION_002,33.47
2026-03-13 22:15:00,STATION_002,36.16
2026-03-13 22:30:00,STATION_002,36.87
2026-03-13 22:45:00,STATION_002,36.26
2026-03-13 23:00:00,STATION_002,37.3
2026-03-13 23:15:00,STATION_002,36.81
2026-03-13 23:30:00,STATION_002,34.3
2026-03-13 23:45:00,STATION_002,37.29
2026-03-14 00:00:00,STATION_002,39.94
2026-03-14 00:15:00,STATION_002,43.61
2026-03-14 00:30:00,STATION_002,45.92
2026-03-14 00:45:00,STATION_002,47.77
2026-03-14 01:00:00,STATION_002,48.1
2026-03-14 01:15:00,STATION_002,51.58
2026-03-14 01:30:00,STATION_002,55.56
2026-03-14 01:45:00,STATION_002,54.41
2026-03-14 02:00:00,STATION_002,54.49
2026-03-14 02:15:00,STATION_002,54.55
2026-03-14 02:30:00,STATION_002,57.42
2026-03-14 02:45:00,STATION_002,55.72
2026-03-14 03:00:00,STATION_002,53.96
2026-03-14 03:15:00,STATION_002,56.34
2026-03-14 03:30:00,STATION_002,58.26
2026-03-14 03:45:00,STATION_002,54.71
2026-03-14 04:00:00,STATION_002,55.72
2026-03-14 04:15:00,STATION_002,59.21
2026-03-14 04:30:00,STATION_002,54.65
2026-03-14 04:45:00,STATION_002,53.96
2026-03-14 05:00:00,STATION_002,60.23
2026-03-14 05:15:00,STATION_002,63.97
2026-03-14 05:30:00,STATION_002,62.24
2026-03-14 05:45:00,STATION_002,63.06
2026-03-14 06:00:00,STATION_002,62.59
2026-03-14 06:15:00,STATION_002,64.59
2026-03-14 06:30:00,STATION_002,67.03
2026-03-14 06:45:00,STATION_002,67.03
2026-03-14 07:00:00,STATION_002,70.74
2026-03-14 07:15:00,STATION_002,73.25
2026-03-14 07:30:00,STATION_002,76.78
2026-03-14 07:45:00,STATION_002,76.11
2026-03-14 08:00:00,STATION_002,77.88
2026-03-14 08:15:00,STATION_002,78.12
2026-03-14 08:30:00,STATION_002,78.01
2026-03-14 08:45:00,STATION_002,79.65
2026-03-14 09:00:00,STATION_002,81.15
2026-03-14 09:15:00,STATION_002,81.9
2026-03-14 09:30:00,STATION_002,82.01
2026-03-14 09:45:00,STATION_002,85.88
2026-03-14 10:00:00,STATION_002,84.66
2026-03-14 10:15:00,STATION_002,83.13
2026-03-14 10:30:00,STATION_002,82.21
2026-03-14 10:45:00,STATION_002,83.84
2026-03-14 11:00:00,STATION_002,89.1
2026-03-14 11:15:00,STATION_002,90.7
2026-03-14 11:30:00,STATION_002,5.0
2026-03-14 11:45:00,STATION_002,5.1
2026-03-14 12:00:00,STATION_002,8.61
2026-03-14 12:15:00,STATION_002,8.33
2026-03-14 12:30:00,STATION_002,5.94
2026-03-14 12:45:00,STATION_002,6.03
2026-03-14 13:00:00,STATION_002,10.05
2026-03-14 13:15:00,STATION_002,13.34
2026-03-14 13:30:00,STATION_002,16.65
2026-03-14 13:45:00,STATION_002,19.21
2026-03-14 14:00:00,STATION_002,22.88
2026-03-14 14:15:00,STATION_002,22.18
2026-03-14 14:30:00,STATION_002,23.47
2026-03-14 14:45:00,STATION_002,26.03
2026-03-14 15:00:00,STATION_002,27.05
2026-03-14 15:15:00,STATION_002,26.79
2026-03-14 15:30:00,STATION_002,25.38
2026-03-14 15:45:00,STATION_002,26.44
2026-03-14 16:00:00,STATION_002,25.96
2026-03-14 16:15:00,STATION_002,25.21
2026-03-14 16:30:00,STATION_002,26.89
2026-03-14 16:45:00,STATION_002,29.73
2026-03-14 17:00:00,STATION_002,28.41
2026-03-14 17:15:00,STATION_002,26.76
2026-03-14 17:30:00,STATION_002,27.21
2026-03-14 17:45:00,STATION_002,26.7
2026-03-14 18:00:00,STATION_002,26.71
2026-03-14 18:15:00,STATION_002,30.14
2026-03-14 18:30:00,STATION_002,28.14
2026-03-14 18:45:00,STATION_002,34.6
2026-03-14 19:00:00,STATION_002,38.89
2026-03-14 19:15:00,STATION_002,42.59
2026-03-14 19:30:00,STATION_002,41.31
2026-03-14 19:45:00,STATION_002,38.88
2026-03-14 20:00:00,STATION_002,40.5
2026-03-14 20:15:00,STATION_002,41.09
2026-03-14 20:30:00,STATION_002,38.71
2026-03-14 20:45:00,STATION_002,36.4
2026-03-14 21:00:00,STATION_002,37.01
2026-03-14 21:15:00,STATION_002,39.18
2026-03-14 21:30:00,STATION_002,42.39
2026-03-14 21:45:00,STATION_002,42.25
2026-03-14 22:00:00,STATION_002,43.84
2026-03-14 22:15:00,STATION_002,45.24
2026-03-14 22:30:00,STATION_002,46.31
2026-03-14 22:45:00,STATION_002,47.97
2026-03-14 23:00:00,STATION_002,47.19
2026-03-14 23:15:00,STATION_002,48.69
2026-03-14 23:30:00,STATION_002,50.73
2026-03-14 23:45:00,STATION_002,50.59
2026-03-15 00:00:00,STATION_002,52.03
2026-03-15 00:15:00,STATION_002,53.03
2026-03-15 00:30:00,STATION_002,52.39
2026-03-15 00:45:00,STATION_002,53.69
2026-03-15 01:00:00,STATION_002,55.66
2026-03-15 01:15:00,STATION_002,54.52
2026-03-15 01:30:00,STATION_002,55.2
2026-03-15 01:45:00,STATION_002,56.08
2026-03-15 02:00:00,STATION_002,54.45
2026-03-15 02:15:00,STATION_002,55.78
2026-03-15 02:30:00,STATION_002,56.33
2026-03-15 02:45:00,STATION_002,57.39
2026-03-15 03:00:00,STATION_002,55.83
2026-03-15 03:15:00,STATION_002,53.27
2026-03-15 03:30:00,STATION_002,53.04
2026-03-15 03:45:00,STATION_002,48.86
2026-03-15 04:00:00,STATION_002,47.73
2026-03-15 04:15:00,STATION_002,49.57
2026-03-15 04:30:00,STATION_002,51.58
2026-03-15 04:45:00,STATION_002,50.96
2026-03-15 05:00:00,STATION_002,53.39
2026-03-15 05:15:00,STATION_002,56.9
2026-03-15 05:30:00,STATION_002,56.26
2026-03-15 05:45:00,STATION_002,54.1
2026-03-15 06:00:00,STATION_002,54.82
2026-03-15 06:15:00,STATION_002,59.17
2026-03-15 06:30:00,STATION_002,60.47
2026-03-15 06:45:00,STATION_002,67.42
2026-03-15 07:00:00,STATION_002,70.13
2026-03-15 07:15:00,STATION_002,68.58
2026-03-15 07:30:00,STATION_002,68.93
2026-03-15 07:45:00,STATION_002,70.36
2026-03-15 08:00:00,STATION_002,68.28
2026-03-15 08:15:00,STATION_002,67.51
2026-03-15 08:30:00,STATION_002,71.77
2026-03-15 08:45:00,STATION_002,73.75
2026-03-15 09:00:00,STATION_002,70.57
2026-03-15 09:15:00,STATION_002,73.39
2026-03-15 09:30:00,STATION_002,74.22
2026-03-15 09:45:00,STATION_002,76.12
2026-03-15 10:00:00,STATION_002,78.48
2026-03-15 10:15:00,STATION_002,80.07
2026-03-15 10:30:00,STATION_002,79.55
2026-03-15 10:45:00,STATION_002,79.69
2026-03-15 11:00:00,STATION_002,77.02
2026-03-15 11:15:00,STATION_002,80.77
2026-03-15 11:30:00,STATION_002,83.48
2026-03-15 11:45:00,STATION_002,85.53
2026-03-15 12:00:00,STATION_002,87.2
2026-03-15 12:15:00,STATION_002,86.53
2026-03-15 12:30:00,STATION_002,89.73
2026-03-15 12:45:00,STATION_002,88.27
2026-03-15 13:00:00,STATION_002,92.57
2026-03-15 13:15:00,STATION_002,5.0
2026-03-15 13:30:00,STATION_002,5.36
2026-03-15 13:45:00,STATION_002,11.19
2026-03-15 14:00:00,STATION_002,14.27
2026-03-15 14:15:00,STATION_002,19.95
2026-03-15 14:30:00,STATION_002,22.67
2026-03-15 14:45:00,STATION_002,23.31
2026-03-15 15:00:00,STATION_002,23.03
2026-03-15 15:15:00,STATION_002,28.04
2026-03-15 15:30:00,STATION_002,28.38
2026-03-15 15:45:00,STATION_002,26.14
2026-03-15 16:00:00,STATION_002,23.45
2026-03-15 16:15:00,STATION_002,25.24
2026-03-15 16:30:00,STATION_002,27.59
2026-03-15 16:45:00,STATION_002,28.19
2026-03-15 17:00:00,STATION_002,28.75
2026-03-15 17:15:00,STATION_002,31.69
2026-03-15 17:30:00,STATION_002,32.83
2026-03-15 17:45:00,STATION_002,30.49
2026-03-15 18:00:00,STATION_002,32.57
2026-03-15 18:15:00,STATION_002,30.57
2026-03-15 18:30:00,STATION_002,33.99
2026-03-15 18:45:00,STATION_002,34.07
2026-03-15 19:00:00,STATION_002,38.38
2026-03-15 19:15:00,STATION_002,37.25
2026-03-15 19:30:00,STATION_002,36.9
2026-03-15 19:45:00,STATION_002,37.01
2026-03-15 20:00:00,STATION_002,35.19
2026-03-15 20:15:00,STATION_002,39.06
2026-03-15 20:30:00,STATION_002,37.01
2026-03-15 20:45:00,STATION_002,36.29
2026-03-15 21:00:00,STATION_002,36.71
2026-03-15 21:15:00,STATION_002,37.84
2026-03-15 21:30:00,STATION_002,40.11
2026-03-15 21:45:00,STATION_002,42.37
2026-03-15 22:00:00,STATION_002,45.62
2026-03-15 22:15:00,STATION_002,50.13
2026-03-15 22:30:00,STATION_002,52.46
2026-03-15 22:45:00,STATION_002,51.45
2026-03-15 23:00:00,STATION_002,50.26
2026-03-15 23:15:00,STATION_002,53.52
2026-03-15 23:30:00,STATION_002,55.95
2026-03-15 23:45:00,STATION_002,54.49
2026-03-16 00:00:00,STATION_002,55.61
2026-03-16 00:15:00,STATION_002,54.79
2026-03-16 00:30:00,STATION_002,54.07
2026-03-16 00:45:00,STATION_002,55.94
2026-03-16 01:00:00,STATION_002,54.58
2026-03-16 01:15:00,STATION_002,55.38
2026-03-16 01:30:00,STATION_002,60.32
2026-03-16 01:45:00,STATION_002,63.47
2026-03-16 02:00:00,STATION_002,65.95
2026-03-16 02:15:00,STATION_002,68.42
2026-03-16 02:30:00,STATION_002,72.98
2026-03-16 02:45:00,STATION_002,74.85
2026-03-16 03:00:00,STATION_002,75.65
2026-03-16 03:15:00,STATION_002,75.49
2026-03-16 03:30:00,STATION_002,78.51
2026-03-16 03:45:00,STATION_002,78.01
2026-03-16 04:00:00,STATION_002,79.9
2026-03-16 04:15:00,STATION_002,81.61
2026-03-16 04:30:00,STATION_002,81.85
2026-03-16 04:45:00,STATION_002,81.88
2026-03-16 05:00:00,STATION_002,83.3
2026-03-16 05:15:00,STATION_002,79.88
2026-03-16 05:30:00,STATION_002,81.99
2026-03-16 05:45:00,STATION_002,80.73
2026-03-16 06:00:00,STATION_002,80.03
2026-03-16 06:15:00,STATION_002,82.28
2026-03-16 06:30:00,STATION_002,82.59
2026-03-16 06:45:00,STATION_002,84.1
2026-03-16 07:00:00,STATION_002,88.37
2026-03-16 07:15:00,STATION_002,91.92
2026-03-16 07:30:00,STATION_002,93.01
2026-03-16 07:45:00,STATION_002,94.37
2026-03-16 08:00:00,STATION_002,5.0
2026-03-16 08:15:00,STATION_002,3.61
2026-03-16 08:30:00,STATION_002,8.0
2026-03-16 08:45:00,STATION_002,9.43
2026-03-16 09:00:00,STATION_002,8.7
2026-03-16 09:15:00,STATION_002,10.78
2026-03-16 09:30:00,STATION_002,6.42
2026-03-16 09:45:00,STATION_002,10.05
2026-03-16 10:00:00,STATION_002,10.92
2026-03-16 10:15:00,STATION_002,12.92
2026-03-16 10:30:00,STATION_002,16.05
2026-03-16 10:45:00,STATION_002,15.83
2026-03-16 11:00:00,STATION_002,18.28
2026-03-16 11:15:00,STATION_002,18.45
2026-03-16 11:30:00,STATION_002,19.87
2026-03-16 11:45:00,STATION_002,21.34
2026-03-16 12:00:00,STATION_002,19.26
2026-03-16 12:15:00,STATION_002,22.52
2026-03-16 12:30:00,STATION_002,27.17
2026-03-16 12:45:00,STATION_002,29.28
2026-03-16 13:00:00,STATION_002,32.96
2026-03-16 13:15:00,STATION_002,33.14
2026-03-16 13:30:00,STATION_002,37.22
2026-03-16 13:45:00,STATION_002,41.63
2026-03-16 14:00:00,STATION_002,38.83
2026-03-16 14:15:00,STATION_002,37.61
2026-03-16 14:30:00,STATION_002,37.01
2026-03-16 14:45:00,STATION_002,39.05
2026-03-16 15:00:00,STATION_002,40.04
2026-03-16 15:15:00,STATION_002,42.19
2026-03-16 15:30:00,STATION_002,41.34
2026-03-16 15:45:00,STATION_002,41.94
2026-03-16 16:00:00,STATION_002,42.5
2026-03-16 16:15:00,STATION_002,44.48
2026-03-16 16:30:00,STATION_002,47.5
2026-03-16 16:45:00,STATION_002,50.82
2026-03-16 17:00:00,STATION_002,53.04
2026-03-16 17:15:00,STATION_002,53.57
2026-03-16 17:30:00,STATION_002,54.28
2026-03-16 17:45:00,STATION_002,54.71
2026-03-16 18:00:00,STATION_002,54.27
2026-03-16 18:15:00,STATION_002,56.27
2026-03-16 18:30:00,STATION_002,59.37
2026-03-16 18:45:00,STATION_002,63.71
2026-03-16 19:00:00,STATION_002,66.58
2026-03-16 19:15:00,STATION_002,66.44
2026-03-16 19:30:00,STATION_002,69.97
2026-03-16 19:45:00,STATION_002,72.32
2026-03-16 20:00:00,STATION_002,76.64
2026-03-16 20:15:00,STATION_002,84.14
2026-03-16 20:30:00,STATION_002,83.5
2026-03-16 20:45:00,STATION_002,89.73
2026-03-16 21:00:00,STATION_002,90.5
2026-03-16 21:15:00,STATION_002,89.99
2026-03-16 21:30:00,STATION_002,92.78
2026-03-16 21:45:00,STATION_002,5.0
2026-03-16 22:00:00,STATION_002,9.34
2026-03-16 22:15:00,STATION_002,9.72
2026-03-16 22:30:00,STATION_002,14.15
2026-03-16 22:45:00,STATION_002,19.83
2026-03-16 23:00:00,STATION_002,18.53
2026-03-16 23:15:00,STATION_002,18.98
2026-03-16 23:30:00,STATION_002,17.7
2026-03-16 23:45:00,STATION_002,16.2
2026-03-17 00:00:00,STATION_002,17.07
2026-03-17 00:15:00,STATION_002,20.98
2026-03-17 00:30:00,STATION_002,23.28
2026-03-17 00:45:00,STATION_002,23.17
2026-03-17 01:00:00,STATION_002,23.4
2026-03-17 01:15:00,STATION_002,20.08
2026-03-17 01:30:00,STATION_002,22.51
2026-03-17 01:45:00,STATION_002,20.42
2026-03-17 02:00:00,STATION_002,22.78
2026-03-17 02:15:00,STATION_002,22.32
2026-03-17 02:30:00,STATION_002,25.41
2026-03-17 02:45:00,STATION_002,25.42
2026-03-17 03:00:00,STATION_002,20.2
2026-03-17 03:15:00,STATION_002,21.87
2026-03-17 03:30:00,STATION_002,21.68
2026-03-17 03:45:00,STATION_002,24.78
2026-03-17 04:00:00,STATION_002,23.83
2026-03-17 04:15:00,STATION_002,22.25
2026-03-17 04:30:00,STATION_002,23.59
2026-03-17 04:45:00,STATION_002,25.74
2026-03-17 05:00:00,STATION_002,32.51
2026-03-17 05:15:00,STATION_002,37.23
2026-03-17 05:30:00,STATION_002,36.31
2026-03-17 05:45:00,STATION_002,39.96
2026-03-17 06:00:00,STATION_002,40.53
2026-03-17 06:15:00,STATION_002,42.84
2026-03-17 06:30:00,STATION_002,44.08
2026-03-17 06:45:00,STATION_002,44.6
2026-03-17 07:00:00,STATION_002,46.97
2026-03-17 07:15:00,STATION_002,45.89
2026-03-17 07:30:00,STATION_002,45.18
2026-03-17 07:45:00,STATION_002,46.46
2026-03-17 08:00:00,STATION_002,45.77
2026-03-17 08:15:00,STATION_002,48.21
2026-03-17 08:30:00,STATION_002,47.9
2026-03-17 08:45:00,STATION_002,48.72
2026-03-17 09:00:00,STATION_002,49.33
2026-03-17 09:15:00,STATION_002,51.96
2026-03-17 09:30:00,STATION_002,53.58
2026-03-17 09:45:00,STATION_002,53.62
2026-03-17 10:00:00,STATION_002,52.47
2026-03-17 10:15:00,STATION_002,53.71
2026-03-17 10:30:00,STATION_002,53.27
2026-03-17 10:45:00,STATION_002,52.62
2026-03-17 11:00:00,STATION_002,53.07
2026-03-17 11:15:00,STATION_002,58.5
2026-03-17 11:30:00,STATION_002,59.68
2026-03-17 11:45:00,STATION_002,63.26
2026-03-17 12:00:00,STATION_002,70.92
2026-03-17 12:15:00,STATION_002,73.4
2026-03-17 12:30:00,STATION_002,75.16
2026-03-17 12:45:00,STATION_002,80.38
2026-03-17 13:00:00,STATION_002,85.08
2026-03-17 13:15:00,STATION_002,90.23
2026-03-17 13:30:00,STATION_002,93.35
2026-03-17 13:45:00,STATION_002,5.0
2026-03-17 14:00:00,STATION_002,5.93
2026-03-17 14:15:00,STATION_002,8.01
2026-03-17 14:30:00,STATION_002,10.09
2026-03-17 14:45:00,STATION_002,10.0
2026-03-17 15:00:00,STATION_002,8.6
2026-03-17 15:15:00,STATION_002,8.3
2026-03-17 15:30:00,STATION_002,9.49
2026-03-17 15:45:00,STATION_002,11.16
2026-03-17 16:00:00,STATION_002,12.69
2026-03-17 16:15:00,STATION_002,16.1
2026-03-17 16:30:00,STATION_002,14.78
2026-03-17 16:45:00,STATION_002,13.96
2026-03-17 17:00:00,STATION_002,17.57
2026-03-17 17:15:00,STATION_002,17.04
2026-03-17 17:30:00,STATION_002,16.71
2026-03-17 17:45:00,STATION_002,18.05
2026-03-17 18:00:00,STATION_002,18.93
2026-03-17 18:15:00,STATION_002,20.29
2026-03-17 18:30:00,STATION_002,23.9
2026-03-17 18:45:00,STATION_002,27.97
2026-03-17 19:00:00,STATION_002,31.12
2026-03-17 19:15:00,STATION_002,33.6
2026-03-17 19:30:00,STATION_002,37.05
2026-03-17 19:45:00,STATION_002,36.33
2026-03-17 20:00:00,STATION_002,40.29
2026-03-17 20:15:00,STATION_002,43.49
2026-03-17 20:30:00,STATION_002,44.92
2026-03-17 20:45:00,STATION_002,49.6
2026-03-17 21:00:00,STATION_002,52.03
2026-03-17 21:15:00,STATION_002,53.95
2026-03-17 21:30:00,STATION_002,52.99
2026-03-17 21:45:00,STATION_002,55.25
2026-03-17 22:00:00,STATION_002,56.39
2026-03-17 22:15:00,STATION_002,57.87
2026-03-17 22:30:00,STATION_002,60.68
2026-03-17 22:45:00,STATION_002,62.68
2026-03-17 23:00:00,STATION_002,64.23
2026-03-17 23:15:00,STATION_002,65.68
2026-03-17 23:30:00,STATION_002,64.77
2026-03-17 23:45:00,STATION_002,69.05
2026-03-18 00:00:00,STATION_002,69.98
2026-03-18 00:15:00,STATION_002,68.68
2026-03-18 00:30:00,STATION_002,71.5
2026-03-18 00:45:00,STATION_002,71.79
2026-03-18 01:00:00,STATION_002,74.0
2026-03-18 01:15:00,STATION_002,75.56
2026-03-18 01:30:00,STATION_002,74.13
2026-03-18 01:45:00,STATION_002,79.17
2026-03-18 02:00:00,STATION_002,76.55
2026-03-18 02:15:00,STATION_002,76.19
2026-03-18 02:30:00,STATION_002,76.61
2026-03-18 02:45:00,STATION_002,77.08
2026-03-18 03:00:00,STATION_002,76.35
2026-03-18 03:15:00,STATION_002,77.57
2026-03-18 03:30:00,STATION_002,77.51
2026-03-18 03:45:00,STATION_002,79.37
2026-03-18 04:00:00,STATION_002,82.47
2026-03-18 04:15:00,STATION_002,81.8
2026-03-18 04:30:00,STATION_002,80.8
2026-03-18 04:45:00,STATION_002,80.64
2026-03-18 05:00:00,STATION_002,79.98
2026-03-18 05:15:00,STATION_002,80.94
2026-03-18 05:30:00,STATION_002,80.09
2026-03-18 05:45:00,STATION_002,84.66
2026-03-18 06:00:00,STATION_002,84.4
2026-03-18 06:15:00,STATION_002,88.15
2026-03-18 06:30:00,STATION_002,88.69
2026-03-18 06:45:00,STATION_002,89.26
2026-03-18 07:00:00,STATION_002,89.9
2026-03-18 07:15:00,STATION_002,90.45
2026-03-18 07:30:00,STATION_002,91.2
2026-03-18 07:45:00,STATION_002,91.51
2026-03-18 08:00:00,STATION_002,89.79
2026-03-18 08:15:00,STATION_002,90.19
2026-03-18 08:30:00,STATION_002,93.18
2026-03-18 08:45:00,STATION_002,93.43
2026-03-18 09:00:00,STATION_002,5.0
2026-03-18 09:15:00,STATION_002,7.32
2026-03-18 09:30:00,STATION_002,7.89
2026-03-18 09:45:00,STATION_002,9.61
2026-03-18 10:00:00,STATION_002,9.16
2026-03-18 10:15:00,STATION_002,8.17
2026-03-18 10:30:00,STATION_002,9.69
2026-03-18 10:45:00,STATION_002,11.77
2026-03-18 11:00:00,STATION_002,15.25
2026-03-18 11:15:00,STATION_002,16.21
2026-03-18 11:30:00,STATION_002,16.33
2026-03-18 11:45:00,STATION_002,14.28
2026-03-18 12:00:00,STATION_002,17.23
2026-03-18 12:15:00,STATION_002,24.05
2026-03-18 12:30:00,STATION_002,27.48
2026-03-18 12:45:00,STATION_002,32.53
2026-03-18 13:00:00,STATION_002,36.76
2026-03-18 13:15:00,STATION_002,43.41
2026-03-18 13:30:00,STATION_002,45.24
2026-03-18 13:45:00,STATION_002,50.77
2026-03-18 14:00:00,STATION_002,53.84
2026-03-18 14:15:00,STATION_002,56.9
2026-03-18 14:30:00,STATION_002,57.58
2026-03-18 14:45:00,STATION_002,58.17
2026-03-18 15:00:00,STATION_002,61.08
2026-03-18 15:15:00,STATION_002,60.27
2026-03-18 15:30:00,STATION_002,61.6
2026-03-18 15:45:00,STATION_002,63.83
2026-03-18 16:00:00,STATION_002,64.18
2026-03-18 16:15:00,STATION_002,64.85
2026-03-18 16:30:00,STATION_002,69.28
2026-03-18 16:45:00,STATION_002,72.82
2026-03-18 17:00:00,STATION_002,69.49
2026-03-18 17:15:00,STATION_002,71.3
2026-03-18 17:30:00,STATION_002,70.56
2026-03-18 17:45:00,STATION_002,71.0
2026-03-18 18:00:00,STATION_002,73.54
2026-03-18 18:15:00,STATION_002,77.81
2026-03-18 18:30:00,STATION_002,82.85
2026-03-18 18:45:00,STATION_002,80.55
2026-03-18 19:00:00,STATION_002,85.32
2026-03-18 19:15:00,STATION_002,91.53
2026-03-18 19:30:00,STATION_002,93.67
2026-03-18 19:45:00,STATION_002,5.0
2026-03-18 20:00:00,STATION_002,8.11
2026-03-18 20:15:00,STATION_002,8.32
2026-03-18 20:30:00,STATION_002,8.54
2026-03-18 20:45:00,STATION_002,10.92
2026-03-18 21:00:00,STATION_002,11.82
2026-03-18 21:15:00,STATION_002,11.85
2026-03-18 21:30:00,STATION_002,11.14
2026-03-18 21:45:00,STATION_002,10.18
2026-03-18 22:00:00,STATION_002,10.8
2026-03-18 22:15:00,STATION_002,9.62
2026-03-18 22:30:00,STATION_002,10.2
2026-03-18 22:45:00,STATION_002,9.11
2026-03-18 23:00:00,STATION_002,8.88
2026-03-18 23:15:00,STATION_002,9.35
2026-03-18 23:30:00,STATION_002,11.4
2026-03-18 23:45:00,STATION_002,9.71
2026-03-19 00:00:00,STATION_002,8.21
2026-03-19 00:15:00,STATION_002,8.87
2026-03-19 00:30:00,STATION_002,6.87
2026-03-19 00:45:00,STATION_002,7.4
2026-03-19 01:00:00,STATION_002,9.89
2026-03-19 01:15:00,STATION_002,12.65
2026-03-19 01:30:00,STATION_002,10.66
2026-03-19 01:45:00,STATION_002,11.73
2026-03-19 02:00:00,STATION_002,14.84
2026-03-19 02:15:00,STATION_002,16.02
2026-03-19 02:30:00,STATION_002,18.24
2026-03-19 02:45:00,STATION_002,19.61
2026-03-19 03:00:00,STATION_002,22.99
2026-03-19 03:15:00,STATION_002,24.03
2026-03-19 03:30:00,STATION_002,22.46
2026-03-19 03:45:00,STATION_002,22.14
2026-03-19 04:00:00,STATION_002,23.82
2026-03-19 04:15:00,STATION_002,26.29
2026-03-19 04:30:00,STATION_002,25.06
2026-03-19 04:45:00,STATION_002,28.61
2026-03-19 05:00:00,STATION_002,31.67
2026-03-19 05:15:00,STATION_002,32.94
2026-03-19 05:30:00,STATION_002,34.91
2026-03-19 05:45:00,STATION_002,34.58
2026-03-19 06:00:00,STATION_002,35.5
2026-03-19 06:15:00,STATION_002,35.19
2026-03-19 06:30:00,STATION_002,38.45
2026-03-19 06:45:00,STATION_002,39.64
2026-03-19 07:00:00,STATION_002,41.62
2026-03-19 07:15:00,STATION_002,43.94
2026-03-19 07:30:00,STATION_002,44.06
2026-03-19 07:45:00,STATION_002,43.18
2026-03-19 08:00:00,STATION_002,45.5
2026-03-19 08:15:00,STATION_002,47.02
2026-03-19 08:30:00,STATION_002,47.9
2026-03-19 08:45:00,STATION_002,46.8
2026-03-19 09:00:00,STATION_002,45.72
2026-03-19 09:15:00,STATION_002,45.95
2026-03-19 09:30:00,STATION_002,44.71
2026-03-19 09:45:00,STATION_002,41.21
2026-03-19 10:00:00,STATION_002,40.52
2026-03-19 10:15:00,STATION_002,42.79
2026-03-19 10:30:00,STATION_002,42.55
2026-03-19 10:45:00,STATION_002,43.98
2026-03-19 11:00:00,STATION_002,42.45
2026-03-19 11:15:00,STATION_002,43.21
2026-03-19 11:30:00,STATION_002,42.95
2026-03-19 11:45:00,STATION_002,44.43
2026-03-19 12:00:00,STATION_002,51.12
2026-03-19 12:15:00,STATION_002,48.34
2026-03-19 12:30:00,STATION_002,50.59
2026-03-19 12:45:00,STATION_002,53.73
2026-03-19 13:00:00,STATION_002,55.23
2026-03-19 13:15:00,STATION_002,58.04
2026-03-19 13:30:00,STATION_002,65.05
2026-03-19 13:45:00,STATION_002,71.39
2026-03-19 14:00:00,STATION_002,71.5
2026-03-19 14:15:00,STATION_002,75.72
2026-03-19 14:30:00,STATION_002,79.23
2026-03-19 14:45:00,STATION_002,79.9
2026-03-19 15:00:00,STATION_002,80.24
2026-03-19 15:15:00,STATION_002,81.78
2026-03-19 15:30:00,STATION_002,83.48
2026-03-19 15:45:00,STATION_002,83.42
2026-03-19 16:00:00,STATION_002,81.81
2026-03-19 16:15:00,STATION_002,85.85
2026-03-19 16:30:00,STATION_002,87.93
2026-03-19 16:45:00,STATION_002,88.31
2026-03-19 17:00:00,STATION_002,89.29
2026-03-19 17:15:00,STATION_002,90.8
2026-03-19 17:30:00,STATION_002,88.87
2026-03-19 17:45:00,STATION_002,93.48
2026-03-19 18:00:00,STATION_002,93.02
2026-03-19 18:15:00,STATION_002,5.0
2026-03-19 18:30:00,STATION_002,3.95
2026-03-19 18:45:00,STATION_002,6.03
2026-03-19 19:00:00,STATION_002,10.74
2026-03-19 19:15:00,STATION_002,12.2
2026-03-19 19:30:00,STATION_002,12.73
2026-03-19 19:45:00,STATION_002,14.24
2026-03-19 20:00:00,STATION_002,13.39
2026-03-19 20:15:00,STATION_002,16.6
2026-03-19 20:30:00,STATION_002,16.78
2026-03-19 20:45:00,STATION_002,20.69
2026-03-19 21:00:00,STATION_002,19.46
2026-03-19 21:15:00,STATION_002,20.08
2026-03-19 21:30:00,STATION_002,18.82
2026-03-19 21:45:00,STATION_002,20.87
2026-03-19 22:00:00,STATION_002,23.71
2026-03-19 22:15:00,STATION_002,27.25
2026-03-19 22:30:00,STATION_002,26.5
2026-03-19 22:45:00,STATION_002,25.21
2026-03-19 23:00:00,STATION_002,25.25
2026-03-19 23:15:00,STATION_002,28.0
2026-03-19 23:30:00,STATION_002,30.49
2026-03-19 23:45:00,STATION_002,31.57
2026-03-20 00:00:00,STATION_002,32.85
2026-03-20 00:15:00,STATION_002,34.93
2026-03-20 00:30:00,STATION_002,33.59
2026-03-20 00:45:00,STATION_002,34.3
2026-03-20 01:00:00,STATION_002,33.34
2026-03-20 01:15:00,STATION_002,29.59
2026-03-20 01:30:00,STATION_002,31.0
2026-03-20 01:45:00,STATION_002,30.1
2026-03-20 02:00:00,STATION_002,27.48
2026-03-20 02:15:00,STATION_002,30.15
2026-03-20 02:30:00,STATION_002,28.18
2026-03-20 02:45:00,STATION_002,26.62
2026-03-20 03:00:00,STATION_002,26.61
2026-03-20 03:15:00,STATION_002,23.28
2026-03-20 03:30:00,STATION_002,23.43
2026-03-20 03:45:00,STATION_002,24.11
2026-03-20 04:00:00,STATION_002,23.13
2026-03-20 04:15:00,STATION_002,20.89
2026-03-20 04:30:00,STATION_002,23.28
2026-03-20 04:45:00,STATION_002,22.07
2026-03-20 05:00:00,STATION_002,23.6
2026-03-20 05:15:00,STATION_002,26.77
2026-03-20 05:30:00,STATION_002,27.8
2026-03-20 05:45:00,STATION_002,29.98
2026-03-20 06:00:00,STATION_002,29.39
2026-03-20 06:15:00,STATION_002,30.43
2026-03-20 06:30:00,STATION_002,32.05
2026-03-20 06:45:00,STATION_002,33.18
2026-03-20 07:00:00,STATION_002,34.55
2026-03-20 07:15:00,STATION_002,33.76
2026-03-20 07:30:00,STATION_002,32.77
2026-03-20 07:45:00,STATION_002,35.0
2026-03-20 08:00:00,STATION_002,35.44
2026-03-20 08:15:00,STATION_002,35.99
2026-03-20 08:30:00,STATION_002,33.56
2026-03-20 08:45:00,STATION_002,32.69
2026-03-20 09:00:00,STATION_002,35.93
2026-03-20 09:15:00,STATION_002,37.72
2026-03-20 09:30:00,STATION_002,39.86
2026-03-20 09:45:00,STATION_002,41.03
2026-03-20 10:00:00,STATION_002,43.97
2026-03-20 10:15:00,STATION_002,42.07
2026-03-20 10:30:00,STATION_002,46.35
2026-03-20 10:45:00,STATION_002,47.02
2026-03-20 11:00:00,STATION_002,47.97
2026-03-20 11:15:00,STATION_002,50.22
2026-03-20 11:30:00,STATION_002,48.2
2026-03-20 11:45:00,STATION_002,47.14
2026-03-20 12:00:00,STATION_002,51.96
2026-03-20 12:15:00,STATION_002,54.66
2026-03-20 12:30:00,STATION_002,61.21
2026-03-20 12:45:00,STATION_002,64.77
2026-03-20 13:00:00,STATION_002,67.71
2026-03-20 13:15:00,STATION_002,70.86
2026-03-20 13:30:00,STATION_002,73.73
2026-03-20 13:45:00,STATION_002,72.39
2026-03-20 14:00:00,STATION_002,74.75
2026-03-20 14:15:00,STATION_002,77.86
2026-03-20 14:30:00,STATION_002,77.77
2026-03-20 14:45:00,STATION_002,75.94
2026-03-20 15:00:00,STATION_002,78.01
2026-03-20 15:15:00,STATION_002,76.98
2026-03-20 15:30:00,STATION_002,82.94
2026-03-20 15:45:00,STATION_002,84.42
2026-03-20 16:00:00,STATION_002,85.0
2026-03-20 16:15:00,STATION_002,88.09
2026-03-20 16:30:00,STATION_002,86.76
2026-03-20 16:45:00,STATION_002,89.24
2026-03-20 17:00:00,STATION_002,89.67
2026-03-20 17:15:00,STATION_002,91.76
2026-03-20 17:30:00,STATION_002,89.59
2026-03-20 17:45:00,STATION_002,92.52
2026-03-20 18:00:00,STATION_002,5.0
2026-03-20 18:15:00,STATION_002,9.94
2026-03-20 18:30:00,STATION_002,13.44
2026-03-20 18:45:00,STATION_002,16.89
2026-03-20 19:00:00,STATION_002,17.44
2026-03-20 19:15:00,STATION_002,19.99
2026-03-20 19:30:00,STATION_002,22.04
2026-03-20 19:45:00,STATION_002,22.23
2026-03-20 20:00:00,STATION_002,23.03
2026-03-20 20:15:00,STATION_002,26.74
2026-03-20 20:30:00,STATION_002,28.67
2026-03-20 20:45:00,STATION_002,33.28
2026-03-20 21:00:00,STATION_002,35.99
2026-03-20 21:15:00,STATION_002,37.07
2026-03-20 21:30:00,STATION_002,36.22
2026-03-20 21:45:00,STATION_002,38.2
2026-03-20 22:00:00,STATION_002,38.88
2026-03-20 22:15:00,STATION_002,41.53
2026-03-20 22:30:00,STATION_002,38.92
2026-03-20 22:45:00,STATION_002,41.91
2026-03-20 23:00:00,STATION_002,44.76
2026-03-20 23:15:00,STATION_002,46.81
2026-03-20 23:30:00,STATION_002,46.3
2026-03-20 23:45:00,STATION_002,47.8
2026-03-21 00:00:00,STATION_002,46.55
2026-03-21 00:15:00,STATION_002,48.97
2026-03-21 00:30:00,STATION_002,48.53
2026-03-21 00:45:00,STATION_002,45.66
2026-03-21 01:00:00,STATION_002,46.41
2026-03-21 01:15:00,STATION_002,45.16
2026-03-21 01:30:00,STATION_002,47.93
2026-03-21 01:45:00,STATION_002,51.38
2026-03-21 02:00:00,STATION_002,47.65
2026-03-21 02:15:00,STATION_002,48.34
2026-03-21 02:30:00,STATION_002,48.45
2026-03-21 02:45:00,STATION_002,54.13
2026-03-21 03:00:00,STATION_002,54.02
2026-03-21 03:15:00,STATION_002,54.19
2026-03-21 03:30:00,STATION_002,56.32
2026-03-21 03:45:00,STATION_002,54.41
2026-03-21 04:00:00,STATION_002,50.49
2026-03-21 04:15:00,STATION_002,50.54
2026-03-21 04:30:00,STATION_002,51.11
2026-03-21 04:45:00,STATION_002,47.62
2026-03-21 05:00:00,STATION_002,47.55
2026-03-21 05:15:00,STATION_002,48.2
2026-03-21 05:30:00,STATION_002,51.74
2026-03-21 05:45:00,STATION_002,51.18
2026-03-21 06:00:00,STATION_002,47.68
2026-03-21 06:15:00,STATION_002,50.65
2026-03-21 06:30:00,STATION_002,49.57
2026-03-21 06:45:00,STATION_002,49.3
2026-03-21 07:00:00,STATION_002,48.0
2026-03-21 07:15:00,STATION_002,49.52
2026-03-21 07:30:00,STATION_002,48.4
2026-03-21 07:45:00,STATION_002,50.85
2026-03-21 08:00:00,STATION_002,53.68
2026-03-21 08:15:00,STATION_002,54.63
2026-03-21 08:30:00,STATION_002,56.85
2026-03-21 08:45:00,STATION_002,57.46
2026-03-21 09:00:00,STATION_002,63.32
2026-03-21 09:15:00,STATION_002,65.15
2026-03-21 09:30:00,STATION_002,65.86
2026-03-21 09:45:00,STATION_002,66.84
2026-03-21 10:00:00,STATION_002,71.1
2026-03-21 10:15:00,STATION_002,73.76
2026-03-21 10:30:00,STATION_002,75.49
2026-03-21 10:45:00,STATION_002,78.02
2026-03-21 11:00:00,STATION_002,79.54
2026-03-21 11:15:00,STATION_002,83.25
2026-03-21 11:30:00,STATION_002,85.5
2026-03-21 11:45:00,STATION_002,88.3
2026-03-21 12:00:00,STATION_002,89.41
2026-03-21 12:15:00,STATION_002,92.68
2026-03-21 12:30:00,STATION_002,5.0
2026-03-21 12:45:00,STATION_002,2.28
2026-03-21 13:00:00,STATION_002,4.8
2026-03-21 13:15:00,STATION_002,4.92
2026-03-21 13:30:00,STATION_002,10.71
2026-03-21 13:45:00,STATION_002,11.7
2026-03-21 14:00:00,STATION_002,15.56
2026-03-21 14:15:00,STATION_002,18.99
2026-03-21 14:30:00,STATION_002,20.7
2026-03-21 14:45:00,STATION_002,22.71
2026-03-21 15:00:00,STATION_002,21.21
2026-03-21 15:15:00,STATION_002,19.78
2026-03-21 15:30:00,STATION_002,22.43
2026-03-21 15:45:00,STATION_002,24.04
2026-03-21 16:00:00,STATION_002,23.68
2026-03-21 16:15:00,STATION_002,26.7
2026-03-21 16:30:00,STATION_002,29.01
2026-03-21 16:45:00,STATION_002,29.35
2026-03-21 17:00:00,STATION_002,29.78
2026-03-21 17:15:00,STATION_002,31.88
2026-03-21 17:30:00,STATION_002,36.86
2026-03-21 17:45:00,STATION_002,38.12
2026-03-21 18:00:00,STATION_002,36.61
2026-03-21 18:15:00,STATION_002,38.18
2026-03-21 18:30:00,STATION_002,37.08
2026-03-21 18:45:00,STATION_002,37.56
2026-03-21 19:00:00,STATION_002,41.77
2026-03-21 19:15:00,STATION_002,41.25
2026-03-21 19:30:00,STATION_002,37.89
2026-03-21 19:45:00,STATION_002,38.08
2026-03-21 20:00:00,STATION_002,41.91
2026-03-21 20:15:00,STATION_002,40.38
2026-03-21 20:30:00,STATION_002,42.46
2026-03-21 20:45:00,STATION_002,45.64
2026-03-21 21:00:00,STATION_002,44.91
2026-03-21 21:15:00,STATION_002,43.26
2026-03-21 21:30:00,STATION_002,45.71
2026-03-21 21:45:00,STATION_002,47.76
2026-03-21 22:00:00,STATION_002,48.86
2026-03-21 22:15:00,STATION_002,50.36
2026-03-21 22:30:00,STATION_002,48.79
2026-03-21 22:45:00,STATION_002,49.77
2026-03-21 23:00:00,STATION_002,52.12
2026-03-21 23:15:00,STATION_002,54.22
2026-03-21 23:30:00,STATION_002,52.19
2026-03-21 23:45:00,STATION_002,53.26
2026-03-22 00:00:00,STATION_002,57.69
2026-03-22 00:15:00,STATION_002,56.27
2026-03-22 00:30:00,STATION_002,56.31
2026-03-22 00:45:00,STATION_002,58.13
2026-03-22 01:00:00,STATION_002,55.21
2026-03-22 01:15:00,STATION_002,55.5
2026-03-22 01:30:00,STATION_002,58.58
2026-03-22 01:45:00,STATION_002,59.84
2026-03-22 02:00:00,STATION_002,64.36
2026-03-22 02:15:00,STATION_002,65.1
2026-03-22 02:30:00,STATION_002,65.46
2026-03-22 02:45:00,STATION_002,64.54
2026-03-22 03:00:00,STATION_002,67.1
2026-03-22 03:15:00,STATION_002,66.55
2026-03-22 03:30:00,STATION_002,67.36
2026-03-22 03:45:00,STATION_002,70.59
2026-03-22 04:00:00,STATION_002,73.28
2026-03-22 04:15:00,STATION_002,77.01
2026-03-22 04:30:00,STATION_002,78.58
2026-03-22 04:45:00,STATION_002,78.33
2026-03-22 05:00:00,STATION_002,79.99
2026-03-22 05:15:00,STATION_002,80.4
2026-03-22 05:30:00,STATION_002,86.09
2026-03-22 05:45:00,STATION_002,86.8
2026-03-22 06:00:00,STATION_002,91.01
2026-03-22 06:15:00,STATION_002,92.64
2026-03-22 06:30:00,STATION_002,5.0
2026-03-22 06:45:00,STATION_002,4.53
2026-03-22 07:00:00,STATION_002,3.13
2026-03-22 07:15:00,STATION_002,2.95
2026-03-22 07:30:00,STATION_002,6.72
2026-03-22 07:45:00,STATION_002,11.09
2026-03-22 08:00:00,STATION_002,11.76
2026-03-22 08:15:00,STATION_002,13.04
2026-03-22 08:30:00,STATION_002,12.51
2026-03-22 08:45:00,STATION_002,11.37
2026-03-22 09:00:00,STATION_002,12.29
2026-03-22 09:15:00,STATION_002,9.77
2026-03-22 09:30:00,STATION_002,12.78
2026-03-22 09:45:00,STATION_002,17.38
2026-03-22 10:00:00,STATION_002,19.35
2026-03-22 10:15:00,STATION_002,18.79
2026-03-22 10:30:00,STATION_002,17.0
2026-03-22 10:45:00,STATION_002,20.05
2026-03-22 11:00:00,STATION_002,25.19
2026-03-22 11:15:00,STATION_002,31.82
2026-03-22 11:30:00,STATION_002,31.74
2026-03-22 11:45:00,STATION_002,37.1
2026-03-22 12:00:00,STATION_002,41.02
2026-03-22 12:15:00,STATION_002,44.82
2026-03-22 12:30:00,STATION_002,52.24
2026-03-22 12:45:00,STATION_002,56.54
2026-03-22 13:00:00,STATION_002,57.57
2026-03-22 13:15:00,STATION_002,59.96
2026-03-22 13:30:00,STATION_002,63.08
2026-03-22 13:45:00,STATION_002,66.38
2026-03-22 14:00:00,STATION_002,70.15
2026-03-22 14:15:00,STATION_002,76.94
2026-03-22 14:30:00,STATION_002,80.85
2026-03-22 14:45:00,STATION_002,84.08
2026-03-22 15:00:00,STATION_002,85.96
2026-03-22 15:15:00,STATION_002,82.85
2026-03-22 15:30:00,STATION_002,85.43
2026-03-22 15:45:00,STATION_002,82.89
2026-03-22 16:00:00,STATION_002,84.31
2026-03-22 16:15:00,STATION_002,86.4
2026-03-22 16:30:00,STATION_002,89.13
2026-03-22 16:45:00,STATION_002,91.57
2026-03-22 17:00:00,STATION_002,91.17
2026-03-22 17:15:00,STATION_002,91.9
2026-03-22 17:30:00,STATION_002,92.36
2026-03-22 17:45:00,STATION_002,93.84
2026-03-22 18:00:00,STATION_002,5.0
2026-03-22 18:15:00,STATION_002,4.22
2026-03-22 18:30:00,STATION_002,7.31
2026-03-22 18:45:00,STATION_002,8.47
2026-03-22 19:00:00,STATION_002,8.66
2026-03-22 19:15:00,STATION_002,9.07
2026-03-22 19:30:00,STATION_002,9.74
2026-03-22 19:45:00,STATION_002,9.96
2026-03-22 20:00:00,STATION_002,11.13
2026-03-22 20:15:00,STATION_002,11.32
2026-03-22 20:30:00,STATION_002,10.59
2026-03-22 20:45:00,STATION_002,10.2
2026-03-22 21:00:00,STATION_002,9.3
2026-03-22 21:15:00,STATION_002,7.09
2026-03-22 21:30:00,STATION_002,7.74
2026-03-22 21:45:00,STATION_002,10.71
2026-03-22 22:00:00,STATION_002,11.89
2026-03-22 22:15:00,STATION_002,16.16
2026-03-22 22:30:00,STATION_002,10.74
2026-03-22 22:45:00,STATION_002,10.43
2026-03-22 23:00:00,STATION_002,10.31
2026-03-22 23:15:00,STATION_002,10.61
2026-03-22 23:30:00,STATION_002,10.58
2026-03-22 23:45:00,STATION_002,10.91
2026-03-23 00:00:00,STATION_002,11.46
2026-03-23 00:15:00,STATION_002,12.03
2026-03-23 00:30:00,STATION_002,8.83
2026-03-23 00:45:00,STATION_002,6.21
2026-03-23 01:00:00,STATION_002,3.47
2026-03-23 01:15:00,STATION_002,5.95
2026-03-23 01:30:00,STATION_002,7.74
2026-03-23 01:45:00,STATION_002,6.38
2026-03-23 02:00:00,STATION_002,9.12
2026-03-23 02:15:00,STATION_002,11.61
2026-03-23 02:30:00,STATION_002,13.91
2026-03-23 02:45:00,STATION_002,15.25
2026-03-23 03:00:00,STATION_002,11.82
2026-03-23 03:15:00,STATION_002,9.79
2026-03-23 03:30:00,STATION_002,12.17
2026-03-23 03:45:00,STATION_002,10.45
2026-03-23 04:00:00,STATION_002,11.04
2026-03-23 04:15:00,STATION_002,10.96
2026-03-23 04:30:00,STATION_002,11.03
2026-03-23 04:45:00,STATION_002,12.38
2026-03-23 05:00:00,STATION_002,12.93
2026-03-23 05:15:00,STATION_002,11.26
2026-03-23 05:30:00,STATION_002,10.13
2026-03-23 05:45:00,STATION_002,12.45
2026-03-23 06:00:00,STATION_002,13.45
2026-03-23 06:15:00,STATION_002,16.39
2026-03-23 06:30:00,STATION_002,15.33
2026-03-23 06:45:00,STATION_002,16.36
2026-03-23 07:00:00,STATION_002,13.67
2026-03-23 07:15:00,STATION_002,11.77
2026-03-23 07:30:00,STATION_002,10.61
2026-03-23 07:45:00,STATION_002,7.51
2026-03-23 08:00:00,STATION_002,7.48
2026-03-23 08:15:00,STATION_002,10.86
2026-03-23 08:30:00,STATION_002,16.03
2026-03-23 08:45:00,STATION_002,16.54
2026-03-23 09:00:00,STATION_002,18.76
2026-03-23 09:15:00,STATION_002,18.21
2026-03-23 09:30:00,STATION_002,21.46
2026-03-23 09:45:00,STATION_002,18.88
2026-03-23 10:00:00,STATION_002,17.39
2026-03-23 10:15:00,STATION_002,18.78
2026-03-23 10:30:00,STATION_002,21.66
2026-03-23 10:45:00,STATION_002,22.48
2026-03-23 11:00:00,STATION_002,21.39
2026-03-23 11:15:00,STATION_002,20.19
2026-03-23 11:30:00,STATION_002,21.57
2026-03-23 11:45:00,STATION_002,24.36
2026-03-23 12:00:00,STATION_002,28.09
2026-03-23 12:15:00,STATION_002,31.45
2026-03-23 12:30:00,STATION_002,33.43
2026-03-23 12:45:00,STATION_002,36.63
2026-03-23 13:00:00,STATION_002,42.63
2026-03-23 13:15:00,STATION_002,44.01
2026-03-23 13:30:00,STATION_002,45.43
2026-03-23 13:45:00,STATION_002,47.9
2026-03-23 14:00:00,STATION_002,50.08
2026-03-23 14:15:00,STATION_002,49.23
2026-03-23 14:30:00,STATION_002,47.15
2026-03-23 14:45:00,STATION_002,45.63
2026-03-23 15:00:00,STATION_002,43.83
2026-03-23 15:15:00,STATION_002,43.76
2026-03-23 15:30:00,STATION_002,46.33
2026-03-23 15:45:00,STATION_002,46.07
2026-03-23 16:00:00,STATION_002,44.5
2026-03-23 16:15:00,STATION_002,48.8
2026-03-23 16:30:00,STATION_002,51.34
2026-03-23 16:45:00,STATION_002,51.87
2026-03-23 17:00:00,STATION_002,50.96
2026-03-23 17:15:00,STATION_002,50.09
2026-03-23 17:30:00,STATION_002,50.42
2026-03-23 17:45:00,STATION_002,49.41
2026-03-23 18:00:00,STATION_002,53.51
2026-03-23 18:15:00,STATION_002,56.12
2026-03-23 18:30:00,STATION_002,58.13
2026-03-23 18:45:00,STATION_002,64.02
2026-03-23 19:00:00,STATION_002,68.06
2026-03-23 19:15:00,STATION_002,72.92
2026-03-23 19:30:00,STATION_002,77.57
2026-03-23 19:45:00,STATION_002,80.04
2026-03-23 20:00:00,STATION_002,82.43
2026-03-23 20:15:00,STATION_002,81.82
2026-03-23 20:30:00,STATION_002,79.97
2026-03-23 20:45:00,STATION_002,86.25
2026-03-23 21:00:00,STATION_002,84.42
2026-03-23 21:15:00,STATION_002,85.16
2026-03-23 21:30:00,STATION_002,85.22
2026-03-23 21:45:00,STATION_002,84.97
2026-03-23 22:00:00,STATION_002,87.61
2026-03-23 22:15:00,STATION_002,89.77
2026-03-23 22:30:00,STATION_002,90.72
2026-03-23 22:45:00,STATION_002,86.87
2026-03-23 23:00:00,STATION_002,89.84
2026-03-23 23:15:00,STATION_002,90.26
2026-03-23 23:30:00,STATION_002,89.04
2026-03-23 23:45:00,STATION_002,92.33
2026-03-24 00:00:00,STATION_002,94.97
2026-03-24 00:15:00,STATION_002,5.0
2026-03-24 00:30:00,STATION_002,7.14
2026-03-24 00:45:00,STATION_002,8.85
2026-03-24 01:00:00,STATION_002,11.16
2026-03-24 01:15:00,STATION_002,13.21
2026-03-24 01:30:00,STATION_002,15.76
2026-03-24 01:45:00,STATION_002,17.66
2026-03-24 02:00:00,STATION_002,15.89
2026-03-24 02:15:00,STATION_002,15.47
2026-03-24 02:30:00,STATION_002,18.22
2026-03-24 02:45:00,STATION_002,18.73
2026-03-24 03:00:00,STATION_002,18.57
2026-03-24 03:15:00,STATION_002,17.61
2026-03-24 03:30:00,STATION_002,20.2
2026-03-24 03:45:00,STATION_002,22.42
2026-03-24 04:00:00,STATION_002,23.18
2026-03-24 04:15:00,STATION_002,21.94
2026-03-24 04:30:00,STATION_002,24.58
2026-03-24 04:45:00,STATION_002,25.38
2026-03-24 05:00:00,STATION_002,29.19
2026-03-24 05:15:00,STATION_002,28.81
2026-03-24 05:30:00,STATION_002,31.82
2026-03-24 05:45:00,STATION_002,30.56
2026-03-24 06:00:00,STATION_002,26.8
2026-03-24 06:15:00,STATION_002,31.75
2026-03-24 06:30:00,STATION_002,34.33
2026-03-24 06:45:00,STATION_002,35.32
2026-03-24 07:00:00,STATION_002,36.72
2026-03-24 07:15:00,STATION_002,33.44
2026-03-24 07:30:00,STATION_002,33.37
2026-03-24 07:45:00,STATION_002,34.78
2026-03-24 08:00:00,STATION_002,34.38
2026-03-24 08:15:00,STATION_002,36.81
2026-03-24 08:30:00,STATION_002,36.19
2026-03-24 08:45:00,STATION_002,36.26
2026-03-24 09:00:00,STATION_002,36.04
2026-03-24 09:15:00,STATION_002,35.43
2026-03-24 09:30:00,STATION_002,37.98
2026-03-24 09:45:00,STATION_002,35.42
2026-03-24 10:00:00,STATION_002,35.37
2026-03-24 10:15:00,STATION_002,38.38
2026-03-24 10:30:00,STATION_002,37.72
2026-03-24 10:45:00,STATION_002,38.68
2026-03-24 11:00:00,STATION_002,40.7
2026-03-24 11:15:00,STATION_002,37.79
2026-03-24 11:30:00,STATION_002,37.89
2026-03-24 11:45:00,STATION_002,37.71
2026-03-24 12:00:00,STATION_002,40.36
2026-03-24 12:15:00,STATION_002,47.58
2026-03-24 12:30:00,STATION_002,51.13
2026-03-24 12:45:00,STATION_002,56.35
2026-03-24 13:00:00,STATION_002,59.84
2026-03-24 13:15:00,STATION_002,64.18
2026-03-24 13:30:00,STATION_002,70.91
2026-03-24 13:45:00,STATION_002,74.85
2026-03-24 14:00:00,STATION_002,77.32
2026-03-24 14:15:00,STATION_002,75.29
2026-03-24 14:30:00,STATION_002,74.81
2026-03-24 14:45:00,STATION_002,75.0
2026-03-24 15:00:00,STATION_002,77.02
2026-03-24 15:15:00,STATION_002,76.4
2026-03-24 15:30:00,STATION_002,79.82
2026-03-24 15:45:00,STATION_002,79.31
2026-03-24 16:00:00,STATION_002,83.04
2026-03-24 16:15:00,STATION_002,83.49
2026-03-24 16:30:00,STATION_002,85.31
2026-03-24 16:45:00,STATION_002,88.26
2026-03-24 17:00:00,STATION_002,82.96
2026-03-24 17:15:00,STATION_002,86.7
2026-03-24 17:30:00,STATION_002,86.68
2026-03-24 17:45:00,STATION_002,91.98
2026-03-24 18:00:00,STATION_002,94.91
2026-03-24 18:15:00,STATION_002,5.0
2026-03-24 18:30:00,STATION_002,9.46
2026-03-24 18:45:00,STATION_002,14.46
2026-03-24 19:00:00,STATION_002,18.72
2026-03-24 19:15:00,STATION_002,22.64
2026-03-24 19:30:00,STATION_002,25.79
2026-03-24 19:45:00,STATION_002,29.39
2026-03-24 20:00:00,STATION_002,32.74
2026-03-24 20:15:00,STATION_002,36.89
2026-03-24 20:30:00,STATION_002,39.95
2026-03-24 20:45:00,STATION_002,39.76
2026-03-24 21:00:00,STATION_002,38.64
2026-03-24 21:15:00,STATION_002,39.72
2026-03-24 21:30:00,STATION_002,41.89
2026-03-24 21:45:00,STATION_002,44.63
2026-03-24 22:00:00,STATION_002,44.63
2026-03-24 22:15:00,STATION_002,46.87
2026-03-24 22:30:00,STATION_002,45.78
2026-03-24 22:45:00,STATION_002,45.11
2026-03-24 23:00:00,STATION_002,50.03
2026-03-24 23:15:00,STATION_002,52.45
2026-03-24 23:30:00,STATION_002,49.25
2026-03-24 23:45:00,STATION_002,49.73
2026-03-25 00:00:00,STATION_002,48.96
2026-03-25 00:15:00,STATION_002,47.44
2026-03-25 00:30:00,STATION_002,46.52
2026-03-25 00:45:00,STATION_002,48.77
2026-03-25 01:00:00,STATION_002,47.09
2026-03-25 01:15:00,STATION_002,44.75
2026-03-25 01:30:00,STATION_002,46.68
2026-03-25 01:45:00,STATION_002,48.15
2026-03-25 02:00:00,STATION_002,48.42
2026-03-25 02:15:00,STATION_002,45.28
2026-03-25 02:30:00,STATION_002,46.1
2026-03-25 02:45:00,STATION_002,44.06
2026-03-25 03:00:00,STATION_002,43.4
2026-03-25 03:15:00,STATION_002,43.68
2026-03-25 03:30:00,STATION_002,45.64
2026-03-25 03:45:00,STATION_002,48.51
2026-03-25 04:00:00,STATION_002,48.22
2026-03-25 04:15:00,STATION_002,48.65
2026-03-25 04:30:00,STATION_002,47.68
2026-03-25 04:45:00,STATION_002,48.28
2026-03-25 05:00:00,STATION_002,48.3
2026-03-25 05:15:00,STATION_002,47.7
2026-03-25 05:30:00,STATION_002,48.89
2026-03-25 05:45:00,STATION_002,49.53
2026-03-25 06:00:00,STATION_002,48.9
2026-03-25 06:15:00,STATION_002,48.79
2026-03-25 06:30:00,STATION_002,48.06
2026-03-25 06:45:00,STATION_002,49.49
2026-03-25 07:00:00,STATION_002,48.86
2026-03-25 07:15:00,STATION_002,50.34
2026-03-25 07:30:00,STATION_002,47.24
2026-03-25 07:45:00,STATION_002,49.12
2026-03-25 08:00:00,STATION_002,48.7
2026-03-25 08:15:00,STATION_002,49.13
2026-03-25 08:30:00,STATION_002,47.53
2026-03-25 08:45:00,STATION_002,46.56
2026-03-25 09:00:00,STATION_002,46.56
2026-03-25 09:15:00,STATION_002,45.64
2026-03-25 09:30:00,STATION_002,47.64
2026-03-25 09:45:00,STATION_002,45.59
2026-03-25 10:00:00,STATION_002,43.62
2026-03-25 10:15:00,STATION_002,46.2
2026-03-25 10:30:00,STATION_002,48.92
2026-03-25 10:45:00,STATION_002,46.61
2026-03-25 11:00:00,STATION_002,46.82
2026-03-25 11:15:00,STATION_002,45.9
2026-03-25 11:30:00,STATION_002,44.37
2026-03-25 11:45:00,STATION_002,45.77
2026-03-25 12:00:00,STATION_002,49.84
2026-03-25 12:15:00,STATION_002,56.57
2026-03-25 12:30:00,STATION_002,57.72
2026-03-25 12:45:00,STATION_002,60.58
2026-03-25 13:00:00,STATION_002,61.16
2026-03-25 13:15:00,STATION_002,63.55
2026-03-25 13:30:00,STATION_002,66.79
2026-03-25 13:45:00,STATION_002,69.83
2026-03-25 14:00:00,STATION_002,69.49
2026-03-25 14:15:00,STATION_002,72.91
2026-03-25 14:30:00,STATION_002,72.95
2026-03-25 14:45:00,STATION_002,72.16
2026-03-25 15:00:00,STATION_002,73.14
2026-03-25 15:15:00,STATION_002,67.34
2026-03-25 15:30:00,STATION_002,70.25
2026-03-25 15:45:00,STATION_002,72.18
2026-03-25 16:00:00,STATION_002,77.18
2026-03-25 16:15:00,STATION_002,74.38
2026-03-25 16:30:00,STATION_002,73.43
2026-03-25 16:45:00,STATION_002,75.6
2026-03-25 17:00:00,STATION_002,76.95
2026-03-25 17:15:00,STATION_002,76.55
2026-03-25 17:30:00,STATION_002,79.29
2026-03-25 17:45:00,STATION_002,81.14
2026-03-25 18:00:00,STATION_002,85.75
2026-03-25 18:15:00,STATION_002,86.77
2026-03-25 18:30:00,STATION_002,91.33
2026-03-25 18:45:00,STATION_002,5.0
2026-03-25 19:00:00,STATION_002,6.49
2026-03-25 19:15:00,STATION_002,8.43
2026-03-25 19:30:00,STATION_002,11.77
2026-03-25 19:45:00,STATION_002,14.75
2026-03-25 20:00:00,STATION_002,21.66
2026-03-25 20:15:00,STATION_002,22.26
2026-03-25 20:30:00,STATION_002,26.19
2026-03-25 20:45:00,STATION_002,27.41
2026-03-25 21:00:00,STATION_002,29.23
2026-03-25 21:15:00,STATION_002,26.9
2026-03-25 21:30:00,STATION_002,26.68
2026-03-25 21:45:00,STATION_002,26.76
2026-03-25 22:00:00,STATION_002,27.91
2026-03-25 22:15:00,STATION_002,27.84
2026-03-25 22:30:00,STATION_002,28.12
2026-03-25 22:45:00,STATION_002,27.75
2026-03-25 23:00:00,STATION_002,31.07
2026-03-25 23:15:00,STATION_002,31.24
2026-03-25 23:30:00,STATION_002,31.85
2026-03-25 23:45:00,STATION_002,29.38
2026-03-26 00:00:00,STATION_002,26.08
2026-03-26 00:15:00,STATION_002,26.51
2026-03-26 00:30:00,STATION_002,24.63
2026-03-26 00:45:00,STATION_002,27.3
2026-03-26 01:00:00,STATION_002,27.7
2026-03-26 01:15:00,STATION_002,29.48
2026-03-26 01:30:00,STATION_002,30.28
2026-03-26 01:45:00,STATION_002,32.63
2026-03-26 02:00:00,STATION_002,32.8
2026-03-26 02:15:00,STATION_002,33.5
2026-03-26 02:30:00,STATION_002,33.41
2026-03-26 02:45:00,STATION_002,32.93
2026-03-26 03:00:00,STATION_002,35.77
2026-03-26 03:15:00,STATION_002,36.19
2026-03-26 03:30:00,STATION_002,39.19
2026-03-26 03:45:00,STATION_002,39.8
2026-03-26 04:00:00,STATION_002,42.56
2026-03-26 04:15:00,STATION_002,44.2
2026-03-26 04:30:00,STATION_002,41.3
2026-03-26 04:45:00,STATION_002,43.35
2026-03-26 05:00:00,STATION_002,43.42
2026-03-26 05:15:00,STATION_002,45.53
2026-03-26 05:30:00,STATION_002,46.4
2026-03-26 05:45:00,STATION_002,47.47
2026-03-26 06:00:00,STATION_002,48.99
2026-03-26 06:15:00,STATION_002,52.36
2026-03-26 06:30:00,STATION_002,52.49
2026-03-26 06:45:00,STATION_002,54.72
2026-03-26 07:00:00,STATION_002,52.79
2026-03-26 07:15:00,STATION_002,57.05
2026-03-26 07:30:00,STATION_002,59.09
2026-03-26 07:45:00,STATION_002,56.28
2026-03-26 08:00:00,STATION_002,54.68
2026-03-26 08:15:00,STATION_002,56.5
2026-03-26 08:30:00,STATION_002,54.21
2026-03-26 08:45:00,STATION_002,57.32
2026-03-26 09:00:00,STATION_002,57.16
2026-03-26 09:15:00,STATION_002,59.77
2026-03-26 09:30:00,STATION_002,61.06
2026-03-26 09:45:00,STATION_002,60.99
2026-03-26 10:00:00,STATION_002,62.53
2026-03-26 10:15:00,STATION_002,62.12
2026-03-26 10:30:00,STATION_002,64.45
2026-03-26 10:45:00,STATION_002,66.1
2026-03-26 11:00:00,STATION_002,67.08
2026-03-26 11:15:00,STATION_002,67.7
2026-03-26 11:30:00,STATION_002,70.75
2026-03-26 11:45:00,STATION_002,73.13
2026-03-26 12:00:00,STATION_002,78.33
2026-03-26 12:15:00,STATION_002,82.54
2026-03-26 12:30:00,STATION_002,85.69
2026-03-26 12:45:00,STATION_002,88.81
2026-03-26 13:00:00,STATION_002,94.1
2026-03-26 13:15:00,STATION_002,5.0
2026-03-26 13:30:00,STATION_002,8.52
2026-03-26 13:45:00,STATION_002,13.84
2026-03-26 14:00:00,STATION_002,15.56
2026-03-26 14:15:00,STATION_002,17.11
2026-03-26 14:30:00,STATION_002,19.25
2026-03-26 14:45:00,STATION_002,19.68
2026-03-26 15:00:00,STATION_002,23.27
2026-03-26 15:15:00,STATION_002,26.29
2026-03-26 15:30:00,STATION_002,26.38
2026-03-26 15:45:00,STATION_002,26.31
2026-03-26 16:00:00,STATION_002,26.42
2026-03-26 16:15:00,STATION_002,28.38
2026-03-26 16:30:00,STATION_002,30.61
2026-03-26 16:45:00,STATION_002,33.7
2026-03-26 17:00:00,STATION_002,36.0
2026-03-26 17:15:00,STATION_002,40.77
2026-03-26 17:30:00,STATION_002,41.06
2026-03-26 17:45:00,STATION_002,44.46
2026-03-26 18:00:00,STATION_002,50.04
2026-03-26 18:15:00,STATION_002,53.11
2026-03-26 18:30:00,STATION_002,54.33
2026-03-26 18:45:00,STATION_002,57.72
2026-03-26 19:00:00,STATION_002,58.59
2026-03-26 19:15:00,STATION_002,59.77
2026-03-26 19:30:00,STATION_002,66.04
2026-03-26 19:45:00,STATION_002,68.09
2026-03-26 20:00:00,STATION_002,68.84
2026-03-26 20:15:00,STATION_002,72.97
2026-03-26 20:30:00,STATION_002,76.38
2026-03-26 20:45:00,STATION_002,79.68
2026-03-26 21:00:00,STATION_002,78.72
2026-03-26 21:15:00,STATION_002,80.79
2026-03-26 21:30:00,STATION_002,79.67
2026-03-26 21:45:00,STATION_002,82.92
2026-03-26 22:00:00,STATION_002,81.49
2026-03-26 22:15:00,STATION_002,83.28
2026-03-26 22:30:00,STATION_002,85.36
2026-03-26 22:45:00,STATION_002,85.97
2026-03-26 23:00:00,STATION_002,85.49
2026-03-26 23:15:00,STATION_002,87.65
2026-03-26 23:30:00,STATION_002,86.73
2026-03-26 23:45:00,STATION_002,89.17
2026-03-27 00:00:00,STATION_002,91.99
2026-03-27 00:15:00,STATION_002,90.7
2026-03-27 00:30:00,STATION_002,87.94
2026-03-27 00:45:00,STATION_002,87.4
2026-03-27 01:00:00,STATION_002,86.58
2026-03-27 01:15:00,STATION_002,86.4
2026-03-27 01:30:00,STATION_002,89.7
2026-03-27 01:45:00,STATION_002,87.88
2026-03-27 02:00:00,STATION_002,86.74
2026-03-27 02:15:00,STATION_002,89.21
2026-03-27 02:30:00,STATION_002,90.32
2026-03-27 02:45:00,STATION_002,91.98
2026-03-27 03:00:00,STATION_002,5.0
2026-03-27 03:15:00,STATION_002,0.87
2026-03-27 03:30:00,STATION_002,0.81
2026-03-27 03:45:00,STATION_002,3.2
2026-03-27 04:00:00,STATION_002,7.51
2026-03-27 04:15:00,STATION_002,7.07
2026-03-27 04:30:00,STATION_002,7.49
2026-03-27 04:45:00,STATION_002,11.41
2026-03-27 05:00:00,STATION_002,12.32
2026-03-27 05:15:00,STATION_002,8.14
2026-03-27 05:30:00,STATION_002,5.33
2026-03-27 05:45:00,STATION_002,5.78
2026-03-27 06:00:00,STATION_002,2.92
2026-03-27 06:15:00,STATION_002,2.14
2026-03-27 06:30:00,STATION_002,2.27
2026-03-27 06:45:00,STATION_002,7.06
2026-03-27 07:00:00,STATION_002,11.23
2026-03-27 07:15:00,STATION_002,16.06
2026-03-27 07:30:00,STATION_002,15.48
2026-03-27 07:45:00,STATION_002,15.75
2026-03-27 08:00:00,STATION_002,17.39
2026-03-27 08:15:00,STATION_002,20.59
2026-03-27 08:30:00,STATION_002,22.41
2026-03-27 08:45:00,STATION_002,26.82
2026-03-27 09:00:00,STATION_002,27.57
2026-03-27 09:15:00,STATION_002,28.7
2026-03-27 09:30:00,STATION_002,29.82
2026-03-27 09:45:00,STATION_002,32.64
2026-03-27 10:00:00,STATION_002,30.72
2026-03-27 10:15:00,STATION_002,28.92
2026-03-27 10:30:00,STATION_002,31.75
2026-03-27 10:45:00,STATION_002,29.4
2026-03-27 11:00:00,STATION_002,30.96
2026-03-27 11:15:00,STATION_002,30.04
2026-03-27 11:30:00,STATION_002,35.31
2026-03-27 11:45:00,STATION_002,37.19
2026-03-27 12:00:00,STATION_002,38.57
2026-03-27 12:15:00,STATION_002,38.69
2026-03-27 12:30:00,STATION_002,37.36
2026-03-27 12:45:00,STATION_002,39.58
2026-03-27 13:00:00,STATION_002,43.98
2026-03-27 13:15:00,STATION_002,47.98
2026-03-27 13:30:00,STATION_002,48.98
2026-03-27 13:45:00,STATION_002,52.45
2026-03-27 14:00:00,STATION_002,52.63
2026-03-27 14:15:00,STATION_002,54.36
2026-03-27 14:30:00,STATION_002,54.08
2026-03-27 14:45:00,STATION_002,55.99
2026-03-27 15:00:00,STATION_002,55.85
2026-03-27 15:15:00,STATION_002,55.45
2026-03-27 15:30:00,STATION_002,55.26
2026-03-27 15:45:00,STATION_002,55.48
2026-03-27 16:00:00,STATION_002,55.79
2026-03-27 16:15:00,STATION_002,55.47
2026-03-27 16:30:00,STATION_002,58.11
2026-03-27 16:45:00,STATION_002,55.77
2026-03-27 17:00:00,STATION_002,55.47
2026-03-27 17:15:00,STATION_002,55.75
2026-03-27 17:30:00,STATION_002,59.66
2026-03-27 17:45:00,STATION_002,61.66
2026-03-27 18:00:00,STATION_002,62.12
2026-03-27 18:15:00,STATION_002,63.99
2026-03-27 18:30:00,STATION_002,65.37
2026-03-27 18:45:00,STATION_002,69.45
2026-03-27 19:00:00,STATION_002,71.16
2026-03-27 19:15:00,STATION_002,77.8
2026-03-27 19:30:00,STATION_002,81.83
2026-03-27 19:45:00,STATION_002,85.47
2026-03-27 20:00:00,STATION_002,86.76
2026-03-27 20:15:00,STATION_002,87.3
2026-03-27 20:30:00,STATION_002,90.3
2026-03-27 20:45:00,STATION_002,5.0
2026-03-27 21:00:00,STATION_002,2.23
2026-03-27 21:15:00,STATION_002,0.0
2026-03-27 21:30:00,STATION_002,0.44
2026-03-27 21:45:00,STATION_002,0.0
2026-03-27 22:00:00,STATION_002,1.14
2026-03-27 22:15:00,STATION_002,1.84
2026-03-27 22:30:00,STATION_002,0.74
2026-03-27 22:45:00,STATION_002,0.0
2026-03-27 23:00:00,STATION_002,2.04
2026-03-27 23:15:00,STATION_002,2.58
2026-03-27 23:30:00,STATION_002,2.65
2026-03-27 23:45:00,STATION_002,2.67
2026-03-28 00:00:00,STATION_002,9.53
2026-03-28 00:15:00,STATION_002,8.9
2026-03-28 00:30:00,STATION_002,8.71
2026-03-28 00:45:00,STATION_002,7.99
2026-03-28 01:00:00,STATION_002,9.72
2026-03-28 01:15:00,STATION_002,12.68
2026-03-28 01:30:00,STATION_002,13.72
2026-03-28 01:45:00,STATION_002,12.6
2026-03-28 02:00:00,STATION_002,12.55
2026-03-28 02:15:00,STATION_002,9.36
2026-03-28 02:30:00,STATION_002,13.53
2026-03-28 02:45:00,STATION_002,9.48
2026-03-28 03:00:00,STATION_002,10.34
2026-03-28 03:15:00,STATION_002,12.6
2026-03-28 03:30:00,STATION_002,12.17
2026-03-28 03:45:00,STATION_002,11.39
2026-03-28 04:00:00,STATION_002,13.88
2026-03-28 04:15:00,STATION_002,14.91
2026-03-28 04:30:00,STATION_002,19.06
2026-03-28 04:45:00,STATION_002,18.06
2026-03-28 05:00:00,STATION_002,17.54
2026-03-28 05:15:00,STATION_002,18.59
2026-03-28 05:30:00,STATION_002,17.31
2026-03-28 05:45:00,STATION_002,16.68
2026-03-28 06:00:00,STATION_002,15.49
2026-03-28 06:15:00,STATION_002,19.24
2026-03-28 06:30:00,STATION_002,18.36
2026-03-28 06:45:00,STATION_002,19.85
2026-03-28 07:00:00,STATION_002,16.66
2026-03-28 07:15:00,STATION_002,17.62
2026-03-28 07:30:00,STATION_002,17.02
2026-03-28 07:45:00,STATION_002,19.27
2026-03-28 08:00:00,STATION_002,22.41
2026-03-28 08:15:00,STATION_002,22.84
2026-03-28 08:30:00,STATION_002,24.9
2026-03-28 08:45:00,STATION_002,23.53
2026-03-28 09:00:00,STATION_002,26.15
2026-03-28 09:15:00,STATION_002,23.6
2026-03-28 09:30:00,STATION_002,25.79
2026-03-28 09:45:00,STATION_002,27.1
2026-03-28 10:00:00,STATION_002,30.83
2026-03-28 10:15:00,STATION_002,30.11
2026-03-28 10:30:00,STATION_002,28.26
2026-03-28 10:45:00,STATION_002,28.37
2026-03-28 11:00:00,STATION_002,30.17
2026-03-28 11:15:00,STATION_002,32.05
2026-03-28 11:30:00,STATION_002,33.71
2026-03-28 11:45:00,STATION_002,37.88
2026-03-28 12:00:00,STATION_002,42.05
2026-03-28 12:15:00,STATION_002,44.34
2026-03-28 12:30:00,STATION_002,46.26
2026-03-28 12:45:00,STATION_002,46.86
2026-03-28 13:00:00,STATION_002,48.46
2026-03-28 13:15:00,STATION_002,52.39
2026-03-28 13:30:00,STATION_002,53.54
2026-03-28 13:45:00,STATION_002,57.29
2026-03-28 14:00:00,STATION_002,61.35
2026-03-28 14:15:00,STATION_002,65.23
2026-03-28 14:30:00,STATION_002,69.62
2026-03-28 14:45:00,STATION_002,70.32
2026-03-28 15:00:00,STATION_002,75.67
2026-03-28 15:15:00,STATION_002,77.49
2026-03-28 15:30:00,STATION_002,77.01
2026-03-28 15:45:00,STATION_002,75.95
2026-03-28 16:00:00,STATION_002,77.71
2026-03-28 16:15:00,STATION_002,79.66
2026-03-28 16:30:00,STATION_002,82.42
2026-03-28 16:45:00,STATION_002,80.73
2026-03-28 17:00:00,STATION_002,80.33
2026-03-28 17:15:00,STATION_002,83.78
2026-03-28 17:30:00,STATION_002,80.21
2026-03-28 17:45:00,STATION_002,87.14
2026-03-28 18:00:00,STATION_002,85.94
2026-03-28 18:15:00,STATION_002,89.0
2026-03-28 18:30:00,STATION_002,90.78
2026-03-28 18:45:00,STATION_002,90.9
2026-03-28 19:00:00,STATION_002,92.56
2026-03-28 19:15:00,STATION_002,90.14
2026-03-28 19:30:00,STATION_002,92.0
2026-03-28 19:45:00,STATION_002,93.52
2026-03-28 20:00:00,STATION_002,5.0
2026-03-28 20:15:00,STATION_002,6.11
2026-03-28 20:30:00,STATION_002,6.07
2026-03-28 20:45:00,STATION_002,7.82
2026-03-28 21:00:00,STATION_002,8.95
2026-03-28 21:15:00,STATION_002,8.53
2026-03-28 21:30:00,STATION_002,8.83
2026-03-28 21:45:00,STATION_002,10.94
2026-03-28 22:00:00,STATION_002,12.69
2026-03-28 22:15:00,STATION_002,10.49
2026-03-28 22:30:00,STATION_002,9.9
2026-03-28 22:45:00,STATION_002,9.36
2026-03-28 23:00:00,STATION_002,10.89
2026-03-28 23:15:00,STATION_002,12.37
2026-03-28 23:30:00,STATION_002,12.61
2026-03-28 23:45:00,STATION_002,12.05
2026-03-29 00:00:00,STATION_002,12.6
2026-03-29 00:15:00,STATION_002,10.48
2026-03-29 00:30:00,STATION_002,14.48
2026-03-29 00:45:00,STATION_002,14.95
2026-03-29 01:00:00,STATION_002,17.62
2026-03-29 01:15:00,STATION_002,19.14
2026-03-29 01:30:00,STATION_002,21.29
2026-03-29 01:45:00,STATION_002,24.69
2026-03-29 02:00:00,STATION_002,25.96
2026-03-29 02:15:00,STATION_002,29.06
2026-03-29 02:30:00,STATION_002,31.22
2026-03-29 02:45:00,STATION_002,31.56
2026-03-29 03:00:00,STATION_002,31.43
2026-03-29 03:15:00,STATION_002,32.43
2026-03-29 03:30:00,STATION_002,33.04
2026-03-29 03:45:00,STATION_002,32.93
2026-03-29 04:00:00,STATION_002,33.36
2026-03-29 04:15:00,STATION_002,33.87
2026-03-29 04:30:00,STATION_002,33.53
2026-03-29 04:45:00,STATION_002,36.39
2026-03-29 05:00:00,STATION_002,33.62
2026-03-29 05:15:00,STATION_002,36.04
2026-03-29 05:30:00,STATION_002,39.24
2026-03-29 05:45:00,STATION_002,44.51
2026-03-29 06:00:00,STATION_002,46.91
2026-03-29 06:15:00,STATION_002,46.16
2026-03-29 06:30:00,STATION_002,45.67
2026-03-29 06:45:00,STATION_002,48.31
2026-03-29 07:00:00,STATION_002,49.9
2026-03-29 07:15:00,STATION_002,50.2
2026-03-29 07:30:00,STATION_002,50.12
2026-03-29 07:45:00,STATION_002,52.42
2026-03-29 08:00:00,STATION_002,49.42
2026-03-29 08:15:00,STATION_002,48.95
2026-03-29 08:30:00,STATION_002,48.93
2026-03-29 08:45:00,STATION_002,51.93
2026-03-29 09:00:00,STATION_002,52.41
2026-03-29 09:15:00,STATION_002,50.54
2026-03-29 09:30:00,STATION_002,50.87
2026-03-29 09:45:00,STATION_002,48.7
2026-03-29 10:00:00,STATION_002,47.25
2026-03-29 10:15:00,STATION_002,49.72
2026-03-29 10:30:00,STATION_002,47.79
2026-03-29 10:45:00,STATION_002,47.64
2026-03-29 11:00:00,STATION_002,51.41
2026-03-29 11:15:00,STATION_002,55.53
2026-03-29 11:30:00,STATION_002,57.93
2026-03-29 11:45:00,STATION_002,62.46
2026-03-29 12:00:00,STATION_002,67.97
2026-03-29 12:15:00,STATION_002,69.58
2026-03-29 12:30:00,STATION_002,73.28
2026-03-29 12:45:00,STATION_002,77.57
2026-03-29 13:00:00,STATION_002,81.68
2026-03-29 13:15:00,STATION_002,84.04
2026-03-29 13:30:00,STATION_002,87.25
2026-03-29 13:45:00,STATION_002,90.56
2026-03-29 14:00:00,STATION_002,92.39
2026-03-29 14:15:00,STATION_002,5.0
2026-03-29 14:30:00,STATION_002,8.27
2026-03-29 14:45:00,STATION_002,10.18
2026-03-29 15:00:00,STATION_002,7.45
2026-03-29 15:15:00,STATION_002,12.52
2026-03-29 15:30:00,STATION_002,13.33
2026-03-29 15:45:00,STATION_002,10.49
2026-03-29 16:00:00,STATION_002,9.75
2026-03-29 16:15:00,STATION_002,11.82
2026-03-29 16:30:00,STATION_002,13.58
2026-03-29 16:45:00,STATION_002,14.79
2026-03-29 17:00:00,STATION_002,18.53
2026-03-29 17:15:00,STATION_002,22.79
2026-03-29 17:30:00,STATION_002,23.1
2026-03-29 17:45:00,STATION_002,29.77
2026-03-29 18:00:00,STATION_002,33.13
2026-03-29 18:15:00,STATION_002,32.73
2026-03-29 18:30:00,STATION_002,35.29
2026-03-29 18:45:00,STATION_002,34.65
2026-03-29 19:00:00,STATION_002,38.46
2026-03-29 19:15:00,STATION_002,40.96
2026-03-29 19:30:00,STATION_002,43.29
2026-03-29 19:45:00,STATION_002,42.97
2026-03-29 20:00:00,STATION_002,41.6
2026-03-29 20:15:00,STATION_002,39.45
2026-03-29 20:30:00,STATION_002,41.32
2026-03-29 20:45:00,STATION_002,42.25
2026-03-29 21:00:00,STATION_002,41.62
2026-03-29 21:15:00,STATION_002,44.09
2026-03-29 21:30:00,STATION_002,46.08
2026-03-29 21:45:00,STATION_002,46.58
2026-03-29 22:00:00,STATION_002,48.61
2026-03-29 22:15:00,STATION_002,50.71
2026-03-29 22:30:00,STATION_002,51.04
2026-03-29 22:45:00,STATION_002,51.06
2026-03-29 23:00:00,STATION_002,53.04
2026-03-29 23:15:00,STATION_002,54.97
2026-03-29 23:30:00,STATION_002,54.6
2026-03-29 23:45:00,STATION_002,58.34
2026-03-30 00:00:00,STATION_002,59.8
2026-03-30 00:15:00,STATION_002,59.64
2026-03-30 00:30:00,STATION_002,59.75
2026-03-30 00:45:00,STATION_002,58.46
2026-03-30 01:00:00,STATION_002,59.76
2026-03-30 01:15:00,STATION_002,58.91
2026-03-30 01:30:00,STATION_002,59.73
2026-03-30 01:45:00,STATION_002,61.44
2026-03-30 02:00:00,STATION_002,61.76
2026-03-30 02:15:00,STATION_002,62.59
2026-03-30 02:30:00,STATION_002,64.06
2026-03-30 02:45:00,STATION_002,64.13
2026-03-30 03:00:00,STATION_002,66.23
2026-03-30 03:15:00,STATION_002,68.53
2026-03-30 03:30:00,STATION_002,70.08
2026-03-30 03:45:00,STATION_002,72.74
2026-03-30 04:00:00,STATION_002,70.76
2026-03-30 04:15:00,STATION_002,70.5
2026-03-30 04:30:00,STATION_002,70.43
2026-03-30 04:45:00,STATION_002,74.88
2026-03-30 05:00:00,STATION_002,75.3
2026-03-30 05:15:00,STATION_002,73.47
2026-03-30 05:30:00,STATION_002,76.68
2026-03-30 05:45:00,STATION_002,74.23
2026-03-30 06:00:00,STATION_002,72.06
2026-03-30 06:15:00,STATION_002,76.84
2026-03-30 06:30:00,STATION_002,76.72
2026-03-30 06:45:00,STATION_002,78.8
2026-03-30 07:00:00,STATION_002,82.54
2026-03-30 07:15:00,STATION_002,83.49
2026-03-30 07:30:00,STATION_002,87.76
2026-03-30 07:45:00,STATION_002,89.84
2026-03-30 08:00:00,STATION_002,89.96
2026-03-30 08:15:00,STATION_002,92.4
2026-03-30 08:30:00,STATION_002,89.59
2026-03-30 08:45:00,STATION_002,89.4
2026-03-30 09:00:00,STATION_002,88.69
2026-03-30 09:15:00,STATION_002,89.25
2026-03-30 09:30:00,STATION_002,90.04
2026-03-30 09:45:00,STATION_002,89.86
2026-03-30 10:00:00,STATION_002,91.46
2026-03-30 10:15:00,STATION_002,89.95
2026-03-30 10:30:00,STATION_002,92.48
2026-03-30 10:45:00,STATION_002,92.43
2026-03-30 11:00:00,STATION_002,5.0
2026-03-30 11:15:00,STATION_002,2.98
2026-03-30 11:30:00,STATION_002,2.06
2026-03-30 11:45:00,STATION_002,0.13
2026-03-30 12:00:00,STATION_002,1.25
2026-03-30 12:15:00,STATION_002,4.47
2026-03-30 12:30:00,STATION_002,9.69
2026-03-30 12:45:00,STATION_002,13.89
2026-03-30 13:00:00,STATION_002,17.64
2026-03-30 13:15:00,STATION_002,21.19
2026-03-30 13:30:00,STATION_002,25.05
2026-03-30 13:45:00,STATION_002,28.43
2026-03-30 14:00:00,STATION_002,27.38
2026-03-30 14:15:00,STATION_002,30.46
2026-03-30 14:30:00,STATION_002,32.04
2026-03-30 14:45:00,STATION_002,30.47
2026-03-30 15:00:00,STATION_002,31.78
2026-03-30 15:15:00,STATION_002,31.6
2026-03-30 15:30:00,STATION_002,34.69
2026-03-30 15:45:00,STATION_002,35.62
2026-03-30 16:00:00,STATION_002,38.3
2026-03-30 16:15:00,STATION_002,41.22
2026-03-30 16:30:00,STATION_002,43.2
2026-03-30 16:45:00,STATION_002,40.86
2026-03-30 17:00:00,STATION_002,41.34
2026-03-30 17:15:00,STATION_002,46.72
2026-03-30 17:30:00,STATION_002,48.32
2026-03-30 17:45:00,STATION_002,48.99
2026-03-30 18:00:00,STATION_002,49.52
2026-03-30 18:15:00,STATION_002,52.2
2026-03-30 18:30:00,STATION_002,57.04
2026-03-30 18:45:00,STATION_002,59.49
2026-03-30 19:00:00,STATION_002,62.25
2026-03-30 19:15:00,STATION_002,66.84
2026-03-30 19:30:00,STATION_002,71.04
2026-03-30 19:45:00,STATION_002,74.82
2026-03-30 20:00:00,STATION_002,75.48
2026-03-30 20:15:00,STATION_002,81.94
2026-03-30 20:30:00,STATION_002,83.47
2026-03-30 20:45:00,STATION_002,86.26
2026-03-30 21:00:00,STATION_002,88.39
2026-03-30 21:15:00,STATION_002,88.25
2026-03-30 21:30:00,STATION_002,88.19
2026-03-30 21:45:00,STATION_002,88.96
2026-03-30 22:00:00,STATION_002,88.31
2026-03-30 22:15:00,STATION_002,91.93
2026-03-30 22:30:00,STATION_002,89.83
2026-03-30 22:45:00,STATION_002,88.45
2026-03-30 23:00:00,STATION_002,89.73
2026-03-30 23:15:00,STATION_002,90.01
2026-03-30 23:30:00,STATION_002,94.87
2026-03-30 23:45:00,STATION_002,94.36
2026-03-31 00:00:00,STATION_002,5.0
2026-03-31 00:15:00,STATION_002,4.82
2026-03-31 00:30:00,STATION_002,7.48
2026-03-31 00:45:00,STATION_002,8.13
2026-03-31 01:00:00,STATION_002,6.03
2026-03-31 01:15:00,STATION_002,9.0
2026-03-31 01:30:00,STATION_002,12.55
2026-03-31 01:45:00,STATION_002,16.16
2026-03-31 02:00:00,STATION_002,15.08
2026-03-31 02:15:00,STATION_002,18.63
2026-03-31 02:30:00,STATION_002,21.14
2026-03-31 02:45:00,STATION_002,22.45
2026-03-31 03:00:00,STATION_002,21.37
2026-03-31 03:15:00,STATION_002,24.83
2026-03-31 03:30:00,STATION_002,22.71
2026-03-31 03:45:00,STATION_002,21.13
2026-03-31 04:00:00,STATION_002,19.3
2026-03-31 04:15:00,STATION_002,19.23
2026-03-31 04:30:00,STATION_002,20.57
2026-03-31 04:45:00,STATION_002,18.03
2026-03-31 05:00:00,STATION_002,15.62
2026-03-31 05:15:00,STATION_002,16.56
2026-03-31 05:30:00,STATION_002,18.36
2026-03-31 05:45:00,STATION_002,16.56
2026-03-31 06:00:00,STATION_002,16.74
2026-03-31 06:15:00,STATION_002,21.18
2026-03-31 06:30:00,STATION_002,20.41
2026-03-31 06:45:00,STATION_002,19.94
2026-03-31 07:00:00,STATION_002,20.81
2026-03-31 07:15:00,STATION_002,22.06
2026-03-31 07:30:00,STATION_002,24.92
2026-03-31 07:45:00,STATION_002,26.02
2026-03-31 08:00:00,STATION_002,26.43
2026-03-31 08:15:00,STATION_002,25.9
2026-03-31 08:30:00,STATION_002,29.09
2026-03-31 08:45:00,STATION_002,27.1
2026-03-31 09:00:00,STATION_002,29.34
2026-03-31 09:15:00,STATION_002,26.97
2026-03-31 09:30:00,STATION_002,27.41
2026-03-31 09:45:00,STATION_002,28.91
2026-03-31 10:00:00,STATION_002,28.29
2026-03-31 10:15:00,STATION_002,26.08
2026-03-31 10:30:00,STATION_002,27.02
2026-03-31 10:45:00,STATION_002,26.68
2026-03-31 11:00:00,STATION_002,25.22
2026-03-31 11:15:00,STATION_002,27.61
2026-03-31 11:30:00,STATION_002,31.04
2026-03-31 11:45:00,STATION_002,30.14
2026-03-31 12:00:00,STATION_002,36.19
2026-03-31 12:15:00,STATION_002,40.58
2026-03-31 12:30:00,STATION_002,39.21
2026-03-31 12:45:00,STATION_002,40.59
2026-03-31 13:00:00,STATION_002,44.49
2026-03-31 13:15:00,STATION_002,45.0
2026-03-31 13:30:00,STATION_002,48.61
2026-03-31 13:45:00,STATION_002,51.75
2026-03-31 14:00:00,STATION_002,49.78
2026-03-31 14:15:00,STATION_002,50.09
2026-03-31 14:30:00,STATION_002,52.05
2026-03-31 14:45:00,STATION_002,53.27
2026-03-31 15:00:00,STATION_002,53.85
2026-03-31 15:15:00,STATION_002,55.45
2026-03-31 15:30:00,STATION_002,55.43
2026-03-31 15:45:00,STATION_002,58.08
2026-03-31 16:00:00,STATION_002,59.93
2026-03-31 16:15:00,STATION_002,61.16
2026-03-31 16:30:00,STATION_002,63.47
2026-03-31 16:45:00,STATION_002,68.2
2026-03-31 17:00:00,STATION_002,70.31
2026-03-31 17:15:00,STATION_002,73.5
2026-03-31 17:30:00,STATION_002,74.56
2026-03-31 17:45:00,STATION_002,76.47
2026-03-31 18:00:00,STATION_002,79.25
2026-03-31 18:15:00,STATION_002,81.27
2026-03-31 18:30:00,STATION_002,84.32
2026-03-31 18:45:00,STATION_002,86.8
2026-03-31 19:00:00,STATION_002,90.43
2026-03-31 19:15:00,STATION_002,91.92
2026-03-31 19:30:00,STATION_002,5.0
2026-03-31 19:45:00,STATION_002,6.03
2026-03-31 20:00:00,STATION_002,8.39
2026-03-31 20:15:00,STATION_002,10.21
2026-03-31 20:30:00,STATION_002,17.09
2026-03-31 20:45:00,STATION_002,19.69
2026-03-31 21:00:00,STATION_002,21.95
2026-03-31 21:15:00,STATION_002,22.11
2026-03-31 21:30:00,STATION_002,21.21
2026-03-31 21:45:00,STATION_002,18.41
2026-03-31 22:00:00,STATION_002,20.97
2026-03-31 22:15:00,STATION_002,21.05
2026-03-31 22:30:00,STATION_002,18.93
2026-03-31 22:45:00,STATION_002,20.11
2026-03-31 23:00:00,STATION_002,16.5
2026-03-31 23:15:00,STATION_002,17.14
2026-03-31 23:30:00,STATION_002,20.48
2026-03-31 23:45:00,STATION_002,18.01
2026-01-01 00:00:00,STATION_003,3.62
2026-01-01 00:15:00,STATION_003,5.16
2026-01-01 00:30:00,STATION_003,7.09
2026-01-01 00:45:00,STATION_003,8.01
2026-01-01 01:00:00,STATION_003,10.01
2026-01-01 01:15:00,STATION_003,8.29
2026-01-01 01:30:00,STATION_003,5.43
2026-01-01 01:45:00,STATION_003,3.97
2026-01-01 02:00:00,STATION_003,5.2
2026-01-01 02:15:00,STATION_003,3.09
2026-01-01 02:30:00,STATION_003,4.57
2026-01-01 02:45:00,STATION_003,5.82
2026-01-01 03:00:00,STATION_003,8.48
2026-01-01 03:15:00,STATION_003,8.87
2026-01-01 03:30:00,STATION_003,5.9
2026-01-01 03:45:00,STATION_003,10.2
2026-01-01 04:00:00,STATION_003,9.7
2026-01-01 04:15:00,STATION_003,12.14
2026-01-01 04:30:00,STATION_003,13.25
2026-01-01 04:45:00,STATION_003,14.49
2026-01-01 05:00:00,STATION_003,15.02
2026-01-01 05:15:00,STATION_003,16.13
2026-01-01 05:30:00,STATION_003,15.45
2026-01-01 05:45:00,STATION_003,16.15
2026-01-01 06:00:00,STATION_003,20.44
2026-01-01 06:15:00,STATION_003,25.56
2026-01-01 06:30:00,STATION_003,28.43
2026-01-01 06:45:00,STATION_003,29.96
2026-01-01 07:00:00,STATION_003,29.38
2026-01-01 07:15:00,STATION_003,31.93
2026-01-01 07:30:00,STATION_003,31.66
2026-01-01 07:45:00,STATION_003,32.76
2026-01-01 08:00:00,STATION_003,34.27
2026-01-01 08:15:00,STATION_003,33.18
2026-01-01 08:30:00,STATION_003,37.17
2026-01-01 08:45:00,STATION_003,38.94
2026-01-01 09:00:00,STATION_003,39.49
2026-01-01 09:15:00,STATION_003,42.09
2026-01-01 09:30:00,STATION_003,43.8
2026-01-01 09:45:00,STATION_003,43.19
2026-01-01 10:00:00,STATION_003,46.36
2026-01-01 10:15:00,STATION_003,49.77
2026-01-01 10:30:00,STATION_003,47.94
2026-01-01 10:45:00,STATION_003,47.82
2026-01-01 11:00:00,STATION_003,51.17
2026-01-01 11:15:00,STATION_003,52.74
2026-01-01 11:30:00,STATION_003,53.57
2026-01-01 11:45:00,STATION_003,54.79
2026-01-01 12:00:00,STATION_003,61.24
2026-01-01 12:15:00,STATION_003,64.52
2026-01-01 12:30:00,STATION_003,64.16
2026-01-01 12:45:00,STATION_003,65.57
2026-01-01 13:00:00,STATION_003,67.61
2026-01-01 13:15:00,STATION_003,73.31
2026-01-01 13:30:00,STATION_003,76.94
2026-01-01 13:45:00,STATION_003,81.5
2026-01-01 14:00:00,STATION_003,84.64
2026-01-01 14:15:00,STATION_003,85.45
2026-01-01 14:30:00,STATION_003,87.61
2026-01-01 14:45:00,STATION_003,86.8
2026-01-01 15:00:00,STATION_003,89.48
2026-01-01 15:15:00,STATION_003,93.73
2026-01-01 15:30:00,STATION_003,94.37
2026-01-01 15:45:00,STATION_003,93.48
2026-01-01 16:00:00,STATION_003,91.61
2026-01-01 16:15:00,STATION_003,91.11
2026-01-01 16:30:00,STATION_003,88.66
2026-01-01 16:45:00,STATION_003,90.21
2026-01-01 17:00:00,STATION_003,93.06
2026-01-01 17:15:00,STATION_003,94.46
2026-01-01 17:30:00,STATION_003,92.24
2026-01-01 17:45:00,STATION_003,89.67
2026-01-01 18:00:00,STATION_003,94.58
2026-01-01 18:15:00,STATION_003,5.0
2026-01-01 18:30:00,STATION_003,4.15
2026-01-01 18:45:00,STATION_003,5.11
2026-01-01 19:00:00,STATION_003,7.7
2026-01-01 19:15:00,STATION_003,9.68
2026-01-01 19:30:00,STATION_003,13.26
2026-01-01 19:45:00,STATION_003,18.19
2026-01-01 20:00:00,STATION_003,21.85
2026-01-01 20:15:00,STATION_003,25.83
2026-01-01 20:30:00,STATION_003,30.74
2026-01-01 20:45:00,STATION_003,36.89
2026-01-01 21:00:00,STATION_003,33.75
2026-01-01 21:15:00,STATION_003,37.12
2026-01-01 21:30:00,STATION_003,33.41
2026-01-01 21:45:00,STATION_003,34.15
2026-01-01 22:00:00,STATION_003,30.71
2026-01-01 22:15:00,STATION_003,34.38
2026-01-01 22:30:00,STATION_003,33.19
2026-01-01 22:45:00,STATION_003,32.74
2026-01-01 23:00:00,STATION_003,33.78
2026-01-01 23:15:00,STATION_003,35.09
2026-01-01 23:30:00,STATION_003,37.18
2026-01-01 23:45:00,STATION_003,40.48
2026-01-02 00:00:00,STATION_003,41.01
2026-01-02 00:15:00,STATION_003,38.88
2026-01-02 00:30:00,STATION_003,38.94
2026-01-02 00:45:00,STATION_003,37.73
2026-01-02 01:00:00,STATION_003,41.42
2026-01-02 01:15:00,STATION_003,41.03
2026-01-02 01:30:00,STATION_003,42.22
2026-01-02 01:45:00,STATION_003,44.9
2026-01-02 02:00:00,STATION_003,44.55
2026-01-02 02:15:00,STATION_003,46.24
2026-01-02 02:30:00,STATION_003,46.82
2026-01-02 02:45:00,STATION_003,49.38
2026-01-02 03:00:00,STATION_003,49.7
2026-01-02 03:15:00,STATION_003,50.65
2026-01-02 03:30:00,STATION_003,54.9
2026-01-02 03:45:00,STATION_003,52.97
2026-01-02 04:00:00,STATION_003,53.52
2026-01-02 04:15:00,STATION_003,51.55
2026-01-02 04:30:00,STATION_003,55.09
2026-01-02 04:45:00,STATION_003,52.54
2026-01-02 05:00:00,STATION_003,53.97
2026-01-02 05:15:00,STATION_003,51.94
2026-01-02 05:30:00,STATION_003,53.83
2026-01-02 05:45:00,STATION_003,55.36
2026-01-02 06:00:00,STATION_003,56.62
2026-01-02 06:15:00,STATION_003,57.3
2026-01-02 06:30:00,STATION_003,61.45
2026-01-02 06:45:00,STATION_003,58.92
2026-01-02 07:00:00,STATION_003,62.18
2026-01-02 07:15:00,STATION_003,61.16
2026-01-02 07:30:00,STATION_003,62.6
2026-01-02 07:45:00,STATION_003,62.84
2026-01-02 08:00:00,STATION_003,61.27
2026-01-02 08:15:00,STATION_003,60.01
2026-01-02 08:30:00,STATION_003,64.62
2026-01-02 08:45:00,STATION_003,66.33
2026-01-02 09:00:00,STATION_003,63.78
2026-01-02 09:15:00,STATION_003,67.22
2026-01-02 09:30:00,STATION_003,68.03
2026-01-02 09:45:00,STATION_003,69.29
2026-01-02 10:00:00,STATION_003,71.11
2026-01-02 10:15:00,STATION_003,70.18
2026-01-02 10:30:00,STATION_003,73.76
2026-01-02 10:45:00,STATION_003,76.61
2026-01-02 11:00:00,STATION_003,77.56
2026-01-02 11:15:00,STATION_003,79.59
2026-01-02 11:30:00,STATION_003,79.41
2026-01-02 11:45:00,STATION_003,80.5
2026-01-02 12:00:00,STATION_003,81.5
2026-01-02 12:15:00,STATION_003,85.68
2026-01-02 12:30:00,STATION_003,89.73
2026-01-02 12:45:00,STATION_003,5.0
2026-01-02 13:00:00,STATION_003,11.41
2026-01-02 13:15:00,STATION_003,14.44
2026-01-02 13:30:00,STATION_003,15.92
2026-01-02 13:45:00,STATION_003,18.86
2026-01-02 14:00:00,STATION_003,18.75
2026-01-02 14:15:00,STATION_003,22.46
2026-01-02 14:30:00,STATION_003,26.05
2026-01-02 14:45:00,STATION_003,24.42
2026-01-02 15:00:00,STATION_003,25.7
2026-01-02 15:15:00,STATION_003,28.69
2026-01-02 15:30:00,STATION_003,28.81
2026-01-02 15:45:00,STATION_003,28.83
2026-01-02 16:00:00,STATION_003,31.89
2026-01-02 16:15:00,STATION_003,30.25
2026-01-02 16:30:00,STATION_003,27.85
2026-01-02 16:45:00,STATION_003,27.89
2026-01-02 17:00:00,STATION_003,26.81
2026-01-02 17:15:00,STATION_003,25.49
2026-01-02 17:30:00,STATION_003,26.94
2026-01-02 17:45:00,STATION_003,27.84
2026-01-02 18:00:00,STATION_003,34.78
2026-01-02 18:15:00,STATION_003,36.23
2026-01-02 18:30:00,STATION_003,39.53
2026-01-02 18:45:00,STATION_003,40.4
2026-01-02 19:00:00,STATION_003,44.33
2026-01-02 19:15:00,STATION_003,48.51
2026-01-02 19:30:00,STATION_003,49.92
2026-01-02 19:45:00,STATION_003,50.69
2026-01-02 20:00:00,STATION_003,52.31
2026-01-02 20:15:00,STATION_003,55.61
2026-01-02 20:30:00,STATION_003,59.18
2026-01-02 20:45:00,STATION_003,63.24
2026-01-02 21:00:00,STATION_003,59.53
2026-01-02 21:15:00,STATION_003,57.62
2026-01-02 21:30:00,STATION_003,54.64
2026-01-02 21:45:00,STATION_003,55.44
2026-01-02 22:00:00,STATION_003,55.56
2026-01-02 22:15:00,STATION_003,53.46
2026-01-02 22:30:00,STATION_003,55.26
2026-01-02 22:45:00,STATION_003,55.44
2026-01-02 23:00:00,STATION_003,57.84
2026-01-02 23:15:00,STATION_003,60.8
2026-01-02 23:30:00,STATION_003,61.77
2026-01-02 23:45:00,STATION_003,60.8
2026-01-03 00:00:00,STATION_003,60.29
2026-01-03 00:15:00,STATION_003,61.41
2026-01-03 00:30:00,STATION_003,63.99
2026-01-03 00:45:00,STATION_003,62.58
2026-01-03 01:00:00,STATION_003,63.61
2026-01-03 01:15:00,STATION_003,69.09
2026-01-03 01:30:00,STATION_003,72.4
2026-01-03 01:45:00,STATION_003,71.99
2026-01-03 02:00:00,STATION_003,72.14
2026-01-03 02:15:00,STATION_003,74.25
2026-01-03 02:30:00,STATION_003,76.25
2026-01-03 02:45:00,STATION_003,78.02
2026-01-03 03:00:00,STATION_003,76.27
2026-01-03 03:15:00,STATION_003,73.9
2026-01-03 03:30:00,STATION_003,76.5
2026-01-03 03:45:00,STATION_003,74.25
2026-01-03 04:00:00,STATION_003,73.42
2026-01-03 04:15:00,STATION_003,71.3
2026-01-03 04:30:00,STATION_003,71.23
2026-01-03 04:45:00,STATION_003,70.84
2026-01-03 05:00:00,STATION_003,69.83
2026-01-03 05:15:00,STATION_003,70.49
2026-01-03 05:30:00,STATION_003,67.78
2026-01-03 05:45:00,STATION_003,71.79
2026-01-03 06:00:00,STATION_003,73.98
2026-01-03 06:15:00,STATION_003,74.06
2026-01-03 06:30:00,STATION_003,74.46
2026-01-03 06:45:00,STATION_003,75.23
2026-01-03 07:00:00,STATION_003,76.16
2026-01-03 07:15:00,STATION_003,77.37
2026-01-03 07:30:00,STATION_003,78.76
2026-01-03 07:45:00,STATION_003,78.97
2026-01-03 08:00:00,STATION_003,79.95
2026-01-03 08:15:00,STATION_003,85.28
2026-01-03 08:30:00,STATION_003,86.82
2026-01-03 08:45:00,STATION_003,87.53
2026-01-03 09:00:00,STATION_003,84.76
2026-01-03 09:15:00,STATION_003,86.1
2026-01-03 09:30:00,STATION_003,88.74
2026-01-03 09:45:00,STATION_003,89.02
2026-01-03 10:00:00,STATION_003,89.81
2026-01-03 10:15:00,STATION_003,91.92
2026-01-03 10:30:00,STATION_003,94.97
2026-01-03 10:45:00,STATION_003,92.14
2026-01-03 11:00:00,STATION_003,5.0
2026-01-03 11:15:00,STATION_003,5.52
2026-01-03 11:30:00,STATION_003,7.66
2026-01-03 11:45:00,STATION_003,11.02
2026-01-03 12:00:00,STATION_003,12.99
2026-01-03 12:15:00,STATION_003,15.05
2026-01-03 12:30:00,STATION_003,10.41
2026-01-03 12:45:00,STATION_003,12.27
2026-01-03 13:00:00,STATION_003,16.34
2026-01-03 13:15:00,STATION_003,21.91
2026-01-03 13:30:00,STATION_003,23.1
2026-01-03 13:45:00,STATION_003,27.16
2026-01-03 14:00:00,STATION_003,29.1
2026-01-03 14:15:00,STATION_003,32.89
2026-01-03 14:30:00,STATION_003,33.17
2026-01-03 14:45:00,STATION_003,34.92
2026-01-03 15:00:00,STATION_003,34.38
2026-01-03 15:15:00,STATION_003,30.52
2026-01-03 15:30:00,STATION_003,34.09
2026-01-03 15:45:00,STATION_003,33.56
2026-01-03 16:00:00,STATION_003,30.96
2026-01-03 16:15:00,STATION_003,31.09
2026-01-03 16:30:00,STATION_003,31.1
2026-01-03 16:45:00,STATION_003,31.39
2026-01-03 17:00:00,STATION_003,33.14
2026-01-03 17:15:00,STATION_003,33.72
2026-01-03 17:30:00,STATION_003,34.99
2026-01-03 17:45:00,STATION_003,37.36
2026-01-03 18:00:00,STATION_003,38.06
2026-01-03 18:15:00,STATION_003,36.01
2026-01-03 18:30:00,STATION_003,34.58
2026-01-03 18:45:00,STATION_003,38.42
2026-01-03 19:00:00,STATION_003,35.67
2026-01-03 19:15:00,STATION_003,33.7
2026-01-03 19:30:00,STATION_003,35.94
2026-01-03 19:45:00,STATION_003,34.69
2026-01-03 20:00:00,STATION_003,38.15
2026-01-03 20:15:00,STATION_003,39.38
2026-01-03 20:30:00,STATION_003,39.51
2026-01-03 20:45:00,STATION_003,39.61
2026-01-03 21:00:00,STATION_003,42.49
2026-01-03 21:15:00,STATION_003,44.47
2026-01-03 21:30:00,STATION_003,43.55
2026-01-03 21:45:00,STATION_003,46.0
2026-01-03 22:00:00,STATION_003,41.63
2026-01-03 22:15:00,STATION_003,42.41
2026-01-03 22:30:00,STATION_003,41.21
2026-01-03 22:45:00,STATION_003,43.75
2026-01-03 23:00:00,STATION_003,40.88
2026-01-03 23:15:00,STATION_003,41.88
2026-01-03 23:30:00,STATION_003,46.08
2026-01-03 23:45:00,STATION_003,49.28
2026-01-04 00:00:00,STATION_003,52.61
2026-01-04 00:15:00,STATION_003,51.95
2026-01-04 00:30:00,STATION_003,54.64
2026-01-04 00:45:00,STATION_003,54.86
2026-01-04 01:00:00,STATION_003,54.88
2026-01-04 01:15:00,STATION_003,53.61
2026-01-04 01:30:00,STATION_003,53.17
2026-01-04 01:45:00,STATION_003,52.61
2026-01-04 02:00:00,STATION_003,55.58
2026-01-04 02:15:00,STATION_003,54.15
2026-01-04 02:30:00,STATION_003,52.62
2026-01-04 02:45:00,STATION_003,52.71
2026-01-04 03:00:00,STATION_003,56.82
2026-01-04 03:15:00,STATION_003,57.76
2026-01-04 03:30:00,STATION_003,57.06
2026-01-04 03:45:00,STATION_003,56.53
2026-01-04 04:00:00,STATION_003,54.95
2026-01-04 04:15:00,STATION_003,55.96
2026-01-04 04:30:00,STATION_003,55.29
2026-01-04 04:45:00,STATION_003,57.04
2026-01-04 05:00:00,STATION_003,51.54
2026-01-04 05:15:00,STATION_003,53.67
2026-01-04 05:30:00,STATION_003,56.6
2026-01-04 05:45:00,STATION_003,53.1
2026-01-04 06:00:00,STATION_003,52.33
2026-01-04 06:15:00,STATION_003,53.85
2026-01-04 06:30:00,STATION_003,53.47
2026-01-04 06:45:00,STATION_003,53.19
2026-01-04 07:00:00,STATION_003,52.48
2026-01-04 07:15:00,STATION_003,56.57
2026-01-04 07:30:00,STATION_003,57.36
2026-01-04 07:45:00,STATION_003,60.46
2026-01-04 08:00:00,STATION_003,61.93
2026-01-04 08:15:00,STATION_003,59.1
2026-01-04 08:30:00,STATION_003,62.72
2026-01-04 08:45:00,STATION_003,63.8
2026-01-04 09:00:00,STATION_003,65.14
2026-01-04 09:15:00,STATION_003,67.59
2026-01-04 09:30:00,STATION_003,68.31
2026-01-04 09:45:00,STATION_003,65.7
2026-01-04 10:00:00,STATION_003,69.83
2026-01-04 10:15:00,STATION_003,71.98
2026-01-04 10:30:00,STATION_003,73.65
2026-01-04 10:45:00,STATION_003,76.71
2026-01-04 11:00:00,STATION_003,79.68
2026-01-04 11:15:00,STATION_003,83.68
2026-01-04 11:30:00,STATION_003,86.19
2026-01-04 11:45:00,STATION_003,90.89
2026-01-04 12:00:00,STATION_003,5.0
2026-01-04 12:15:00,STATION_003,8.41
2026-01-04 12:30:00,STATION_003,9.85
2026-01-04 12:45:00,STATION_003,11.8
2026-01-04 13:00:00,STATION_003,15.84
2026-01-04 13:15:00,STATION_003,19.46
2026-01-04 13:30:00,STATION_003,19.35
2026-01-04 13:45:00,STATION_003,22.99
2026-01-04 14:00:00,STATION_003,19.18
2026-01-04 14:15:00,STATION_003,19.57
2026-01-04 14:30:00,STATION_003,20.53
2026-01-04 14:45:00,STATION_003,23.02
2026-01-04 15:00:00,STATION_003,27.31
2026-01-04 15:15:00,STATION_003,24.83
2026-01-04 15:30:00,STATION_003,24.42
2026-01-04 15:45:00,STATION_003,26.62
2026-01-04 16:00:00,STATION_003,26.63
2026-01-04 16:15:00,STATION_003,28.62
2026-01-04 16:30:00,STATION_003,28.65
2026-01-04 16:45:00,STATION_003,29.65
2026-01-04 17:00:00,STATION_003,30.07
2026-01-04 17:15:00,STATION_003,31.51
2026-01-04 17:30:00,STATION_003,31.63
2026-01-04 17:45:00,STATION_003,30.85
2026-01-04 18:00:00,STATION_003,31.15
2026-01-04 18:15:00,STATION_003,31.23
2026-01-04 18:30:00,STATION_003,31.81
2026-01-04 18:45:00,STATION_003,33.54
2026-01-04 19:00:00,STATION_003,34.02
2026-01-04 19:15:00,STATION_003,38.42
2026-01-04 19:30:00,STATION_003,37.14
2026-01-04 19:45:00,STATION_003,37.65
2026-01-04 20:00:00,STATION_003,40.41
2026-01-04 20:15:00,STATION_003,42.46
2026-01-04 20:30:00,STATION_003,44.55
2026-01-04 20:45:00,STATION_003,41.51
2026-01-04 21:00:00,STATION_003,43.69
2026-01-04 21:15:00,STATION_003,43.93
2026-01-04 21:30:00,STATION_003,41.13
2026-01-04 21:45:00,STATION_003,39.67
2026-01-04 22:00:00,STATION_003,37.39
2026-01-04 22:15:00,STATION_003,36.55
2026-01-04 22:30:00,STATION_003,38.3
2026-01-04 22:45:00,STATION_003,38.95
2026-01-04 23:00:00,STATION_003,37.58
2026-01-04 23:15:00,STATION_003,36.99
2026-01-04 23:30:00,STATION_003,39.99
2026-01-04 23:45:00,STATION_003,43.04
2026-01-05 00:00:00,STATION_003,46.11
2026-01-05 00:15:00,STATION_003,49.15
2026-01-05 00:30:00,STATION_003,50.44
2026-01-05 00:45:00,STATION_003,47.8
2026-01-05 01:00:00,STATION_003,47.51
2026-01-05 01:15:00,STATION_003,46.83
2026-01-05 01:30:00,STATION_003,47.02
2026-01-05 01:45:00,STATION_003,48.55
2026-01-05 02:00:00,STATION_003,50.37
2026-01-05 02:15:00,STATION_003,52.22
2026-01-05 02:30:00,STATION_003,53.82
2026-01-05 02:45:00,STATION_003,54.71
2026-01-05 03:00:00,STATION_003,54.64
2026-01-05 03:15:00,STATION_003,56.8
2026-01-05 03:30:00,STATION_003,59.16
2026-01-05 03:45:00,STATION_003,58.54
2026-01-05 04:00:00,STATION_003,63.78
2026-01-05 04:15:00,STATION_003,62.59
2026-01-05 04:30:00,STATION_003,63.85
2026-01-05 04:45:00,STATION_003,62.77
2026-01-05 05:00:00,STATION_003,64.17
2026-01-05 05:15:00,STATION_003,67.79
2026-01-05 05:30:00,STATION_003,65.7
2026-01-05 05:45:00,STATION_003,68.65
2026-01-05 06:00:00,STATION_003,69.78
2026-01-05 06:15:00,STATION_003,65.59
2026-01-05 06:30:00,STATION_003,68.63
2026-01-05 06:45:00,STATION_003,72.93
2026-01-05 07:00:00,STATION_003,74.86
2026-01-05 07:15:00,STATION_003,74.74
2026-01-05 07:30:00,STATION_003,78.17
2026-01-05 07:45:00,STATION_003,76.77
2026-01-05 08:00:00,STATION_003,79.09
2026-01-05 08:15:00,STATION_003,79.48
2026-01-05 08:30:00,STATION_003,79.08
2026-01-05 08:45:00,STATION_003,78.31
2026-01-05 09:00:00,STATION_003,78.12
2026-01-05 09:15:00,STATION_003,78.41
2026-01-05 09:30:00,STATION_003,78.14
2026-01-05 09:45:00,STATION_003,79.81
2026-01-05 10:00:00,STATION_003,83.83
2026-01-05 10:15:00,STATION_003,84.58
2026-01-05 10:30:00,STATION_003,86.47
2026-01-05 10:45:00,STATION_003,86.49
2026-01-05 11:00:00,STATION_003,86.59
2026-01-05 11:15:00,STATION_003,89.25
2026-01-05 11:30:00,STATION_003,89.37
2026-01-05 11:45:00,STATION_003,90.09
2026-01-05 12:00:00,STATION_003,91.96
2026-01-05 12:15:00,STATION_003,5.0
2026-01-05 12:30:00,STATION_003,6.23
2026-01-05 12:45:00,STATION_003,5.31
2026-01-05 13:00:00,STATION_003,8.82
2026-01-05 13:15:00,STATION_003,11.03
2026-01-05 13:30:00,STATION_003,14.37
2026-01-05 13:45:00,STATION_003,16.43
2026-01-05 14:00:00,STATION_003,13.75
2026-01-05 14:15:00,STATION_003,18.1
2026-01-05 14:30:00,STATION_003,19.37
2026-01-05 14:45:00,STATION_003,18.95
2026-01-05 15:00:00,STATION_003,19.27
2026-01-05 15:15:00,STATION_003,20.38
2026-01-05 15:30:00,STATION_003,20.16
2026-01-05 15:45:00,STATION_003,24.91
2026-01-05 16:00:00,STATION_003,23.43
2026-01-05 16:15:00,STATION_003,22.9
2026-01-05 16:30:00,STATION_003,20.43
2026-01-05 16:45:00,STATION_003,23.06
2026-01-05 17:00:00,STATION_003,24.59
2026-01-05 17:15:00,STATION_003,24.63
2026-01-05 17:30:00,STATION_003,26.21
2026-01-05 17:45:00,STATION_003,27.95
2026-01-05 18:00:00,STATION_003,34.22
2026-01-05 18:15:00,STATION_003,39.68
2026-01-05 18:30:00,STATION_003,41.07
2026-01-05 18:45:00,STATION_003,43.64
2026-01-05 19:00:00,STATION_003,49.23
2026-01-05 19:15:00,STATION_003,51.85
2026-01-05 19:30:00,STATION_003,58.16
2026-01-05 19:45:00,STATION_003,62.2
2026-01-05 20:00:00,STATION_003,62.69
2026-01-05 20:15:00,STATION_003,64.11
2026-01-05 20:30:00,STATION_003,68.61
2026-01-05 20:45:00,STATION_003,72.05
2026-01-05 21:00:00,STATION_003,75.75
2026-01-05 21:15:00,STATION_003,77.49
2026-01-05 21:30:00,STATION_003,79.05
2026-01-05 21:45:00,STATION_003,76.67
2026-01-05 22:00:00,STATION_003,80.5
2026-01-05 22:15:00,STATION_003,82.02
2026-01-05 22:30:00,STATION_003,81.59
2026-01-05 22:45:00,STATION_003,82.0
2026-01-05 23:00:00,STATION_003,83.58
2026-01-05 23:15:00,STATION_003,83.45
2026-01-05 23:30:00,STATION_003,86.5
2026-01-05 23:45:00,STATION_003,87.93
2026-01-06 00:00:00,STATION_003,88.67
2026-01-06 00:15:00,STATION_003,92.68
2026-01-06 00:30:00,STATION_003,5.0
2026-01-06 00:45:00,STATION_003,7.12
2026-01-06 01:00:00,STATION_003,8.68
2026-01-06 01:15:00,STATION_003,6.79
2026-01-06 01:30:00,STATION_003,5.75
2026-01-06 01:45:00,STATION_003,3.89
2026-01-06 02:00:00,STATION_003,3.84
2026-01-06 02:15:00,STATION_003,4.94
2026-01-06 02:30:00,STATION_003,4.23
2026-01-06 02:45:00,STATION_003,5.35
2026-01-06 03:00:00,STATION_003,9.85
2026-01-06 03:15:00,STATION_003,8.95
2026-01-06 03:30:00,STATION_003,9.21
2026-01-06 03:45:00,STATION_003,12.02
2026-01-06 04:00:00,STATION_003,10.24
2026-01-06 04:15:00,STATION_003,11.48
2026-01-06 04:30:00,STATION_003,9.63
2026-01-06 04:45:00,STATION_003,9.13
2026-01-06 05:00:00,STATION_003,11.09
2026-01-06 05:15:00,STATION_003,10.64
2026-01-06 05:30:00,STATION_003,9.91
2026-01-06 05:45:00,STATION_003,9.17
2026-01-06 06:00:00,STATION_003,6.99
2026-01-06 06:15:00,STATION_003,4.73
2026-01-06 06:30:00,STATION_003,0.0
2026-01-06 06:45:00,STATION_003,4.07
2026-01-06 07:00:00,STATION_003,6.86
2026-01-06 07:15:00,STATION_003,9.92
2026-01-06 07:30:00,STATION_003,10.08
2026-01-06 07:45:00,STATION_003,14.67
2026-01-06 08:00:00,STATION_003,15.11
2026-01-06 08:15:00,STATION_003,18.55
2026-01-06 08:30:00,STATION_003,18.54
2026-01-06 08:45:00,STATION_003,19.1
2026-01-06 09:00:00,STATION_003,15.61
2026-01-06 09:15:00,STATION_003,13.99
2026-01-06 09:30:00,STATION_003,14.28
2026-01-06 09:45:00,STATION_003,13.46
2026-01-06 10:00:00,STATION_003,15.23
2026-01-06 10:15:00,STATION_003,13.57
2026-01-06 10:30:00,STATION_003,16.63
2026-01-06 10:45:00,STATION_003,17.95
2026-01-06 11:00:00,STATION_003,20.63
2026-01-06 11:15:00,STATION_003,21.47
2026-01-06 11:30:00,STATION_003,23.32
2026-01-06 11:45:00,STATION_003,24.47
2026-01-06 12:00:00,STATION_003,27.75
2026-01-06 12:15:00,STATION_003,31.74
2026-01-06 12:30:00,STATION_003,33.88
2026-01-06 12:45:00,STATION_003,37.03
2026-01-06 13:00:00,STATION_003,40.44
2026-01-06 13:15:00,STATION_003,43.6
2026-01-06 13:30:00,STATION_003,46.03
2026-01-06 13:45:00,STATION_003,48.33
2026-01-06 14:00:00,STATION_003,50.83
2026-01-06 14:15:00,STATION_003,51.97
2026-01-06 14:30:00,STATION_003,53.61
2026-01-06 14:45:00,STATION_003,53.89
2026-01-06 15:00:00,STATION_003,57.18
2026-01-06 15:15:00,STATION_003,57.35
2026-01-06 15:30:00,STATION_003,63.56
2026-01-06 15:45:00,STATION_003,63.44
2026-01-06 16:00:00,STATION_003,65.63
2026-01-06 16:15:00,STATION_003,64.25
2026-01-06 16:30:00,STATION_003,65.06
2026-01-06 16:45:00,STATION_003,67.95
2026-01-06 17:00:00,STATION_003,69.68
2026-01-06 17:15:00,STATION_003,72.29
2026-01-06 17:30:00,STATION_003,75.15
2026-01-06 17:45:00,STATION_003,76.03
2026-01-06 18:00:00,STATION_003,81.34
2026-01-06 18:15:00,STATION_003,85.97
2026-01-06 18:30:00,STATION_003,89.66
2026-01-06 18:45:00,STATION_003,91.11
2026-01-06 19:00:00,STATION_003,93.79
2026-01-06 19:15:00,STATION_003,5.0
2026-01-06 19:30:00,STATION_003,7.09
2026-01-06 19:45:00,STATION_003,10.55
2026-01-06 20:00:00,STATION_003,14.94
2026-01-06 20:15:00,STATION_003,17.83
2026-01-06 20:30:00,STATION_003,17.01
2026-01-06 20:45:00,STATION_003,20.13
2026-01-06 21:00:00,STATION_003,24.89
2026-01-06 21:15:00,STATION_003,25.48
2026-01-06 21:30:00,STATION_003,24.7
2026-01-06 21:45:00,STATION_003,24.0
2026-01-06 22:00:00,STATION_003,24.06
2026-01-06 22:15:00,STATION_003,23.69
2026-01-06 22:30:00,STATION_003,24.2
2026-01-06 22:45:00,STATION_003,22.95
2026-01-06 23:00:00,STATION_003,23.74
2026-01-06 23:15:00,STATION_003,22.54
2026-01-06 23:30:00,STATION_003,26.41
2026-01-06 23:45:00,STATION_003,28.6
2026-01-07 00:00:00,STATION_003,26.74
2026-01-07 00:15:00,STATION_003,28.49
2026-01-07 00:30:00,STATION_003,30.03
2026-01-07 00:45:00,STATION_003,29.15
2026-01-07 01:00:00,STATION_003,29.32
2026-01-07 01:15:00,STATION_003,29.96
2026-01-07 01:30:00,STATION_003,31.16
2026-01-07 01:45:00,STATION_003,32.8
2026-01-07 02:00:00,STATION_003,32.89
2026-01-07 02:15:00,STATION_003,32.51
2026-01-07 02:30:00,STATION_003,33.37
2026-01-07 02:45:00,STATION_003,32.6
2026-01-07 03:00:00,STATION_003,35.25
2026-01-07 03:15:00,STATION_003,35.7
2026-01-07 03:30:00,STATION_003,33.99
2026-01-07 03:45:00,STATION_003,36.94
2026-01-07 04:00:00,STATION_003,36.19
2026-01-07 04:15:00,STATION_003,34.44
2026-01-07 04:30:00,STATION_003,38.15
2026-01-07 04:45:00,STATION_003,39.49
2026-01-07 05:00:00,STATION_003,43.23
2026-01-07 05:15:00,STATION_003,43.84
2026-01-07 05:30:00,STATION_003,45.71
2026-01-07 05:45:00,STATION_003,44.82
2026-01-07 06:00:00,STATION_003,45.21
2026-01-07 06:15:00,STATION_003,45.14
2026-01-07 06:30:00,STATION_003,48.75
2026-01-07 06:45:00,STATION_003,53.9
2026-01-07 07:00:00,STATION_003,55.2
2026-01-07 07:15:00,STATION_003,56.01
2026-01-07 07:30:00,STATION_003,57.29
2026-01-07 07:45:00,STATION_003,58.7
2026-01-07 08:00:00,STATION_003,59.43
2026-01-07 08:15:00,STATION_003,66.4
2026-01-07 08:30:00,STATION_003,66.14
2026-01-07 08:45:00,STATION_003,64.58
2026-01-07 09:00:00,STATION_003,65.41
2026-01-07 09:15:00,STATION_003,66.44
2026-01-07 09:30:00,STATION_003,64.89
2026-01-07 09:45:00,STATION_003,64.71
2026-01-07 10:00:00,STATION_003,63.1
2026-01-07 10:15:00,STATION_003,64.27
2026-01-07 10:30:00,STATION_003,65.66
2026-01-07 10:45:00,STATION_003,67.05
2026-01-07 11:00:00,STATION_003,65.68
2026-01-07 11:15:00,STATION_003,64.57
2026-01-07 11:30:00,STATION_003,64.88
2026-01-07 11:45:00,STATION_003,65.43
2026-01-07 12:00:00,STATION_003,67.28
2026-01-07 12:15:00,STATION_003,68.87
2026-01-07 12:30:00,STATION_003,77.61
2026-01-07 12:45:00,STATION_003,79.84
2026-01-07 13:00:00,STATION_003,84.49
2026-01-07 13:15:00,STATION_003,87.06
2026-01-07 13:30:00,STATION_003,94.92
2026-01-07 13:45:00,STATION_003,5.0
2026-01-07 14:00:00,STATION_003,5.8
2026-01-07 14:15:00,STATION_003,5.17
2026-01-07 14:30:00,STATION_003,2.39
2026-01-07 14:45:00,STATION_003,3.37
2026-01-07 15:00:00,STATION_003,3.65
2026-01-07 15:15:00,STATION_003,5.56
2026-01-07 15:30:00,STATION_003,6.59
2026-01-07 15:45:00,STATION_003,8.14
2026-01-07 16:00:00,STATION_003,11.02
2026-01-07 16:15:00,STATION_003,12.78
2026-01-07 16:30:00,STATION_003,13.96
2026-01-07 16:45:00,STATION_003,16.34
2026-01-07 17:00:00,STATION_003,15.63
2026-01-07 17:15:00,STATION_003,13.96
2026-01-07 17:30:00,STATION_003,16.07
2026-01-07 17:45:00,STATION_003,14.55
2026-01-07 18:00:00,STATION_003,16.36
2026-01-07 18:15:00,STATION_003,16.93
2026-01-07 18:30:00,STATION_003,22.03
2026-01-07 18:45:00,STATION_003,23.72
2026-01-07 19:00:00,STATION_003,29.35
2026-01-07 19:15:00,STATION_003,32.01
2026-01-07 19:30:00,STATION_003,37.31
2026-01-07 19:45:00,STATION_003,39.86
2026-01-07 20:00:00,STATION_003,41.63
2026-01-07 20:15:00,STATION_003,46.26
2026-01-07 20:30:00,STATION_003,49.73
2026-01-07 20:45:00,STATION_003,55.18
2026-01-07 21:00:00,STATION_003,56.15
2026-01-07 21:15:00,STATION_003,55.32
2026-01-07 21:30:00,STATION_003,56.43
2026-01-07 21:45:00,STATION_003,57.67
2026-01-07 22:00:00,STATION_003,61.38
2026-01-07 22:15:00,STATION_003,61.44
2026-01-07 22:30:00,STATION_003,59.29
2026-01-07 22:45:00,STATION_003,62.72
2026-01-07 23:00:00,STATION_003,63.5
2026-01-07 23:15:00,STATION_003,64.65
2026-01-07 23:30:00,STATION_003,67.05
2026-01-07 23:45:00,STATION_003,69.35
2026-01-08 00:00:00,STATION_003,68.15
2026-01-08 00:15:00,STATION_003,68.71
2026-01-08 00:30:00,STATION_003,71.01
2026-01-08 00:45:00,STATION_003,69.8
2026-01-08 01:00:00,STATION_003,67.7
2026-01-08 01:15:00,STATION_003,69.13
2026-01-08 01:30:00,STATION_003,67.58
2026-01-08 01:45:00,STATION_003,67.98
2026-01-08 02:00:00,STATION_003,70.35
2026-01-08 02:15:00,STATION_003,70.86
2026-01-08 02:30:00,STATION_003,71.87
2026-01-08 02:45:00,STATION_003,69.74
2026-01-08 03:00:00,STATION_003,69.18
2026-01-08 03:15:00,STATION_003,70.21
2026-01-08 03:30:00,STATION_003,69.36
2026-01-08 03:45:00,STATION_003,67.52
2026-01-08 04:00:00,STATION_003,69.08
2026-01-08 04:15:00,STATION_003,74.12
2026-01-08 04:30:00,STATION_003,74.61
2026-01-08 04:45:00,STATION_003,75.56
2026-01-08 05:00:00,STATION_003,75.53
2026-01-08 05:15:00,STATION_003,76.43
2026-01-08 05:30:00,STATION_003,73.83
2026-01-08 05:45:00,STATION_003,74.28
2026-01-08 06:00:00,STATION_003,75.15
2026-01-08 06:15:00,STATION_003,74.7
2026-01-08 06:30:00,STATION_003,74.89
2026-01-08 06:45:00,STATION_003,73.83
2026-01-08 07:00:00,STATION_003,72.78
2026-01-08 07:15:00,STATION_003,73.9
2026-01-08 07:30:00,STATION_003,75.05
2026-01-08 07:45:00,STATION_003,77.8
2026-01-08 08:00:00,STATION_003,79.08
2026-01-08 08:15:00,STATION_003,78.89
2026-01-08 08:30:00,STATION_003,80.54
2026-01-08 08:45:00,STATION_003,82.24
2026-01-08 09:00:00,STATION_003,82.94
2026-01-08 09:15:00,STATION_003,81.5
2026-01-08 09:30:00,STATION_003,80.38
2026-01-08 09:45:00,STATION_003,81.73
2026-01-08 10:00:00,STATION_003,86.29
2026-01-08 10:15:00,STATION_003,85.53
2026-01-08 10:30:00,STATION_003,85.02
2026-01-08 10:45:00,STATION_003,84.29
2026-01-08 11:00:00,STATION_003,83.65
2026-01-08 11:15:00,STATION_003,86.14
2026-01-08 11:30:00,STATION_003,85.87
2026-01-08 11:45:00,STATION_003,89.41
2026-01-08 12:00:00,STATION_003,90.92
2026-01-08 12:15:00,STATION_003,94.33
2026-01-08 12:30:00,STATION_003,5.0
2026-01-08 12:45:00,STATION_003,8.92
2026-01-08 13:00:00,STATION_003,12.11
2026-01-08 13:15:00,STATION_003,18.46
2026-01-08 13:30:00,STATION_003,21.98
2026-01-08 13:45:00,STATION_003,26.15
2026-01-08 14:00:00,STATION_003,26.73
2026-01-08 14:15:00,STATION_003,25.89
2026-01-08 14:30:00,STATION_003,24.45
2026-01-08 14:45:00,STATION_003,24.27
2026-01-08 15:00:00,STATION_003,23.25
2026-01-08 15:15:00,STATION_003,24.74
2026-01-08 15:30:00,STATION_003,21.65
2026-01-08 15:45:00,STATION_003,24.03
2026-01-08 16:00:00,STATION_003,26.1
2026-01-08 16:15:00,STATION_003,25.54
2026-01-08 16:30:00,STATION_003,29.88
2026-01-08 16:45:00,STATION_003,29.75
2026-01-08 17:00:00,STATION_003,30.24
2026-01-08 17:15:00,STATION_003,26.21
2026-01-08 17:30:00,STATION_003,24.92
2026-01-08 17:45:00,STATION_003,25.87
2026-01-08 18:00:00,STATION_003,26.05
2026-01-08 18:15:00,STATION_003,27.17
2026-01-08 18:30:00,STATION_003,29.38
2026-01-08 18:45:00,STATION_003,33.46
2026-01-08 19:00:00,STATION_003,37.38
2026-01-08 19:15:00,STATION_003,44.09
2026-01-08 19:30:00,STATION_003,49.1
2026-01-08 19:45:00,STATION_003,55.67
2026-01-08 20:00:00,STATION_003,60.96
2026-01-08 20:15:00,STATION_003,65.15
2026-01-08 20:30:00,STATION_003,70.19
2026-01-08 20:45:00,STATION_003,68.38
2026-01-08 21:00:00,STATION_003,67.87
2026-01-08 21:15:00,STATION_003,71.01
2026-01-08 21:30:00,STATION_003,70.23
2026-01-08 21:45:00,STATION_003,76.29
2026-01-08 22:00:00,STATION_003,74.09
2026-01-08 22:15:00,STATION_003,73.3
2026-01-08 22:30:00,STATION_003,67.53
2026-01-08 22:45:00,STATION_003,70.72
2026-01-08 23:00:00,STATION_003,69.02
2026-01-08 23:15:00,STATION_003,65.55
2026-01-08 23:30:00,STATION_003,65.43
2026-01-08 23:45:00,STATION_003,65.43
2026-01-09 00:00:00,STATION_003,69.82
2026-01-09 00:15:00,STATION_003,67.78
2026-01-09 00:30:00,STATION_003,68.03
2026-01-09 00:45:00,STATION_003,67.72
2026-01-09 01:00:00,STATION_003,69.61
2026-01-09 01:15:00,STATION_003,67.61
2026-01-09 01:30:00,STATION_003,70.97
2026-01-09 01:45:00,STATION_003,75.11
2026-01-09 02:00:00,STATION_003,77.01
2026-01-09 02:15:00,STATION_003,75.6
2026-01-09 02:30:00,STATION_003,78.5
2026-01-09 02:45:00,STATION_003,78.29
2026-01-09 03:00:00,STATION_003,78.66
2026-01-09 03:15:00,STATION_003,80.01
2026-01-09 03:30:00,STATION_003,81.86
2026-01-09 03:45:00,STATION_003,86.52
2026-01-09 04:00:00,STATION_003,87.28
2026-01-09 04:15:00,STATION_003,87.79
2026-01-09 04:30:00,STATION_003,86.78
2026-01-09 04:45:00,STATION_003,83.06
2026-01-09 05:00:00,STATION_003,87.27
2026-01-09 05:15:00,STATION_003,87.67
2026-01-09 05:30:00,STATION_003,88.47
2026-01-09 05:45:00,STATION_003,91.1
2026-01-09 06:00:00,STATION_003,92.33
2026-01-09 06:15:00,STATION_003,92.07
2026-01-09 06:30:00,STATION_003,5.0
2026-01-09 06:45:00,STATION_003,6.07
2026-01-09 07:00:00,STATION_003,6.42
2026-01-09 07:15:00,STATION_003,9.12
2026-01-09 07:30:00,STATION_003,8.33
2026-01-09 07:45:00,STATION_003,10.37
2026-01-09 08:00:00,STATION_003,8.93
2026-01-09 08:15:00,STATION_003,6.04
2026-01-09 08:30:00,STATION_003,2.65
2026-01-09 08:45:00,STATION_003,1.85
2026-01-09 09:00:00,STATION_003,0.0
2026-01-09 09:15:00,STATION_003,2.45
2026-01-09 09:30:00,STATION_003,1.49
2026-01-09 09:45:00,STATION_003,4.05
2026-01-09 10:00:00,STATION_003,6.66
2026-01-09 10:15:00,STATION_003,10.31
2026-01-09 10:30:00,STATION_003,13.28
2026-01-09 10:45:00,STATION_003,14.07
2026-01-09 11:00:00,STATION_003,13.48
2026-01-09 11:15:00,STATION_003,16.22
2026-01-09 11:30:00,STATION_003,16.52
2026-01-09 11:45:00,STATION_003,17.98
2026-01-09 12:00:00,STATION_003,22.56
2026-01-09 12:15:00,STATION_003,25.27
2026-01-09 12:30:00,STATION_003,25.36
2026-01-09 12:45:00,STATION_003,26.79
2026-01-09 13:00:00,STATION_003,28.06
2026-01-09 13:15:00,STATION_003,30.24
2026-01-09 13:30:00,STATION_003,32.0
2026-01-09 13:45:00,STATION_003,34.04
2026-01-09 14:00:00,STATION_003,33.67
2026-01-09 14:15:00,STATION_003,29.64
2026-01-09 14:30:00,STATION_003,29.78
2026-01-09 14:45:00,STATION_003,31.32
2026-01-09 15:00:00,STATION_003,32.56
2026-01-09 15:15:00,STATION_003,32.7
2026-01-09 15:30:00,STATION_003,33.6
2026-01-09 15:45:00,STATION_003,32.36
2026-01-09 16:00:00,STATION_003,34.1
2026-01-09 16:15:00,STATION_003,37.64
2026-01-09 16:30:00,STATION_003,37.93
2026-01-09 16:45:00,STATION_003,39.5
2026-01-09 17:00:00,STATION_003,39.29
2026-01-09 17:15:00,STATION_003,42.97
2026-01-09 17:30:00,STATION_003,44.34
2026-01-09 17:45:00,STATION_003,45.57
2026-01-09 18:00:00,STATION_003,47.8
2026-01-09 18:15:00,STATION_003,49.32
2026-01-09 18:30:00,STATION_003,53.48
2026-01-09 18:45:00,STATION_003,56.77
2026-01-09 19:00:00,STATION_003,62.11
2026-01-09 19:15:00,STATION_003,68.05
2026-01-09 19:30:00,STATION_003,69.04
2026-01-09 19:45:00,STATION_003,71.2
2026-01-09 20:00:00,STATION_003,72.75
2026-01-09 20:15:00,STATION_003,76.73
2026-01-09 20:30:00,STATION_003,79.66
2026-01-09 20:45:00,STATION_003,81.34
2026-01-09 21:00:00,STATION_003,80.56
2026-01-09 21:15:00,STATION_003,81.44
2026-01-09 21:30:00,STATION_003,82.27
2026-01-09 21:45:00,STATION_003,83.37
2026-01-09 22:00:00,STATION_003,87.5
2026-01-09 22:15:00,STATION_003,88.02
2026-01-09 22:30:00,STATION_003,90.5
2026-01-09 22:45:00,STATION_003,90.34
2026-01-09 23:00:00,STATION_003,91.17
2026-01-09 23:15:00,STATION_003,90.34
2026-01-09 23:30:00,STATION_003,90.14
2026-01-09 23:45:00,STATION_003,5.0
2026-01-10 00:00:00,STATION_003,6.54
2026-01-10 00:15:00,STATION_003,7.55
2026-01-10 00:30:00,STATION_003,9.29
2026-01-10 00:45:00,STATION_003,12.21
2026-01-10 01:00:00,STATION_003,10.47
2026-01-10 01:15:00,STATION_003,8.62
2026-01-10 01:30:00,STATION_003,10.04
2026-01-10 01:45:00,STATION_003,11.58
2026-01-10 02:00:00,STATION_003,12.32
2026-01-10 02:15:00,STATION_003,13.13
2026-01-10 02:30:00,STATION_003,13.88
2026-01-10 02:45:00,STATION_003,13.1
2026-01-10 03:00:00,STATION_003,9.6
2026-01-10 03:15:00,STATION_003,10.28
2026-01-10 03:30:00,STATION_003,12.04
2026-01-10 03:45:00,STATION_003,13.34
2026-01-10 04:00:00,STATION_003,11.22
2026-01-10 04:15:00,STATION_003,13.12
2026-01-10 04:30:00,STATION_003,16.29
2026-01-10 04:45:00,STATION_003,16.82
2026-01-10 05:00:00,STATION_003,21.81
2026-01-10 05:15:00,STATION_003,19.69
2026-01-10 05:30:00,STATION_003,22.78
2026-01-10 05:45:00,STATION_003,22.55
2026-01-10 06:00:00,STATION_003,21.06
2026-01-10 06:15:00,STATION_003,20.17
2026-01-10 06:30:00,STATION_003,20.6
2026-01-10 06:45:00,STATION_003,24.97
2026-01-10 07:00:00,STATION_003,26.86
2026-01-10 07:15:00,STATION_003,27.65
2026-01-10 07:30:00,STATION_003,26.01
2026-01-10 07:45:00,STATION_003,27.68
2026-01-10 08:00:00,STATION_003,30.59
2026-01-10 08:15:00,STATION_003,30.81
2026-01-10 08:30:00,STATION_003,29.51
2026-01-10 08:45:00,STATION_003,34.35
2026-01-10 09:00:00,STATION_003,33.62
2026-01-10 09:15:00,STATION_003,36.42
2026-01-10 09:30:00,STATION_003,39.16
2026-01-10 09:45:00,STATION_003,38.63
2026-01-10 10:00:00,STATION_003,37.2
2026-01-10 10:15:00,STATION_003,39.38
2026-01-10 10:30:00,STATION_003,41.04
2026-01-10 10:45:00,STATION_003,44.6
2026-01-10 11:00:00,STATION_003,45.65
2026-01-10 11:15:00,STATION_003,44.21
2026-01-10 11:30:00,STATION_003,47.63
2026-01-10 11:45:00,STATION_003,50.86
2026-01-10 12:00:00,STATION_003,53.95
2026-01-10 12:15:00,STATION_003,59.27
2026-01-10 12:30:00,STATION_003,67.55
2026-01-10 12:45:00,STATION_003,69.84
2026-01-10 13:00:00,STATION_003,73.5
2026-01-10 13:15:00,STATION_003,75.5
2026-01-10 13:30:00,STATION_003,73.75
2026-01-10 13:45:00,STATION_003,74.78
2026-01-10 14:00:00,STATION_003,75.35
2026-01-10 14:15:00,STATION_003,76.69
2026-01-10 14:30:00,STATION_003,79.67
2026-01-10 14:45:00,STATION_003,80.59
2026-01-10 15:00:00,STATION_003,82.5
2026-01-10 15:15:00,STATION_003,84.23
2026-01-10 15:30:00,STATION_003,84.0
2026-01-10 15:45:00,STATION_003,84.92
2026-01-10 16:00:00,STATION_003,89.25
2026-01-10 16:15:00,STATION_003,87.26
2026-01-10 16:30:00,STATION_003,85.35
2026-01-10 16:45:00,STATION_003,87.26
2026-01-10 17:00:00,STATION_003,89.7
2026-01-10 17:15:00,STATION_003,91.89
2026-01-10 17:30:00,STATION_003,91.89
2026-01-10 17:45:00,STATION_003,94.3
2026-01-10 18:00:00,STATION_003,5.0
2026-01-10 18:15:00,STATION_003,4.01
2026-01-10 18:30:00,STATION_003,3.86
2026-01-10 18:45:00,STATION_003,2.82
2026-01-10 19:00:00,STATION_003,5.31
2026-01-10 19:15:00,STATION_003,4.89
2026-01-10 19:30:00,STATION_003,5.07
2026-01-10 19:45:00,STATION_003,4.67
2026-01-10 20:00:00,STATION_003,4.46
2026-01-10 20:15:00,STATION_003,5.43
2026-01-10 20:30:00,STATION_003,7.72
2026-01-10 20:45:00,STATION_003,9.05
2026-01-10 21:00:00,STATION_003,10.95
2026-01-10 21:15:00,STATION_003,9.51
2026-01-10 21:30:00,STATION_003,9.21
2026-01-10 21:45:00,STATION_003,12.86
2026-01-10 22:00:00,STATION_003,16.33
2026-01-10 22:15:00,STATION_003,17.71
2026-01-10 22:30:00,STATION_003,13.37
2026-01-10 22:45:00,STATION_003,14.75
2026-01-10 23:00:00,STATION_003,13.85
2026-01-10 23:15:00,STATION_003,16.73
2026-01-10 23:30:00,STATION_003,13.47
2026-01-10 23:45:00,STATION_003,11.1
2026-01-11 00:00:00,STATION_003,10.65
2026-01-11 00:15:00,STATION_003,13.75
2026-01-11 00:30:00,STATION_003,12.92
2026-01-11 00:45:00,STATION_003,14.72
2026-01-11 01:00:00,STATION_003,15.87
2026-01-11 01:15:00,STATION_003,17.63
2026-01-11 01:30:00,STATION_003,17.66
2026-01-11 01:45:00,STATION_003,17.11
2026-01-11 02:00:00,STATION_003,16.33
2026-01-11 02:15:00,STATION_003,13.22
2026-01-11 02:30:00,STATION_003,13.03
2026-01-11 02:45:00,STATION_003,11.35
2026-01-11 03:00:00,STATION_003,13.44
2026-01-11 03:15:00,STATION_003,13.86
2026-01-11 03:30:00,STATION_003,14.54
2026-01-11 03:45:00,STATION_003,14.34
2026-01-11 04:00:00,STATION_003,11.21
2026-01-11 04:15:00,STATION_003,11.78
2026-01-11 04:30:00,STATION_003,10.82
2026-01-11 04:45:00,STATION_003,10.64
2026-01-11 05:00:00,STATION_003,10.32
2026-01-11 05:15:00,STATION_003,13.76
2026-01-11 05:30:00,STATION_003,16.16
2026-01-11 05:45:00,STATION_003,13.95
2026-01-11 06:00:00,STATION_003,14.01
2026-01-11 06:15:00,STATION_003,15.63
2026-01-11 06:30:00,STATION_003,18.2
2026-01-11 06:45:00,STATION_003,20.17
2026-01-11 07:00:00,STATION_003,20.15
2026-01-11 07:15:00,STATION_003,19.07
2026-01-11 07:30:00,STATION_003,20.64
2026-01-11 07:45:00,STATION_003,20.69
2026-01-11 08:00:00,STATION_003,21.67
2026-01-11 08:15:00,STATION_003,17.93
2026-01-11 08:30:00,STATION_003,15.67
2026-01-11 08:45:00,STATION_003,15.05
2026-01-11 09:00:00,STATION_003,17.64
2026-01-11 09:15:00,STATION_003,17.81
2026-01-11 09:30:00,STATION_003,20.12
2026-01-11 09:45:00,STATION_003,23.13
2026-01-11 10:00:00,STATION_003,25.5
2026-01-11 10:15:00,STATION_003,24.49
2026-01-11 10:30:00,STATION_003,25.24
2026-01-11 10:45:00,STATION_003,24.4
2026-01-11 11:00:00,STATION_003,30.93
2026-01-11 11:15:00,STATION_003,35.07
2026-01-11 11:30:00,STATION_003,42.13
2026-01-11 11:45:00,STATION_003,42.83
2026-01-11 12:00:00,STATION_003,45.72
2026-01-11 12:15:00,STATION_003,49.73
2026-01-11 12:30:00,STATION_003,49.26
2026-01-11 12:45:00,STATION_003,53.69
2026-01-11 13:00:00,STATION_003,57.53
2026-01-11 13:15:00,STATION_003,62.04
2026-01-11 13:30:00,STATION_003,61.84
2026-01-11 13:45:00,STATION_003,60.45
2026-01-11 14:00:00,STATION_003,63.81
2026-01-11 14:15:00,STATION_003,64.09
2026-01-11 14:30:00,STATION_003,67.86
2026-01-11 14:45:00,STATION_003,74.44
2026-01-11 15:00:00,STATION_003,75.24
2026-01-11 15:15:00,STATION_003,80.0
2026-01-11 15:30:00,STATION_003,82.09
2026-01-11 15:45:00,STATION_003,84.03
2026-01-11 16:00:00,STATION_003,84.56
2026-01-11 16:15:00,STATION_003,86.32
2026-01-11 16:30:00,STATION_003,88.51
2026-01-11 16:45:00,STATION_003,92.45
2026-01-11 17:00:00,STATION_003,92.59
2026-01-11 17:15:00,STATION_003,94.77
2026-01-11 17:30:00,STATION_003,5.0
2026-01-11 17:45:00,STATION_003,4.83
2026-01-11 18:00:00,STATION_003,3.51
2026-01-11 18:15:00,STATION_003,3.49
2026-01-11 18:30:00,STATION_003,5.8
2026-01-11 18:45:00,STATION_003,6.1
2026-01-11 19:00:00,STATION_003,7.58
2026-01-11 19:15:00,STATION_003,7.52
2026-01-11 19:30:00,STATION_003,8.54
2026-01-11 19:45:00,STATION_003,9.47
2026-01-11 20:00:00,STATION_003,6.44
2026-01-11 20:15:00,STATION_003,7.99
2026-01-11 20:30:00,STATION_003,5.24
2026-01-11 20:45:00,STATION_003,6.73
2026-01-11 21:00:00,STATION_003,7.32
2026-01-11 21:15:00,STATION_003,8.15
2026-01-11 21:30:00,STATION_003,6.1
2026-01-11 21:45:00,STATION_003,5.81
2026-01-11 22:00:00,STATION_003,5.73
2026-01-11 22:15:00,STATION_003,2.52
2026-01-11 22:30:00,STATION_003,6.55
2026-01-11 22:45:00,STATION_003,8.22
2026-01-11 23:00:00,STATION_003,7.09
2026-01-11 23:15:00,STATION_003,3.42
2026-01-11 23:30:00,STATION_003,7.65
2026-01-11 23:45:00,STATION_003,9.71
2026-01-12 00:00:00,STATION_003,13.29
2026-01-12 00:15:00,STATION_003,14.51
2026-01-12 00:30:00,STATION_003,14.12
2026-01-12 00:45:00,STATION_003,13.48
2026-01-12 01:00:00,STATION_003,13.8
2026-01-12 01:15:00,STATION_003,14.38
2026-01-12 01:30:00,STATION_003,16.56
2026-01-12 01:45:00,STATION_003,17.42
2026-01-12 02:00:00,STATION_003,20.72
2026-01-12 02:15:00,STATION_003,22.32
2026-01-12 02:30:00,STATION_003,26.69
2026-01-12 02:45:00,STATION_003,25.47
2026-01-12 03:00:00,STATION_003,24.74
2026-01-12 03:15:00,STATION_003,27.56
2026-01-12 03:30:00,STATION_003,28.91
2026-01-12 03:45:00,STATION_003,29.41
2026-01-12 04:00:00,STATION_003,28.69
2026-01-12 04:15:00,STATION_003,26.87
2026-01-12 04:30:00,STATION_003,31.42
2026-01-12 04:45:00,STATION_003,36.42
2026-01-12 05:00:00,STATION_003,35.0
2026-01-12 05:15:00,STATION_003,36.62
2026-01-12 05:30:00,STATION_003,39.21
2026-01-12 05:45:00,STATION_003,37.96
2026-01-12 06:00:00,STATION_003,42.29
2026-01-12 06:15:00,STATION_003,43.5
2026-01-12 06:30:00,STATION_003,43.93
2026-01-12 06:45:00,STATION_003,46.99
2026-01-12 07:00:00,STATION_003,48.16
2026-01-12 07:15:00,STATION_003,51.92
2026-01-12 07:30:00,STATION_003,56.33
2026-01-12 07:45:00,STATION_003,55.46
2026-01-12 08:00:00,STATION_003,58.08
2026-01-12 08:15:00,STATION_003,58.27
2026-01-12 08:30:00,STATION_003,58.22
2026-01-12 08:45:00,STATION_003,60.06
2026-01-12 09:00:00,STATION_003,61.46
2026-01-12 09:15:00,STATION_003,61.02
2026-01-12 09:30:00,STATION_003,62.99
2026-01-12 09:45:00,STATION_003,64.87
2026-01-12 10:00:00,STATION_003,65.54
2026-01-12 10:15:00,STATION_003,64.22
2026-01-12 10:30:00,STATION_003,63.33
2026-01-12 10:45:00,STATION_003,64.36
2026-01-12 11:00:00,STATION_003,64.95
2026-01-12 11:15:00,STATION_003,65.85
2026-01-12 11:30:00,STATION_003,66.8
2026-01-12 11:45:00,STATION_003,67.02
2026-01-12 12:00:00,STATION_003,69.23
2026-01-12 12:15:00,STATION_003,71.89
2026-01-12 12:30:00,STATION_003,75.46
2026-01-12 12:45:00,STATION_003,78.59
2026-01-12 13:00:00,STATION_003,80.68
2026-01-12 13:15:00,STATION_003,87.28
2026-01-12 13:30:00,STATION_003,89.53
2026-01-12 13:45:00,STATION_003,94.86
2026-01-12 14:00:00,STATION_003,5.0
2026-01-12 14:15:00,STATION_003,7.51
2026-01-12 14:30:00,STATION_003,6.49
2026-01-12 14:45:00,STATION_003,8.46
2026-01-12 15:00:00,STATION_003,6.66
2026-01-12 15:15:00,STATION_003,6.95
2026-01-12 15:30:00,STATION_003,3.02
2026-01-12 15:45:00,STATION_003,7.69
2026-01-12 16:00:00,STATION_003,8.47
2026-01-12 16:15:00,STATION_003,8.12
2026-01-12 16:30:00,STATION_003,9.72
2026-01-12 16:45:00,STATION_003,9.88
2026-01-12 17:00:00,STATION_003,10.24
2026-01-12 17:15:00,STATION_003,11.65
2026-01-12 17:30:00,STATION_003,13.5
2026-01-12 17:45:00,STATION_003,14.03
2026-01-12 18:00:00,STATION_003,14.54
2026-01-12 18:15:00,STATION_003,16.24
2026-01-12 18:30:00,STATION_003,18.98
2026-01-12 18:45:00,STATION_003,21.82
2026-01-12 19:00:00,STATION_003,24.93
2026-01-12 19:15:00,STATION_003,29.21
2026-01-12 19:30:00,STATION_003,30.02
2026-01-12 19:45:00,STATION_003,31.75
2026-01-12 20:00:00,STATION_003,32.88
2026-01-12 20:15:00,STATION_003,37.55
2026-01-12 20:30:00,STATION_003,42.27
2026-01-12 20:45:00,STATION_003,45.4
2026-01-12 21:00:00,STATION_003,45.02
2026-01-12 21:15:00,STATION_003,42.67
2026-01-12 21:30:00,STATION_003,45.11
2026-01-12 21:45:00,STATION_003,43.93
2026-01-12 22:00:00,STATION_003,40.77
2026-01-12 22:15:00,STATION_003,41.03
2026-01-12 22:30:00,STATION_003,43.46
2026-01-12 22:45:00,STATION_003,42.32
2026-01-12 23:00:00,STATION_003,43.46
2026-01-12 23:15:00,STATION_003,45.27
2026-01-12 23:30:00,STATION_003,46.92
2026-01-12 23:45:00,STATION_003,45.86
2026-01-13 00:00:00,STATION_003,50.42
2026-01-13 00:15:00,STATION_003,46.58
2026-01-13 00:30:00,STATION_003,47.52
2026-01-13 00:45:00,STATION_003,50.72
2026-01-13 01:00:00,STATION_003,47.37
2026-01-13 01:15:00,STATION_003,47.38
2026-01-13 01:30:00,STATION_003,50.79
2026-01-13 01:45:00,STATION_003,51.23
2026-01-13 02:00:00,STATION_003,49.53
2026-01-13 02:15:00,STATION_003,47.43
2026-01-13 02:30:00,STATION_003,46.46
2026-01-13 02:45:00,STATION_003,46.37
2026-01-13 03:00:00,STATION_003,49.06
2026-01-13 03:15:00,STATION_003,50.02
2026-01-13 03:30:00,STATION_003,50.57
2026-01-13 03:45:00,STATION_003,50.4
2026-01-13 04:00:00,STATION_003,51.88
2026-01-13 04:15:00,STATION_003,52.43
2026-01-13 04:30:00,STATION_003,48.77
2026-01-13 04:45:00,STATION_003,52.2
2026-01-13 05:00:00,STATION_003,56.53
2026-01-13 05:15:00,STATION_003,52.66
2026-01-13 05:30:00,STATION_003,52.16
2026-01-13 05:45:00,STATION_003,53.61
2026-01-13 06:00:00,STATION_003,57.3
2026-01-13 06:15:00,STATION_003,58.11
2026-01-13 06:30:00,STATION_003,60.98
2026-01-13 06:45:00,STATION_003,60.08
2026-01-13 07:00:00,STATION_003,60.02
2026-01-13 07:15:00,STATION_003,59.6
2026-01-13 07:30:00,STATION_003,59.94
2026-01-13 07:45:00,STATION_003,62.39
2026-01-13 08:00:00,STATION_003,64.64
2026-01-13 08:15:00,STATION_003,66.79
2026-01-13 08:30:00,STATION_003,69.08
2026-01-13 08:45:00,STATION_003,65.85
2026-01-13 09:00:00,STATION_003,62.76
2026-01-13 09:15:00,STATION_003,62.66
2026-01-13 09:30:00,STATION_003,59.65
2026-01-13 09:45:00,STATION_003,62.54
2026-01-13 10:00:00,STATION_003,57.82
2026-01-13 10:15:00,STATION_003,60.05
2026-01-13 10:30:00,STATION_003,62.43
2026-01-13 10:45:00,STATION_003,64.29
2026-01-13 11:00:00,STATION_003,64.42
2026-01-13 11:15:00,STATION_003,66.2
2026-01-13 11:30:00,STATION_003,63.85
2026-01-13 11:45:00,STATION_003,64.91
2026-01-13 12:00:00,STATION_003,67.2
2026-01-13 12:15:00,STATION_003,69.71
2026-01-13 12:30:00,STATION_003,75.43
2026-01-13 12:45:00,STATION_003,77.23
2026-01-13 13:00:00,STATION_003,83.33
2026-01-13 13:15:00,STATION_003,84.88
2026-01-13 13:30:00,STATION_003,90.2
2026-01-13 13:45:00,STATION_003,94.1
2026-01-13 14:00:00,STATION_003,94.29
2026-01-13 14:15:00,STATION_003,5.0
2026-01-13 14:30:00,STATION_003,4.89
2026-01-13 14:45:00,STATION_003,4.8
2026-01-13 15:00:00,STATION_003,3.33
2026-01-13 15:15:00,STATION_003,1.56
2026-01-13 15:30:00,STATION_003,1.06
2026-01-13 15:45:00,STATION_003,1.66
2026-01-13 16:00:00,STATION_003,4.58
2026-01-13 16:15:00,STATION_003,2.48
2026-01-13 16:30:00,STATION_003,1.34
2026-01-13 16:45:00,STATION_003,2.37
2026-01-13 17:00:00,STATION_003,4.14
2026-01-13 17:15:00,STATION_003,2.86
2026-01-13 17:30:00,STATION_003,5.02
2026-01-13 17:45:00,STATION_003,1.68
2026-01-13 18:00:00,STATION_003,3.68
2026-01-13 18:15:00,STATION_003,7.25
2026-01-13 18:30:00,STATION_003,11.03
2026-01-13 18:45:00,STATION_003,12.38
2026-01-13 19:00:00,STATION_003,12.39
2026-01-13 19:15:00,STATION_003,14.82
2026-01-13 19:30:00,STATION_003,15.5
2026-01-13 19:45:00,STATION_003,20.63
2026-01-13 20:00:00,STATION_003,25.27
2026-01-13 20:15:00,STATION_003,28.44
2026-01-13 20:30:00,STATION_003,30.7
2026-01-13 20:45:00,STATION_003,36.49
2026-01-13 21:00:00,STATION_003,35.72
2026-01-13 21:15:00,STATION_003,36.98
2026-01-13 21:30:00,STATION_003,35.41
2026-01-13 21:45:00,STATION_003,35.88
2026-01-13 22:00:00,STATION_003,34.1
2026-01-13 22:15:00,STATION_003,31.53
2026-01-13 22:30:00,STATION_003,31.95
2026-01-13 22:45:00,STATION_003,31.3
2026-01-13 23:00:00,STATION_003,32.61
2026-01-13 23:15:00,STATION_003,34.27
2026-01-13 23:30:00,STATION_003,34.62
2026-01-13 23:45:00,STATION_003,35.47
2026-01-14 00:00:00,STATION_003,37.99
2026-01-14 00:15:00,STATION_003,36.68
2026-01-14 00:30:00,STATION_003,36.39
2026-01-14 00:45:00,STATION_003,35.55
2026-01-14 01:00:00,STATION_003,38.07
2026-01-14 01:15:00,STATION_003,38.69
2026-01-14 01:30:00,STATION_003,39.97
2026-01-14 01:45:00,STATION_003,43.02
2026-01-14 02:00:00,STATION_003,44.84
2026-01-14 02:15:00,STATION_003,47.29
2026-01-14 02:30:00,STATION_003,45.39
2026-01-14 02:45:00,STATION_003,47.32
2026-01-14 03:00:00,STATION_003,50.22
2026-01-14 03:15:00,STATION_003,50.65
2026-01-14 03:30:00,STATION_003,52.38
2026-01-14 03:45:00,STATION_003,51.74
2026-01-14 04:00:00,STATION_003,53.54
2026-01-14 04:15:00,STATION_003,55.44
2026-01-14 04:30:00,STATION_003,62.82
2026-01-14 04:45:00,STATION_003,64.41
2026-01-14 05:00:00,STATION_003,64.28
2026-01-14 05:15:00,STATION_003,67.66
2026-01-14 05:30:00,STATION_003,68.01
2026-01-14 05:45:00,STATION_003,70.11
2026-01-14 06:00:00,STATION_003,71.39
2026-01-14 06:15:00,STATION_003,74.35
2026-01-14 06:30:00,STATION_003,75.95
2026-01-14 06:45:00,STATION_003,72.43
2026-01-14 07:00:00,STATION_003,70.5
2026-01-14 07:15:00,STATION_003,70.88
2026-01-14 07:30:00,STATION_003,67.84
2026-01-14 07:45:00,STATION_003,66.84
2026-01-14 08:00:00,STATION_003,65.51
2026-01-14 08:15:00,STATION_003,66.49
2026-01-14 08:30:00,STATION_003,66.32
2026-01-14 08:45:00,STATION_003,68.06
2026-01-14 09:00:00,STATION_003,66.62
2026-01-14 09:15:00,STATION_003,69.57
2026-01-14 09:30:00,STATION_003,71.36
2026-01-14 09:45:00,STATION_003,69.92
2026-01-14 10:00:00,STATION_003,73.14
2026-01-14 10:15:00,STATION_003,74.04
2026-01-14 10:30:00,STATION_003,74.26
2026-01-14 10:45:00,STATION_003,77.42
2026-01-14 11:00:00,STATION_003,74.71
2026-01-14 11:15:00,STATION_003,76.43
2026-01-14 11:30:00,STATION_003,79.0
2026-01-14 11:45:00,STATION_003,77.71
2026-01-14 12:00:00,STATION_003,83.77
2026-01-14 12:15:00,STATION_003,89.03
2026-01-14 12:30:00,STATION_003,92.04
2026-01-14 12:45:00,STATION_003,92.63
2026-01-14 13:00:00,STATION_003,5.0
2026-01-14 13:15:00,STATION_003,9.91
2026-01-14 13:30:00,STATION_003,11.24
2026-01-14 13:45:00,STATION_003,16.86
2026-01-14 14:00:00,STATION_003,15.58
2026-01-14 14:15:00,STATION_003,17.26
2026-01-14 14:30:00,STATION_003,18.36
2026-01-14 14:45:00,STATION_003,17.56
2026-01-14 15:00:00,STATION_003,17.97
2026-01-14 15:15:00,STATION_003,18.48
2026-01-14 15:30:00,STATION_003,19.93
2026-01-14 15:45:00,STATION_003,21.83
2026-01-14 16:00:00,STATION_003,22.79
2026-01-14 16:15:00,STATION_003,19.16
2026-01-14 16:30:00,STATION_003,18.92
2026-01-14 16:45:00,STATION_003,20.46
2026-01-14 17:00:00,STATION_003,23.3
2026-01-14 17:15:00,STATION_003,25.68
2026-01-14 17:30:00,STATION_003,26.38
2026-01-14 17:45:00,STATION_003,27.52
2026-01-14 18:00:00,STATION_003,30.46
2026-01-14 18:15:00,STATION_003,34.06
2026-01-14 18:30:00,STATION_003,38.72
2026-01-14 18:45:00,STATION_003,44.41
2026-01-14 19:00:00,STATION_003,43.91
2026-01-14 19:15:00,STATION_003,48.21
2026-01-14 19:30:00,STATION_003,51.23
2026-01-14 19:45:00,STATION_003,54.3
2026-01-14 20:00:00,STATION_003,56.1
2026-01-14 20:15:00,STATION_003,56.37
2026-01-14 20:30:00,STATION_003,58.92
2026-01-14 20:45:00,STATION_003,63.72
2026-01-14 21:00:00,STATION_003,67.92
2026-01-14 21:15:00,STATION_003,65.7
2026-01-14 21:30:00,STATION_003,67.45
2026-01-14 21:45:00,STATION_003,65.64
2026-01-14 22:00:00,STATION_003,64.67
2026-01-14 22:15:00,STATION_003,64.87
2026-01-14 22:30:00,STATION_003,66.87
2026-01-14 22:45:00,STATION_003,63.4
2026-01-14 23:00:00,STATION_003,65.8
2026-01-14 23:15:00,STATION_003,64.47
2026-01-14 23:30:00,STATION_003,64.2
2026-01-14 23:45:00,STATION_003,62.85
2026-01-15 00:00:00,STATION_003,62.67
2026-01-15 00:15:00,STATION_003,62.46
2026-01-15 00:30:00,STATION_003,63.0
2026-01-15 00:45:00,STATION_003,60.84
2026-01-15 01:00:00,STATION_003,62.01
2026-01-15 01:15:00,STATION_003,65.57
2026-01-15 01:30:00,STATION_003,70.02
2026-01-15 01:45:00,STATION_003,71.82
2026-01-15 02:00:00,STATION_003,71.99
2026-01-15 02:15:00,STATION_003,74.57
2026-01-15 02:30:00,STATION_003,74.93
2026-01-15 02:45:00,STATION_003,76.28
2026-01-15 03:00:00,STATION_003,74.84
2026-01-15 03:15:00,STATION_003,73.58
2026-01-15 03:30:00,STATION_003,72.86
2026-01-15 03:45:00,STATION_003,79.54
2026-01-15 04:00:00,STATION_003,78.56
2026-01-15 04:15:00,STATION_003,80.11
2026-01-15 04:30:00,STATION_003,81.23
2026-01-15 04:45:00,STATION_003,79.71
2026-01-15 05:00:00,STATION_003,84.13
2026-01-15 05:15:00,STATION_003,82.18
2026-01-15 05:30:00,STATION_003,82.39
2026-01-15 05:45:00,STATION_003,84.55
2026-01-15 06:00:00,STATION_003,88.96
2026-01-15 06:15:00,STATION_003,85.58
2026-01-15 06:30:00,STATION_003,86.43
2026-01-15 06:45:00,STATION_003,88.93
2026-01-15 07:00:00,STATION_003,90.12
2026-01-15 07:15:00,STATION_003,91.8
2026-01-15 07:30:00,STATION_003,87.72
2026-01-15 07:45:00,STATION_003,86.35
2026-01-15 08:00:00,STATION_003,87.08
2026-01-15 08:15:00,STATION_003,88.87
2026-01-15 08:30:00,STATION_003,88.0
2026-01-15 08:45:00,STATION_003,89.42
2026-01-15 09:00:00,STATION_003,90.53
2026-01-15 09:15:00,STATION_003,91.94
2026-01-15 09:30:00,STATION_003,91.62
2026-01-15 09:45:00,STATION_003,93.37
2026-01-15 10:00:00,STATION_003,92.75
2026-01-15 10:15:00,STATION_003,92.36
2026-01-15 10:30:00,STATION_003,93.57
2026-01-15 10:45:00,STATION_003,92.94
2026-01-15 11:00:00,STATION_003,5.0
2026-01-15 11:15:00,STATION_003,6.31
2026-01-15 11:30:00,STATION_003,7.29
2026-01-15 11:45:00,STATION_003,7.35
2026-01-15 12:00:00,STATION_003,11.63
2026-01-15 12:15:00,STATION_003,18.16
2026-01-15 12:30:00,STATION_003,22.91
2026-01-15 12:45:00,STATION_003,29.74
2026-01-15 13:00:00,STATION_003,30.99
2026-01-15 13:15:00,STATION_003,34.31
2026-01-15 13:30:00,STATION_003,37.44
2026-01-15 13:45:00,STATION_003,43.52
2026-01-15 14:00:00,STATION_003,45.49
2026-01-15 14:15:00,STATION_003,47.02
2026-01-15 14:30:00,STATION_003,46.38
2026-01-15 14:45:00,STATION_003,49.77
2026-01-15 15:00:00,STATION_003,52.1
2026-01-15 15:15:00,STATION_003,49.46
2026-01-15 15:30:00,STATION_003,46.83
2026-01-15 15:45:00,STATION_003,49.69
2026-01-15 16:00:00,STATION_003,52.12
2026-01-15 16:15:00,STATION_003,53.29
2026-01-15 16:30:00,STATION_003,55.91
2026-01-15 16:45:00,STATION_003,56.21
2026-01-15 17:00:00,STATION_003,59.31
2026-01-15 17:15:00,STATION_003,63.58
2026-01-15 17:30:00,STATION_003,64.23
2026-01-15 17:45:00,STATION_003,63.68
2026-01-15 18:00:00,STATION_003,66.32
2026-01-15 18:15:00,STATION_003,73.04
2026-01-15 18:30:00,STATION_003,75.06
2026-01-15 18:45:00,STATION_003,77.23
2026-01-15 19:00:00,STATION_003,79.32
2026-01-15 19:15:00,STATION_003,79.24
2026-01-15 19:30:00,STATION_003,81.2
2026-01-15 19:45:00,STATION_003,86.91
2026-01-15 20:00:00,STATION_003,91.52
2026-01-15 20:15:00,STATION_003,5.0
2026-01-15 20:30:00,STATION_003,8.29
2026-01-15 20:45:00,STATION_003,9.14
2026-01-15 21:00:00,STATION_003,9.46
2026-01-15 21:15:00,STATION_003,11.65
2026-01-15 21:30:00,STATION_003,13.44
2026-01-15 21:45:00,STATION_003,12.46
2026-01-15 22:00:00,STATION_003,16.47
2026-01-15 22:15:00,STATION_003,16.18
2026-01-15 22:30:00,STATION_003,18.83
2026-01-15 22:45:00,STATION_003,23.02
2026-01-15 23:00:00,STATION_003,22.73
2026-01-15 23:15:00,STATION_003,24.68
2026-01-15 23:30:00,STATION_003,24.21
2026-01-15 23:45:00,STATION_003,27.79
2026-01-16 00:00:00,STATION_003,27.53
2026-01-16 00:15:00,STATION_003,29.95
2026-01-16 00:30:00,STATION_003,31.68
2026-01-16 00:45:00,STATION_003,35.35
2026-01-16 01:00:00,STATION_003,36.62
2026-01-16 01:15:00,STATION_003,39.29
2026-01-16 01:30:00,STATION_003,38.52
2026-01-16 01:45:00,STATION_003,39.4
2026-01-16 02:00:00,STATION_003,38.0
2026-01-16 02:15:00,STATION_003,37.69
2026-01-16 02:30:00,STATION_003,43.78
2026-01-16 02:45:00,STATION_003,43.8
2026-01-16 03:00:00,STATION_003,42.22
2026-01-16 03:15:00,STATION_003,38.62
2026-01-16 03:30:00,STATION_003,37.42
2026-01-16 03:45:00,STATION_003,37.65
2026-01-16 04:00:00,STATION_003,42.38
2026-01-16 04:15:00,STATION_003,41.59
2026-01-16 04:30:00,STATION_003,43.58
2026-01-16 04:45:00,STATION_003,44.27
2026-01-16 05:00:00,STATION_003,42.63
2026-01-16 05:15:00,STATION_003,44.18
2026-01-16 05:30:00,STATION_003,45.45
2026-01-16 05:45:00,STATION_003,43.98
2026-01-16 06:00:00,STATION_003,46.23
2026-01-16 06:15:00,STATION_003,45.09
2026-01-16 06:30:00,STATION_003,47.77
2026-01-16 06:45:00,STATION_003,47.1
2026-01-16 07:00:00,STATION_003,49.03
2026-01-16 07:15:00,STATION_003,50.95
2026-01-16 07:30:00,STATION_003,49.64
2026-01-16 07:45:00,STATION_003,50.96
2026-01-16 08:00:00,STATION_003,49.59
2026-01-16 08:15:00,STATION_003,48.66
2026-01-16 08:30:00,STATION_003,51.33
2026-01-16 08:45:00,STATION_003,51.26
2026-01-16 09:00:00,STATION_003,51.38
2026-01-16 09:15:00,STATION_003,51.05
2026-01-16 09:30:00,STATION_003,50.0
2026-01-16 09:45:00,STATION_003,49.37
2026-01-16 10:00:00,STATION_003,52.74
2026-01-16 10:15:00,STATION_003,52.65
2026-01-16 10:30:00,STATION_003,51.12
2026-01-16 10:45:00,STATION_003,51.87
2026-01-16 11:00:00,STATION_003,53.55
2026-01-16 11:15:00,STATION_003,54.09
2026-01-16 11:30:00,STATION_003,54.89
2026-01-16 11:45:00,STATION_003,55.26
2026-01-16 12:00:00,STATION_003,55.77
2026-01-16 12:15:00,STATION_003,54.9
2026-01-16 12:30:00,STATION_003,55.73
2026-01-16 12:45:00,STATION_003,59.15
2026-01-16 13:00:00,STATION_003,61.81
2026-01-16 13:15:00,STATION_003,67.83
2026-01-16 13:30:00,STATION_003,72.49
2026-01-16 13:45:00,STATION_003,77.69
2026-01-16 14:00:00,STATION_003,77.59
2026-01-16 14:15:00,STATION_003,77.49
2026-01-16 14:30:00,STATION_003,76.53
2026-01-16 14:45:00,STATION_003,75.11
2026-01-16 15:00:00,STATION_003,72.16
2026-01-16 15:15:00,STATION_003,72.28
2026-01-16 15:30:00,STATION_003,67.75
2026-01-16 15:45:00,STATION_003,67.26
2026-01-16 16:00:00,STATION_003,72.75
2026-01-16 16:15:00,STATION_003,72.13
2026-01-16 16:30:00,STATION_003,74.53
2026-01-16 16:45:00,STATION_003,75.63
2026-01-16 17:00:00,STATION_003,76.59
2026-01-16 17:15:00,STATION_003,76.62
2026-01-16 17:30:00,STATION_003,76.09
2026-01-16 17:45:00,STATION_003,74.23
2026-01-16 18:00:00,STATION_003,77.86
2026-01-16 18:15:00,STATION_003,78.37
2026-01-16 18:30:00,STATION_003,79.06
2026-01-16 18:45:00,STATION_003,85.45
2026-01-16 19:00:00,STATION_003,88.77
2026-01-16 19:15:00,STATION_003,93.75
2026-01-16 19:30:00,STATION_003,5.0
2026-01-16 19:45:00,STATION_003,9.6
2026-01-16 20:00:00,STATION_003,13.64
2026-01-16 20:15:00,STATION_003,13.85
2026-01-16 20:30:00,STATION_003,15.37
2026-01-16 20:45:00,STATION_003,20.84
2026-01-16 21:00:00,STATION_003,20.9
2026-01-16 21:15:00,STATION_003,18.62
2026-01-16 21:30:00,STATION_003,23.56
2026-01-16 21:45:00,STATION_003,23.03
2026-01-16 22:00:00,STATION_003,21.83
2026-01-16 22:15:00,STATION_003,26.53
2026-01-16 22:30:00,STATION_003,30.35
2026-01-16 22:45:00,STATION_003,33.84
2026-01-16 23:00:00,STATION_003,33.64
2026-01-16 23:15:00,STATION_003,35.66
2026-01-16 23:30:00,STATION_003,35.53
2026-01-16 23:45:00,STATION_003,35.49
2026-01-17 00:00:00,STATION_003,36.71
2026-01-17 00:15:00,STATION_003,36.16
2026-01-17 00:30:00,STATION_003,39.88
2026-01-17 00:45:00,STATION_003,40.56
2026-01-17 01:00:00,STATION_003,42.52
2026-01-17 01:15:00,STATION_003,42.9
2026-01-17 01:30:00,STATION_003,44.16
2026-01-17 01:45:00,STATION_003,45.59
2026-01-17 02:00:00,STATION_003,46.62
2026-01-17 02:15:00,STATION_003,45.86
2026-01-17 02:30:00,STATION_003,47.1
2026-01-17 02:45:00,STATION_003,44.95
2026-01-17 03:00:00,STATION_003,43.72
2026-01-17 03:15:00,STATION_003,44.88
2026-01-17 03:30:00,STATION_003,43.53
2026-01-17 03:45:00,STATION_003,42.45
2026-01-17 04:00:00,STATION_003,39.46
2026-01-17 04:15:00,STATION_003,37.97
2026-01-17 04:30:00,STATION_003,39.48
2026-01-17 04:45:00,STATION_003,40.47
2026-01-17 05:00:00,STATION_003,41.34
2026-01-17 05:15:00,STATION_003,45.45
2026-01-17 05:30:00,STATION_003,47.53
2026-01-17 05:45:00,STATION_003,48.1
2026-01-17 06:00:00,STATION_003,51.87
2026-01-17 06:15:00,STATION_003,55.32
2026-01-17 06:30:00,STATION_003,57.72
2026-01-17 06:45:00,STATION_003,56.29
2026-01-17 07:00:00,STATION_003,56.78
2026-01-17 07:15:00,STATION_003,60.02
2026-01-17 07:30:00,STATION_003,61.98
2026-01-17 07:45:00,STATION_003,59.77
2026-01-17 08:00:00,STATION_003,58.9
2026-01-17 08:15:00,STATION_003,57.09
2026-01-17 08:30:00,STATION_003,56.58
2026-01-17 08:45:00,STATION_003,54.39
2026-01-17 09:00:00,STATION_003,55.72
2026-01-17 09:15:00,STATION_003,53.89
2026-01-17 09:30:00,STATION_003,52.21
2026-01-17 09:45:00,STATION_003,51.61
2026-01-17 10:00:00,STATION_003,51.15
2026-01-17 10:15:00,STATION_003,49.16
2026-01-17 10:30:00,STATION_003,51.35
2026-01-17 10:45:00,STATION_003,54.75
2026-01-17 11:00:00,STATION_003,59.15
2026-01-17 11:15:00,STATION_003,62.49
2026-01-17 11:30:00,STATION_003,64.4
2026-01-17 11:45:00,STATION_003,68.35
2026-01-17 12:00:00,STATION_003,70.58
2026-01-17 12:15:00,STATION_003,73.47
2026-01-17 12:30:00,STATION_003,77.31
2026-01-17 12:45:00,STATION_003,79.69
2026-01-17 13:00:00,STATION_003,77.6
2026-01-17 13:15:00,STATION_003,80.91
2026-01-17 13:30:00,STATION_003,83.02
2026-01-17 13:45:00,STATION_003,83.18
2026-01-17 14:00:00,STATION_003,81.75
2026-01-17 14:15:00,STATION_003,84.21
2026-01-17 14:30:00,STATION_003,88.47
2026-01-17 14:45:00,STATION_003,91.53
2026-01-17 15:00:00,STATION_003,91.65
2026-01-17 15:15:00,STATION_003,5.0
2026-01-17 15:30:00,STATION_003,6.48
2026-01-17 15:45:00,STATION_003,5.7
2026-01-17 16:00:00,STATION_003,5.68
2026-01-17 16:15:00,STATION_003,8.41
2026-01-17 16:30:00,STATION_003,7.24
2026-01-17 16:45:00,STATION_003,6.1
2026-01-17 17:00:00,STATION_003,7.45
2026-01-17 17:15:00,STATION_003,5.25
2026-01-17 17:30:00,STATION_003,4.43
2026-01-17 17:45:00,STATION_003,6.55
2026-01-17 18:00:00,STATION_003,3.85
2026-01-17 18:15:00,STATION_003,4.34
2026-01-17 18:30:00,STATION_003,4.5
2026-01-17 18:45:00,STATION_003,5.05
2026-01-17 19:00:00,STATION_003,4.59
2026-01-17 19:15:00,STATION_003,7.58
2026-01-17 19:30:00,STATION_003,7.65
2026-01-17 19:45:00,STATION_003,8.63
2026-01-17 20:00:00,STATION_003,14.4
2026-01-17 20:15:00,STATION_003,13.5
2026-01-17 20:30:00,STATION_003,17.85
2026-01-17 20:45:00,STATION_003,17.15
2026-01-17 21:00:00,STATION_003,18.25
2026-01-17 21:15:00,STATION_003,23.07
2026-01-17 21:30:00,STATION_003,28.58
2026-01-17 21:45:00,STATION_003,31.52
2026-01-17 22:00:00,STATION_003,31.46
2026-01-17 22:15:00,STATION_003,33.74
2026-01-17 22:30:00,STATION_003,32.1
2026-01-17 22:45:00,STATION_003,35.59
2026-01-17 23:00:00,STATION_003,41.66
2026-01-17 23:15:00,STATION_003,41.9
2026-01-17 23:30:00,STATION_003,42.68
2026-01-17 23:45:00,STATION_003,42.3
2026-01-18 00:00:00,STATION_003,45.92
2026-01-18 00:15:00,STATION_003,48.2
2026-01-18 00:30:00,STATION_003,50.99
2026-01-18 00:45:00,STATION_003,49.51
2026-01-18 01:00:00,STATION_003,45.84
2026-01-18 01:15:00,STATION_003,48.8
2026-01-18 01:30:00,STATION_003,49.11
2026-01-18 01:45:00,STATION_003,48.5
2026-01-18 02:00:00,STATION_003,48.88
2026-01-18 02:15:00,STATION_003,46.88
2026-01-18 02:30:00,STATION_003,51.92
2026-01-18 02:45:00,STATION_003,52.5
2026-01-18 03:00:00,STATION_003,55.36
2026-01-18 03:15:00,STATION_003,58.75
2026-01-18 03:30:00,STATION_003,61.16
2026-01-18 03:45:00,STATION_003,63.01
2026-01-18 04:00:00,STATION_003,65.48
2026-01-18 04:15:00,STATION_003,64.81
2026-01-18 04:30:00,STATION_003,63.46
2026-01-18 04:45:00,STATION_003,64.34
2026-01-18 05:00:00,STATION_003,66.87
2026-01-18 05:15:00,STATION_003,68.54
2026-01-18 05:30:00,STATION_003,68.91
2026-01-18 05:45:00,STATION_003,70.24
2026-01-18 06:00:00,STATION_003,70.84
2026-01-18 06:15:00,STATION_003,68.43
2026-01-18 06:30:00,STATION_003,69.17
2026-01-18 06:45:00,STATION_003,70.02
2026-01-18 07:00:00,STATION_003,68.46
2026-01-18 07:15:00,STATION_003,69.57
2026-01-18 07:30:00,STATION_003,71.67
2026-01-18 07:45:00,STATION_003,70.92
2026-01-18 08:00:00,STATION_003,71.29
2026-01-18 08:15:00,STATION_003,69.69
2026-01-18 08:30:00,STATION_003,71.86
2026-01-18 08:45:00,STATION_003,72.29
2026-01-18 09:00:00,STATION_003,73.82
2026-01-18 09:15:00,STATION_003,71.5
2026-01-18 09:30:00,STATION_003,71.2
2026-01-18 09:45:00,STATION_003,70.76
2026-01-18 10:00:00,STATION_003,73.84
2026-01-18 10:15:00,STATION_003,74.63
2026-01-18 10:30:00,STATION_003,77.16
2026-01-18 10:45:00,STATION_003,76.67
2026-01-18 11:00:00,STATION_003,80.64
2026-01-18 11:15:00,STATION_003,82.87
2026-01-18 11:30:00,STATION_003,84.85
2026-01-18 11:45:00,STATION_003,85.77
2026-01-18 12:00:00,STATION_003,84.91
2026-01-18 12:15:00,STATION_003,87.47
2026-01-18 12:30:00,STATION_003,91.29
2026-01-18 12:45:00,STATION_003,92.52
2026-01-18 13:00:00,STATION_003,5.0
2026-01-18 13:15:00,STATION_003,10.0
2026-01-18 13:30:00,STATION_003,13.22
2026-01-18 13:45:00,STATION_003,14.93
2026-01-18 14:00:00,STATION_003,19.53
2026-01-18 14:15:00,STATION_003,22.11
2026-01-18 14:30:00,STATION_003,25.64
2026-01-18 14:45:00,STATION_003,29.7
2026-01-18 15:00:00,STATION_003,31.6
2026-01-18 15:15:00,STATION_003,31.67
2026-01-18 15:30:00,STATION_003,32.66
2026-01-18 15:45:00,STATION_003,31.34
2026-01-18 16:00:00,STATION_003,33.02
2026-01-18 16:15:00,STATION_003,34.71
2026-01-18 16:30:00,STATION_003,34.53
2026-01-18 16:45:00,STATION_003,35.01
2026-01-18 17:00:00,STATION_003,36.26
2026-01-18 17:15:00,STATION_003,36.83
2026-01-18 17:30:00,STATION_003,35.83
2026-01-18 17:45:00,STATION_003,38.84
2026-01-18 18:00:00,STATION_003,37.68
2026-01-18 18:15:00,STATION_003,37.39
2026-01-18 18:30:00,STATION_003,39.42
2026-01-18 18:45:00,STATION_003,36.72
2026-01-18 19:00:00,STATION_003,39.72
2026-01-18 19:15:00,STATION_003,40.74
2026-01-18 19:30:00,STATION_003,37.98
2026-01-18 19:45:00,STATION_003,37.77
2026-01-18 20:00:00,STATION_003,36.0
2026-01-18 20:15:00,STATION_003,38.73
2026-01-18 20:30:00,STATION_003,39.08
2026-01-18 20:45:00,STATION_003,41.56
2026-01-18 21:00:00,STATION_003,42.61
2026-01-18 21:15:00,STATION_003,41.45
2026-01-18 21:30:00,STATION_003,41.45
2026-01-18 21:45:00,STATION_003,41.92
2026-01-18 22:00:00,STATION_003,42.62
2026-01-18 22:15:00,STATION_003,44.63
2026-01-18 22:30:00,STATION_003,46.79
2026-01-18 22:45:00,STATION_003,46.05
2026-01-18 23:00:00,STATION_003,47.42
2026-01-18 23:15:00,STATION_003,49.26
2026-01-18 23:30:00,STATION_003,51.22
2026-01-18 23:45:00,STATION_003,51.06
2026-01-19 00:00:00,STATION_003,51.26
2026-01-19 00:15:00,STATION_003,54.55
2026-01-19 00:30:00,STATION_003,54.28
2026-01-19 00:45:00,STATION_003,55.53
2026-01-19 01:00:00,STATION_003,52.14
2026-01-19 01:15:00,STATION_003,54.98
2026-01-19 01:30:00,STATION_003,57.23
2026-01-19 01:45:00,STATION_003,57.1
2026-01-19 02:00:00,STATION_003,60.64
2026-01-19 02:15:00,STATION_003,64.92
2026-01-19 02:30:00,STATION_003,65.32
2026-01-19 02:45:00,STATION_003,64.57
2026-01-19 03:00:00,STATION_003,66.55
2026-01-19 03:15:00,STATION_003,67.77
2026-01-19 03:30:00,STATION_003,72.35
2026-01-19 03:45:00,STATION_003,73.32
2026-01-19 04:00:00,STATION_003,71.56
2026-01-19 04:15:00,STATION_003,72.5
2026-01-19 04:30:00,STATION_003,74.46
2026-01-19 04:45:00,STATION_003,75.4
2026-01-19 05:00:00,STATION_003,76.3
2026-01-19 05:15:00,STATION_003,77.17
2026-01-19 05:30:00,STATION_003,78.24
2026-01-19 05:45:00,STATION_003,80.4
2026-01-19 06:00:00,STATION_003,82.4
2026-01-19 06:15:00,STATION_003,82.62
2026-01-19 06:30:00,STATION_003,81.8
2026-01-19 06:45:00,STATION_003,81.74
2026-01-19 07:00:00,STATION_003,81.61
2026-01-19 07:15:00,STATION_003,82.01
2026-01-19 07:30:00,STATION_003,82.57
2026-01-19 07:45:00,STATION_003,81.18
2026-01-19 08:00:00,STATION_003,83.9
2026-01-19 08:15:00,STATION_003,82.64
2026-01-19 08:30:00,STATION_003,84.72
2026-01-19 08:45:00,STATION_003,86.92
2026-01-19 09:00:00,STATION_003,87.22
2026-01-19 09:15:00,STATION_003,89.5
2026-01-19 09:30:00,STATION_003,90.36
2026-01-19 09:45:00,STATION_003,88.08
2026-01-19 10:00:00,STATION_003,88.9
2026-01-19 10:15:00,STATION_003,87.77
2026-01-19 10:30:00,STATION_003,92.07
2026-01-19 10:45:00,STATION_003,91.59
2026-01-19 11:00:00,STATION_003,91.26
2026-01-19 11:15:00,STATION_003,91.91
2026-01-19 11:30:00,STATION_003,90.57
2026-01-19 11:45:00,STATION_003,90.88
2026-01-19 12:00:00,STATION_003,91.54
2026-01-19 12:15:00,STATION_003,93.11
2026-01-19 12:30:00,STATION_003,94.99
2026-01-19 12:45:00,STATION_003,5.0
2026-01-19 13:00:00,STATION_003,6.9
2026-01-19 13:15:00,STATION_003,12.14
2026-01-19 13:30:00,STATION_003,15.21
2026-01-19 13:45:00,STATION_003,16.84
2026-01-19 14:00:00,STATION_003,19.4
2026-01-19 14:15:00,STATION_003,20.06
2026-01-19 14:30:00,STATION_003,21.29
2026-01-19 14:45:00,STATION_003,21.11
2026-01-19 15:00:00,STATION_003,20.62
2026-01-19 15:15:00,STATION_003,22.31
2026-01-19 15:30:00,STATION_003,23.69
2026-01-19 15:45:00,STATION_003,29.2
2026-01-19 16:00:00,STATION_003,28.39
2026-01-19 16:15:00,STATION_003,23.89
2026-01-19 16:30:00,STATION_003,26.29
2026-01-19 16:45:00,STATION_003,28.82
2026-01-19 17:00:00,STATION_003,27.51
2026-01-19 17:15:00,STATION_003,27.38
2026-01-19 17:30:00,STATION_003,27.29
2026-01-19 17:45:00,STATION_003,27.94
2026-01-19 18:00:00,STATION_003,33.29
2026-01-19 18:15:00,STATION_003,39.63
2026-01-19 18:30:00,STATION_003,43.7
2026-01-19 18:45:00,STATION_003,44.09
2026-01-19 19:00:00,STATION_003,44.88
2026-01-19 19:15:00,STATION_003,46.23
2026-01-19 19:30:00,STATION_003,45.93
2026-01-19 19:45:00,STATION_003,44.97
2026-01-19 20:00:00,STATION_003,46.67
2026-01-19 20:15:00,STATION_003,49.02
2026-01-19 20:30:00,STATION_003,54.41
2026-01-19 20:45:00,STATION_003,53.49
2026-01-19 21:00:00,STATION_003,57.02
2026-01-19 21:15:00,STATION_003,57.42
2026-01-19 21:30:00,STATION_003,57.55
2026-01-19 21:45:00,STATION_003,61.68
2026-01-19 22:00:00,STATION_003,63.6
2026-01-19 22:15:00,STATION_003,63.0
2026-01-19 22:30:00,STATION_003,63.9
2026-01-19 22:45:00,STATION_003,64.64
2026-01-19 23:00:00,STATION_003,63.89
2026-01-19 23:15:00,STATION_003,64.28
2026-01-19 23:30:00,STATION_003,65.62
2026-01-19 23:45:00,STATION_003,63.04
2026-01-20 00:00:00,STATION_003,64.7
2026-01-20 00:15:00,STATION_003,63.33
2026-01-20 00:30:00,STATION_003,65.38
2026-01-20 00:45:00,STATION_003,64.01
2026-01-20 01:00:00,STATION_003,62.89
2026-01-20 01:15:00,STATION_003,62.61
2026-01-20 01:30:00,STATION_003,60.53
2026-01-20 01:45:00,STATION_003,58.09
2026-01-20 02:00:00,STATION_003,62.37
2026-01-20 02:15:00,STATION_003,62.82
2026-01-20 02:30:00,STATION_003,64.58
2026-01-20 02:45:00,STATION_003,67.87
2026-01-20 03:00:00,STATION_003,69.65
2026-01-20 03:15:00,STATION_003,69.9
2026-01-20 03:30:00,STATION_003,69.32
2026-01-20 03:45:00,STATION_003,70.91
2026-01-20 04:00:00,STATION_003,71.49
2026-01-20 04:15:00,STATION_003,71.32
2026-01-20 04:30:00,STATION_003,69.57
2026-01-20 04:45:00,STATION_003,68.94
2026-01-20 05:00:00,STATION_003,68.07
2026-01-20 05:15:00,STATION_003,73.32
2026-01-20 05:30:00,STATION_003,77.37
2026-01-20 05:45:00,STATION_003,77.45
2026-01-20 06:00:00,STATION_003,80.77
2026-01-20 06:15:00,STATION_003,78.51
2026-01-20 06:30:00,STATION_003,79.74
2026-01-20 06:45:00,STATION_003,81.17
2026-01-20 07:00:00,STATION_003,81.49
2026-01-20 07:15:00,STATION_003,82.96
2026-01-20 07:30:00,STATION_003,84.76
2026-01-20 07:45:00,STATION_003,89.49
2026-01-20 08:00:00,STATION_003,92.2
2026-01-20 08:15:00,STATION_003,93.2
2026-01-20 08:30:00,STATION_003,5.0
2026-01-20 08:45:00,STATION_003,5.32
2026-01-20 09:00:00,STATION_003,6.1
2026-01-20 09:15:00,STATION_003,8.05
2026-01-20 09:30:00,STATION_003,6.24
2026-01-20 09:45:00,STATION_003,5.72
2026-01-20 10:00:00,STATION_003,2.35
2026-01-20 10:15:00,STATION_003,3.58
2026-01-20 10:30:00,STATION_003,6.22
2026-01-20 10:45:00,STATION_003,8.43
2026-01-20 11:00:00,STATION_003,8.32
2026-01-20 11:15:00,STATION_003,4.96
2026-01-20 11:30:00,STATION_003,7.28
2026-01-20 11:45:00,STATION_003,6.32
2026-01-20 12:00:00,STATION_003,13.08
2026-01-20 12:15:00,STATION_003,16.44
2026-01-20 12:30:00,STATION_003,17.73
2026-01-20 12:45:00,STATION_003,19.76
2026-01-20 13:00:00,STATION_003,22.21
2026-01-20 13:15:00,STATION_003,26.25
2026-01-20 13:30:00,STATION_003,29.02
2026-01-20 13:45:00,STATION_003,29.49
2026-01-20 14:00:00,STATION_003,27.84
2026-01-20 14:15:00,STATION_003,31.53
2026-01-20 14:30:00,STATION_003,32.03
2026-01-20 14:45:00,STATION_003,33.66
2026-01-20 15:00:00,STATION_003,33.81
2026-01-20 15:15:00,STATION_003,36.04
2026-01-20 15:30:00,STATION_003,36.44
2026-01-20 15:45:00,STATION_003,35.88
2026-01-20 16:00:00,STATION_003,36.07
2026-01-20 16:15:00,STATION_003,39.77
2026-01-20 16:30:00,STATION_003,42.62
2026-01-20 16:45:00,STATION_003,44.45
2026-01-20 17:00:00,STATION_003,45.16
2026-01-20 17:15:00,STATION_003,44.64
2026-01-20 17:30:00,STATION_003,45.87
2026-01-20 17:45:00,STATION_003,45.62
2026-01-20 18:00:00,STATION_003,49.12
2026-01-20 18:15:00,STATION_003,50.86
2026-01-20 18:30:00,STATION_003,53.0
2026-01-20 18:45:00,STATION_003,59.08
2026-01-20 19:00:00,STATION_003,62.25
2026-01-20 19:15:00,STATION_003,64.33
2026-01-20 19:30:00,STATION_003,67.15
2026-01-20 19:45:00,STATION_003,71.51
2026-01-20 20:00:00,STATION_003,75.26
2026-01-20 20:15:00,STATION_003,79.43
2026-01-20 20:30:00,STATION_003,85.35
2026-01-20 20:45:00,STATION_003,90.68
2026-01-20 21:00:00,STATION_003,92.63
2026-01-20 21:15:00,STATION_003,5.0
2026-01-20 21:30:00,STATION_003,7.73
2026-01-20 21:45:00,STATION_003,8.68
2026-01-20 22:00:00,STATION_003,9.69
2026-01-20 22:15:00,STATION_003,12.06
2026-01-20 22:30:00,STATION_003,13.52
2026-01-20 22:45:00,STATION_003,14.87
2026-01-20 23:00:00,STATION_003,15.33
2026-01-20 23:15:00,STATION_003,16.46
2026-01-20 23:30:00,STATION_003,17.85
2026-01-20 23:45:00,STATION_003,17.02
2026-01-21 00:00:00,STATION_003,18.14
2026-01-21 00:15:00,STATION_003,19.85
2026-01-21 00:30:00,STATION_003,19.14
2026-01-21 00:45:00,STATION_003,18.38
2026-01-21 01:00:00,STATION_003,21.42
2026-01-21 01:15:00,STATION_003,21.59
2026-01-21 01:30:00,STATION_003,23.38
2026-01-21 01:45:00,STATION_003,26.57
2026-01-21 02:00:00,STATION_003,26.7
2026-01-21 02:15:00,STATION_003,24.01
2026-01-21 02:30:00,STATION_003,27.35
2026-01-21 02:45:00,STATION_003,26.08
2026-01-21 03:00:00,STATION_003,23.78
2026-01-21 03:15:00,STATION_003,22.03
2026-01-21 03:30:00,STATION_003,24.24
2026-01-21 03:45:00,STATION_003,29.24
2026-01-21 04:00:00,STATION_003,29.64
2026-01-21 04:15:00,STATION_003,29.87
2026-01-21 04:30:00,STATION_003,31.61
2026-01-21 04:45:00,STATION_003,30.53
2026-01-21 05:00:00,STATION_003,32.94
2026-01-21 05:15:00,STATION_003,31.7
2026-01-21 05:30:00,STATION_003,33.21
2026-01-21 05:45:00,STATION_003,32.45
2026-01-21 06:00:00,STATION_003,32.22
2026-01-21 06:15:00,STATION_003,33.19
2026-01-21 06:30:00,STATION_003,30.39
2026-01-21 06:45:00,STATION_003,31.91
2026-01-21 07:00:00,STATION_003,34.88
2026-01-21 07:15:00,STATION_003,38.03
2026-01-21 07:30:00,STATION_003,41.61
2026-01-21 07:45:00,STATION_003,46.62
2026-01-21 08:00:00,STATION_003,45.82
2026-01-21 08:15:00,STATION_003,44.06
2026-01-21 08:30:00,STATION_003,43.67
2026-01-21 08:45:00,STATION_003,43.42
2026-01-21 09:00:00,STATION_003,43.89
2026-01-21 09:15:00,STATION_003,44.87
2026-01-21 09:30:00,STATION_003,44.13
2026-01-21 09:45:00,STATION_003,47.8
2026-01-21 10:00:00,STATION_003,49.47
2026-01-21 10:15:00,STATION_003,47.67
2026-01-21 10:30:00,STATION_003,51.91
2026-01-21 10:45:00,STATION_003,55.27
2026-01-21 11:00:00,STATION_003,53.82
2026-01-21 11:15:00,STATION_003,57.2
2026-01-21 11:30:00,STATION_003,56.95
2026-01-21 11:45:00,STATION_003,56.69
2026-01-21 12:00:00,STATION_003,59.8
2026-01-21 12:15:00,STATION_003,63.34
2026-01-21 12:30:00,STATION_003,67.7
2026-01-21 12:45:00,STATION_003,72.63
2026-01-21 13:00:00,STATION_003,81.37
2026-01-21 13:15:00,STATION_003,83.9
2026-01-21 13:30:00,STATION_003,87.56
2026-01-21 13:45:00,STATION_003,91.06
2026-01-21 14:00:00,STATION_003,92.0
2026-01-21 14:15:00,STATION_003,93.36
2026-01-21 14:30:00,STATION_003,93.7
2026-01-21 14:45:00,STATION_003,94.68
2026-01-21 15:00:00,STATION_003,5.0
2026-01-21 15:15:00,STATION_003,2.07
2026-01-21 15:30:00,STATION_003,4.61
2026-01-21 15:45:00,STATION_003,5.21
2026-01-21 16:00:00,STATION_003,8.97
2026-01-21 16:15:00,STATION_003,8.19
2026-01-21 16:30:00,STATION_003,12.65
2026-01-21 16:45:00,STATION_003,12.63
2026-01-21 17:00:00,STATION_003,13.74
2026-01-21 17:15:00,STATION_003,11.92
2026-01-21 17:30:00,STATION_003,13.17
2026-01-21 17:45:00,STATION_003,12.38
2026-01-21 18:00:00,STATION_003,13.83
2026-01-21 18:15:00,STATION_003,15.09
2026-01-21 18:30:00,STATION_003,15.36
2026-01-21 18:45:00,STATION_003,21.46
2026-01-21 19:00:00,STATION_003,26.77
2026-01-21 19:15:00,STATION_003,27.58
2026-01-21 19:30:00,STATION_003,29.17
2026-01-21 19:45:00,STATION_003,27.35
2026-01-21 20:00:00,STATION_003,31.65
2026-01-21 20:15:00,STATION_003,33.91
2026-01-21 20:30:00,STATION_003,33.07
2026-01-21 20:45:00,STATION_003,33.65
2026-01-21 21:00:00,STATION_003,35.55
2026-01-21 21:15:00,STATION_003,36.35
2026-01-21 21:30:00,STATION_003,39.3
2026-01-21 21:45:00,STATION_003,37.29
2026-01-21 22:00:00,STATION_003,39.91
2026-01-21 22:15:00,STATION_003,41.72
2026-01-21 22:30:00,STATION_003,43.17
2026-01-21 22:45:00,STATION_003,39.85
2026-01-21 23:00:00,STATION_003,41.59
2026-01-21 23:15:00,STATION_003,43.72
2026-01-21 23:30:00,STATION_003,41.61
2026-01-21 23:45:00,STATION_003,39.85
2026-01-22 00:00:00,STATION_003,41.67
2026-01-22 00:15:00,STATION_003,41.74
2026-01-22 00:30:00,STATION_003,44.08
2026-01-22 00:45:00,STATION_003,40.92
2026-01-22 01:00:00,STATION_003,41.54
2026-01-22 01:15:00,STATION_003,43.39
2026-01-22 01:30:00,STATION_003,43.84
2026-01-22 01:45:00,STATION_003,45.64
2026-01-22 02:00:00,STATION_003,48.66
2026-01-22 02:15:00,STATION_003,48.35
2026-01-22 02:30:00,STATION_003,47.25
2026-01-22 02:45:00,STATION_003,50.08
2026-01-22 03:00:00,STATION_003,49.12
2026-01-22 03:15:00,STATION_003,50.86
2026-01-22 03:30:00,STATION_003,50.97
2026-01-22 03:45:00,STATION_003,51.61
2026-01-22 04:00:00,STATION_003,50.43
2026-01-22 04:15:00,STATION_003,50.03
2026-01-22 04:30:00,STATION_003,50.77
2026-01-22 04:45:00,STATION_003,53.52
2026-01-22 05:00:00,STATION_003,56.3
2026-01-22 05:15:00,STATION_003,55.82
2026-01-22 05:30:00,STATION_003,53.38
2026-01-22 05:45:00,STATION_003,56.11
2026-01-22 06:00:00,STATION_003,53.4
2026-01-22 06:15:00,STATION_003,51.51
2026-01-22 06:30:00,STATION_003,50.21
2026-01-22 06:45:00,STATION_003,53.83
2026-01-22 07:00:00,STATION_003,50.37
2026-01-22 07:15:00,STATION_003,55.45
2026-01-22 07:30:00,STATION_003,54.96
2026-01-22 07:45:00,STATION_003,57.14
2026-01-22 08:00:00,STATION_003,56.48
2026-01-22 08:15:00,STATION_003,62.47
2026-01-22 08:30:00,STATION_003,66.23
2026-01-22 08:45:00,STATION_003,68.43
2026-01-22 09:00:00,STATION_003,69.23
2026-01-22 09:15:00,STATION_003,70.36
2026-01-22 09:30:00,STATION_003,71.69
2026-01-22 09:45:00,STATION_003,71.75
2026-01-22 10:00:00,STATION_003,71.38
2026-01-22 10:15:00,STATION_003,73.55
2026-01-22 10:30:00,STATION_003,76.94
2026-01-22 10:45:00,STATION_003,78.93
2026-01-22 11:00:00,STATION_003,81.85
2026-01-22 11:15:00,STATION_003,82.21
2026-01-22 11:30:00,STATION_003,83.51
2026-01-22 11:45:00,STATION_003,85.44
2026-01-22 12:00:00,STATION_003,90.47
2026-01-22 12:15:00,STATION_003,94.41
2026-01-22 12:30:00,STATION_003,5.0
2026-01-22 12:45:00,STATION_003,2.03
2026-01-22 13:00:00,STATION_003,6.81
2026-01-22 13:15:00,STATION_003,7.92
2026-01-22 13:30:00,STATION_003,11.63
2026-01-22 13:45:00,STATION_003,14.94
2026-01-22 14:00:00,STATION_003,19.3
2026-01-22 14:15:00,STATION_003,21.73
2026-01-22 14:30:00,STATION_003,21.15
2026-01-22 14:45:00,STATION_003,22.06
2026-01-22 15:00:00,STATION_003,21.38
2026-01-22 15:15:00,STATION_003,21.78
2026-01-22 15:30:00,STATION_003,19.4
2026-01-22 15:45:00,STATION_003,16.52
2026-01-22 16:00:00,STATION_003,18.94
2026-01-22 16:15:00,STATION_003,21.23
2026-01-22 16:30:00,STATION_003,20.57
2026-01-22 16:45:00,STATION_003,18.51
2026-01-22 17:00:00,STATION_003,16.47
2026-01-22 17:15:00,STATION_003,16.75
2026-01-22 17:30:00,STATION_003,16.75
2026-01-22 17:45:00,STATION_003,21.01
2026-01-22 18:00:00,STATION_003,22.28
2026-01-22 18:15:00,STATION_003,27.0
2026-01-22 18:30:00,STATION_003,29.6
2026-01-22 18:45:00,STATION_003,33.79
2026-01-22 19:00:00,STATION_003,34.66
2026-01-22 19:15:00,STATION_003,36.39
2026-01-22 19:30:00,STATION_003,41.79
2026-01-22 19:45:00,STATION_003,38.45
2026-01-22 20:00:00,STATION_003,42.04
2026-01-22 20:15:00,STATION_003,45.28
2026-01-22 20:30:00,STATION_003,45.83
2026-01-22 20:45:00,STATION_003,49.16
2026-01-22 21:00:00,STATION_003,49.76
2026-01-22 21:15:00,STATION_003,51.8
2026-01-22 21:30:00,STATION_003,51.15
2026-01-22 21:45:00,STATION_003,48.88
2026-01-22 22:00:00,STATION_003,49.97
2026-01-22 22:15:00,STATION_003,51.41
2026-01-22 22:30:00,STATION_003,52.36
2026-01-22 22:45:00,STATION_003,52.1
2026-01-22 23:00:00,STATION_003,57.54
2026-01-22 23:15:00,STATION_003,59.44
2026-01-22 23:30:00,STATION_003,58.51
2026-01-22 23:45:00,STATION_003,60.31
2026-01-23 00:00:00,STATION_003,58.01
2026-01-23 00:15:00,STATION_003,58.64
2026-01-23 00:30:00,STATION_003,60.83
2026-01-23 00:45:00,STATION_003,60.58
2026-01-23 01:00:00,STATION_003,61.74
2026-01-23 01:15:00,STATION_003,61.31
2026-01-23 01:30:00,STATION_003,59.64
2026-01-23 01:45:00,STATION_003,61.01
2026-01-23 02:00:00,STATION_003,62.8
2026-01-23 02:15:00,STATION_003,62.62
2026-01-23 02:30:00,STATION_003,63.59
2026-01-23 02:45:00,STATION_003,62.19
2026-01-23 03:00:00,STATION_003,63.86
2026-01-23 03:15:00,STATION_003,62.44
2026-01-23 03:30:00,STATION_003,61.94
2026-01-23 03:45:00,STATION_003,65.79
2026-01-23 04:00:00,STATION_003,67.95
2026-01-23 04:15:00,STATION_003,69.85
2026-01-23 04:30:00,STATION_003,66.83
2026-01-23 04:45:00,STATION_003,68.98
2026-01-23 05:00:00,STATION_003,68.71
2026-01-23 05:15:00,STATION_003,68.6
2026-01-23 05:30:00,STATION_003,69.61
2026-01-23 05:45:00,STATION_003,68.54
2026-01-23 06:00:00,STATION_003,64.69
2026-01-23 06:15:00,STATION_003,62.4
2026-01-23 06:30:00,STATION_003,64.89
2026-01-23 06:45:00,STATION_003,65.53
2026-01-23 07:00:00,STATION_003,67.79
2026-01-23 07:15:00,STATION_003,70.47
2026-01-23 07:30:00,STATION_003,68.43
2026-01-23 07:45:00,STATION_003,66.52
2026-01-23 08:00:00,STATION_003,66.1
2026-01-23 08:15:00,STATION_003,66.49
2026-01-23 08:30:00,STATION_003,67.65
2026-01-23 08:45:00,STATION_003,70.33
2026-01-23 09:00:00,STATION_003,75.31
2026-01-23 09:15:00,STATION_003,74.46
2026-01-23 09:30:00,STATION_003,76.57
2026-01-23 09:45:00,STATION_003,79.0
2026-01-23 10:00:00,STATION_003,79.26
2026-01-23 10:15:00,STATION_003,82.17
2026-01-23 10:30:00,STATION_003,79.22
2026-01-23 10:45:00,STATION_003,79.69
2026-01-23 11:00:00,STATION_003,78.79
2026-01-23 11:15:00,STATION_003,78.77
2026-01-23 11:30:00,STATION_003,80.19
2026-01-23 11:45:00,STATION_003,78.89
2026-01-23 12:00:00,STATION_003,81.65
2026-01-23 12:15:00,STATION_003,86.65
2026-01-23 12:30:00,STATION_003,92.28
2026-01-23 12:45:00,STATION_003,5.0
2026-01-23 13:00:00,STATION_003,8.36
2026-01-23 13:15:00,STATION_003,14.07
2026-01-23 13:30:00,STATION_003,20.28
2026-01-23 13:45:00,STATION_003,22.86
2026-01-23 14:00:00,STATION_003,19.71
2026-01-23 14:15:00,STATION_003,22.73
2026-01-23 14:30:00,STATION_003,27.16
2026-01-23 14:45:00,STATION_003,28.61
2026-01-23 15:00:00,STATION_003,29.31
2026-01-23 15:15:00,STATION_003,29.85
2026-01-23 15:30:00,STATION_003,29.94
2026-01-23 15:45:00,STATION_003,31.76
2026-01-23 16:00:00,STATION_003,32.45
2026-01-23 16:15:00,STATION_003,33.55
2026-01-23 16:30:00,STATION_003,32.3
2026-01-23 16:45:00,STATION_003,32.86
2026-01-23 17:00:00,STATION_003,34.79
2026-01-23 17:15:00,STATION_003,35.27
2026-01-23 17:30:00,STATION_003,37.53
2026-01-23 17:45:00,STATION_003,39.05
2026-01-23 18:00:00,STATION_003,44.78
2026-01-23 18:15:00,STATION_003,44.52
2026-01-23 18:30:00,STATION_003,48.45
2026-01-23 18:45:00,STATION_003,54.04
2026-01-23 19:00:00,STATION_003,57.8
2026-01-23 19:15:00,STATION_003,60.09
2026-01-23 19:30:00,STATION_003,62.44
2026-01-23 19:45:00,STATION_003,63.65
2026-01-23 20:00:00,STATION_003,67.57
2026-01-23 20:15:00,STATION_003,67.98
2026-01-23 20:30:00,STATION_003,76.18
2026-01-23 20:45:00,STATION_003,79.29
2026-01-23 21:00:00,STATION_003,81.22
2026-01-23 21:15:00,STATION_003,83.38
2026-01-23 21:30:00,STATION_003,85.06
2026-01-23 21:45:00,STATION_003,88.34
2026-01-23 22:00:00,STATION_003,91.25
2026-01-23 22:15:00,STATION_003,91.9
2026-01-23 22:30:00,STATION_003,93.81
2026-01-23 22:45:00,STATION_003,5.0
2026-01-23 23:00:00,STATION_003,7.24
2026-01-23 23:15:00,STATION_003,11.96
2026-01-23 23:30:00,STATION_003,10.57
2026-01-23 23:45:00,STATION_003,11.79
2026-01-24 00:00:00,STATION_003,13.85
2026-01-24 00:15:00,STATION_003,13.47
2026-01-24 00:30:00,STATION_003,15.0
2026-01-24 00:45:00,STATION_003,17.73
2026-01-24 01:00:00,STATION_003,20.65
2026-01-24 01:15:00,STATION_003,20.46
2026-01-24 01:30:00,STATION_003,18.26
2026-01-24 01:45:00,STATION_003,16.55
2026-01-24 02:00:00,STATION_003,16.47
2026-01-24 02:15:00,STATION_003,14.07
2026-01-24 02:30:00,STATION_003,14.77
2026-01-24 02:45:00,STATION_003,14.57
2026-01-24 03:00:00,STATION_003,12.91
2026-01-24 03:15:00,STATION_003,10.68
2026-01-24 03:30:00,STATION_003,11.33
2026-01-24 03:45:00,STATION_003,15.52
2026-01-24 04:00:00,STATION_003,19.69
2026-01-24 04:15:00,STATION_003,19.3
2026-01-24 04:30:00,STATION_003,20.64
2026-01-24 04:45:00,STATION_003,21.08
2026-01-24 05:00:00,STATION_003,22.2
2026-01-24 05:15:00,STATION_003,26.89
2026-01-24 05:30:00,STATION_003,27.88
2026-01-24 05:45:00,STATION_003,26.29
2026-01-24 06:00:00,STATION_003,24.09
2026-01-24 06:15:00,STATION_003,28.47
2026-01-24 06:30:00,STATION_003,29.02
2026-01-24 06:45:00,STATION_003,29.46
2026-01-24 07:00:00,STATION_003,32.04
2026-01-24 07:15:00,STATION_003,32.45
2026-01-24 07:30:00,STATION_003,33.76
2026-01-24 07:45:00,STATION_003,35.44
2026-01-24 08:00:00,STATION_003,35.22
2026-01-24 08:15:00,STATION_003,38.38
2026-01-24 08:30:00,STATION_003,42.39
2026-01-24 08:45:00,STATION_003,46.23
2026-01-24 09:00:00,STATION_003,49.92
2026-01-24 09:15:00,STATION_003,50.16
2026-01-24 09:30:00,STATION_003,45.91
2026-01-24 09:45:00,STATION_003,46.56
2026-01-24 10:00:00,STATION_003,47.25
2026-01-24 10:15:00,STATION_003,47.86
2026-01-24 10:30:00,STATION_003,45.35
2026-01-24 10:45:00,STATION_003,47.08
2026-01-24 11:00:00,STATION_003,46.86
2026-01-24 11:15:00,STATION_003,48.8
2026-01-24 11:30:00,STATION_003,52.37
2026-01-24 11:45:00,STATION_003,56.92
2026-01-24 12:00:00,STATION_003,60.05
2026-01-24 12:15:00,STATION_003,65.54
2026-01-24 12:30:00,STATION_003,67.0
2026-01-24 12:45:00,STATION_003,68.59
2026-01-24 13:00:00,STATION_003,71.82
2026-01-24 13:15:00,STATION_003,73.04
2026-01-24 13:30:00,STATION_003,74.94
2026-01-24 13:45:00,STATION_003,75.33
2026-01-24 14:00:00,STATION_003,76.41
2026-01-24 14:15:00,STATION_003,79.38
2026-01-24 14:30:00,STATION_003,80.17
2026-01-24 14:45:00,STATION_003,80.49
2026-01-24 15:00:00,STATION_003,80.82
2026-01-24 15:15:00,STATION_003,83.83
2026-01-24 15:30:00,STATION_003,82.76
2026-01-24 15:45:00,STATION_003,83.64
2026-01-24 16:00:00,STATION_003,86.47
2026-01-24 16:15:00,STATION_003,87.68
2026-01-24 16:30:00,STATION_003,87.85
2026-01-24 16:45:00,STATION_003,90.58
2026-01-24 17:00:00,STATION_003,91.84
2026-01-24 17:15:00,STATION_003,92.49
2026-01-24 17:30:00,STATION_003,93.26
2026-01-24 17:45:00,STATION_003,5.0
2026-01-24 18:00:00,STATION_003,10.4
2026-01-24 18:15:00,STATION_003,10.7
2026-01-24 18:30:00,STATION_003,11.38
2026-01-24 18:45:00,STATION_003,11.65
2026-01-24 19:00:00,STATION_003,14.18
2026-01-24 19:15:00,STATION_003,15.71
2026-01-24 19:30:00,STATION_003,19.32
2026-01-24 19:45:00,STATION_003,20.97
2026-01-24 20:00:00,STATION_003,16.5
2026-01-24 20:15:00,STATION_003,17.59
2026-01-24 20:30:00,STATION_003,18.71
2026-01-24 20:45:00,STATION_003,23.5
2026-01-24 21:00:00,STATION_003,25.13
2026-01-24 21:15:00,STATION_003,20.27
2026-01-24 21:30:00,STATION_003,20.66
2026-01-24 21:45:00,STATION_003,22.27
2026-01-24 22:00:00,STATION_003,22.45
2026-01-24 22:15:00,STATION_003,23.32
2026-01-24 22:30:00,STATION_003,23.32
2026-01-24 22:45:00,STATION_003,25.26
2026-01-24 23:00:00,STATION_003,25.86
2026-01-24 23:15:00,STATION_003,28.64
2026-01-24 23:30:00,STATION_003,29.51
2026-01-24 23:45:00,STATION_003,32.48
2026-01-25 00:00:00,STATION_003,35.04
2026-01-25 00:15:00,STATION_003,36.32
2026-01-25 00:30:00,STATION_003,40.23
2026-01-25 00:45:00,STATION_003,43.74
2026-01-25 01:00:00,STATION_003,47.55
2026-01-25 01:15:00,STATION_003,49.74
2026-01-25 01:30:00,STATION_003,47.76
2026-01-25 01:45:00,STATION_003,49.81
2026-01-25 02:00:00,STATION_003,51.52
2026-01-25 02:15:00,STATION_003,53.0
2026-01-25 02:30:00,STATION_003,52.82
2026-01-25 02:45:00,STATION_003,54.68
2026-01-25 03:00:00,STATION_003,55.44
2026-01-25 03:15:00,STATION_003,56.29
2026-01-25 03:30:00,STATION_003,56.38
2026-01-25 03:45:00,STATION_003,56.87
2026-01-25 04:00:00,STATION_003,58.86
2026-01-25 04:15:00,STATION_003,59.4
2026-01-25 04:30:00,STATION_003,58.76
2026-01-25 04:45:00,STATION_003,57.33
2026-01-25 05:00:00,STATION_003,61.14
2026-01-25 05:15:00,STATION_003,65.69
2026-01-25 05:30:00,STATION_003,64.85
2026-01-25 05:45:00,STATION_003,66.61
2026-01-25 06:00:00,STATION_003,69.18
2026-01-25 06:15:00,STATION_003,69.02
2026-01-25 06:30:00,STATION_003,70.54
2026-01-25 06:45:00,STATION_003,71.04
2026-01-25 07:00:00,STATION_003,72.62
2026-01-25 07:15:00,STATION_003,74.7
2026-01-25 07:30:00,STATION_003,72.49
2026-01-25 07:45:00,STATION_003,75.76
2026-01-25 08:00:00,STATION_003,77.86
2026-01-25 08:15:00,STATION_003,79.26
2026-01-25 08:30:00,STATION_003,73.44
2026-01-25 08:45:00,STATION_003,75.93
2026-01-25 09:00:00,STATION_003,78.97
2026-01-25 09:15:00,STATION_003,78.1
2026-01-25 09:30:00,STATION_003,77.26
2026-01-25 09:45:00,STATION_003,77.09
2026-01-25 10:00:00,STATION_003,79.78
2026-01-25 10:15:00,STATION_003,77.97
2026-01-25 10:30:00,STATION_003,74.59
2026-01-25 10:45:00,STATION_003,75.97
2026-01-25 11:00:00,STATION_003,77.99
2026-01-25 11:15:00,STATION_003,81.41
2026-01-25 11:30:00,STATION_003,81.12
2026-01-25 11:45:00,STATION_003,82.1
2026-01-25 12:00:00,STATION_003,85.77
2026-01-25 12:15:00,STATION_003,85.15
2026-01-25 12:30:00,STATION_003,90.62
2026-01-25 12:45:00,STATION_003,90.76
2026-01-25 13:00:00,STATION_003,93.79
2026-01-25 13:15:00,STATION_003,5.0
2026-01-25 13:30:00,STATION_003,6.46
2026-01-25 13:45:00,STATION_003,10.59
2026-01-25 14:00:00,STATION_003,14.16
2026-01-25 14:15:00,STATION_003,13.81
2026-01-25 14:30:00,STATION_003,18.59
2026-01-25 14:45:00,STATION_003,22.23
2026-01-25 15:00:00,STATION_003,22.8
2026-01-25 15:15:00,STATION_003,23.0
2026-01-25 15:30:00,STATION_003,23.7
2026-01-25 15:45:00,STATION_003,24.14
2026-01-25 16:00:00,STATION_003,24.7
2026-01-25 16:15:00,STATION_003,24.9
2026-01-25 16:30:00,STATION_003,25.52
2026-01-25 16:45:00,STATION_003,26.89
2026-01-25 17:00:00,STATION_003,26.17
2026-01-25 17:15:00,STATION_003,24.48
2026-01-25 17:30:00,STATION_003,23.92
2026-01-25 17:45:00,STATION_003,30.04
2026-01-25 18:00:00,STATION_003,28.91
2026-01-25 18:15:00,STATION_003,27.74
2026-01-25 18:30:00,STATION_003,28.93
2026-01-25 18:45:00,STATION_003,28.64
2026-01-25 19:00:00,STATION_003,30.73
2026-01-25 19:15:00,STATION_003,30.46
2026-01-25 19:30:00,STATION_003,32.67
2026-01-25 19:45:00,STATION_003,32.18
2026-01-25 20:00:00,STATION_003,30.85
2026-01-25 20:15:00,STATION_003,31.36
2026-01-25 20:30:00,STATION_003,34.65
2026-01-25 20:45:00,STATION_003,34.75
2026-01-25 21:00:00,STATION_003,40.25
2026-01-25 21:15:00,STATION_003,38.2
2026-01-25 21:30:00,STATION_003,34.53
2026-01-25 21:45:00,STATION_003,39.74
2026-01-25 22:00:00,STATION_003,40.74
2026-01-25 22:15:00,STATION_003,43.08
2026-01-25 22:30:00,STATION_003,48.1
2026-01-25 22:45:00,STATION_003,51.76
2026-01-25 23:00:00,STATION_003,50.7
2026-01-25 23:15:00,STATION_003,48.94
2026-01-25 23:30:00,STATION_003,49.53
2026-01-25 23:45:00,STATION_003,52.15
2026-01-26 00:00:00,STATION_003,50.46
2026-01-26 00:15:00,STATION_003,53.69
2026-01-26 00:30:00,STATION_003,54.96
2026-01-26 00:45:00,STATION_003,54.94
2026-01-26 01:00:00,STATION_003,56.04
2026-01-26 01:15:00,STATION_003,56.68
2026-01-26 01:30:00,STATION_003,59.34
2026-01-26 01:45:00,STATION_003,60.6
2026-01-26 02:00:00,STATION_003,61.45
2026-01-26 02:15:00,STATION_003,60.48
2026-01-26 02:30:00,STATION_003,59.24
2026-01-26 02:45:00,STATION_003,60.4
2026-01-26 03:00:00,STATION_003,63.35
2026-01-26 03:15:00,STATION_003,65.77
2026-01-26 03:30:00,STATION_003,70.0
2026-01-26 03:45:00,STATION_003,68.75
2026-01-26 04:00:00,STATION_003,69.81
2026-01-26 04:15:00,STATION_003,69.01
2026-01-26 04:30:00,STATION_003,68.42
2026-01-26 04:45:00,STATION_003,68.49
2026-01-26 05:00:00,STATION_003,74.05
2026-01-26 05:15:00,STATION_003,75.81
2026-01-26 05:30:00,STATION_003,74.12
2026-01-26 05:45:00,STATION_003,75.93
2026-01-26 06:00:00,STATION_003,78.56
2026-01-26 06:15:00,STATION_003,79.58
2026-01-26 06:30:00,STATION_003,77.75
2026-01-26 06:45:00,STATION_003,78.54
2026-01-26 07:00:00,STATION_003,79.98
2026-01-26 07:15:00,STATION_003,81.06
2026-01-26 07:30:00,STATION_003,81.61
2026-01-26 07:45:00,STATION_003,76.99
2026-01-26 08:00:00,STATION_003,76.53
2026-01-26 08:15:00,STATION_003,78.68
2026-01-26 08:30:00,STATION_003,82.25
2026-01-26 08:45:00,STATION_003,81.73
2026-01-26 09:00:00,STATION_003,80.27
2026-01-26 09:15:00,STATION_003,82.36
2026-01-26 09:30:00,STATION_003,84.77
2026-01-26 09:45:00,STATION_003,84.65
2026-01-26 10:00:00,STATION_003,86.82
2026-01-26 10:15:00,STATION_003,85.89
2026-01-26 10:30:00,STATION_003,84.8
2026-01-26 10:45:00,STATION_003,85.78
2026-01-26 11:00:00,STATION_003,85.82
2026-01-26 11:15:00,STATION_003,83.69
2026-01-26 11:30:00,STATION_003,85.15
2026-01-26 11:45:00,STATION_003,85.4
2026-01-26 12:00:00,STATION_003,94.46
2026-01-26 12:15:00,STATION_003,5.0
2026-01-26 12:30:00,STATION_003,6.19
2026-01-26 12:45:00,STATION_003,8.36
2026-01-26 13:00:00,STATION_003,8.94
2026-01-26 13:15:00,STATION_003,10.59
2026-01-26 13:30:00,STATION_003,14.32
2026-01-26 13:45:00,STATION_003,18.6
2026-01-26 14:00:00,STATION_003,21.3
2026-01-26 14:15:00,STATION_003,21.56
2026-01-26 14:30:00,STATION_003,21.85
2026-01-26 14:45:00,STATION_003,23.93
2026-01-26 15:00:00,STATION_003,25.61
2026-01-26 15:15:00,STATION_003,26.77
2026-01-26 15:30:00,STATION_003,21.74
2026-01-26 15:45:00,STATION_003,23.45
2026-01-26 16:00:00,STATION_003,22.93
2026-01-26 16:15:00,STATION_003,19.0
2026-01-26 16:30:00,STATION_003,18.99
2026-01-26 16:45:00,STATION_003,19.39
2026-01-26 17:00:00,STATION_003,16.85
2026-01-26 17:15:00,STATION_003,19.32
2026-01-26 17:30:00,STATION_003,20.21
2026-01-26 17:45:00,STATION_003,20.13
2026-01-26 18:00:00,STATION_003,22.8
2026-01-26 18:15:00,STATION_003,24.48
2026-01-26 18:30:00,STATION_003,28.1
2026-01-26 18:45:00,STATION_003,28.64
2026-01-26 19:00:00,STATION_003,33.96
2026-01-26 19:15:00,STATION_003,33.69
2026-01-26 19:30:00,STATION_003,36.17
2026-01-26 19:45:00,STATION_003,39.14
2026-01-26 20:00:00,STATION_003,42.06
2026-01-26 20:15:00,STATION_003,45.54
2026-01-26 20:30:00,STATION_003,47.94
2026-01-26 20:45:00,STATION_003,52.8
2026-01-26 21:00:00,STATION_003,56.36
2026-01-26 21:15:00,STATION_003,60.73
2026-01-26 21:30:00,STATION_003,62.93
2026-01-26 21:45:00,STATION_003,62.67
2026-01-26 22:00:00,STATION_003,63.2
2026-01-26 22:15:00,STATION_003,68.47
2026-01-26 22:30:00,STATION_003,66.52
2026-01-26 22:45:00,STATION_003,66.51
2026-01-26 23:00:00,STATION_003,65.78
2026-01-26 23:15:00,STATION_003,65.22
2026-01-26 23:30:00,STATION_003,65.61
2026-01-26 23:45:00,STATION_003,66.92
2026-01-27 00:00:00,STATION_003,69.05
2026-01-27 00:15:00,STATION_003,72.78
2026-01-27 00:30:00,STATION_003,73.11
2026-01-27 00:45:00,STATION_003,75.26
2026-01-27 01:00:00,STATION_003,74.76
2026-01-27 01:15:00,STATION_003,76.02
2026-01-27 01:30:00,STATION_003,78.91
2026-01-27 01:45:00,STATION_003,77.87
2026-01-27 02:00:00,STATION_003,78.81
2026-01-27 02:15:00,STATION_003,78.06
2026-01-27 02:30:00,STATION_003,79.98
2026-01-27 02:45:00,STATION_003,78.46
2026-01-27 03:00:00,STATION_003,76.48
2026-01-27 03:15:00,STATION_003,76.17
2026-01-27 03:30:00,STATION_003,78.74
2026-01-27 03:45:00,STATION_003,78.43
2026-01-27 04:00:00,STATION_003,76.96
2026-01-27 04:15:00,STATION_003,76.87
2026-01-27 04:30:00,STATION_003,76.48
2026-01-27 04:45:00,STATION_003,78.64
2026-01-27 05:00:00,STATION_003,77.63
2026-01-27 05:15:00,STATION_003,77.51
2026-01-27 05:30:00,STATION_003,79.99
2026-01-27 05:45:00,STATION_003,80.91
2026-01-27 06:00:00,STATION_003,79.59
2026-01-27 06:15:00,STATION_003,81.29
2026-01-27 06:30:00,STATION_003,82.82
2026-01-27 06:45:00,STATION_003,81.61
2026-01-27 07:00:00,STATION_003,84.78
2026-01-27 07:15:00,STATION_003,86.06
2026-01-27 07:30:00,STATION_003,84.77
2026-01-27 07:45:00,STATION_003,87.81
2026-01-27 08:00:00,STATION_003,88.59
2026-01-27 08:15:00,STATION_003,89.01
2026-01-27 08:30:00,STATION_003,90.89
2026-01-27 08:45:00,STATION_003,91.95
2026-01-27 09:00:00,STATION_003,92.44
2026-01-27 09:15:00,STATION_003,5.0
2026-01-27 09:30:00,STATION_003,8.44
2026-01-27 09:45:00,STATION_003,7.68
2026-01-27 10:00:00,STATION_003,11.11
2026-01-27 10:15:00,STATION_003,17.74
2026-01-27 10:30:00,STATION_003,16.89
2026-01-27 10:45:00,STATION_003,15.07
2026-01-27 11:00:00,STATION_003,19.47
2026-01-27 11:15:00,STATION_003,21.76
2026-01-27 11:30:00,STATION_003,22.49
2026-01-27 11:45:00,STATION_003,21.45
2026-01-27 12:00:00,STATION_003,23.15
2026-01-27 12:15:00,STATION_003,30.55
2026-01-27 12:30:00,STATION_003,33.56
2026-01-27 12:45:00,STATION_003,40.65
2026-01-27 13:00:00,STATION_003,44.42
2026-01-27 13:15:00,STATION_003,50.74
2026-01-27 13:30:00,STATION_003,56.62
2026-01-27 13:45:00,STATION_003,59.88
2026-01-27 14:00:00,STATION_003,58.3
2026-01-27 14:15:00,STATION_003,55.98
2026-01-27 14:30:00,STATION_003,54.39
2026-01-27 14:45:00,STATION_003,54.81
2026-01-27 15:00:00,STATION_003,51.6
2026-01-27 15:15:00,STATION_003,52.49
2026-01-27 15:30:00,STATION_003,55.6
2026-01-27 15:45:00,STATION_003,56.33
2026-01-27 16:00:00,STATION_003,55.59
2026-01-27 16:15:00,STATION_003,56.21
2026-01-27 16:30:00,STATION_003,54.82
2026-01-27 16:45:00,STATION_003,57.1
2026-01-27 17:00:00,STATION_003,57.13
2026-01-27 17:15:00,STATION_003,59.29
2026-01-27 17:30:00,STATION_003,60.74
2026-01-27 17:45:00,STATION_003,65.58
2026-01-27 18:00:00,STATION_003,68.66
2026-01-27 18:15:00,STATION_003,75.38
2026-01-27 18:30:00,STATION_003,78.9
2026-01-27 18:45:00,STATION_003,80.25
2026-01-27 19:00:00,STATION_003,80.62
2026-01-27 19:15:00,STATION_003,83.89
2026-01-27 19:30:00,STATION_003,89.14
2026-01-27 19:45:00,STATION_003,92.21
2026-01-27 20:00:00,STATION_003,5.0
2026-01-27 20:15:00,STATION_003,10.34
2026-01-27 20:30:00,STATION_003,10.89
2026-01-27 20:45:00,STATION_003,13.13
2026-01-27 21:00:00,STATION_003,16.26
2026-01-27 21:15:00,STATION_003,17.06
2026-01-27 21:30:00,STATION_003,19.22
2026-01-27 21:45:00,STATION_003,20.67
2026-01-27 22:00:00,STATION_003,21.71
2026-01-27 22:15:00,STATION_003,23.86
2026-01-27 22:30:00,STATION_003,24.34
2026-01-27 22:45:00,STATION_003,22.82
2026-01-27 23:00:00,STATION_003,24.05
2026-01-27 23:15:00,STATION_003,27.67
2026-01-27 23:30:00,STATION_003,28.91
2026-01-27 23:45:00,STATION_003,27.13
2026-01-28 00:00:00,STATION_003,29.11
2026-01-28 00:15:00,STATION_003,27.97
2026-01-28 00:30:00,STATION_003,30.78
2026-01-28 00:45:00,STATION_003,32.31
2026-01-28 01:00:00,STATION_003,32.88
2026-01-28 01:15:00,STATION_003,33.37
2026-01-28 01:30:00,STATION_003,34.51
2026-01-28 01:45:00,STATION_003,32.15
2026-01-28 02:00:00,STATION_003,31.09
2026-01-28 02:15:00,STATION_003,31.33
2026-01-28 02:30:00,STATION_003,32.51
2026-01-28 02:45:00,STATION_003,35.37
2026-01-28 03:00:00,STATION_003,36.97
2026-01-28 03:15:00,STATION_003,37.56
2026-01-28 03:30:00,STATION_003,34.2
2026-01-28 03:45:00,STATION_003,37.1
2026-01-28 04:00:00,STATION_003,36.77
2026-01-28 04:15:00,STATION_003,39.07
2026-01-28 04:30:00,STATION_003,42.16
2026-01-28 04:45:00,STATION_003,43.64
2026-01-28 05:00:00,STATION_003,46.72
2026-01-28 05:15:00,STATION_003,47.76
2026-01-28 05:30:00,STATION_003,45.56
2026-01-28 05:45:00,STATION_003,45.72
2026-01-28 06:00:00,STATION_003,45.49
2026-01-28 06:15:00,STATION_003,49.16
2026-01-28 06:30:00,STATION_003,53.24
2026-01-28 06:45:00,STATION_003,54.47
2026-01-28 07:00:00,STATION_003,54.45
2026-01-28 07:15:00,STATION_003,54.71
2026-01-28 07:30:00,STATION_003,56.71
2026-01-28 07:45:00,STATION_003,56.77
2026-01-28 08:00:00,STATION_003,61.46
2026-01-28 08:15:00,STATION_003,58.08
2026-01-28 08:30:00,STATION_003,56.33
2026-01-28 08:45:00,STATION_003,57.36
2026-01-28 09:00:00,STATION_003,58.25
2026-01-28 09:15:00,STATION_003,56.28
2026-01-28 09:30:00,STATION_003,58.72
2026-01-28 09:45:00,STATION_003,60.01
2026-01-28 10:00:00,STATION_003,61.98
2026-01-28 10:15:00,STATION_003,61.13
2026-01-28 10:30:00,STATION_003,63.42
2026-01-28 10:45:00,STATION_003,66.63
2026-01-28 11:00:00,STATION_003,67.65
2026-01-28 11:15:00,STATION_003,65.77
2026-01-28 11:30:00,STATION_003,68.55
2026-01-28 11:45:00,STATION_003,66.67
2026-01-28 12:00:00,STATION_003,68.58
2026-01-28 12:15:00,STATION_003,70.95
2026-01-28 12:30:00,STATION_003,74.84
2026-01-28 12:45:00,STATION_003,72.66
2026-01-28 13:00:00,STATION_003,77.42
2026-01-28 13:15:00,STATION_003,76.95
2026-01-28 13:30:00,STATION_003,78.56
2026-01-28 13:45:00,STATION_003,81.03
2026-01-28 14:00:00,STATION_003,80.22
2026-01-28 14:15:00,STATION_003,82.16
2026-01-28 14:30:00,STATION_003,81.5
2026-01-28 14:45:00,STATION_003,80.74
2026-01-28 15:00:00,STATION_003,82.98
2026-01-28 15:15:00,STATION_003,85.14
2026-01-28 15:30:00,STATION_003,86.42
2026-01-28 15:45:00,STATION_003,83.7
2026-01-28 16:00:00,STATION_003,85.08
2026-01-28 16:15:00,STATION_003,85.56
2026-01-28 16:30:00,STATION_003,82.55
2026-01-28 16:45:00,STATION_003,84.01
2026-01-28 17:00:00,STATION_003,88.59
2026-01-28 17:15:00,STATION_003,94.05
2026-01-28 17:30:00,STATION_003,5.0
2026-01-28 17:45:00,STATION_003,5.23
2026-01-28 18:00:00,STATION_003,9.24
2026-01-28 18:15:00,STATION_003,12.46
2026-01-28 18:30:00,STATION_003,16.17
2026-01-28 18:45:00,STATION_003,18.08
2026-01-28 19:00:00,STATION_003,18.79
2026-01-28 19:15:00,STATION_003,19.57
2026-01-28 19:30:00,STATION_003,21.75
2026-01-28 19:45:00,STATION_003,25.57
2026-01-28 20:00:00,STATION_003,26.73
2026-01-28 20:15:00,STATION_003,28.09
2026-01-28 20:30:00,STATION_003,30.99
2026-01-28 20:45:00,STATION_003,35.42
2026-01-28 21:00:00,STATION_003,37.18
2026-01-28 21:15:00,STATION_003,38.52
2026-01-28 21:30:00,STATION_003,40.38
2026-01-28 21:45:00,STATION_003,37.49
2026-01-28 22:00:00,STATION_003,40.41
2026-01-28 22:15:00,STATION_003,43.91
2026-01-28 22:30:00,STATION_003,45.64
2026-01-28 22:45:00,STATION_003,46.39
2026-01-28 23:00:00,STATION_003,45.07
2026-01-28 23:15:00,STATION_003,45.18
2026-01-28 23:30:00,STATION_003,45.15
2026-01-28 23:45:00,STATION_003,44.29
2026-01-29 00:00:00,STATION_003,42.11
2026-01-29 00:15:00,STATION_003,40.0
2026-01-29 00:30:00,STATION_003,40.79
2026-01-29 00:45:00,STATION_003,44.83
2026-01-29 01:00:00,STATION_003,48.03
2026-01-29 01:15:00,STATION_003,47.15
2026-01-29 01:30:00,STATION_003,46.13
2026-01-29 01:45:00,STATION_003,50.56
2026-01-29 02:00:00,STATION_003,54.02
2026-01-29 02:15:00,STATION_003,53.74
2026-01-29 02:30:00,STATION_003,56.58
2026-01-29 02:45:00,STATION_003,57.06
2026-01-29 03:00:00,STATION_003,60.26
2026-01-29 03:15:00,STATION_003,61.26
2026-01-29 03:30:00,STATION_003,62.28
2026-01-29 03:45:00,STATION_003,64.16
2026-01-29 04:00:00,STATION_003,64.07
2026-01-29 04:15:00,STATION_003,62.43
2026-01-29 04:30:00,STATION_003,68.91
2026-01-29 04:45:00,STATION_003,67.58
2026-01-29 05:00:00,STATION_003,62.61
2026-01-29 05:15:00,STATION_003,68.25
2026-01-29 05:30:00,STATION_003,69.62
2026-01-29 05:45:00,STATION_003,70.66
2026-01-29 06:00:00,STATION_003,68.72
2026-01-29 06:15:00,STATION_003,69.33
2026-01-29 06:30:00,STATION_003,70.41
2026-01-29 06:45:00,STATION_003,72.13
2026-01-29 07:00:00,STATION_003,73.67
2026-01-29 07:15:00,STATION_003,72.55
2026-01-29 07:30:00,STATION_003,72.33
2026-01-29 07:45:00,STATION_003,73.45
2026-01-29 08:00:00,STATION_003,73.07
2026-01-29 08:15:00,STATION_003,70.08
2026-01-29 08:30:00,STATION_003,71.78
2026-01-29 08:45:00,STATION_003,72.52
2026-01-29 09:00:00,STATION_003,74.81
2026-01-29 09:15:00,STATION_003,77.04
2026-01-29 09:30:00,STATION_003,79.71
2026-01-29 09:45:00,STATION_003,79.84
2026-01-29 10:00:00,STATION_003,81.77
2026-01-29 10:15:00,STATION_003,83.17
2026-01-29 10:30:00,STATION_003,86.36
2026-01-29 10:45:00,STATION_003,83.75
2026-01-29 11:00:00,STATION_003,87.31
2026-01-29 11:15:00,STATION_003,88.53
2026-01-29 11:30:00,STATION_003,91.06
2026-01-29 11:45:00,STATION_003,91.52
2026-01-29 12:00:00,STATION_003,5.0
2026-01-29 12:15:00,STATION_003,4.09
2026-01-29 12:30:00,STATION_003,7.01
2026-01-29 12:45:00,STATION_003,11.08
2026-01-29 13:00:00,STATION_003,12.61
2026-01-29 13:15:00,STATION_003,15.63
2026-01-29 13:30:00,STATION_003,18.08
2026-01-29 13:45:00,STATION_003,16.21
2026-01-29 14:00:00,STATION_003,20.14
2026-01-29 14:15:00,STATION_003,19.63
2026-01-29 14:30:00,STATION_003,21.71
2026-01-29 14:45:00,STATION_003,24.68
2026-01-29 15:00:00,STATION_003,25.51
2026-01-29 15:15:00,STATION_003,27.27
2026-01-29 15:30:00,STATION_003,28.1
2026-01-29 15:45:00,STATION_003,27.64
2026-01-29 16:00:00,STATION_003,28.47
2026-01-29 16:15:00,STATION_003,27.58
2026-01-29 16:30:00,STATION_003,26.43
2026-01-29 16:45:00,STATION_003,25.3
2026-01-29 17:00:00,STATION_003,27.13
2026-01-29 17:15:00,STATION_003,27.15
2026-01-29 17:30:00,STATION_003,26.19
2026-01-29 17:45:00,STATION_003,29.53
2026-01-29 18:00:00,STATION_003,31.28
2026-01-29 18:15:00,STATION_003,31.5
2026-01-29 18:30:00,STATION_003,37.43
2026-01-29 18:45:00,STATION_003,38.04
2026-01-29 19:00:00,STATION_003,40.3
2026-01-29 19:15:00,STATION_003,47.92
2026-01-29 19:30:00,STATION_003,54.6
2026-01-29 19:45:00,STATION_003,59.16
2026-01-29 20:00:00,STATION_003,61.26
2026-01-29 20:15:00,STATION_003,66.67
2026-01-29 20:30:00,STATION_003,66.45
2026-01-29 20:45:00,STATION_003,71.15
2026-01-29 21:00:00,STATION_003,74.65
2026-01-29 21:15:00,STATION_003,76.13
2026-01-29 21:30:00,STATION_003,76.43
2026-01-29 21:45:00,STATION_003,73.75
2026-01-29 22:00:00,STATION_003,73.87
2026-01-29 22:15:00,STATION_003,77.26
2026-01-29 22:30:00,STATION_003,79.88
2026-01-29 22:45:00,STATION_003,82.54
2026-01-29 23:00:00,STATION_003,84.73
2026-01-29 23:15:00,STATION_003,86.17
2026-01-29 23:30:00,STATION_003,83.6
2026-01-29 23:45:00,STATION_003,80.19
2026-01-30 00:00:00,STATION_003,80.9
2026-01-30 00:15:00,STATION_003,84.71
2026-01-30 00:30:00,STATION_003,87.58
2026-01-30 00:45:00,STATION_003,85.93
2026-01-30 01:00:00,STATION_003,89.67
2026-01-30 01:15:00,STATION_003,91.77
2026-01-30 01:30:00,STATION_003,90.77
2026-01-30 01:45:00,STATION_003,92.18
2026-01-30 02:00:00,STATION_003,92.54
2026-01-30 02:15:00,STATION_003,91.35
2026-01-30 02:30:00,STATION_003,90.29
2026-01-30 02:45:00,STATION_003,88.3
2026-01-30 03:00:00,STATION_003,88.92
2026-01-30 03:15:00,STATION_003,90.05
2026-01-30 03:30:00,STATION_003,90.43
2026-01-30 03:45:00,STATION_003,90.72
2026-01-30 04:00:00,STATION_003,93.83
2026-01-30 04:15:00,STATION_003,93.51
2026-01-30 04:30:00,STATION_003,5.0
2026-01-30 04:45:00,STATION_003,3.53
2026-01-30 05:00:00,STATION_003,5.88
2026-01-30 05:15:00,STATION_003,5.52
2026-01-30 05:30:00,STATION_003,5.44
2026-01-30 05:45:00,STATION_003,8.34
2026-01-30 06:00:00,STATION_003,8.1
2026-01-30 06:15:00,STATION_003,6.92
2026-01-30 06:30:00,STATION_003,6.5
2026-01-30 06:45:00,STATION_003,5.71
2026-01-30 07:00:00,STATION_003,5.15
2026-01-30 07:15:00,STATION_003,5.55
2026-01-30 07:30:00,STATION_003,5.82
2026-01-30 07:45:00,STATION_003,5.12
2026-01-30 08:00:00,STATION_003,7.56
2026-01-30 08:15:00,STATION_003,5.64
2026-01-30 08:30:00,STATION_003,8.14
2026-01-30 08:45:00,STATION_003,6.46
2026-01-30 09:00:00,STATION_003,6.96
2026-01-30 09:15:00,STATION_003,7.07
2026-01-30 09:30:00,STATION_003,7.98
2026-01-30 09:45:00,STATION_003,7.49
2026-01-30 10:00:00,STATION_003,8.58
2026-01-30 10:15:00,STATION_003,4.83
2026-01-30 10:30:00,STATION_003,7.48
2026-01-30 10:45:00,STATION_003,9.71
2026-01-30 11:00:00,STATION_003,7.91
2026-01-30 11:15:00,STATION_003,10.56
2026-01-30 11:30:00,STATION_003,14.39
2026-01-30 11:45:00,STATION_003,15.64
2026-01-30 12:00:00,STATION_003,20.54
2026-01-30 12:15:00,STATION_003,23.0
2026-01-30 12:30:00,STATION_003,26.52
2026-01-30 12:45:00,STATION_003,30.27
2026-01-30 13:00:00,STATION_003,33.84
2026-01-30 13:15:00,STATION_003,35.93
2026-01-30 13:30:00,STATION_003,40.46
2026-01-30 13:45:00,STATION_003,44.71
2026-01-30 14:00:00,STATION_003,45.09
2026-01-30 14:15:00,STATION_003,44.03
2026-01-30 14:30:00,STATION_003,44.67
2026-01-30 14:45:00,STATION_003,45.12
2026-01-30 15:00:00,STATION_003,47.82
2026-01-30 15:15:00,STATION_003,44.86
2026-01-30 15:30:00,STATION_003,47.09
2026-01-30 15:45:00,STATION_003,49.55
2026-01-30 16:00:00,STATION_003,50.99
2026-01-30 16:15:00,STATION_003,54.92
2026-01-30 16:30:00,STATION_003,56.58
2026-01-30 16:45:00,STATION_003,55.1
2026-01-30 17:00:00,STATION_003,51.55
2026-01-30 17:15:00,STATION_003,54.39
2026-01-30 17:30:00,STATION_003,56.07
2026-01-30 17:45:00,STATION_003,53.58
2026-01-30 18:00:00,STATION_003,53.15
2026-01-30 18:15:00,STATION_003,54.33
2026-01-30 18:30:00,STATION_003,60.43
2026-01-30 18:45:00,STATION_003,65.35
2026-01-30 19:00:00,STATION_003,68.46
2026-01-30 19:15:00,STATION_003,72.15
2026-01-30 19:30:00,STATION_003,76.74
2026-01-30 19:45:00,STATION_003,76.7
2026-01-30 20:00:00,STATION_003,78.15
2026-01-30 20:15:00,STATION_003,83.97
2026-01-30 20:30:00,STATION_003,85.79
2026-01-30 20:45:00,STATION_003,86.04
2026-01-30 21:00:00,STATION_003,85.81
2026-01-30 21:15:00,STATION_003,85.09
2026-01-30 21:30:00,STATION_003,85.86
2026-01-30 21:45:00,STATION_003,88.37
2026-01-30 22:00:00,STATION_003,88.26
2026-01-30 22:15:00,STATION_003,89.87
2026-01-30 22:30:00,STATION_003,93.28
2026-01-30 22:45:00,STATION_003,92.02
2026-01-30 23:00:00,STATION_003,91.57
2026-01-30 23:15:00,STATION_003,93.16
2026-01-30 23:30:00,STATION_003,89.8
2026-01-30 23:45:00,STATION_003,87.36
2026-01-31 00:00:00,STATION_003,90.17
2026-01-31 00:15:00,STATION_003,91.48
2026-01-31 00:30:00,STATION_003,92.33
2026-01-31 00:45:00,STATION_003,90.39
2026-01-31 01:00:00,STATION_003,89.39
2026-01-31 01:15:00,STATION_003,90.1
2026-01-31 01:30:00,STATION_003,90.53
2026-01-31 01:45:00,STATION_003,91.44
2026-01-31 02:00:00,STATION_003,92.53
2026-01-31 02:15:00,STATION_003,90.61
2026-01-31 02:30:00,STATION_003,91.69
2026-01-31 02:45:00,STATION_003,89.58
2026-01-31 03:00:00,STATION_003,89.9
2026-01-31 03:15:00,STATION_003,91.67
2026-01-31 03:30:00,STATION_003,90.24
2026-01-31 03:45:00,STATION_003,93.84
2026-01-31 04:00:00,STATION_003,5.0
2026-01-31 04:15:00,STATION_003,5.43
2026-01-31 04:30:00,STATION_003,11.18
2026-01-31 04:45:00,STATION_003,12.28
2026-01-31 05:00:00,STATION_003,14.26
2026-01-31 05:15:00,STATION_003,15.13
2026-01-31 05:30:00,STATION_003,16.93
2026-01-31 05:45:00,STATION_003,16.12
2026-01-31 06:00:00,STATION_003,16.51
2026-01-31 06:15:00,STATION_003,15.09
2026-01-31 06:30:00,STATION_003,16.33
2026-01-31 06:45:00,STATION_003,15.38
2026-01-31 07:00:00,STATION_003,17.52
2026-01-31 07:15:00,STATION_003,17.77
2026-01-31 07:30:00,STATION_003,17.61
2026-01-31 07:45:00,STATION_003,18.18
2026-01-31 08:00:00,STATION_003,17.63
2026-01-31 08:15:00,STATION_003,19.24
2026-01-31 08:30:00,STATION_003,19.99
2026-01-31 08:45:00,STATION_003,22.61
2026-01-31 09:00:00,STATION_003,22.63
2026-01-31 09:15:00,STATION_003,25.93
2026-01-31 09:30:00,STATION_003,27.5
2026-01-31 09:45:00,STATION_003,26.93
2026-01-31 10:00:00,STATION_003,27.59
2026-01-31 10:15:00,STATION_003,27.82
2026-01-31 10:30:00,STATION_003,27.57
2026-01-31 10:45:00,STATION_003,30.5
2026-01-31 11:00:00,STATION_003,36.87
2026-01-31 11:15:00,STATION_003,41.18
2026-01-31 11:30:00,STATION_003,44.08
2026-01-31 11:45:00,STATION_003,47.27
2026-01-31 12:00:00,STATION_003,49.27
2026-01-31 12:15:00,STATION_003,51.92
2026-01-31 12:30:00,STATION_003,53.14
2026-01-31 12:45:00,STATION_003,55.49
2026-01-31 13:00:00,STATION_003,54.42
2026-01-31 13:15:00,STATION_003,54.78
2026-01-31 13:30:00,STATION_003,58.34
2026-01-31 13:45:00,STATION_003,63.64
2026-01-31 14:00:00,STATION_003,68.02
2026-01-31 14:15:00,STATION_003,69.8
2026-01-31 14:30:00,STATION_003,70.54
2026-01-31 14:45:00,STATION_003,73.64
2026-01-31 15:00:00,STATION_003,74.77
2026-01-31 15:15:00,STATION_003,73.37
2026-01-31 15:30:00,STATION_003,74.32
2026-01-31 15:45:00,STATION_003,77.75
2026-01-31 16:00:00,STATION_003,78.53
2026-01-31 16:15:00,STATION_003,78.32
2026-01-31 16:30:00,STATION_003,74.53
2026-01-31 16:45:00,STATION_003,79.51
2026-01-31 17:00:00,STATION_003,79.77
2026-01-31 17:15:00,STATION_003,77.35
2026-01-31 17:30:00,STATION_003,75.53
2026-01-31 17:45:00,STATION_003,75.3
2026-01-31 18:00:00,STATION_003,77.35
2026-01-31 18:15:00,STATION_003,79.27
2026-01-31 18:30:00,STATION_003,75.68
2026-01-31 18:45:00,STATION_003,81.5
2026-01-31 19:00:00,STATION_003,85.4
2026-01-31 19:15:00,STATION_003,86.68
2026-01-31 19:30:00,STATION_003,90.69
2026-01-31 19:45:00,STATION_003,92.49
2026-01-31 20:00:00,STATION_003,5.0
2026-01-31 20:15:00,STATION_003,5.3
2026-01-31 20:30:00,STATION_003,5.44
2026-01-31 20:45:00,STATION_003,6.31
2026-01-31 21:00:00,STATION_003,6.36
2026-01-31 21:15:00,STATION_003,6.05
2026-01-31 21:30:00,STATION_003,5.73
2026-01-31 21:45:00,STATION_003,6.58
2026-01-31 22:00:00,STATION_003,10.09
2026-01-31 22:15:00,STATION_003,11.54
2026-01-31 22:30:00,STATION_003,9.62
2026-01-31 22:45:00,STATION_003,12.03
2026-01-31 23:00:00,STATION_003,11.56
2026-01-31 23:15:00,STATION_003,12.97
2026-01-31 23:30:00,STATION_003,11.55
2026-01-31 23:45:00,STATION_003,10.95
2026-02-01 00:00:00,STATION_003,13.02
2026-02-01 00:15:00,STATION_003,13.98
2026-02-01 00:30:00,STATION_003,16.38
2026-02-01 00:45:00,STATION_003,17.1
2026-02-01 01:00:00,STATION_003,15.54
2026-02-01 01:15:00,STATION_003,13.72
2026-02-01 01:30:00,STATION_003,14.09
2026-02-01 01:45:00,STATION_003,11.81
2026-02-01 02:00:00,STATION_003,11.94
2026-02-01 02:15:00,STATION_003,12.3
2026-02-01 02:30:00,STATION_003,13.36
2026-02-01 02:45:00,STATION_003,16.71
2026-02-01 03:00:00,STATION_003,21.22
2026-02-01 03:15:00,STATION_003,23.42
2026-02-01 03:30:00,STATION_003,26.78
2026-02-01 03:45:00,STATION_003,27.68
2026-02-01 04:00:00,STATION_003,28.8
2026-02-01 04:15:00,STATION_003,28.82
2026-02-01 04:30:00,STATION_003,30.62
2026-02-01 04:45:00,STATION_003,30.98
2026-02-01 05:00:00,STATION_003,30.67
2026-02-01 05:15:00,STATION_003,31.0
2026-02-01 05:30:00,STATION_003,27.35
2026-02-01 05:45:00,STATION_003,28.96
2026-02-01 06:00:00,STATION_003,30.83
2026-02-01 06:15:00,STATION_003,35.3
2026-02-01 06:30:00,STATION_003,33.71
2026-02-01 06:45:00,STATION_003,33.8
2026-02-01 07:00:00,STATION_003,32.23
2026-02-01 07:15:00,STATION_003,35.22
2026-02-01 07:30:00,STATION_003,34.29
2026-02-01 07:45:00,STATION_003,32.49
2026-02-01 08:00:00,STATION_003,32.96
2026-02-01 08:15:00,STATION_003,35.93
2026-02-01 08:30:00,STATION_003,35.47
2026-02-01 08:45:00,STATION_003,33.84
2026-02-01 09:00:00,STATION_003,32.77
2026-02-01 09:15:00,STATION_003,33.05
2026-02-01 09:30:00,STATION_003,36.27
2026-02-01 09:45:00,STATION_003,36.32
2026-02-01 10:00:00,STATION_003,34.05
2026-02-01 10:15:00,STATION_003,32.61
2026-02-01 10:30:00,STATION_003,33.33
2026-02-01 10:45:00,STATION_003,34.85
2026-02-01 11:00:00,STATION_003,34.95
2026-02-01 11:15:00,STATION_003,37.08
2026-02-01 11:30:00,STATION_003,39.33
2026-02-01 11:45:00,STATION_003,40.53
2026-02-01 12:00:00,STATION_003,45.72
2026-02-01 12:15:00,STATION_003,47.25
2026-02-01 12:30:00,STATION_003,51.16
2026-02-01 12:45:00,STATION_003,55.09
2026-02-01 13:00:00,STATION_003,53.53
2026-02-01 13:15:00,STATION_003,57.14
2026-02-01 13:30:00,STATION_003,58.82
2026-02-01 13:45:00,STATION_003,62.43
2026-02-01 14:00:00,STATION_003,64.67
2026-02-01 14:15:00,STATION_003,67.36
2026-02-01 14:30:00,STATION_003,69.67
2026-02-01 14:45:00,STATION_003,68.81
2026-02-01 15:00:00,STATION_003,71.0
2026-02-01 15:15:00,STATION_003,74.64
2026-02-01 15:30:00,STATION_003,74.7
2026-02-01 15:45:00,STATION_003,74.02
2026-02-01 16:00:00,STATION_003,74.57
2026-02-01 16:15:00,STATION_003,77.82
2026-02-01 16:30:00,STATION_003,81.17
2026-02-01 16:45:00,STATION_003,83.85
2026-02-01 17:00:00,STATION_003,85.31
2026-02-01 17:15:00,STATION_003,85.68
2026-02-01 17:30:00,STATION_003,88.26
2026-02-01 17:45:00,STATION_003,89.12
2026-02-01 18:00:00,STATION_003,89.49
2026-02-01 18:15:00,STATION_003,93.86
2026-02-01 18:30:00,STATION_003,94.23
2026-02-01 18:45:00,STATION_003,5.0
2026-02-01 19:00:00,STATION_003,2.27
2026-02-01 19:15:00,STATION_003,0.73
2026-02-01 19:30:00,STATION_003,0.43
2026-02-01 19:45:00,STATION_003,3.06
2026-02-01 20:00:00,STATION_003,6.59
2026-02-01 20:15:00,STATION_003,8.31
2026-02-01 20:30:00,STATION_003,8.76
2026-02-01 20:45:00,STATION_003,10.01
2026-02-01 21:00:00,STATION_003,10.13
2026-02-01 21:15:00,STATION_003,11.04
2026-02-01 21:30:00,STATION_003,13.02
2026-02-01 21:45:00,STATION_003,12.37
2026-02-01 22:00:00,STATION_003,13.9
2026-02-01 22:15:00,STATION_003,13.85
2026-02-01 22:30:00,STATION_003,17.39
2026-02-01 22:45:00,STATION_003,20.95
2026-02-01 23:00:00,STATION_003,24.33
2026-02-01 23:15:00,STATION_003,23.36
2026-02-01 23:30:00,STATION_003,24.95
2026-02-01 23:45:00,STATION_003,26.04
2026-02-02 00:00:00,STATION_003,25.14
2026-02-02 00:15:00,STATION_003,26.43
2026-02-02 00:30:00,STATION_003,29.6
2026-02-02 00:45:00,STATION_003,30.48
2026-02-02 01:00:00,STATION_003,32.83
2026-02-02 01:15:00,STATION_003,33.88
2026-02-02 01:30:00,STATION_003,32.2
2026-02-02 01:45:00,STATION_003,34.18
2026-02-02 02:00:00,STATION_003,36.86
2026-02-02 02:15:00,STATION_003,36.47
2026-02-02 02:30:00,STATION_003,37.24
2026-02-02 02:45:00,STATION_003,39.94
2026-02-02 03:00:00,STATION_003,39.05
2026-02-02 03:15:00,STATION_003,41.02
2026-02-02 03:30:00,STATION_003,43.31
2026-02-02 03:45:00,STATION_003,46.18
2026-02-02 04:00:00,STATION_003,46.9
2026-02-02 04:15:00,STATION_003,49.13
2026-02-02 04:30:00,STATION_003,48.88
2026-02-02 04:45:00,STATION_003,48.52
2026-02-02 05:00:00,STATION_003,51.98
2026-02-02 05:15:00,STATION_003,52.04
2026-02-02 05:30:00,STATION_003,53.11
2026-02-02 05:45:00,STATION_003,54.49
2026-02-02 06:00:00,STATION_003,51.83
2026-02-02 06:15:00,STATION_003,49.68
2026-02-02 06:30:00,STATION_003,51.13
2026-02-02 06:45:00,STATION_003,52.09
2026-02-02 07:00:00,STATION_003,53.85
2026-02-02 07:15:00,STATION_003,54.0
2026-02-02 07:30:00,STATION_003,54.31
2026-02-02 07:45:00,STATION_003,55.3
2026-02-02 08:00:00,STATION_003,56.95
2026-02-02 08:15:00,STATION_003,55.58
2026-02-02 08:30:00,STATION_003,55.7
2026-02-02 08:45:00,STATION_003,57.74
2026-02-02 09:00:00,STATION_003,56.49
2026-02-02 09:15:00,STATION_003,56.65
2026-02-02 09:30:00,STATION_003,59.06
2026-02-02 09:45:00,STATION_003,60.34
2026-02-02 10:00:00,STATION_003,59.77
2026-02-02 10:15:00,STATION_003,59.34
2026-02-02 10:30:00,STATION_003,59.77
2026-02-02 10:45:00,STATION_003,59.16
2026-02-02 11:00:00,STATION_003,57.48
2026-02-02 11:15:00,STATION_003,59.77
2026-02-02 11:30:00,STATION_003,60.86
2026-02-02 11:45:00,STATION_003,61.39
2026-02-02 12:00:00,STATION_003,65.24
2026-02-02 12:15:00,STATION_003,71.64
2026-02-02 12:30:00,STATION_003,73.31
2026-02-02 12:45:00,STATION_003,75.71
2026-02-02 13:00:00,STATION_003,80.4
2026-02-02 13:15:00,STATION_003,87.62
2026-02-02 13:30:00,STATION_003,92.29
2026-02-02 13:45:00,STATION_003,5.0
2026-02-02 14:00:00,STATION_003,3.71
2026-02-02 14:15:00,STATION_003,5.75
2026-02-02 14:30:00,STATION_003,6.8
2026-02-02 14:45:00,STATION_003,6.4
2026-02-02 15:00:00,STATION_003,7.64
2026-02-02 15:15:00,STATION_003,5.97
2026-02-02 15:30:00,STATION_003,8.65
2026-02-02 15:45:00,STATION_003,9.72
2026-02-02 16:00:00,STATION_003,11.83
2026-02-02 16:15:00,STATION_003,12.19
2026-02-02 16:30:00,STATION_003,12.05
2026-02-02 16:45:00,STATION_003,13.49
2026-02-02 17:00:00,STATION_003,13.04
2026-02-02 17:15:00,STATION_003,12.22
2026-02-02 17:30:00,STATION_003,13.16
2026-02-02 17:45:00,STATION_003,17.22
2026-02-02 18:00:00,STATION_003,15.06
2026-02-02 18:15:00,STATION_003,18.55
2026-02-02 18:30:00,STATION_003,19.97
2026-02-02 18:45:00,STATION_003,23.45
2026-02-02 19:00:00,STATION_003,26.16
2026-02-02 19:15:00,STATION_003,27.54
2026-02-02 19:30:00,STATION_003,28.37
2026-02-02 19:45:00,STATION_003,30.12
2026-02-02 20:00:00,STATION_003,32.11
2026-02-02 20:15:00,STATION_003,34.11
2026-02-02 20:30:00,STATION_003,35.61
2026-02-02 20:45:00,STATION_003,37.54
2026-02-02 21:00:00,STATION_003,36.68
2026-02-02 21:15:00,STATION_003,35.56
2026-02-02 21:30:00,STATION_003,36.31
2026-02-02 21:45:00,STATION_003,36.4
2026-02-02 22:00:00,STATION_003,37.76
2026-02-02 22:15:00,STATION_003,37.74
2026-02-02 22:30:00,STATION_003,36.08
2026-02-02 22:45:00,STATION_003,34.64
2026-02-02 23:00:00,STATION_003,32.02
2026-02-02 23:15:00,STATION_003,33.62
2026-02-02 23:30:00,STATION_003,33.88
2026-02-02 23:45:00,STATION_003,37.55
2026-02-03 00:00:00,STATION_003,38.67
2026-02-03 00:15:00,STATION_003,37.23
2026-02-03 00:30:00,STATION_003,36.13
2026-02-03 00:45:00,STATION_003,35.51
2026-02-03 01:00:00,STATION_003,39.03
2026-02-03 01:15:00,STATION_003,39.91
2026-02-03 01:30:00,STATION_003,40.94
2026-02-03 01:45:00,STATION_003,43.11
2026-02-03 02:00:00,STATION_003,42.64
2026-02-03 02:15:00,STATION_003,42.61
2026-02-03 02:30:00,STATION_003,45.45
2026-02-03 02:45:00,STATION_003,45.22
2026-02-03 03:00:00,STATION_003,45.29
2026-02-03 03:15:00,STATION_003,45.62
2026-02-03 03:30:00,STATION_003,45.62
2026-02-03 03:45:00,STATION_003,45.7
2026-02-03 04:00:00,STATION_003,50.47
2026-02-03 04:15:00,STATION_003,50.11
2026-02-03 04:30:00,STATION_003,52.35
2026-02-03 04:45:00,STATION_003,50.17
2026-02-03 05:00:00,STATION_003,48.98
2026-02-03 05:15:00,STATION_003,51.1
2026-02-03 05:30:00,STATION_003,53.22
2026-02-03 05:45:00,STATION_003,52.8
2026-02-03 06:00:00,STATION_003,50.15
2026-02-03 06:15:00,STATION_003,51.91
2026-02-03 06:30:00,STATION_003,53.02
2026-02-03 06:45:00,STATION_003,52.64
2026-02-03 07:00:00,STATION_003,54.95
2026-02-03 07:15:00,STATION_003,55.06
2026-02-03 07:30:00,STATION_003,57.16
2026-02-03 07:45:00,STATION_003,62.33
2026-02-03 08:00:00,STATION_003,66.54
2026-02-03 08:15:00,STATION_003,67.18
2026-02-03 08:30:00,STATION_003,72.55
2026-02-03 08:45:00,STATION_003,72.28
2026-02-03 09:00:00,STATION_003,71.1
2026-02-03 09:15:00,STATION_003,70.06
2026-02-03 09:30:00,STATION_003,71.79
2026-02-03 09:45:00,STATION_003,68.21
2026-02-03 10:00:00,STATION_003,69.14
2026-02-03 10:15:00,STATION_003,67.68
2026-02-03 10:30:00,STATION_003,65.69
2026-02-03 10:45:00,STATION_003,67.7
2026-02-03 11:00:00,STATION_003,64.84
2026-02-03 11:15:00,STATION_003,64.4
2026-02-03 11:30:00,STATION_003,63.25
2026-02-03 11:45:00,STATION_003,63.49
2026-02-03 12:00:00,STATION_003,66.36
2026-02-03 12:15:00,STATION_003,69.36
2026-02-03 12:30:00,STATION_003,71.04
2026-02-03 12:45:00,STATION_003,72.53
2026-02-03 13:00:00,STATION_003,74.02
2026-02-03 13:15:00,STATION_003,72.47
2026-02-03 13:30:00,STATION_003,78.38
2026-02-03 13:45:00,STATION_003,81.34
2026-02-03 14:00:00,STATION_003,79.16
2026-02-03 14:15:00,STATION_003,77.06
2026-02-03 14:30:00,STATION_003,73.12
2026-02-03 14:45:00,STATION_003,73.71
2026-02-03 15:00:00,STATION_003,74.17
2026-02-03 15:15:00,STATION_003,75.23
2026-02-03 15:30:00,STATION_003,74.64
2026-02-03 15:45:00,STATION_003,75.21
2026-02-03 16:00:00,STATION_003,77.83
2026-02-03 16:15:00,STATION_003,78.28
2026-02-03 16:30:00,STATION_003,77.11
2026-02-03 16:45:00,STATION_003,79.02
2026-02-03 17:00:00,STATION_003,79.91
2026-02-03 17:15:00,STATION_003,79.55
2026-02-03 17:30:00,STATION_003,78.25
2026-02-03 17:45:00,STATION_003,78.64
2026-02-03 18:00:00,STATION_003,78.9
2026-02-03 18:15:00,STATION_003,82.75
2026-02-03 18:30:00,STATION_003,89.59
2026-02-03 18:45:00,STATION_003,5.0
2026-02-03 19:00:00,STATION_003,8.8
2026-02-03 19:15:00,STATION_003,7.07
2026-02-03 19:30:00,STATION_003,10.62
2026-02-03 19:45:00,STATION_003,10.71
2026-02-03 20:00:00,STATION_003,14.02
2026-02-03 20:15:00,STATION_003,15.43
2026-02-03 20:30:00,STATION_003,16.05
2026-02-03 20:45:00,STATION_003,18.93
2026-02-03 21:00:00,STATION_003,15.15
2026-02-03 21:15:00,STATION_003,16.38
2026-02-03 21:30:00,STATION_003,17.21
2026-02-03 21:45:00,STATION_003,16.56
2026-02-03 22:00:00,STATION_003,15.21
2026-02-03 22:15:00,STATION_003,16.8
2026-02-03 22:30:00,STATION_003,17.35
2026-02-03 22:45:00,STATION_003,17.77
2026-02-03 23:00:00,STATION_003,19.37
2026-02-03 23:15:00,STATION_003,21.53
2026-02-03 23:30:00,STATION_003,20.78
2026-02-03 23:45:00,STATION_003,21.81
2026-02-04 00:00:00,STATION_003,20.01
2026-02-04 00:15:00,STATION_003,19.98
2026-02-04 00:30:00,STATION_003,19.16
2026-02-04 00:45:00,STATION_003,21.26
2026-02-04 01:00:00,STATION_003,22.53
2026-02-04 01:15:00,STATION_003,23.71
2026-02-04 01:30:00,STATION_003,25.09
2026-02-04 01:45:00,STATION_003,25.5
2026-02-04 02:00:00,STATION_003,24.66
2026-02-04 02:15:00,STATION_003,24.03
2026-02-04 02:30:00,STATION_003,24.15
2026-02-04 02:45:00,STATION_003,22.83
2026-02-04 03:00:00,STATION_003,20.3
2026-02-04 03:15:00,STATION_003,19.85
2026-02-04 03:30:00,STATION_003,20.49
2026-02-04 03:45:00,STATION_003,21.73
2026-02-04 04:00:00,STATION_003,22.87
2026-02-04 04:15:00,STATION_003,22.77
2026-02-04 04:30:00,STATION_003,25.1
2026-02-04 04:45:00,STATION_003,23.91
2026-02-04 05:00:00,STATION_003,22.63
2026-02-04 05:15:00,STATION_003,20.3
2026-02-04 05:30:00,STATION_003,19.99
2026-02-04 05:45:00,STATION_003,23.16
2026-02-04 06:00:00,STATION_003,25.44
2026-02-04 06:15:00,STATION_003,25.54
2026-02-04 06:30:00,STATION_003,27.57
2026-02-04 06:45:00,STATION_003,27.64
2026-02-04 07:00:00,STATION_003,26.05
2026-02-04 07:15:00,STATION_003,26.78
2026-02-04 07:30:00,STATION_003,30.39
2026-02-04 07:45:00,STATION_003,36.01
2026-02-04 08:00:00,STATION_003,34.53
2026-02-04 08:15:00,STATION_003,33.14
2026-02-04 08:30:00,STATION_003,29.62
2026-02-04 08:45:00,STATION_003,29.92
2026-02-04 09:00:00,STATION_003,32.15
2026-02-04 09:15:00,STATION_003,33.67
2026-02-04 09:30:00,STATION_003,39.21
2026-02-04 09:45:00,STATION_003,38.15
2026-02-04 10:00:00,STATION_003,38.92
2026-02-04 10:15:00,STATION_003,40.16
2026-02-04 10:30:00,STATION_003,41.46
2026-02-04 10:45:00,STATION_003,45.6
2026-02-04 11:00:00,STATION_003,48.3
2026-02-04 11:15:00,STATION_003,44.95
2026-02-04 11:30:00,STATION_003,47.81
2026-02-04 11:45:00,STATION_003,49.58
2026-02-04 12:00:00,STATION_003,54.12
2026-02-04 12:15:00,STATION_003,55.77
2026-02-04 12:30:00,STATION_003,58.58
2026-02-04 12:45:00,STATION_003,61.57
2026-02-04 13:00:00,STATION_003,64.85
2026-02-04 13:15:00,STATION_003,68.44
2026-02-04 13:30:00,STATION_003,71.84
2026-02-04 13:45:00,STATION_003,73.76
2026-02-04 14:00:00,STATION_003,72.48
2026-02-04 14:15:00,STATION_003,69.29
2026-02-04 14:30:00,STATION_003,69.88
2026-02-04 14:45:00,STATION_003,71.92
2026-02-04 15:00:00,STATION_003,73.82
2026-02-04 15:15:00,STATION_003,73.8
2026-02-04 15:30:00,STATION_003,73.71
2026-02-04 15:45:00,STATION_003,78.34
2026-02-04 16:00:00,STATION_003,80.43
2026-02-04 16:15:00,STATION_003,79.11
2026-02-04 16:30:00,STATION_003,78.22
2026-02-04 16:45:00,STATION_003,78.68
2026-02-04 17:00:00,STATION_003,79.37
2026-02-04 17:15:00,STATION_003,82.17
2026-02-04 17:30:00,STATION_003,82.99
2026-02-04 17:45:00,STATION_003,82.06
2026-02-04 18:00:00,STATION_003,87.08
2026-02-04 18:15:00,STATION_003,92.16
2026-02-04 18:30:00,STATION_003,5.0
2026-02-04 18:45:00,STATION_003,5.56
2026-02-04 19:00:00,STATION_003,8.2
2026-02-04 19:15:00,STATION_003,12.55
2026-02-04 19:30:00,STATION_003,16.5
2026-02-04 19:45:00,STATION_003,23.27
2026-02-04 20:00:00,STATION_003,25.16
2026-02-04 20:15:00,STATION_003,29.33
2026-02-04 20:30:00,STATION_003,33.82
2026-02-04 20:45:00,STATION_003,42.32
2026-02-04 21:00:00,STATION_003,47.71
2026-02-04 21:15:00,STATION_003,47.12
2026-02-04 21:30:00,STATION_003,45.06
2026-02-04 21:45:00,STATION_003,43.37
2026-02-04 22:00:00,STATION_003,42.63
2026-02-04 22:15:00,STATION_003,42.08
2026-02-04 22:30:00,STATION_003,42.31
2026-02-04 22:45:00,STATION_003,45.9
2026-02-04 23:00:00,STATION_003,45.72
2026-02-04 23:15:00,STATION_003,45.49
2026-02-04 23:30:00,STATION_003,44.05
2026-02-04 23:45:00,STATION_003,43.92
2026-02-05 00:00:00,STATION_003,47.0
2026-02-05 00:15:00,STATION_003,44.67
2026-02-05 00:30:00,STATION_003,42.02
2026-02-05 00:45:00,STATION_003,41.76
2026-02-05 01:00:00,STATION_003,42.15
2026-02-05 01:15:00,STATION_003,43.11
2026-02-05 01:30:00,STATION_003,46.82
2026-02-05 01:45:00,STATION_003,48.44
2026-02-05 02:00:00,STATION_003,48.43
2026-02-05 02:15:00,STATION_003,50.72
2026-02-05 02:30:00,STATION_003,49.09
2026-02-05 02:45:00,STATION_003,52.2
2026-02-05 03:00:00,STATION_003,47.4
2026-02-05 03:15:00,STATION_003,46.88
2026-02-05 03:30:00,STATION_003,45.73
2026-02-05 03:45:00,STATION_003,47.16
2026-02-05 04:00:00,STATION_003,46.06
2026-02-05 04:15:00,STATION_003,48.89
2026-02-05 04:30:00,STATION_003,50.87
2026-02-05 04:45:00,STATION_003,51.49
2026-02-05 05:00:00,STATION_003,52.72
2026-02-05 05:15:00,STATION_003,49.41
2026-02-05 05:30:00,STATION_003,49.46
2026-02-05 05:45:00,STATION_003,48.89
2026-02-05 06:00:00,STATION_003,51.7
2026-02-05 06:15:00,STATION_003,51.26
2026-02-05 06:30:00,STATION_003,50.9
2026-02-05 06:45:00,STATION_003,51.89
2026-02-05 07:00:00,STATION_003,52.0
2026-02-05 07:15:00,STATION_003,55.54
2026-02-05 07:30:00,STATION_003,55.79
2026-02-05 07:45:00,STATION_003,54.88
2026-02-05 08:00:00,STATION_003,54.57
2026-02-05 08:15:00,STATION_003,53.12
2026-02-05 08:30:00,STATION_003,53.07
2026-02-05 08:45:00,STATION_003,51.01
2026-02-05 09:00:00,STATION_003,54.22
2026-02-05 09:15:00,STATION_003,55.79
2026-02-05 09:30:00,STATION_003,60.17
2026-02-05 09:45:00,STATION_003,60.52
2026-02-05 10:00:00,STATION_003,59.25
2026-02-05 10:15:00,STATION_003,58.07
2026-02-05 10:30:00,STATION_003,57.56
2026-02-05 10:45:00,STATION_003,58.27
2026-02-05 11:00:00,STATION_003,60.74
2026-02-05 11:15:00,STATION_003,63.09
2026-02-05 11:30:00,STATION_003,61.19
2026-02-05 11:45:00,STATION_003,65.66
2026-02-05 12:00:00,STATION_003,69.75
2026-02-05 12:15:00,STATION_003,70.77
2026-02-05 12:30:00,STATION_003,75.26
2026-02-05 12:45:00,STATION_003,76.09
2026-02-05 13:00:00,STATION_003,79.96
2026-02-05 13:15:00,STATION_003,83.08
2026-02-05 13:30:00,STATION_003,87.59
2026-02-05 13:45:00,STATION_003,86.88
2026-02-05 14:00:00,STATION_003,85.68
2026-02-05 14:15:00,STATION_003,87.56
2026-02-05 14:30:00,STATION_003,88.57
2026-02-05 14:45:00,STATION_003,88.43
2026-02-05 15:00:00,STATION_003,5.0
2026-02-05 15:15:00,STATION_003,6.43
2026-02-05 15:30:00,STATION_003,6.16
2026-02-05 15:45:00,STATION_003,6.87
2026-02-05 16:00:00,STATION_003,8.31
2026-02-05 16:15:00,STATION_003,8.57
2026-02-05 16:30:00,STATION_003,8.65
2026-02-05 16:45:00,STATION_003,9.88
2026-02-05 17:00:00,STATION_003,10.11
2026-02-05 17:15:00,STATION_003,17.86
2026-02-05 17:30:00,STATION_003,20.0
2026-02-05 17:45:00,STATION_003,18.02
2026-02-05 18:00:00,STATION_003,20.58
2026-02-05 18:15:00,STATION_003,23.37
2026-02-05 18:30:00,STATION_003,26.59
2026-02-05 18:45:00,STATION_003,28.87
2026-02-05 19:00:00,STATION_003,31.0
2026-02-05 19:15:00,STATION_003,32.94
2026-02-05 19:30:00,STATION_003,29.53
2026-02-05 19:45:00,STATION_003,36.43
2026-02-05 20:00:00,STATION_003,42.17
2026-02-05 20:15:00,STATION_003,42.44
2026-02-05 20:30:00,STATION_003,42.53
2026-02-05 20:45:00,STATION_003,46.79
2026-02-05 21:00:00,STATION_003,46.53
2026-02-05 21:15:00,STATION_003,48.75
2026-02-05 21:30:00,STATION_003,52.34
2026-02-05 21:45:00,STATION_003,55.6
2026-02-05 22:00:00,STATION_003,55.22
2026-02-05 22:15:00,STATION_003,53.82
2026-02-05 22:30:00,STATION_003,54.25
2026-02-05 22:45:00,STATION_003,55.65
2026-02-05 23:00:00,STATION_003,57.98
2026-02-05 23:15:00,STATION_003,58.78
2026-02-05 23:30:00,STATION_003,60.65
2026-02-05 23:45:00,STATION_003,61.37
2026-02-06 00:00:00,STATION_003,62.32
2026-02-06 00:15:00,STATION_003,59.49
2026-02-06 00:30:00,STATION_003,59.26
2026-02-06 00:45:00,STATION_003,59.88
2026-02-06 01:00:00,STATION_003,58.11
2026-02-06 01:15:00,STATION_003,58.6
2026-02-06 01:30:00,STATION_003,61.05
2026-02-06 01:45:00,STATION_003,63.88
2026-02-06 02:00:00,STATION_003,65.13
2026-02-06 02:15:00,STATION_003,65.07
2026-02-06 02:30:00,STATION_003,61.66
2026-02-06 02:45:00,STATION_003,63.98
2026-02-06 03:00:00,STATION_003,65.29
2026-02-06 03:15:00,STATION_003,66.46
2026-02-06 03:30:00,STATION_003,67.32
2026-02-06 03:45:00,STATION_003,67.55
2026-02-06 04:00:00,STATION_003,70.11
2026-02-06 04:15:00,STATION_003,70.89
2026-02-06 04:30:00,STATION_003,69.58
2026-02-06 04:45:00,STATION_003,71.58
2026-02-06 05:00:00,STATION_003,66.96
2026-02-06 05:15:00,STATION_003,69.5
2026-02-06 05:30:00,STATION_003,72.35
2026-02-06 05:45:00,STATION_003,74.84
2026-02-06 06:00:00,STATION_003,75.5
2026-02-06 06:15:00,STATION_003,77.78
2026-02-06 06:30:00,STATION_003,80.44
2026-02-06 06:45:00,STATION_003,79.63
2026-02-06 07:00:00,STATION_003,77.52
2026-02-06 07:15:00,STATION_003,79.44
2026-02-06 07:30:00,STATION_003,80.32
2026-02-06 07:45:00,STATION_003,81.45
2026-02-06 08:00:00,STATION_003,82.18
2026-02-06 08:15:00,STATION_003,82.1
2026-02-06 08:30:00,STATION_003,84.33
2026-02-06 08:45:00,STATION_003,86.49
2026-02-06 09:00:00,STATION_003,86.84
2026-02-06 09:15:00,STATION_003,87.96
2026-02-06 09:30:00,STATION_003,88.33
2026-02-06 09:45:00,STATION_003,92.83
2026-02-06 10:00:00,STATION_003,93.64
2026-02-06 10:15:00,STATION_003,93.45
2026-02-06 10:30:00,STATION_003,5.0
2026-02-06 10:45:00,STATION_003,5.78
2026-02-06 11:00:00,STATION_003,6.8
2026-02-06 11:15:00,STATION_003,4.6
2026-02-06 11:30:00,STATION_003,3.7
2026-02-06 11:45:00,STATION_003,2.56
2026-02-06 12:00:00,STATION_003,4.99
2026-02-06 12:15:00,STATION_003,6.31
2026-02-06 12:30:00,STATION_003,6.14
2026-02-06 12:45:00,STATION_003,12.56
2026-02-06 13:00:00,STATION_003,14.77
2026-02-06 13:15:00,STATION_003,14.29
2026-02-06 13:30:00,STATION_003,19.17
2026-02-06 13:45:00,STATION_003,20.02
2026-02-06 14:00:00,STATION_003,19.21
2026-02-06 14:15:00,STATION_003,17.34
2026-02-06 14:30:00,STATION_003,20.52
2026-02-06 14:45:00,STATION_003,20.95
2026-02-06 15:00:00,STATION_003,19.79
2026-02-06 15:15:00,STATION_003,15.36
2026-02-06 15:30:00,STATION_003,17.44
2026-02-06 15:45:00,STATION_003,17.79
2026-02-06 16:00:00,STATION_003,14.76
2026-02-06 16:15:00,STATION_003,14.4
2026-02-06 16:30:00,STATION_003,14.5
2026-02-06 16:45:00,STATION_003,17.73
2026-02-06 17:00:00,STATION_003,19.81
2026-02-06 17:15:00,STATION_003,19.72
2026-02-06 17:30:00,STATION_003,17.47
2026-02-06 17:45:00,STATION_003,17.51
2026-02-06 18:00:00,STATION_003,20.4
2026-02-06 18:15:00,STATION_003,22.33
2026-02-06 18:30:00,STATION_003,24.92
2026-02-06 18:45:00,STATION_003,29.37
2026-02-06 19:00:00,STATION_003,32.52
2026-02-06 19:15:00,STATION_003,35.64
2026-02-06 19:30:00,STATION_003,37.37
2026-02-06 19:45:00,STATION_003,40.37
2026-02-06 20:00:00,STATION_003,42.73
2026-02-06 20:15:00,STATION_003,45.5
2026-02-06 20:30:00,STATION_003,50.86
2026-02-06 20:45:00,STATION_003,46.9
2026-02-06 21:00:00,STATION_003,47.5
2026-02-06 21:15:00,STATION_003,47.63
2026-02-06 21:30:00,STATION_003,48.73
2026-02-06 21:45:00,STATION_003,49.21
2026-02-06 22:00:00,STATION_003,49.02
2026-02-06 22:15:00,STATION_003,49.05
2026-02-06 22:30:00,STATION_003,50.86
2026-02-06 22:45:00,STATION_003,49.41
2026-02-06 23:00:00,STATION_003,51.93
2026-02-06 23:15:00,STATION_003,51.96
2026-02-06 23:30:00,STATION_003,55.14
2026-02-06 23:45:00,STATION_003,57.04
2026-02-07 00:00:00,STATION_003,58.43
2026-02-07 00:15:00,STATION_003,58.05
2026-02-07 00:30:00,STATION_003,57.22
2026-02-07 00:45:00,STATION_003,56.56
2026-02-07 01:00:00,STATION_003,55.01
2026-02-07 01:15:00,STATION_003,52.61
2026-02-07 01:30:00,STATION_003,51.52
2026-02-07 01:45:00,STATION_003,52.23
2026-02-07 02:00:00,STATION_003,51.8
2026-02-07 02:15:00,STATION_003,52.18
2026-02-07 02:30:00,STATION_003,53.28
2026-02-07 02:45:00,STATION_003,55.75
2026-02-07 03:00:00,STATION_003,57.28
2026-02-07 03:15:00,STATION_003,58.01
2026-02-07 03:30:00,STATION_003,57.0
2026-02-07 03:45:00,STATION_003,57.04
2026-02-07 04:00:00,STATION_003,57.24
2026-02-07 04:15:00,STATION_003,59.23
2026-02-07 04:30:00,STATION_003,60.71
2026-02-07 04:45:00,STATION_003,65.38
2026-02-07 05:00:00,STATION_003,65.63
2026-02-07 05:15:00,STATION_003,62.72
2026-02-07 05:30:00,STATION_003,67.85
2026-02-07 05:45:00,STATION_003,65.23
2026-02-07 06:00:00,STATION_003,68.29
2026-02-07 06:15:00,STATION_003,71.26
2026-02-07 06:30:00,STATION_003,70.53
2026-02-07 06:45:00,STATION_003,71.53
2026-02-07 07:00:00,STATION_003,73.57
2026-02-07 07:15:00,STATION_003,71.24
2026-02-07 07:30:00,STATION_003,67.72
2026-02-07 07:45:00,STATION_003,68.09
2026-02-07 08:00:00,STATION_003,66.62
2026-02-07 08:15:00,STATION_003,67.71
2026-02-07 08:30:00,STATION_003,68.7
2026-02-07 08:45:00,STATION_003,70.48
2026-02-07 09:00:00,STATION_003,73.91
2026-02-07 09:15:00,STATION_003,74.78
2026-02-07 09:30:00,STATION_003,71.35
2026-02-07 09:45:00,STATION_003,70.44
2026-02-07 10:00:00,STATION_003,71.67
2026-02-07 10:15:00,STATION_003,72.43
2026-02-07 10:30:00,STATION_003,71.85
2026-02-07 10:45:00,STATION_003,74.31
2026-02-07 11:00:00,STATION_003,75.3
2026-02-07 11:15:00,STATION_003,77.94
2026-02-07 11:30:00,STATION_003,84.29
2026-02-07 11:45:00,STATION_003,85.34
2026-02-07 12:00:00,STATION_003,89.9
2026-02-07 12:15:00,STATION_003,90.17
2026-02-07 12:30:00,STATION_003,92.54
2026-02-07 12:45:00,STATION_003,93.99
2026-02-07 13:00:00,STATION_003,5.0
2026-02-07 13:15:00,STATION_003,8.2
2026-02-07 13:30:00,STATION_003,6.05
2026-02-07 13:45:00,STATION_003,7.71
2026-02-07 14:00:00,STATION_003,8.45
2026-02-07 14:15:00,STATION_003,8.85
2026-02-07 14:30:00,STATION_003,14.81
2026-02-07 14:45:00,STATION_003,16.48
2026-02-07 15:00:00,STATION_003,18.88
2026-02-07 15:15:00,STATION_003,19.91
2026-02-07 15:30:00,STATION_003,18.74
2026-02-07 15:45:00,STATION_003,17.7
2026-02-07 16:00:00,STATION_003,20.43
2026-02-07 16:15:00,STATION_003,21.19
2026-02-07 16:30:00,STATION_003,22.8
2026-02-07 16:45:00,STATION_003,23.3
2026-02-07 17:00:00,STATION_003,24.85
2026-02-07 17:15:00,STATION_003,27.22
2026-02-07 17:30:00,STATION_003,28.12
2026-02-07 17:45:00,STATION_003,30.73
2026-02-07 18:00:00,STATION_003,31.22
2026-02-07 18:15:00,STATION_003,31.76
2026-02-07 18:30:00,STATION_003,31.15
2026-02-07 18:45:00,STATION_003,29.63
2026-02-07 19:00:00,STATION_003,32.34
2026-02-07 19:15:00,STATION_003,33.06
2026-02-07 19:30:00,STATION_003,29.79
2026-02-07 19:45:00,STATION_003,32.06
2026-02-07 20:00:00,STATION_003,33.34
2026-02-07 20:15:00,STATION_003,36.66
2026-02-07 20:30:00,STATION_003,40.22
2026-02-07 20:45:00,STATION_003,40.08
2026-02-07 21:00:00,STATION_003,45.73
2026-02-07 21:15:00,STATION_003,45.08
2026-02-07 21:30:00,STATION_003,49.57
2026-02-07 21:45:00,STATION_003,49.6
2026-02-07 22:00:00,STATION_003,54.15
2026-02-07 22:15:00,STATION_003,54.04
2026-02-07 22:30:00,STATION_003,53.05
2026-02-07 22:45:00,STATION_003,54.32
2026-02-07 23:00:00,STATION_003,54.69
2026-02-07 23:15:00,STATION_003,53.46
2026-02-07 23:30:00,STATION_003,51.6
2026-02-07 23:45:00,STATION_003,51.21
2026-02-08 00:00:00,STATION_003,55.61
2026-02-08 00:15:00,STATION_003,57.47
2026-02-08 00:30:00,STATION_003,57.96
2026-02-08 00:45:00,STATION_003,57.46
2026-02-08 01:00:00,STATION_003,58.21
2026-02-08 01:15:00,STATION_003,62.74
2026-02-08 01:30:00,STATION_003,65.16
2026-02-08 01:45:00,STATION_003,65.58
2026-02-08 02:00:00,STATION_003,66.74
2026-02-08 02:15:00,STATION_003,68.18
2026-02-08 02:30:00,STATION_003,71.34
2026-02-08 02:45:00,STATION_003,73.35
2026-02-08 03:00:00,STATION_003,73.48
2026-02-08 03:15:00,STATION_003,74.12
2026-02-08 03:30:00,STATION_003,78.1
2026-02-08 03:45:00,STATION_003,78.29
2026-02-08 04:00:00,STATION_003,82.62
2026-02-08 04:15:00,STATION_003,83.27
2026-02-08 04:30:00,STATION_003,82.49
2026-02-08 04:45:00,STATION_003,84.23
2026-02-08 05:00:00,STATION_003,89.46
2026-02-08 05:15:00,STATION_003,91.3
2026-02-08 05:30:00,STATION_003,92.21
2026-02-08 05:45:00,STATION_003,91.9
2026-02-08 06:00:00,STATION_003,89.59
2026-02-08 06:15:00,STATION_003,86.41
2026-02-08 06:30:00,STATION_003,87.48
2026-02-08 06:45:00,STATION_003,92.94
2026-02-08 07:00:00,STATION_003,5.0
2026-02-08 07:15:00,STATION_003,11.39
2026-02-08 07:30:00,STATION_003,11.32
2026-02-08 07:45:00,STATION_003,9.61
2026-02-08 08:00:00,STATION_003,11.04
2026-02-08 08:15:00,STATION_003,11.53
2026-02-08 08:30:00,STATION_003,10.86
2026-02-08 08:45:00,STATION_003,11.27
2026-02-08 09:00:00,STATION_003,16.86
2026-02-08 09:15:00,STATION_003,19.89
2026-02-08 09:30:00,STATION_003,18.94
2026-02-08 09:45:00,STATION_003,23.81
2026-02-08 10:00:00,STATION_003,25.89
2026-02-08 10:15:00,STATION_003,27.09
2026-02-08 10:30:00,STATION_003,28.26
2026-02-08 10:45:00,STATION_003,28.67
2026-02-08 11:00:00,STATION_003,31.64
2026-02-08 11:15:00,STATION_003,32.43
2026-02-08 11:30:00,STATION_003,33.12
2026-02-08 11:45:00,STATION_003,30.83
2026-02-08 12:00:00,STATION_003,36.84
2026-02-08 12:15:00,STATION_003,39.17
2026-02-08 12:30:00,STATION_003,42.47
2026-02-08 12:45:00,STATION_003,45.39
2026-02-08 13:00:00,STATION_003,47.77
2026-02-08 13:15:00,STATION_003,47.28
2026-02-08 13:30:00,STATION_003,49.48
2026-02-08 13:45:00,STATION_003,53.39
2026-02-08 14:00:00,STATION_003,54.89
2026-02-08 14:15:00,STATION_003,56.26
2026-02-08 14:30:00,STATION_003,60.9
2026-02-08 14:45:00,STATION_003,62.39
2026-02-08 15:00:00,STATION_003,64.86
2026-02-08 15:15:00,STATION_003,64.14
2026-02-08 15:30:00,STATION_003,64.57
2026-02-08 15:45:00,STATION_003,63.89
2026-02-08 16:00:00,STATION_003,65.88
2026-02-08 16:15:00,STATION_003,65.6
2026-02-08 16:30:00,STATION_003,65.7
2026-02-08 16:45:00,STATION_003,65.9
2026-02-08 17:00:00,STATION_003,65.96
2026-02-08 17:15:00,STATION_003,69.48
2026-02-08 17:30:00,STATION_003,68.36
2026-02-08 17:45:00,STATION_003,66.92
2026-02-08 18:00:00,STATION_003,65.46
2026-02-08 18:15:00,STATION_003,67.07
2026-02-08 18:30:00,STATION_003,68.94
2026-02-08 18:45:00,STATION_003,71.32
2026-02-08 19:00:00,STATION_003,71.96
2026-02-08 19:15:00,STATION_003,71.33
2026-02-08 19:30:00,STATION_003,71.97
2026-02-08 19:45:00,STATION_003,70.78
2026-02-08 20:00:00,STATION_003,72.11
2026-02-08 20:15:00,STATION_003,75.46
2026-02-08 20:30:00,STATION_003,78.84
2026-02-08 20:45:00,STATION_003,79.29
2026-02-08 21:00:00,STATION_003,80.19
2026-02-08 21:15:00,STATION_003,79.92
2026-02-08 21:30:00,STATION_003,80.07
2026-02-08 21:45:00,STATION_003,82.01
2026-02-08 22:00:00,STATION_003,80.5
2026-02-08 22:15:00,STATION_003,82.35
2026-02-08 22:30:00,STATION_003,80.63
2026-02-08 22:45:00,STATION_003,80.57
2026-02-08 23:00:00,STATION_003,82.84
2026-02-08 23:15:00,STATION_003,82.41
2026-02-08 23:30:00,STATION_003,82.14
2026-02-08 23:45:00,STATION_003,83.68
2026-02-09 00:00:00,STATION_003,84.25
2026-02-09 00:15:00,STATION_003,84.31
2026-02-09 00:30:00,STATION_003,85.86
2026-02-09 00:45:00,STATION_003,85.5
2026-02-09 01:00:00,STATION_003,87.92
2026-02-09 01:15:00,STATION_003,88.79
2026-02-09 01:30:00,STATION_003,88.78
2026-02-09 01:45:00,STATION_003,92.6
2026-02-09 02:00:00,STATION_003,92.16
2026-02-09 02:15:00,STATION_003,93.51
2026-02-09 02:30:00,STATION_003,94.16
2026-02-09 02:45:00,STATION_003,5.0
2026-02-09 03:00:00,STATION_003,6.23
2026-02-09 03:15:00,STATION_003,7.53
2026-02-09 03:30:00,STATION_003,8.44
2026-02-09 03:45:00,STATION_003,4.35
2026-02-09 04:00:00,STATION_003,6.61
2026-02-09 04:15:00,STATION_003,5.73
2026-02-09 04:30:00,STATION_003,5.41
2026-02-09 04:45:00,STATION_003,9.02
2026-02-09 05:00:00,STATION_003,11.81
2026-02-09 05:15:00,STATION_003,14.12
2026-02-09 05:30:00,STATION_003,14.3
2026-02-09 05:45:00,STATION_003,15.88
2026-02-09 06:00:00,STATION_003,15.52
2026-02-09 06:15:00,STATION_003,17.91
2026-02-09 06:30:00,STATION_003,20.47
2026-02-09 06:45:00,STATION_003,23.46
2026-02-09 07:00:00,STATION_003,27.56
2026-02-09 07:15:00,STATION_003,25.51
2026-02-09 07:30:00,STATION_003,26.99
2026-02-09 07:45:00,STATION_003,29.75
2026-02-09 08:00:00,STATION_003,30.67
2026-02-09 08:15:00,STATION_003,31.81
2026-02-09 08:30:00,STATION_003,34.6
2026-02-09 08:45:00,STATION_003,31.99
2026-02-09 09:00:00,STATION_003,34.82
2026-02-09 09:15:00,STATION_003,34.54
2026-02-09 09:30:00,STATION_003,33.38
2026-02-09 09:45:00,STATION_003,31.84
2026-02-09 10:00:00,STATION_003,30.46
2026-02-09 10:15:00,STATION_003,28.9
2026-02-09 10:30:00,STATION_003,27.64
2026-02-09 10:45:00,STATION_003,28.62
2026-02-09 11:00:00,STATION_003,27.62
2026-02-09 11:15:00,STATION_003,27.04
2026-02-09 11:30:00,STATION_003,25.07
2026-02-09 11:45:00,STATION_003,27.6
2026-02-09 12:00:00,STATION_003,31.36
2026-02-09 12:15:00,STATION_003,31.86
2026-02-09 12:30:00,STATION_003,39.63
2026-02-09 12:45:00,STATION_003,45.84
2026-02-09 13:00:00,STATION_003,49.22
2026-02-09 13:15:00,STATION_003,52.81
2026-02-09 13:30:00,STATION_003,55.76
2026-02-09 13:45:00,STATION_003,59.21
2026-02-09 14:00:00,STATION_003,58.75
2026-02-09 14:15:00,STATION_003,60.04
2026-02-09 14:30:00,STATION_003,63.19
2026-02-09 14:45:00,STATION_003,68.05
2026-02-09 15:00:00,STATION_003,70.92
2026-02-09 15:15:00,STATION_003,73.81
2026-02-09 15:30:00,STATION_003,74.35
2026-02-09 15:45:00,STATION_003,76.83
2026-02-09 16:00:00,STATION_003,79.49
2026-02-09 16:15:00,STATION_003,79.13
2026-02-09 16:30:00,STATION_003,81.32
2026-02-09 16:45:00,STATION_003,81.43
2026-02-09 17:00:00,STATION_003,80.73
2026-02-09 17:15:00,STATION_003,79.84
2026-02-09 17:30:00,STATION_003,80.55
2026-02-09 17:45:00,STATION_003,80.25
2026-02-09 18:00:00,STATION_003,84.15
2026-02-09 18:15:00,STATION_003,87.24
2026-02-09 18:30:00,STATION_003,83.1
2026-02-09 18:45:00,STATION_003,83.2
2026-02-09 19:00:00,STATION_003,86.47
2026-02-09 19:15:00,STATION_003,90.77
2026-02-09 19:30:00,STATION_003,90.89
2026-02-09 19:45:00,STATION_003,91.33
2026-02-09 20:00:00,STATION_003,93.73
2026-02-09 20:15:00,STATION_003,5.0
2026-02-09 20:30:00,STATION_003,7.92
2026-02-09 20:45:00,STATION_003,14.9
2026-02-09 21:00:00,STATION_003,15.9
2026-02-09 21:15:00,STATION_003,17.88
2026-02-09 21:30:00,STATION_003,19.12
2026-02-09 21:45:00,STATION_003,21.51
2026-02-09 22:00:00,STATION_003,24.35
2026-02-09 22:15:00,STATION_003,27.67
2026-02-09 22:30:00,STATION_003,30.29
2026-02-09 22:45:00,STATION_003,30.69
2026-02-09 23:00:00,STATION_003,31.2
2026-02-09 23:15:00,STATION_003,28.51
2026-02-09 23:30:00,STATION_003,29.56
2026-02-09 23:45:00,STATION_003,29.62
2026-02-10 00:00:00,STATION_003,30.72
2026-02-10 00:15:00,STATION_003,30.33
2026-02-10 00:30:00,STATION_003,31.0
2026-02-10 00:45:00,STATION_003,29.96
2026-02-10 01:00:00,STATION_003,34.66
2026-02-10 01:15:00,STATION_003,38.0
2026-02-10 01:30:00,STATION_003,37.88
2026-02-10 01:45:00,STATION_003,39.6
2026-02-10 02:00:00,STATION_003,40.25
2026-02-10 02:15:00,STATION_003,38.16
2026-02-10 02:30:00,STATION_003,39.58
2026-02-10 02:45:00,STATION_003,40.95
2026-02-10 03:00:00,STATION_003,41.57
2026-02-10 03:15:00,STATION_003,45.86
2026-02-10 03:30:00,STATION_003,45.59
2026-02-10 03:45:00,STATION_003,49.38
2026-02-10 04:00:00,STATION_003,50.48
2026-02-10 04:15:00,STATION_003,54.26
2026-02-10 04:30:00,STATION_003,57.29
2026-02-10 04:45:00,STATION_003,61.0
2026-02-10 05:00:00,STATION_003,63.32
2026-02-10 05:15:00,STATION_003,66.43
2026-02-10 05:30:00,STATION_003,67.66
2026-02-10 05:45:00,STATION_003,69.8
2026-02-10 06:00:00,STATION_003,68.39
2026-02-10 06:15:00,STATION_003,69.23
2026-02-10 06:30:00,STATION_003,74.89
2026-02-10 06:45:00,STATION_003,77.19
2026-02-10 07:00:00,STATION_003,79.15
2026-02-10 07:15:00,STATION_003,80.37
2026-02-10 07:30:00,STATION_003,80.46
2026-02-10 07:45:00,STATION_003,82.2
2026-02-10 08:00:00,STATION_003,84.12
2026-02-10 08:15:00,STATION_003,81.44
2026-02-10 08:30:00,STATION_003,86.54
2026-02-10 08:45:00,STATION_003,89.16
2026-02-10 09:00:00,STATION_003,90.68
2026-02-10 09:15:00,STATION_003,88.96
2026-02-10 09:30:00,STATION_003,91.46
2026-02-10 09:45:00,STATION_003,88.4
2026-02-10 10:00:00,STATION_003,89.24
2026-02-10 10:15:00,STATION_003,84.68
2026-02-10 10:30:00,STATION_003,82.79
2026-02-10 10:45:00,STATION_003,83.81
2026-02-10 11:00:00,STATION_003,87.46
2026-02-10 11:15:00,STATION_003,89.07
2026-02-10 11:30:00,STATION_003,88.51
2026-02-10 11:45:00,STATION_003,94.19
2026-02-10 12:00:00,STATION_003,5.0
2026-02-10 12:15:00,STATION_003,4.63
2026-02-10 12:30:00,STATION_003,8.44
2026-02-10 12:45:00,STATION_003,13.23
2026-02-10 13:00:00,STATION_003,18.45
2026-02-10 13:15:00,STATION_003,25.13
2026-02-10 13:30:00,STATION_003,27.14
2026-02-10 13:45:00,STATION_003,28.77
2026-02-10 14:00:00,STATION_003,32.13
2026-02-10 14:15:00,STATION_003,36.89
2026-02-10 14:30:00,STATION_003,35.71
2026-02-10 14:45:00,STATION_003,38.51
2026-02-10 15:00:00,STATION_003,37.04
2026-02-10 15:15:00,STATION_003,38.97
2026-02-10 15:30:00,STATION_003,37.47
2026-02-10 15:45:00,STATION_003,37.45
2026-02-10 16:00:00,STATION_003,36.78
2026-02-10 16:15:00,STATION_003,35.11
2026-02-10 16:30:00,STATION_003,36.21
2026-02-10 16:45:00,STATION_003,38.57
2026-02-10 17:00:00,STATION_003,39.11
2026-02-10 17:15:00,STATION_003,41.88
2026-02-10 17:30:00,STATION_003,42.46
2026-02-10 17:45:00,STATION_003,49.43
2026-02-10 18:00:00,STATION_003,52.89
2026-02-10 18:15:00,STATION_003,51.73
2026-02-10 18:30:00,STATION_003,51.12
2026-02-10 18:45:00,STATION_003,53.52
2026-02-10 19:00:00,STATION_003,59.0
2026-02-10 19:15:00,STATION_003,58.73
2026-02-10 19:30:00,STATION_003,64.74
2026-02-10 19:45:00,STATION_003,65.9
2026-02-10 20:00:00,STATION_003,70.15
2026-02-10 20:15:00,STATION_003,73.29
2026-02-10 20:30:00,STATION_003,76.65
2026-02-10 20:45:00,STATION_003,82.69
2026-02-10 21:00:00,STATION_003,82.87
2026-02-10 21:15:00,STATION_003,83.18
2026-02-10 21:30:00,STATION_003,86.26
2026-02-10 21:45:00,STATION_003,88.9
2026-02-10 22:00:00,STATION_003,86.63
2026-02-10 22:15:00,STATION_003,85.48
2026-02-10 22:30:00,STATION_003,84.7
2026-02-10 22:45:00,STATION_003,84.7
2026-02-10 23:00:00,STATION_003,82.2
2026-02-10 23:15:00,STATION_003,82.06
2026-02-10 23:30:00,STATION_003,85.72
2026-02-10 23:45:00,STATION_003,87.68
2026-02-11 00:00:00,STATION_003,89.57
2026-02-11 00:15:00,STATION_003,90.25
2026-02-11 00:30:00,STATION_003,89.42
2026-02-11 00:45:00,STATION_003,90.11
2026-02-11 01:00:00,STATION_003,94.26
2026-02-11 01:15:00,STATION_003,5.0
2026-02-11 01:30:00,STATION_003,8.1
2026-02-11 01:45:00,STATION_003,10.61
2026-02-11 02:00:00,STATION_003,9.41
2026-02-11 02:15:00,STATION_003,9.2
2026-02-11 02:30:00,STATION_003,11.15
2026-02-11 02:45:00,STATION_003,13.47
2026-02-11 03:00:00,STATION_003,14.83
2026-02-11 03:15:00,STATION_003,15.75
2026-02-11 03:30:00,STATION_003,21.7
2026-02-11 03:45:00,STATION_003,21.36
2026-02-11 04:00:00,STATION_003,27.4
2026-02-11 04:15:00,STATION_003,30.48
2026-02-11 04:30:00,STATION_003,29.39
2026-02-11 04:45:00,STATION_003,34.44
2026-02-11 05:00:00,STATION_003,34.49
2026-02-11 05:15:00,STATION_003,32.66
2026-02-11 05:30:00,STATION_003,33.3
2026-02-11 05:45:00,STATION_003,30.34
2026-02-11 06:00:00,STATION_003,31.21
2026-02-11 06:15:00,STATION_003,31.39
2026-02-11 06:30:00,STATION_003,36.39
2026-02-11 06:45:00,STATION_003,38.68
2026-02-11 07:00:00,STATION_003,40.91
2026-02-11 07:15:00,STATION_003,41.39
2026-02-11 07:30:00,STATION_003,42.38
2026-02-11 07:45:00,STATION_003,43.84
2026-02-11 08:00:00,STATION_003,45.92
2026-02-11 08:15:00,STATION_003,44.04
2026-02-11 08:30:00,STATION_003,39.22
2026-02-11 08:45:00,STATION_003,37.15
2026-02-11 09:00:00,STATION_003,38.59
2026-02-11 09:15:00,STATION_003,40.35
2026-02-11 09:30:00,STATION_003,42.63
2026-02-11 09:45:00,STATION_003,42.05
2026-02-11 10:00:00,STATION_003,44.2
2026-02-11 10:15:00,STATION_003,43.58
2026-02-11 10:30:00,STATION_003,46.4
2026-02-11 10:45:00,STATION_003,48.52
2026-02-11 11:00:00,STATION_003,49.38
2026-02-11 11:15:00,STATION_003,53.87
2026-02-11 11:30:00,STATION_003,53.57
2026-02-11 11:45:00,STATION_003,55.85
2026-02-11 12:00:00,STATION_003,56.15
2026-02-11 12:15:00,STATION_003,56.43
2026-02-11 12:30:00,STATION_003,55.97
2026-02-11 12:45:00,STATION_003,59.37
2026-02-11 13:00:00,STATION_003,64.62
2026-02-11 13:15:00,STATION_003,66.24
2026-02-11 13:30:00,STATION_003,67.5
2026-02-11 13:45:00,STATION_003,69.05
2026-02-11 14:00:00,STATION_003,70.13
2026-02-11 14:15:00,STATION_003,70.24
2026-02-11 14:30:00,STATION_003,73.32
2026-02-11 14:45:00,STATION_003,71.85
2026-02-11 15:00:00,STATION_003,78.11
2026-02-11 15:15:00,STATION_003,75.17
2026-02-11 15:30:00,STATION_003,77.18
2026-02-11 15:45:00,STATION_003,77.08
2026-02-11 16:00:00,STATION_003,80.61
2026-02-11 16:15:00,STATION_003,79.14
2026-02-11 16:30:00,STATION_003,80.23
2026-02-11 16:45:00,STATION_003,80.73
2026-02-11 17:00:00,STATION_003,78.99
2026-02-11 17:15:00,STATION_003,80.18
2026-02-11 17:30:00,STATION_003,80.23
2026-02-11 17:45:00,STATION_003,83.89
2026-02-11 18:00:00,STATION_003,89.11
2026-02-11 18:15:00,STATION_003,92.87
2026-02-11 18:30:00,STATION_003,94.06
2026-02-11 18:45:00,STATION_003,5.0
2026-02-11 19:00:00,STATION_003,8.41
2026-02-11 19:15:00,STATION_003,13.97
2026-02-11 19:30:00,STATION_003,15.47
2026-02-11 19:45:00,STATION_003,19.53
2026-02-11 20:00:00,STATION_003,23.01
2026-02-11 20:15:00,STATION_003,27.01
2026-02-11 20:30:00,STATION_003,29.54
2026-02-11 20:45:00,STATION_003,32.89
2026-02-11 21:00:00,STATION_003,35.99
2026-02-11 21:15:00,STATION_003,34.81
2026-02-11 21:30:00,STATION_003,37.19
2026-02-11 21:45:00,STATION_003,37.05
2026-02-11 22:00:00,STATION_003,37.78
2026-02-11 22:15:00,STATION_003,37.11
2026-02-11 22:30:00,STATION_003,37.64
2026-02-11 22:45:00,STATION_003,36.14
2026-02-11 23:00:00,STATION_003,37.51
2026-02-11 23:15:00,STATION_003,37.66
2026-02-11 23:30:00,STATION_003,38.61
2026-02-11 23:45:00,STATION_003,33.47
2026-02-12 00:00:00,STATION_003,33.86
2026-02-12 00:15:00,STATION_003,36.25
2026-02-12 00:30:00,STATION_003,37.41
2026-02-12 00:45:00,STATION_003,38.91
2026-02-12 01:00:00,STATION_003,40.17
2026-02-12 01:15:00,STATION_003,39.06
2026-02-12 01:30:00,STATION_003,42.14
2026-02-12 01:45:00,STATION_003,43.42
2026-02-12 02:00:00,STATION_003,40.22
2026-02-12 02:15:00,STATION_003,39.08
2026-02-12 02:30:00,STATION_003,41.36
2026-02-12 02:45:00,STATION_003,45.61
2026-02-12 03:00:00,STATION_003,43.69
2026-02-12 03:15:00,STATION_003,45.02
2026-02-12 03:30:00,STATION_003,47.6
2026-02-12 03:45:00,STATION_003,49.03
2026-02-12 04:00:00,STATION_003,49.75
2026-02-12 04:15:00,STATION_003,51.05
2026-02-12 04:30:00,STATION_003,50.18
2026-02-12 04:45:00,STATION_003,51.44
2026-02-12 05:00:00,STATION_003,56.82
2026-02-12 05:15:00,STATION_003,58.16
2026-02-12 05:30:00,STATION_003,57.09
2026-02-12 05:45:00,STATION_003,56.63
2026-02-12 06:00:00,STATION_003,59.57
2026-02-12 06:15:00,STATION_003,62.04
2026-02-12 06:30:00,STATION_003,64.3
2026-02-12 06:45:00,STATION_003,65.08
2026-02-12 07:00:00,STATION_003,65.21
2026-02-12 07:15:00,STATION_003,62.26
2026-02-12 07:30:00,STATION_003,59.85
2026-02-12 07:45:00,STATION_003,61.85
2026-02-12 08:00:00,STATION_003,62.98
2026-02-12 08:15:00,STATION_003,62.61
2026-02-12 08:30:00,STATION_003,66.67
2026-02-12 08:45:00,STATION_003,68.64
2026-02-12 09:00:00,STATION_003,70.91
2026-02-12 09:15:00,STATION_003,70.53
2026-02-12 09:30:00,STATION_003,70.44
2026-02-12 09:45:00,STATION_003,71.24
2026-02-12 10:00:00,STATION_003,73.81
2026-02-12 10:15:00,STATION_003,73.26
2026-02-12 10:30:00,STATION_003,72.47
2026-02-12 10:45:00,STATION_003,75.57
2026-02-12 11:00:00,STATION_003,74.08
2026-02-12 11:15:00,STATION_003,76.35
2026-02-12 11:30:00,STATION_003,80.67
2026-02-12 11:45:00,STATION_003,78.61
2026-02-12 12:00:00,STATION_003,81.43
2026-02-12 12:15:00,STATION_003,83.72
2026-02-12 12:30:00,STATION_003,89.8
2026-02-12 12:45:00,STATION_003,94.41
2026-02-12 13:00:00,STATION_003,5.0
2026-02-12 13:15:00,STATION_003,8.26
2026-02-12 13:30:00,STATION_003,11.79
2026-02-12 13:45:00,STATION_003,16.68
2026-02-12 14:00:00,STATION_003,19.57
2026-02-12 14:15:00,STATION_003,16.34
2026-02-12 14:30:00,STATION_003,16.25
2026-02-12 14:45:00,STATION_003,18.16
2026-02-12 15:00:00,STATION_003,17.46
2026-02-12 15:15:00,STATION_003,17.67
2026-02-12 15:30:00,STATION_003,19.11
2026-02-12 15:45:00,STATION_003,22.04
2026-02-12 16:00:00,STATION_003,23.15
2026-02-12 16:15:00,STATION_003,23.12
2026-02-12 16:30:00,STATION_003,26.21
2026-02-12 16:45:00,STATION_003,26.59
2026-02-12 17:00:00,STATION_003,28.82
2026-02-12 17:15:00,STATION_003,24.91
2026-02-12 17:30:00,STATION_003,27.81
2026-02-12 17:45:00,STATION_003,28.7
2026-02-12 18:00:00,STATION_003,30.78
2026-02-12 18:15:00,STATION_003,33.37
2026-02-12 18:30:00,STATION_003,39.3
2026-02-12 18:45:00,STATION_003,41.62
2026-02-12 19:00:00,STATION_003,43.75
2026-02-12 19:15:00,STATION_003,50.88
2026-02-12 19:30:00,STATION_003,54.15
2026-02-12 19:45:00,STATION_003,53.77
2026-02-12 20:00:00,STATION_003,55.62
2026-02-12 20:15:00,STATION_003,56.43
2026-02-12 20:30:00,STATION_003,58.66
2026-02-12 20:45:00,STATION_003,59.83
2026-02-12 21:00:00,STATION_003,60.43
2026-02-12 21:15:00,STATION_003,58.84
2026-02-12 21:30:00,STATION_003,62.61
2026-02-12 21:45:00,STATION_003,64.12
2026-02-12 22:00:00,STATION_003,62.48
2026-02-12 22:15:00,STATION_003,60.22
2026-02-12 22:30:00,STATION_003,58.73
2026-02-12 22:45:00,STATION_003,60.18
2026-02-12 23:00:00,STATION_003,60.78
2026-02-12 23:15:00,STATION_003,65.19
2026-02-12 23:30:00,STATION_003,67.89
2026-02-12 23:45:00,STATION_003,70.14
2026-02-13 00:00:00,STATION_003,71.96
2026-02-13 00:15:00,STATION_003,70.39
2026-02-13 00:30:00,STATION_003,70.0
2026-02-13 00:45:00,STATION_003,71.84
2026-02-13 01:00:00,STATION_003,72.17
2026-02-13 01:15:00,STATION_003,72.37
2026-02-13 01:30:00,STATION_003,72.95
2026-02-13 01:45:00,STATION_003,72.68
2026-02-13 02:00:00,STATION_003,73.66
2026-02-13 02:15:00,STATION_003,73.6
2026-02-13 02:30:00,STATION_003,72.52
2026-02-13 02:45:00,STATION_003,74.23
2026-02-13 03:00:00,STATION_003,75.87
2026-02-13 03:15:00,STATION_003,73.9
2026-02-13 03:30:00,STATION_003,75.14
2026-02-13 03:45:00,STATION_003,78.5
2026-02-13 04:00:00,STATION_003,77.98
2026-02-13 04:15:00,STATION_003,79.52
2026-02-13 04:30:00,STATION_003,79.34
2026-02-13 04:45:00,STATION_003,77.26
2026-02-13 05:00:00,STATION_003,76.44
2026-02-13 05:15:00,STATION_003,80.09
2026-02-13 05:30:00,STATION_003,81.08
2026-02-13 05:45:00,STATION_003,81.24
2026-02-13 06:00:00,STATION_003,80.72
2026-02-13 06:15:00,STATION_003,81.54
2026-02-13 06:30:00,STATION_003,81.77
2026-02-13 06:45:00,STATION_003,83.21
2026-02-13 07:00:00,STATION_003,84.05
2026-02-13 07:15:00,STATION_003,86.46
2026-02-13 07:30:00,STATION_003,87.02
2026-02-13 07:45:00,STATION_003,87.75
2026-02-13 08:00:00,STATION_003,87.99
2026-02-13 08:15:00,STATION_003,90.51
2026-02-13 08:30:00,STATION_003,89.75
2026-02-13 08:45:00,STATION_003,91.04
2026-02-13 09:00:00,STATION_003,87.01
2026-02-13 09:15:00,STATION_003,90.88
2026-02-13 09:30:00,STATION_003,89.66
2026-02-13 09:45:00,STATION_003,91.08
2026-02-13 10:00:00,STATION_003,5.0
2026-02-13 10:15:00,STATION_003,5.33
2026-02-13 10:30:00,STATION_003,7.69
2026-02-13 10:45:00,STATION_003,11.48
2026-02-13 11:00:00,STATION_003,12.87
2026-02-13 11:15:00,STATION_003,13.05
2026-02-13 11:30:00,STATION_003,11.22
2026-02-13 11:45:00,STATION_003,9.39
2026-02-13 12:00:00,STATION_003,11.97
2026-02-13 12:15:00,STATION_003,11.37
2026-02-13 12:30:00,STATION_003,20.65
2026-02-13 12:45:00,STATION_003,25.99
2026-02-13 13:00:00,STATION_003,33.51
2026-02-13 13:15:00,STATION_003,33.71
2026-02-13 13:30:00,STATION_003,39.07
2026-02-13 13:45:00,STATION_003,47.09
2026-02-13 14:00:00,STATION_003,46.95
2026-02-13 14:15:00,STATION_003,50.17
2026-02-13 14:30:00,STATION_003,51.04
2026-02-13 14:45:00,STATION_003,49.43
2026-02-13 15:00:00,STATION_003,53.04
2026-02-13 15:15:00,STATION_003,54.62
2026-02-13 15:30:00,STATION_003,55.99
2026-02-13 15:45:00,STATION_003,56.09
2026-02-13 16:00:00,STATION_003,55.23
2026-02-13 16:15:00,STATION_003,62.25
2026-02-13 16:30:00,STATION_003,59.58
2026-02-13 16:45:00,STATION_003,55.64
2026-02-13 17:00:00,STATION_003,54.81
2026-02-13 17:15:00,STATION_003,55.26
2026-02-13 17:30:00,STATION_003,55.83
2026-02-13 17:45:00,STATION_003,57.29
2026-02-13 18:00:00,STATION_003,63.65
2026-02-13 18:15:00,STATION_003,67.66
2026-02-13 18:30:00,STATION_003,71.71
2026-02-13 18:45:00,STATION_003,72.41
2026-02-13 19:00:00,STATION_003,73.48
2026-02-13 19:15:00,STATION_003,78.2
2026-02-13 19:30:00,STATION_003,79.92
2026-02-13 19:45:00,STATION_003,82.09
2026-02-13 20:00:00,STATION_003,86.25
2026-02-13 20:15:00,STATION_003,91.24
2026-02-13 20:30:00,STATION_003,94.08
2026-02-13 20:45:00,STATION_003,5.0
2026-02-13 21:00:00,STATION_003,3.1
2026-02-13 21:15:00,STATION_003,4.61
2026-02-13 21:30:00,STATION_003,5.06
2026-02-13 21:45:00,STATION_003,7.64
2026-02-13 22:00:00,STATION_003,6.79
2026-02-13 22:15:00,STATION_003,8.83
2026-02-13 22:30:00,STATION_003,9.99
2026-02-13 22:45:00,STATION_003,9.53
2026-02-13 23:00:00,STATION_003,6.7
2026-02-13 23:15:00,STATION_003,7.16
2026-02-13 23:30:00,STATION_003,7.47
2026-02-13 23:45:00,STATION_003,13.02
2026-02-14 00:00:00,STATION_003,16.52
2026-02-14 00:15:00,STATION_003,16.26
2026-02-14 00:30:00,STATION_003,19.22
2026-02-14 00:45:00,STATION_003,20.49
2026-02-14 01:00:00,STATION_003,18.72
2026-02-14 01:15:00,STATION_003,17.84
2026-02-14 01:30:00,STATION_003,19.02
2026-02-14 01:45:00,STATION_003,19.54
2026-02-14 02:00:00,STATION_003,23.45
2026-02-14 02:15:00,STATION_003,24.28
2026-02-14 02:30:00,STATION_003,24.62
2026-02-14 02:45:00,STATION_003,24.3
2026-02-14 03:00:00,STATION_003,26.39
2026-02-14 03:15:00,STATION_003,25.44
2026-02-14 03:30:00,STATION_003,24.46
2026-02-14 03:45:00,STATION_003,24.06
2026-02-14 04:00:00,STATION_003,21.03
2026-02-14 04:15:00,STATION_003,18.28
2026-02-14 04:30:00,STATION_003,18.29
2026-02-14 04:45:00,STATION_003,18.85
2026-02-14 05:00:00,STATION_003,17.49
2026-02-14 05:15:00,STATION_003,15.69
2026-02-14 05:30:00,STATION_003,16.68
2026-02-14 05:45:00,STATION_003,15.41
2026-02-14 06:00:00,STATION_003,16.34
2026-02-14 06:15:00,STATION_003,18.93
2026-02-14 06:30:00,STATION_003,17.91
2026-02-14 06:45:00,STATION_003,15.76
2026-02-14 07:00:00,STATION_003,14.92
2026-02-14 07:15:00,STATION_003,14.37
2026-02-14 07:30:00,STATION_003,15.19
2026-02-14 07:45:00,STATION_003,16.03
2026-02-14 08:00:00,STATION_003,16.79
2026-02-14 08:15:00,STATION_003,19.83
2026-02-14 08:30:00,STATION_003,18.3
2026-02-14 08:45:00,STATION_003,19.23
2026-02-14 09:00:00,STATION_003,23.45
2026-02-14 09:15:00,STATION_003,24.47
2026-02-14 09:30:00,STATION_003,26.17
2026-02-14 09:45:00,STATION_003,24.07
2026-02-14 10:00:00,STATION_003,27.76
2026-02-14 10:15:00,STATION_003,30.66
2026-02-14 10:30:00,STATION_003,32.96
2026-02-14 10:45:00,STATION_003,35.63
2026-02-14 11:00:00,STATION_003,36.27
2026-02-14 11:15:00,STATION_003,37.94
2026-02-14 11:30:00,STATION_003,41.61
2026-02-14 11:45:00,STATION_003,46.01
2026-02-14 12:00:00,STATION_003,50.88
2026-02-14 12:15:00,STATION_003,51.45
2026-02-14 12:30:00,STATION_003,57.81
2026-02-14 12:45:00,STATION_003,57.01
2026-02-14 13:00:00,STATION_003,58.19
2026-02-14 13:15:00,STATION_003,59.71
2026-02-14 13:30:00,STATION_003,60.65
2026-02-14 13:45:00,STATION_003,63.47
2026-02-14 14:00:00,STATION_003,65.22
2026-02-14 14:15:00,STATION_003,64.79
2026-02-14 14:30:00,STATION_003,68.32
2026-02-14 14:45:00,STATION_003,72.09
2026-02-14 15:00:00,STATION_003,70.88
2026-02-14 15:15:00,STATION_003,70.64
2026-02-14 15:30:00,STATION_003,70.29
2026-02-14 15:45:00,STATION_003,71.39
2026-02-14 16:00:00,STATION_003,73.43
2026-02-14 16:15:00,STATION_003,76.51
2026-02-14 16:30:00,STATION_003,74.24
2026-02-14 16:45:00,STATION_003,75.22
2026-02-14 17:00:00,STATION_003,78.05
2026-02-14 17:15:00,STATION_003,81.69
2026-02-14 17:30:00,STATION_003,83.27
2026-02-14 17:45:00,STATION_003,82.56
2026-02-14 18:00:00,STATION_003,78.8
2026-02-14 18:15:00,STATION_003,79.95
2026-02-14 18:30:00,STATION_003,80.49
2026-02-14 18:45:00,STATION_003,81.92
2026-02-14 19:00:00,STATION_003,79.8
2026-02-14 19:15:00,STATION_003,83.54
2026-02-14 19:30:00,STATION_003,86.65
2026-02-14 19:45:00,STATION_003,85.19
2026-02-14 20:00:00,STATION_003,86.47
2026-02-14 20:15:00,STATION_003,85.78
2026-02-14 20:30:00,STATION_003,87.86
2026-02-14 20:45:00,STATION_003,86.56
2026-02-14 21:00:00,STATION_003,86.07
2026-02-14 21:15:00,STATION_003,91.44
2026-02-14 21:30:00,STATION_003,94.36
2026-02-14 21:45:00,STATION_003,5.0
2026-02-14 22:00:00,STATION_003,5.99
2026-02-14 22:15:00,STATION_003,7.39
2026-02-14 22:30:00,STATION_003,6.44
2026-02-14 22:45:00,STATION_003,8.84
2026-02-14 23:00:00,STATION_003,6.37
2026-02-14 23:15:00,STATION_003,8.65
2026-02-14 23:30:00,STATION_003,6.66
2026-02-14 23:45:00,STATION_003,8.05
2026-02-15 00:00:00,STATION_003,11.35
2026-02-15 00:15:00,STATION_003,13.51
2026-02-15 00:30:00,STATION_003,15.08
2026-02-15 00:45:00,STATION_003,14.85
2026-02-15 01:00:00,STATION_003,18.05
2026-02-15 01:15:00,STATION_003,18.19
2026-02-15 01:30:00,STATION_003,16.13
2026-02-15 01:45:00,STATION_003,15.17
2026-02-15 02:00:00,STATION_003,15.3
2026-02-15 02:15:00,STATION_003,19.01
2026-02-15 02:30:00,STATION_003,18.19
2026-02-15 02:45:00,STATION_003,21.52
2026-02-15 03:00:00,STATION_003,22.22
2026-02-15 03:15:00,STATION_003,22.55
2026-02-15 03:30:00,STATION_003,24.7
2026-02-15 03:45:00,STATION_003,28.81
2026-02-15 04:00:00,STATION_003,29.23
2026-02-15 04:15:00,STATION_003,29.11
2026-02-15 04:30:00,STATION_003,27.04
2026-02-15 04:45:00,STATION_003,28.97
2026-02-15 05:00:00,STATION_003,30.02
2026-02-15 05:15:00,STATION_003,28.8
2026-02-15 05:30:00,STATION_003,28.65
2026-02-15 05:45:00,STATION_003,28.3
2026-02-15 06:00:00,STATION_003,28.26
2026-02-15 06:15:00,STATION_003,28.48
2026-02-15 06:30:00,STATION_003,28.24
2026-02-15 06:45:00,STATION_003,26.6
2026-02-15 07:00:00,STATION_003,26.52
2026-02-15 07:15:00,STATION_003,32.03
2026-02-15 07:30:00,STATION_003,32.71
2026-02-15 07:45:00,STATION_003,35.99
2026-02-15 08:00:00,STATION_003,39.2
2026-02-15 08:15:00,STATION_003,39.65
2026-02-15 08:30:00,STATION_003,39.8
2026-02-15 08:45:00,STATION_003,43.65
2026-02-15 09:00:00,STATION_003,44.35
2026-02-15 09:15:00,STATION_003,42.81
2026-02-15 09:30:00,STATION_003,43.45
2026-02-15 09:45:00,STATION_003,46.51
2026-02-15 10:00:00,STATION_003,46.85
2026-02-15 10:15:00,STATION_003,49.28
2026-02-15 10:30:00,STATION_003,49.43
2026-02-15 10:45:00,STATION_003,48.62
2026-02-15 11:00:00,STATION_003,52.8
2026-02-15 11:15:00,STATION_003,57.26
2026-02-15 11:30:00,STATION_003,59.69
2026-02-15 11:45:00,STATION_003,62.79
2026-02-15 12:00:00,STATION_003,65.18
2026-02-15 12:15:00,STATION_003,68.62
2026-02-15 12:30:00,STATION_003,71.93
2026-02-15 12:45:00,STATION_003,74.4
2026-02-15 13:00:00,STATION_003,73.83
2026-02-15 13:15:00,STATION_003,74.54
2026-02-15 13:30:00,STATION_003,74.95
2026-02-15 13:45:00,STATION_003,74.24
2026-02-15 14:00:00,STATION_003,80.28
2026-02-15 14:15:00,STATION_003,83.49
2026-02-15 14:30:00,STATION_003,86.13
2026-02-15 14:45:00,STATION_003,91.06
2026-02-15 15:00:00,STATION_003,88.34
2026-02-15 15:15:00,STATION_003,86.81
2026-02-15 15:30:00,STATION_003,86.11
2026-02-15 15:45:00,STATION_003,86.49
2026-02-15 16:00:00,STATION_003,87.83
2026-02-15 16:15:00,STATION_003,88.42
2026-02-15 16:30:00,STATION_003,91.54
2026-02-15 16:45:00,STATION_003,91.03
2026-02-15 17:00:00,STATION_003,92.4
2026-02-15 17:15:00,STATION_003,93.28
2026-02-15 17:30:00,STATION_003,5.0
2026-02-15 17:45:00,STATION_003,8.55
2026-02-15 18:00:00,STATION_003,6.36
2026-02-15 18:15:00,STATION_003,5.02
2026-02-15 18:30:00,STATION_003,9.19
2026-02-15 18:45:00,STATION_003,5.66
2026-02-15 19:00:00,STATION_003,7.95
2026-02-15 19:15:00,STATION_003,8.01
2026-02-15 19:30:00,STATION_003,4.75
2026-02-15 19:45:00,STATION_003,4.87
2026-02-15 20:00:00,STATION_003,6.32
2026-02-15 20:15:00,STATION_003,6.02
2026-02-15 20:30:00,STATION_003,6.14
2026-02-15 20:45:00,STATION_003,9.01
2026-02-15 21:00:00,STATION_003,8.14
2026-02-15 21:15:00,STATION_003,10.3
2026-02-15 21:30:00,STATION_003,12.15
2026-02-15 21:45:00,STATION_003,15.76
2026-02-15 22:00:00,STATION_003,17.46
2026-02-15 22:15:00,STATION_003,13.76
2026-02-15 22:30:00,STATION_003,15.71
2026-02-15 22:45:00,STATION_003,16.01
2026-02-15 23:00:00,STATION_003,19.21
2026-02-15 23:15:00,STATION_003,22.32
2026-02-15 23:30:00,STATION_003,22.36
2026-02-15 23:45:00,STATION_003,23.7
2026-02-16 00:00:00,STATION_003,24.91
2026-02-16 00:15:00,STATION_003,27.41
2026-02-16 00:30:00,STATION_003,28.21
2026-02-16 00:45:00,STATION_003,27.31
2026-02-16 01:00:00,STATION_003,29.1
2026-02-16 01:15:00,STATION_003,28.56
2026-02-16 01:30:00,STATION_003,24.04
2026-02-16 01:45:00,STATION_003,24.3
2026-02-16 02:00:00,STATION_003,25.71
2026-02-16 02:15:00,STATION_003,25.47
2026-02-16 02:30:00,STATION_003,20.69
2026-02-16 02:45:00,STATION_003,21.45
2026-02-16 03:00:00,STATION_003,20.47
2026-02-16 03:15:00,STATION_003,20.03
2026-02-16 03:30:00,STATION_003,16.92
2026-02-16 03:45:00,STATION_003,19.25
2026-02-16 04:00:00,STATION_003,17.83
2026-02-16 04:15:00,STATION_003,18.04
2026-02-16 04:30:00,STATION_003,20.84
2026-02-16 04:45:00,STATION_003,23.84
2026-02-16 05:00:00,STATION_003,20.9
2026-02-16 05:15:00,STATION_003,21.34
2026-02-16 05:30:00,STATION_003,23.72
2026-02-16 05:45:00,STATION_003,21.41
2026-02-16 06:00:00,STATION_003,24.09
2026-02-16 06:15:00,STATION_003,25.49
2026-02-16 06:30:00,STATION_003,25.1
2026-02-16 06:45:00,STATION_003,24.45
2026-02-16 07:00:00,STATION_003,28.05
2026-02-16 07:15:00,STATION_003,28.64
2026-02-16 07:30:00,STATION_003,28.72
2026-02-16 07:45:00,STATION_003,31.01
2026-02-16 08:00:00,STATION_003,30.46
2026-02-16 08:15:00,STATION_003,32.74
2026-02-16 08:30:00,STATION_003,33.65
2026-02-16 08:45:00,STATION_003,35.2
2026-02-16 09:00:00,STATION_003,36.56
2026-02-16 09:15:00,STATION_003,38.94
2026-02-16 09:30:00,STATION_003,42.16
2026-02-16 09:45:00,STATION_003,38.73
2026-02-16 10:00:00,STATION_003,44.13
2026-02-16 10:15:00,STATION_003,44.44
2026-02-16 10:30:00,STATION_003,43.28
2026-02-16 10:45:00,STATION_003,44.18
2026-02-16 11:00:00,STATION_003,44.87
2026-02-16 11:15:00,STATION_003,50.37
2026-02-16 11:30:00,STATION_003,51.05
2026-02-16 11:45:00,STATION_003,51.99
2026-02-16 12:00:00,STATION_003,57.42
2026-02-16 12:15:00,STATION_003,59.26
2026-02-16 12:30:00,STATION_003,60.94
2026-02-16 12:45:00,STATION_003,63.07
2026-02-16 13:00:00,STATION_003,70.59
2026-02-16 13:15:00,STATION_003,74.5
2026-02-16 13:30:00,STATION_003,78.09
2026-02-16 13:45:00,STATION_003,81.6
2026-02-16 14:00:00,STATION_003,81.39
2026-02-16 14:15:00,STATION_003,81.92
2026-02-16 14:30:00,STATION_003,79.92
2026-02-16 14:45:00,STATION_003,82.47
2026-02-16 15:00:00,STATION_003,82.12
2026-02-16 15:15:00,STATION_003,83.07
2026-02-16 15:30:00,STATION_003,84.72
2026-02-16 15:45:00,STATION_003,84.14
2026-02-16 16:00:00,STATION_003,85.21
2026-02-16 16:15:00,STATION_003,89.48
2026-02-16 16:30:00,STATION_003,89.65
2026-02-16 16:45:00,STATION_003,90.57
2026-02-16 17:00:00,STATION_003,90.4
2026-02-16 17:15:00,STATION_003,88.49
2026-02-16 17:30:00,STATION_003,89.77
2026-02-16 17:45:00,STATION_003,91.87
2026-02-16 18:00:00,STATION_003,93.05
2026-02-16 18:15:00,STATION_003,5.0
2026-02-16 18:30:00,STATION_003,5.31
2026-02-16 18:45:00,STATION_003,10.42
2026-02-16 19:00:00,STATION_003,12.92
2026-02-16 19:15:00,STATION_003,13.9
2026-02-16 19:30:00,STATION_003,17.57
2026-02-16 19:45:00,STATION_003,18.73
2026-02-16 20:00:00,STATION_003,25.58
2026-02-16 20:15:00,STATION_003,29.19
2026-02-16 20:30:00,STATION_003,35.03
2026-02-16 20:45:00,STATION_003,35.31
2026-02-16 21:00:00,STATION_003,39.65
2026-02-16 21:15:00,STATION_003,42.02
2026-02-16 21:30:00,STATION_003,40.95
2026-02-16 21:45:00,STATION_003,42.58
2026-02-16 22:00:00,STATION_003,43.01
2026-02-16 22:15:00,STATION_003,44.82
2026-02-16 22:30:00,STATION_003,46.07
2026-02-16 22:45:00,STATION_003,45.05
2026-02-16 23:00:00,STATION_003,46.14
2026-02-16 23:15:00,STATION_003,46.32
2026-02-16 23:30:00,STATION_003,43.72
2026-02-16 23:45:00,STATION_003,44.93
2026-02-17 00:00:00,STATION_003,46.87
2026-02-17 00:15:00,STATION_003,46.73
2026-02-17 00:30:00,STATION_003,47.35
2026-02-17 00:45:00,STATION_003,49.33
2026-02-17 01:00:00,STATION_003,50.99
2026-02-17 01:15:00,STATION_003,47.05
2026-02-17 01:30:00,STATION_003,49.26
2026-02-17 01:45:00,STATION_003,47.93
2026-02-17 02:00:00,STATION_003,46.13
2026-02-17 02:15:00,STATION_003,49.32
2026-02-17 02:30:00,STATION_003,50.49
2026-02-17 02:45:00,STATION_003,53.36
2026-02-17 03:00:00,STATION_003,53.93
2026-02-17 03:15:00,STATION_003,52.69
2026-02-17 03:30:00,STATION_003,54.96
2026-02-17 03:45:00,STATION_003,55.9
2026-02-17 04:00:00,STATION_003,60.05
2026-02-17 04:15:00,STATION_003,62.2
2026-02-17 04:30:00,STATION_003,62.76
2026-02-17 04:45:00,STATION_003,62.37
2026-02-17 05:00:00,STATION_003,60.25
2026-02-17 05:15:00,STATION_003,63.15
2026-02-17 05:30:00,STATION_003,63.65
2026-02-17 05:45:00,STATION_003,62.87
2026-02-17 06:00:00,STATION_003,66.08
2026-02-17 06:15:00,STATION_003,66.59
2026-02-17 06:30:00,STATION_003,66.33
2026-02-17 06:45:00,STATION_003,67.42
2026-02-17 07:00:00,STATION_003,67.11
2026-02-17 07:15:00,STATION_003,69.27
2026-02-17 07:30:00,STATION_003,72.22
2026-02-17 07:45:00,STATION_003,72.47
2026-02-17 08:00:00,STATION_003,70.47
2026-02-17 08:15:00,STATION_003,73.58
2026-02-17 08:30:00,STATION_003,74.99
2026-02-17 08:45:00,STATION_003,75.42
2026-02-17 09:00:00,STATION_003,75.21
2026-02-17 09:15:00,STATION_003,77.03
2026-02-17 09:30:00,STATION_003,79.76
2026-02-17 09:45:00,STATION_003,78.4
2026-02-17 10:00:00,STATION_003,81.07
2026-02-17 10:15:00,STATION_003,83.13
2026-02-17 10:30:00,STATION_003,79.88
2026-02-17 10:45:00,STATION_003,83.54
2026-02-17 11:00:00,STATION_003,83.17
2026-02-17 11:15:00,STATION_003,84.0
2026-02-17 11:30:00,STATION_003,83.5
2026-02-17 11:45:00,STATION_003,83.46
2026-02-17 12:00:00,STATION_003,86.56
2026-02-17 12:15:00,STATION_003,89.39
2026-02-17 12:30:00,STATION_003,93.11
2026-02-17 12:45:00,STATION_003,5.0
2026-02-17 13:00:00,STATION_003,10.03
2026-02-17 13:15:00,STATION_003,14.39
2026-02-17 13:30:00,STATION_003,19.78
2026-02-17 13:45:00,STATION_003,25.59
2026-02-17 14:00:00,STATION_003,24.33
2026-02-17 14:15:00,STATION_003,26.34
2026-02-17 14:30:00,STATION_003,28.66
2026-02-17 14:45:00,STATION_003,28.19
2026-02-17 15:00:00,STATION_003,31.09
2026-02-17 15:15:00,STATION_003,34.17
2026-02-17 15:30:00,STATION_003,38.01
2026-02-17 15:45:00,STATION_003,41.29
2026-02-17 16:00:00,STATION_003,41.89
2026-02-17 16:15:00,STATION_003,41.58
2026-02-17 16:30:00,STATION_003,43.48
2026-02-17 16:45:00,STATION_003,44.39
2026-02-17 17:00:00,STATION_003,45.28
2026-02-17 17:15:00,STATION_003,45.09
2026-02-17 17:30:00,STATION_003,47.8
2026-02-17 17:45:00,STATION_003,45.62
2026-02-17 18:00:00,STATION_003,49.55
2026-02-17 18:15:00,STATION_003,54.04
2026-02-17 18:30:00,STATION_003,57.15
2026-02-17 18:45:00,STATION_003,62.11
2026-02-17 19:00:00,STATION_003,66.45
2026-02-17 19:15:00,STATION_003,67.25
2026-02-17 19:30:00,STATION_003,72.16
2026-02-17 19:45:00,STATION_003,76.41
2026-02-17 20:00:00,STATION_003,83.03
2026-02-17 20:15:00,STATION_003,86.17
2026-02-17 20:30:00,STATION_003,88.55
2026-02-17 20:45:00,STATION_003,93.0
2026-02-17 21:00:00,STATION_003,92.85
2026-02-17 21:15:00,STATION_003,93.63
2026-02-17 21:30:00,STATION_003,93.68
2026-02-17 21:45:00,STATION_003,95.0
2026-02-17 22:00:00,STATION_003,5.0
2026-02-17 22:15:00,STATION_003,6.65
2026-02-17 22:30:00,STATION_003,6.45
2026-02-17 22:45:00,STATION_003,6.51
2026-02-17 23:00:00,STATION_003,5.36
2026-02-17 23:15:00,STATION_003,5.15
2026-02-17 23:30:00,STATION_003,4.38
2026-02-17 23:45:00,STATION_003,6.92
2026-02-18 00:00:00,STATION_003,4.24
2026-02-18 00:15:00,STATION_003,3.24
2026-02-18 00:30:00,STATION_003,2.74
2026-02-18 00:45:00,STATION_003,6.07
2026-02-18 01:00:00,STATION_003,5.05
2026-02-18 01:15:00,STATION_003,5.16
2026-02-18 01:30:00,STATION_003,7.76
2026-02-18 01:45:00,STATION_003,6.43
2026-02-18 02:00:00,STATION_003,8.34
2026-02-18 02:15:00,STATION_003,7.32
2026-02-18 02:30:00,STATION_003,11.34
2026-02-18 02:45:00,STATION_003,15.59
2026-02-18 03:00:00,STATION_003,13.75
2026-02-18 03:15:00,STATION_003,17.11
2026-02-18 03:30:00,STATION_003,15.92
2026-02-18 03:45:00,STATION_003,14.72
2026-02-18 04:00:00,STATION_003,15.68
2026-02-18 04:15:00,STATION_003,13.76
2026-02-18 04:30:00,STATION_003,16.74
2026-02-18 04:45:00,STATION_003,13.37
2026-02-18 05:00:00,STATION_003,15.45
2026-02-18 05:15:00,STATION_003,15.47
2026-02-18 05:30:00,STATION_003,17.55
2026-02-18 05:45:00,STATION_003,17.51
2026-02-18 06:00:00,STATION_003,21.29
2026-02-18 06:15:00,STATION_003,20.71
2026-02-18 06:30:00,STATION_003,18.09
2026-02-18 06:45:00,STATION_003,23.74
2026-02-18 07:00:00,STATION_003,21.96
2026-02-18 07:15:00,STATION_003,26.24
2026-02-18 07:30:00,STATION_003,26.6
2026-02-18 07:45:00,STATION_003,25.98
2026-02-18 08:00:00,STATION_003,27.95
2026-02-18 08:15:00,STATION_003,26.65
2026-02-18 08:30:00,STATION_003,28.2
2026-02-18 08:45:00,STATION_003,30.09
2026-02-18 09:00:00,STATION_003,30.64
2026-02-18 09:15:00,STATION_003,29.48
2026-02-18 09:30:00,STATION_003,33.45
2026-02-18 09:45:00,STATION_003,35.11
2026-02-18 10:00:00,STATION_003,35.61
2026-02-18 10:15:00,STATION_003,38.49
2026-02-18 10:30:00,STATION_003,37.36
2026-02-18 10:45:00,STATION_003,36.19
2026-02-18 11:00:00,STATION_003,37.62
2026-02-18 11:15:00,STATION_003,41.01
2026-02-18 11:30:00,STATION_003,41.24
2026-02-18 11:45:00,STATION_003,40.72
2026-02-18 12:00:00,STATION_003,44.0
2026-02-18 12:15:00,STATION_003,47.38
2026-02-18 12:30:00,STATION_003,49.87
2026-02-18 12:45:00,STATION_003,55.32
2026-02-18 13:00:00,STATION_003,57.03
2026-02-18 13:15:00,STATION_003,56.92
2026-02-18 13:30:00,STATION_003,59.93
2026-02-18 13:45:00,STATION_003,65.8
2026-02-18 14:00:00,STATION_003,68.36
2026-02-18 14:15:00,STATION_003,71.24
2026-02-18 14:30:00,STATION_003,72.04
2026-02-18 14:45:00,STATION_003,72.21
2026-02-18 15:00:00,STATION_003,72.41
2026-02-18 15:15:00,STATION_003,73.44
2026-02-18 15:30:00,STATION_003,78.31
2026-02-18 15:45:00,STATION_003,77.38
2026-02-18 16:00:00,STATION_003,78.76
2026-02-18 16:15:00,STATION_003,78.63
2026-02-18 16:30:00,STATION_003,80.17
2026-02-18 16:45:00,STATION_003,81.83
2026-02-18 17:00:00,STATION_003,77.83
2026-02-18 17:15:00,STATION_003,77.05
2026-02-18 17:30:00,STATION_003,75.09
2026-02-18 17:45:00,STATION_003,74.31
2026-02-18 18:00:00,STATION_003,77.51
2026-02-18 18:15:00,STATION_003,82.27
2026-02-18 18:30:00,STATION_003,84.44
2026-02-18 18:45:00,STATION_003,89.58
2026-02-18 19:00:00,STATION_003,92.89
2026-02-18 19:15:00,STATION_003,93.52
2026-02-18 19:30:00,STATION_003,5.0
2026-02-18 19:45:00,STATION_003,8.1
2026-02-18 20:00:00,STATION_003,11.57
2026-02-18 20:15:00,STATION_003,15.22
2026-02-18 20:30:00,STATION_003,20.64
2026-02-18 20:45:00,STATION_003,25.66
2026-02-18 21:00:00,STATION_003,27.58
2026-02-18 21:15:00,STATION_003,27.14
2026-02-18 21:30:00,STATION_003,27.23
2026-02-18 21:45:00,STATION_003,25.92
2026-02-18 22:00:00,STATION_003,29.06
2026-02-18 22:15:00,STATION_003,25.83
2026-02-18 22:30:00,STATION_003,21.63
2026-02-18 22:45:00,STATION_003,23.85
2026-02-18 23:00:00,STATION_003,22.38
2026-02-18 23:15:00,STATION_003,26.69
2026-02-18 23:30:00,STATION_003,26.74
2026-02-18 23:45:00,STATION_003,27.25
2026-02-19 00:00:00,STATION_003,25.96
2026-02-19 00:15:00,STATION_003,29.99
2026-02-19 00:30:00,STATION_003,30.33
2026-02-19 00:45:00,STATION_003,28.06
2026-02-19 01:00:00,STATION_003,27.39
2026-02-19 01:15:00,STATION_003,28.95
2026-02-19 01:30:00,STATION_003,29.12
2026-02-19 01:45:00,STATION_003,29.85
2026-02-19 02:00:00,STATION_003,24.29
2026-02-19 02:15:00,STATION_003,24.63
2026-02-19 02:30:00,STATION_003,27.55
2026-02-19 02:45:00,STATION_003,25.61
2026-02-19 03:00:00,STATION_003,26.68
2026-02-19 03:15:00,STATION_003,28.26
2026-02-19 03:30:00,STATION_003,28.26
2026-02-19 03:45:00,STATION_003,28.37
2026-02-19 04:00:00,STATION_003,24.45
2026-02-19 04:15:00,STATION_003,21.43
2026-02-19 04:30:00,STATION_003,22.6
2026-02-19 04:45:00,STATION_003,24.98
2026-02-19 05:00:00,STATION_003,23.79
2026-02-19 05:15:00,STATION_003,28.66
2026-02-19 05:30:00,STATION_003,24.64
2026-02-19 05:45:00,STATION_003,23.27
2026-02-19 06:00:00,STATION_003,23.79
2026-02-19 06:15:00,STATION_003,25.84
2026-02-19 06:30:00,STATION_003,26.29
2026-02-19 06:45:00,STATION_003,28.38
2026-02-19 07:00:00,STATION_003,29.12
2026-02-19 07:15:00,STATION_003,33.01
2026-02-19 07:30:00,STATION_003,32.27
2026-02-19 07:45:00,STATION_003,33.02
2026-02-19 08:00:00,STATION_003,32.33
2026-02-19 08:15:00,STATION_003,35.03
2026-02-19 08:30:00,STATION_003,36.98
2026-02-19 08:45:00,STATION_003,36.21
2026-02-19 09:00:00,STATION_003,42.62
2026-02-19 09:15:00,STATION_003,44.06
2026-02-19 09:30:00,STATION_003,44.7
2026-02-19 09:45:00,STATION_003,41.45
2026-02-19 10:00:00,STATION_003,40.99
2026-02-19 10:15:00,STATION_003,40.26
2026-02-19 10:30:00,STATION_003,42.52
2026-02-19 10:45:00,STATION_003,40.66
2026-02-19 11:00:00,STATION_003,42.07
2026-02-19 11:15:00,STATION_003,42.71
2026-02-19 11:30:00,STATION_003,42.05
2026-02-19 11:45:00,STATION_003,46.38
2026-02-19 12:00:00,STATION_003,49.47
2026-02-19 12:15:00,STATION_003,53.04
2026-02-19 12:30:00,STATION_003,53.55
2026-02-19 12:45:00,STATION_003,54.1
2026-02-19 13:00:00,STATION_003,58.72
2026-02-19 13:15:00,STATION_003,60.89
2026-02-19 13:30:00,STATION_003,67.76
2026-02-19 13:45:00,STATION_003,72.31
2026-02-19 14:00:00,STATION_003,71.32
2026-02-19 14:15:00,STATION_003,75.17
2026-02-19 14:30:00,STATION_003,76.55
2026-02-19 14:45:00,STATION_003,77.13
2026-02-19 15:00:00,STATION_003,77.77
2026-02-19 15:15:00,STATION_003,75.38
2026-02-19 15:30:00,STATION_003,79.78
2026-02-19 15:45:00,STATION_003,81.87
2026-02-19 16:00:00,STATION_003,81.65
2026-02-19 16:15:00,STATION_003,83.18
2026-02-19 16:30:00,STATION_003,82.48
2026-02-19 16:45:00,STATION_003,82.9
2026-02-19 17:00:00,STATION_003,82.52
2026-02-19 17:15:00,STATION_003,83.92
2026-02-19 17:30:00,STATION_003,85.84
2026-02-19 17:45:00,STATION_003,87.73
2026-02-19 18:00:00,STATION_003,93.19
2026-02-19 18:15:00,STATION_003,5.0
2026-02-19 18:30:00,STATION_003,10.39
2026-02-19 18:45:00,STATION_003,14.32
2026-02-19 19:00:00,STATION_003,12.92
2026-02-19 19:15:00,STATION_003,16.81
2026-02-19 19:30:00,STATION_003,22.49
2026-02-19 19:45:00,STATION_003,27.94
2026-02-19 20:00:00,STATION_003,31.65
2026-02-19 20:15:00,STATION_003,36.02
2026-02-19 20:30:00,STATION_003,40.46
2026-02-19 20:45:00,STATION_003,42.44
2026-02-19 21:00:00,STATION_003,44.09
2026-02-19 21:15:00,STATION_003,44.15
2026-02-19 21:30:00,STATION_003,44.46
2026-02-19 21:45:00,STATION_003,44.18
2026-02-19 22:00:00,STATION_003,43.71
2026-02-19 22:15:00,STATION_003,44.2
2026-02-19 22:30:00,STATION_003,43.87
2026-02-19 22:45:00,STATION_003,46.73
2026-02-19 23:00:00,STATION_003,48.55
2026-02-19 23:15:00,STATION_003,49.79
2026-02-19 23:30:00,STATION_003,48.07
2026-02-19 23:45:00,STATION_003,45.39
2026-02-20 00:00:00,STATION_003,47.34
2026-02-20 00:15:00,STATION_003,49.41
2026-02-20 00:30:00,STATION_003,49.93
2026-02-20 00:45:00,STATION_003,54.22
2026-02-20 01:00:00,STATION_003,57.37
2026-02-20 01:15:00,STATION_003,54.43
2026-02-20 01:30:00,STATION_003,52.78
2026-02-20 01:45:00,STATION_003,53.54
2026-02-20 02:00:00,STATION_003,57.97
2026-02-20 02:15:00,STATION_003,58.01
2026-02-20 02:30:00,STATION_003,55.86
2026-02-20 02:45:00,STATION_003,53.67
2026-02-20 03:00:00,STATION_003,56.45
2026-02-20 03:15:00,STATION_003,57.57
2026-02-20 03:30:00,STATION_003,57.18
2026-02-20 03:45:00,STATION_003,55.64
2026-02-20 04:00:00,STATION_003,54.82
2026-02-20 04:15:00,STATION_003,55.64
2026-02-20 04:30:00,STATION_003,56.03
2026-02-20 04:45:00,STATION_003,55.81
2026-02-20 05:00:00,STATION_003,55.89
2026-02-20 05:15:00,STATION_003,57.65
2026-02-20 05:30:00,STATION_003,52.92
2026-02-20 05:45:00,STATION_003,53.12
2026-02-20 06:00:00,STATION_003,56.69
2026-02-20 06:15:00,STATION_003,55.6
2026-02-20 06:30:00,STATION_003,55.94
2026-02-20 06:45:00,STATION_003,57.17
2026-02-20 07:00:00,STATION_003,57.29
2026-02-20 07:15:00,STATION_003,61.88
2026-02-20 07:30:00,STATION_003,64.0
2026-02-20 07:45:00,STATION_003,63.75
2026-02-20 08:00:00,STATION_003,63.45
2026-02-20 08:15:00,STATION_003,64.16
2026-02-20 08:30:00,STATION_003,64.71
2026-02-20 08:45:00,STATION_003,67.87
2026-02-20 09:00:00,STATION_003,66.2
2026-02-20 09:15:00,STATION_003,68.67
2026-02-20 09:30:00,STATION_003,69.53
2026-02-20 09:45:00,STATION_003,70.57
2026-02-20 10:00:00,STATION_003,74.39
2026-02-20 10:15:00,STATION_003,75.27
2026-02-20 10:30:00,STATION_003,73.65
2026-02-20 10:45:00,STATION_003,74.0
2026-02-20 11:00:00,STATION_003,75.6
2026-02-20 11:15:00,STATION_003,74.61
2026-02-20 11:30:00,STATION_003,75.8
2026-02-20 11:45:00,STATION_003,78.85
2026-02-20 12:00:00,STATION_003,83.42
2026-02-20 12:15:00,STATION_003,83.77
2026-02-20 12:30:00,STATION_003,83.11
2026-02-20 12:45:00,STATION_003,85.56
2026-02-20 13:00:00,STATION_003,87.62
2026-02-20 13:15:00,STATION_003,91.65
2026-02-20 13:30:00,STATION_003,94.15
2026-02-20 13:45:00,STATION_003,93.78
2026-02-20 14:00:00,STATION_003,92.3
2026-02-20 14:15:00,STATION_003,89.38
2026-02-20 14:30:00,STATION_003,91.24
2026-02-20 14:45:00,STATION_003,90.75
2026-02-20 15:00:00,STATION_003,93.04
2026-02-20 15:15:00,STATION_003,94.53
2026-02-20 15:30:00,STATION_003,5.0
2026-02-20 15:45:00,STATION_003,4.48
2026-02-20 16:00:00,STATION_003,7.37
2026-02-20 16:15:00,STATION_003,7.71
2026-02-20 16:30:00,STATION_003,8.39
2026-02-20 16:45:00,STATION_003,9.46
2026-02-20 17:00:00,STATION_003,8.37
2026-02-20 17:15:00,STATION_003,10.79
2026-02-20 17:30:00,STATION_003,11.67
2026-02-20 17:45:00,STATION_003,9.17
2026-02-20 18:00:00,STATION_003,12.04
2026-02-20 18:15:00,STATION_003,12.98
2026-02-20 18:30:00,STATION_003,14.85
2026-02-20 18:45:00,STATION_003,14.79
2026-02-20 19:00:00,STATION_003,23.1
2026-02-20 19:15:00,STATION_003,25.83
2026-02-20 19:30:00,STATION_003,26.91
2026-02-20 19:45:00,STATION_003,32.44
2026-02-20 20:00:00,STATION_003,35.05
2026-02-20 20:15:00,STATION_003,37.93
2026-02-20 20:30:00,STATION_003,41.46
2026-02-20 20:45:00,STATION_003,46.92
2026-02-20 21:00:00,STATION_003,46.92
2026-02-20 21:15:00,STATION_003,46.89
2026-02-20 21:30:00,STATION_003,48.15
2026-02-20 21:45:00,STATION_003,44.65
2026-02-20 22:00:00,STATION_003,49.42
2026-02-20 22:15:00,STATION_003,49.32
2026-02-20 22:30:00,STATION_003,47.75
2026-02-20 22:45:00,STATION_003,46.75
2026-02-20 23:00:00,STATION_003,46.78
2026-02-20 23:15:00,STATION_003,49.33
2026-02-20 23:30:00,STATION_003,48.45
2026-02-20 23:45:00,STATION_003,49.05
2026-02-21 00:00:00,STATION_003,50.57
2026-02-21 00:15:00,STATION_003,53.48
2026-02-21 00:30:00,STATION_003,54.43
2026-02-21 00:45:00,STATION_003,54.22
2026-02-21 01:00:00,STATION_003,54.47
2026-02-21 01:15:00,STATION_003,56.72
2026-02-21 01:30:00,STATION_003,57.25
2026-02-21 01:45:00,STATION_003,56.88
2026-02-21 02:00:00,STATION_003,60.03
2026-02-21 02:15:00,STATION_003,60.65
2026-02-21 02:30:00,STATION_003,62.49
2026-02-21 02:45:00,STATION_003,61.32
2026-02-21 03:00:00,STATION_003,65.66
2026-02-21 03:15:00,STATION_003,61.55
2026-02-21 03:30:00,STATION_003,61.91
2026-02-21 03:45:00,STATION_003,63.0
2026-02-21 04:00:00,STATION_003,65.09
2026-02-21 04:15:00,STATION_003,65.26
2026-02-21 04:30:00,STATION_003,65.5
2026-02-21 04:45:00,STATION_003,66.48
2026-02-21 05:00:00,STATION_003,69.42
2026-02-21 05:15:00,STATION_003,70.84
2026-02-21 05:30:00,STATION_003,75.46
2026-02-21 05:45:00,STATION_003,77.53
2026-02-21 06:00:00,STATION_003,78.07
2026-02-21 06:15:00,STATION_003,79.3
2026-02-21 06:30:00,STATION_003,79.89
2026-02-21 06:45:00,STATION_003,80.09
2026-02-21 07:00:00,STATION_003,84.22
2026-02-21 07:15:00,STATION_003,84.71
2026-02-21 07:30:00,STATION_003,87.21
2026-02-21 07:45:00,STATION_003,84.31
2026-02-21 08:00:00,STATION_003,86.25
2026-02-21 08:15:00,STATION_003,88.16
2026-02-21 08:30:00,STATION_003,90.11
2026-02-21 08:45:00,STATION_003,93.77
2026-02-21 09:00:00,STATION_003,93.36
2026-02-21 09:15:00,STATION_003,93.25
2026-02-21 09:30:00,STATION_003,94.08
2026-02-21 09:45:00,STATION_003,5.0
2026-02-21 10:00:00,STATION_003,8.37
2026-02-21 10:15:00,STATION_003,10.99
2026-02-21 10:30:00,STATION_003,7.39
2026-02-21 10:45:00,STATION_003,10.03
2026-02-21 11:00:00,STATION_003,12.1
2026-02-21 11:15:00,STATION_003,13.47
2026-02-21 11:30:00,STATION_003,18.14
2026-02-21 11:45:00,STATION_003,19.95
2026-02-21 12:00:00,STATION_003,21.82
2026-02-21 12:15:00,STATION_003,22.51
2026-02-21 12:30:00,STATION_003,28.19
2026-02-21 12:45:00,STATION_003,29.08
2026-02-21 13:00:00,STATION_003,33.84
2026-02-21 13:15:00,STATION_003,36.09
2026-02-21 13:30:00,STATION_003,37.99
2026-02-21 13:45:00,STATION_003,39.6
2026-02-21 14:00:00,STATION_003,42.14
2026-02-21 14:15:00,STATION_003,45.22
2026-02-21 14:30:00,STATION_003,47.96
2026-02-21 14:45:00,STATION_003,48.5
2026-02-21 15:00:00,STATION_003,50.77
2026-02-21 15:15:00,STATION_003,50.9
2026-02-21 15:30:00,STATION_003,52.03
2026-02-21 15:45:00,STATION_003,54.61
2026-02-21 16:00:00,STATION_003,53.8
2026-02-21 16:15:00,STATION_003,56.33
2026-02-21 16:30:00,STATION_003,58.86
2026-02-21 16:45:00,STATION_003,60.78
2026-02-21 17:00:00,STATION_003,60.68
2026-02-21 17:15:00,STATION_003,61.1
2026-02-21 17:30:00,STATION_003,63.02
2026-02-21 17:45:00,STATION_003,64.31
2026-02-21 18:00:00,STATION_003,65.28
2026-02-21 18:15:00,STATION_003,66.56
2026-02-21 18:30:00,STATION_003,65.17
2026-02-21 18:45:00,STATION_003,64.76
2026-02-21 19:00:00,STATION_003,65.27
2026-02-21 19:15:00,STATION_003,68.85
2026-02-21 19:30:00,STATION_003,70.8
2026-02-21 19:45:00,STATION_003,72.2
2026-02-21 20:00:00,STATION_003,72.67
2026-02-21 20:15:00,STATION_003,74.24
2026-02-21 20:30:00,STATION_003,75.89
2026-02-21 20:45:00,STATION_003,77.83
2026-02-21 21:00:00,STATION_003,78.38
2026-02-21 21:15:00,STATION_003,77.56
2026-02-21 21:30:00,STATION_003,78.19
2026-02-21 21:45:00,STATION_003,77.06
2026-02-21 22:00:00,STATION_003,78.69
2026-02-21 22:15:00,STATION_003,82.07
2026-02-21 22:30:00,STATION_003,83.46
2026-02-21 22:45:00,STATION_003,81.39
2026-02-21 23:00:00,STATION_003,79.3
2026-02-21 23:15:00,STATION_003,78.64
2026-02-21 23:30:00,STATION_003,78.15
2026-02-21 23:45:00,STATION_003,78.19
2026-02-22 00:00:00,STATION_003,81.5
2026-02-22 00:15:00,STATION_003,81.32
2026-02-22 00:30:00,STATION_003,86.05
2026-02-22 00:45:00,STATION_003,85.64
2026-02-22 01:00:00,STATION_003,89.0
2026-02-22 01:15:00,STATION_003,87.73
2026-02-22 01:30:00,STATION_003,85.34
2026-02-22 01:45:00,STATION_003,84.7
2026-02-22 02:00:00,STATION_003,84.82
2026-02-22 02:15:00,STATION_003,91.02
2026-02-22 02:30:00,STATION_003,92.11
2026-02-22 02:45:00,STATION_003,87.57
2026-02-22 03:00:00,STATION_003,90.09
2026-02-22 03:15:00,STATION_003,92.59
2026-02-22 03:30:00,STATION_003,92.66
2026-02-22 03:45:00,STATION_003,91.78
2026-02-22 04:00:00,STATION_003,93.29
2026-02-22 04:15:00,STATION_003,93.32
2026-02-22 04:30:00,STATION_003,92.9
2026-02-22 04:45:00,STATION_003,93.69
2026-02-22 05:00:00,STATION_003,5.0
2026-02-22 05:15:00,STATION_003,5.18
2026-02-22 05:30:00,STATION_003,4.14
2026-02-22 05:45:00,STATION_003,3.85
2026-02-22 06:00:00,STATION_003,3.33
2026-02-22 06:15:00,STATION_003,1.42
2026-02-22 06:30:00,STATION_003,4.52
2026-02-22 06:45:00,STATION_003,4.82
2026-02-22 07:00:00,STATION_003,6.41
2026-02-22 07:15:00,STATION_003,6.46
2026-02-22 07:30:00,STATION_003,5.8
2026-02-22 07:45:00,STATION_003,8.39
2026-02-22 08:00:00,STATION_003,8.93
2026-02-22 08:15:00,STATION_003,9.85
2026-02-22 08:30:00,STATION_003,9.37
2026-02-22 08:45:00,STATION_003,9.18
2026-02-22 09:00:00,STATION_003,10.24
2026-02-22 09:15:00,STATION_003,11.77
2026-02-22 09:30:00,STATION_003,12.22
2026-02-22 09:45:00,STATION_003,15.67
2026-02-22 10:00:00,STATION_003,18.64
2026-02-22 10:15:00,STATION_003,19.98
2026-02-22 10:30:00,STATION_003,21.47
2026-02-22 10:45:00,STATION_003,20.86
2026-02-22 11:00:00,STATION_003,22.86
2026-02-22 11:15:00,STATION_003,26.16
2026-02-22 11:30:00,STATION_003,27.88
2026-02-22 11:45:00,STATION_003,30.64
2026-02-22 12:00:00,STATION_003,31.09
2026-02-22 12:15:00,STATION_003,34.44
2026-02-22 12:30:00,STATION_003,36.95
2026-02-22 12:45:00,STATION_003,35.92
2026-02-22 13:00:00,STATION_003,35.83
2026-02-22 13:15:00,STATION_003,39.27
2026-02-22 13:30:00,STATION_003,41.55
2026-02-22 13:45:00,STATION_003,44.13
2026-02-22 14:00:00,STATION_003,47.67
2026-02-22 14:15:00,STATION_003,48.77
2026-02-22 14:30:00,STATION_003,52.3
2026-02-22 14:45:00,STATION_003,54.15
2026-02-22 15:00:00,STATION_003,53.9
2026-02-22 15:15:00,STATION_003,57.63
2026-02-22 15:30:00,STATION_003,59.94
2026-02-22 15:45:00,STATION_003,61.65
2026-02-22 16:00:00,STATION_003,61.92
2026-02-22 16:15:00,STATION_003,60.38
2026-02-22 16:30:00,STATION_003,63.08
2026-02-22 16:45:00,STATION_003,65.47
2026-02-22 17:00:00,STATION_003,66.73
2026-02-22 17:15:00,STATION_003,66.19
2026-02-22 17:30:00,STATION_003,65.55
2026-02-22 17:45:00,STATION_003,66.0
2026-02-22 18:00:00,STATION_003,69.02
2026-02-22 18:15:00,STATION_003,66.33
2026-02-22 18:30:00,STATION_003,67.82
2026-02-22 18:45:00,STATION_003,69.41
2026-02-22 19:00:00,STATION_003,70.82
2026-02-22 19:15:00,STATION_003,72.95
2026-02-22 19:30:00,STATION_003,73.47
2026-02-22 19:45:00,STATION_003,77.92
2026-02-22 20:00:00,STATION_003,80.23
2026-02-22 20:15:00,STATION_003,78.57
2026-02-22 20:30:00,STATION_003,81.45
2026-02-22 20:45:00,STATION_003,82.08
2026-02-22 21:00:00,STATION_003,85.27
2026-02-22 21:15:00,STATION_003,88.08
2026-02-22 21:30:00,STATION_003,90.0
2026-02-22 21:45:00,STATION_003,90.15
2026-02-22 22:00:00,STATION_003,92.25
2026-02-22 22:15:00,STATION_003,92.97
2026-02-22 22:30:00,STATION_003,5.0
2026-02-22 22:45:00,STATION_003,7.41
2026-02-22 23:00:00,STATION_003,11.67
2026-02-22 23:15:00,STATION_003,11.64
2026-02-22 23:30:00,STATION_003,13.92
2026-02-22 23:45:00,STATION_003,12.35
2026-02-23 00:00:00,STATION_003,14.67
2026-02-23 00:15:00,STATION_003,13.22
2026-02-23 00:30:00,STATION_003,15.74
2026-02-23 00:45:00,STATION_003,16.11
2026-02-23 01:00:00,STATION_003,16.12
2026-02-23 01:15:00,STATION_003,14.6
2026-02-23 01:30:00,STATION_003,15.58
2026-02-23 01:45:00,STATION_003,16.02
2026-02-23 02:00:00,STATION_003,14.68
2026-02-23 02:15:00,STATION_003,14.34
2026-02-23 02:30:00,STATION_003,14.87
2026-02-23 02:45:00,STATION_003,14.83
2026-02-23 03:00:00,STATION_003,17.79
2026-02-23 03:15:00,STATION_003,21.04
2026-02-23 03:30:00,STATION_003,21.96
2026-02-23 03:45:00,STATION_003,21.53
2026-02-23 04:00:00,STATION_003,20.14
2026-02-23 04:15:00,STATION_003,20.09
2026-02-23 04:30:00,STATION_003,25.58
2026-02-23 04:45:00,STATION_003,25.23
2026-02-23 05:00:00,STATION_003,24.04
2026-02-23 05:15:00,STATION_003,20.85
2026-02-23 05:30:00,STATION_003,20.46
2026-02-23 05:45:00,STATION_003,24.75
2026-02-23 06:00:00,STATION_003,27.44
2026-02-23 06:15:00,STATION_003,25.84
2026-02-23 06:30:00,STATION_003,24.06
2026-02-23 06:45:00,STATION_003,23.36
2026-02-23 07:00:00,STATION_003,23.4
2026-02-23 07:15:00,STATION_003,26.01
2026-02-23 07:30:00,STATION_003,26.25
2026-02-23 07:45:00,STATION_003,29.27
2026-02-23 08:00:00,STATION_003,32.02
2026-02-23 08:15:00,STATION_003,35.25
2026-02-23 08:30:00,STATION_003,36.73
2026-02-23 08:45:00,STATION_003,35.55
2026-02-23 09:00:00,STATION_003,34.49
2026-02-23 09:15:00,STATION_003,29.27
2026-02-23 09:30:00,STATION_003,30.43
2026-02-23 09:45:00,STATION_003,28.77
2026-02-23 10:00:00,STATION_003,26.51
2026-02-23 10:15:00,STATION_003,26.23
2026-02-23 10:30:00,STATION_003,28.38
2026-02-23 10:45:00,STATION_003,26.87
2026-02-23 11:00:00,STATION_003,29.99
2026-02-23 11:15:00,STATION_003,33.28
2026-02-23 11:30:00,STATION_003,33.66
2026-02-23 11:45:00,STATION_003,37.52
2026-02-23 12:00:00,STATION_003,38.72
2026-02-23 12:15:00,STATION_003,43.03
2026-02-23 12:30:00,STATION_003,44.6
2026-02-23 12:45:00,STATION_003,44.78
2026-02-23 13:00:00,STATION_003,43.76
2026-02-23 13:15:00,STATION_003,44.16
2026-02-23 13:30:00,STATION_003,49.34
2026-02-23 13:45:00,STATION_003,48.94
2026-02-23 14:00:00,STATION_003,50.8
2026-02-23 14:15:00,STATION_003,52.69
2026-02-23 14:30:00,STATION_003,51.79
2026-02-23 14:45:00,STATION_003,51.71
2026-02-23 15:00:00,STATION_003,51.14
2026-02-23 15:15:00,STATION_003,52.6
2026-02-23 15:30:00,STATION_003,53.8
2026-02-23 15:45:00,STATION_003,53.8
2026-02-23 16:00:00,STATION_003,52.8
2026-02-23 16:15:00,STATION_003,53.8
2026-02-23 16:30:00,STATION_003,56.37
2026-02-23 16:45:00,STATION_003,54.8
2026-02-23 17:00:00,STATION_003,55.64
2026-02-23 17:15:00,STATION_003,57.59
2026-02-23 17:30:00,STATION_003,57.17
2026-02-23 17:45:00,STATION_003,54.7
2026-02-23 18:00:00,STATION_003,53.93
2026-02-23 18:15:00,STATION_003,57.96
2026-02-23 18:30:00,STATION_003,59.96
2026-02-23 18:45:00,STATION_003,58.39
2026-02-23 19:00:00,STATION_003,59.41
2026-02-23 19:15:00,STATION_003,60.86
2026-02-23 19:30:00,STATION_003,64.71
2026-02-23 19:45:00,STATION_003,68.72
2026-02-23 20:00:00,STATION_003,70.74
2026-02-23 20:15:00,STATION_003,69.83
2026-02-23 20:30:00,STATION_003,73.91
2026-02-23 20:45:00,STATION_003,73.72
2026-02-23 21:00:00,STATION_003,76.15
2026-02-23 21:15:00,STATION_003,76.48
2026-02-23 21:30:00,STATION_003,75.5
2026-02-23 21:45:00,STATION_003,75.23
2026-02-23 22:00:00,STATION_003,75.69
2026-02-23 22:15:00,STATION_003,75.68
2026-02-23 22:30:00,STATION_003,75.92
2026-02-23 22:45:00,STATION_003,77.74
2026-02-23 23:00:00,STATION_003,79.02
2026-02-23 23:15:00,STATION_003,77.32
2026-02-23 23:30:00,STATION_003,74.66
2026-02-23 23:45:00,STATION_003,73.09
2026-02-24 00:00:00,STATION_003,74.19
2026-02-24 00:15:00,STATION_003,68.62
2026-02-24 00:30:00,STATION_003,70.47
2026-02-24 00:45:00,STATION_003,67.86
2026-02-24 01:00:00,STATION_003,67.65
2026-02-24 01:15:00,STATION_003,72.32
2026-02-24 01:30:00,STATION_003,72.84
2026-02-24 01:45:00,STATION_003,74.14
2026-02-24 02:00:00,STATION_003,77.26
2026-02-24 02:15:00,STATION_003,75.34
2026-02-24 02:30:00,STATION_003,78.12
2026-02-24 02:45:00,STATION_003,77.41
2026-02-24 03:00:00,STATION_003,78.88
2026-02-24 03:15:00,STATION_003,76.57
2026-02-24 03:30:00,STATION_003,76.51
2026-02-24 03:45:00,STATION_003,77.45
2026-02-24 04:00:00,STATION_003,76.92
2026-02-24 04:15:00,STATION_003,79.38
2026-02-24 04:30:00,STATION_003,75.79
2026-02-24 04:45:00,STATION_003,78.79
2026-02-24 05:00:00,STATION_003,79.81
2026-02-24 05:15:00,STATION_003,82.75
2026-02-24 05:30:00,STATION_003,80.47
2026-02-24 05:45:00,STATION_003,78.05
2026-02-24 06:00:00,STATION_003,81.0
2026-02-24 06:15:00,STATION_003,84.8
2026-02-24 06:30:00,STATION_003,86.51
2026-02-24 06:45:00,STATION_003,87.83
2026-02-24 07:00:00,STATION_003,90.28
2026-02-24 07:15:00,STATION_003,90.61
2026-02-24 07:30:00,STATION_003,89.91
2026-02-24 07:45:00,STATION_003,91.47
2026-02-24 08:00:00,STATION_003,91.22
2026-02-24 08:15:00,STATION_003,92.25
2026-02-24 08:30:00,STATION_003,93.56
2026-02-24 08:45:00,STATION_003,93.91
2026-02-24 09:00:00,STATION_003,5.0
2026-02-24 09:15:00,STATION_003,6.09
2026-02-24 09:30:00,STATION_003,5.2
2026-02-24 09:45:00,STATION_003,2.92
2026-02-24 10:00:00,STATION_003,4.37
2026-02-24 10:15:00,STATION_003,6.7
2026-02-24 10:30:00,STATION_003,5.57
2026-02-24 10:45:00,STATION_003,0.26
2026-02-24 11:00:00,STATION_003,0.75
2026-02-24 11:15:00,STATION_003,1.49
2026-02-24 11:30:00,STATION_003,1.19
2026-02-24 11:45:00,STATION_003,3.13
2026-02-24 12:00:00,STATION_003,7.36
2026-02-24 12:15:00,STATION_003,12.07
2026-02-24 12:30:00,STATION_003,16.66
2026-02-24 12:45:00,STATION_003,19.69
2026-02-24 13:00:00,STATION_003,23.91
2026-02-24 13:15:00,STATION_003,29.76
2026-02-24 13:30:00,STATION_003,33.6
2026-02-24 13:45:00,STATION_003,40.03
2026-02-24 14:00:00,STATION_003,40.14
2026-02-24 14:15:00,STATION_003,39.47
2026-02-24 14:30:00,STATION_003,37.04
2026-02-24 14:45:00,STATION_003,37.5
2026-02-24 15:00:00,STATION_003,37.9
2026-02-24 15:15:00,STATION_003,41.03
2026-02-24 15:30:00,STATION_003,43.32
2026-02-24 15:45:00,STATION_003,45.01
2026-02-24 16:00:00,STATION_003,47.87
2026-02-24 16:15:00,STATION_003,48.21
2026-02-24 16:30:00,STATION_003,49.65
2026-02-24 16:45:00,STATION_003,48.44
2026-02-24 17:00:00,STATION_003,50.05
2026-02-24 17:15:00,STATION_003,48.79
2026-02-24 17:30:00,STATION_003,46.65
2026-02-24 17:45:00,STATION_003,48.03
2026-02-24 18:00:00,STATION_003,50.31
2026-02-24 18:15:00,STATION_003,52.39
2026-02-24 18:30:00,STATION_003,56.06
2026-02-24 18:45:00,STATION_003,61.66
2026-02-24 19:00:00,STATION_003,62.14
2026-02-24 19:15:00,STATION_003,63.36
2026-02-24 19:30:00,STATION_003,65.69
2026-02-24 19:45:00,STATION_003,68.06
2026-02-24 20:00:00,STATION_003,75.02
2026-02-24 20:15:00,STATION_003,80.62
2026-02-24 20:30:00,STATION_003,84.74
2026-02-24 20:45:00,STATION_003,85.08
2026-02-24 21:00:00,STATION_003,84.01
2026-02-24 21:15:00,STATION_003,81.49
2026-02-24 21:30:00,STATION_003,80.66
2026-02-24 21:45:00,STATION_003,82.16
2026-02-24 22:00:00,STATION_003,84.12
2026-02-24 22:15:00,STATION_003,86.41
2026-02-24 22:30:00,STATION_003,88.67
2026-02-24 22:45:00,STATION_003,87.65
2026-02-24 23:00:00,STATION_003,90.35
2026-02-24 23:15:00,STATION_003,90.18
2026-02-24 23:30:00,STATION_003,91.0
2026-02-24 23:45:00,STATION_003,91.54
2026-02-25 00:00:00,STATION_003,89.39
2026-02-25 00:15:00,STATION_003,92.39
2026-02-25 00:30:00,STATION_003,5.0
2026-02-25 00:45:00,STATION_003,5.41
2026-02-25 01:00:00,STATION_003,4.75
2026-02-25 01:15:00,STATION_003,10.31
2026-02-25 01:30:00,STATION_003,12.61
2026-02-25 01:45:00,STATION_003,13.96
2026-02-25 02:00:00,STATION_003,13.94
2026-02-25 02:15:00,STATION_003,10.67
2026-02-25 02:30:00,STATION_003,12.88
2026-02-25 02:45:00,STATION_003,15.54
2026-02-25 03:00:00,STATION_003,11.12
2026-02-25 03:15:00,STATION_003,11.5
2026-02-25 03:30:00,STATION_003,14.18
2026-02-25 03:45:00,STATION_003,13.9
2026-02-25 04:00:00,STATION_003,15.03
2026-02-25 04:15:00,STATION_003,13.59
2026-02-25 04:30:00,STATION_003,10.96
2026-02-25 04:45:00,STATION_003,9.81
2026-02-25 05:00:00,STATION_003,9.04
2026-02-25 05:15:00,STATION_003,9.63
2026-02-25 05:30:00,STATION_003,10.51
2026-02-25 05:45:00,STATION_003,15.18
2026-02-25 06:00:00,STATION_003,16.89
2026-02-25 06:15:00,STATION_003,17.24
2026-02-25 06:30:00,STATION_003,18.55
2026-02-25 06:45:00,STATION_003,22.33
2026-02-25 07:00:00,STATION_003,26.27
2026-02-25 07:15:00,STATION_003,31.06
2026-02-25 07:30:00,STATION_003,33.01
2026-02-25 07:45:00,STATION_003,36.84
2026-02-25 08:00:00,STATION_003,38.52
2026-02-25 08:15:00,STATION_003,38.49
2026-02-25 08:30:00,STATION_003,38.74
2026-02-25 08:45:00,STATION_003,40.45
2026-02-25 09:00:00,STATION_003,43.73
2026-02-25 09:15:00,STATION_003,43.29
2026-02-25 09:30:00,STATION_003,46.47
2026-02-25 09:45:00,STATION_003,47.37
2026-02-25 10:00:00,STATION_003,48.37
2026-02-25 10:15:00,STATION_003,48.43
2026-02-25 10:30:00,STATION_003,50.56
2026-02-25 10:45:00,STATION_003,50.47
2026-02-25 11:00:00,STATION_003,57.81
2026-02-25 11:15:00,STATION_003,60.74
2026-02-25 11:30:00,STATION_003,63.95
2026-02-25 11:45:00,STATION_003,62.49
2026-02-25 12:00:00,STATION_003,61.99
2026-02-25 12:15:00,STATION_003,64.07
2026-02-25 12:30:00,STATION_003,64.86
2026-02-25 12:45:00,STATION_003,67.6
2026-02-25 13:00:00,STATION_003,67.61
2026-02-25 13:15:00,STATION_003,73.84
2026-02-25 13:30:00,STATION_003,79.57
2026-02-25 13:45:00,STATION_003,79.2
2026-02-25 14:00:00,STATION_003,80.73
2026-02-25 14:15:00,STATION_003,82.05
2026-02-25 14:30:00,STATION_003,83.22
2026-02-25 14:45:00,STATION_003,80.31
2026-02-25 15:00:00,STATION_003,82.86
2026-02-25 15:15:00,STATION_003,84.3
2026-02-25 15:30:00,STATION_003,88.52
2026-02-25 15:45:00,STATION_003,89.97
2026-02-25 16:00:00,STATION_003,90.62
2026-02-25 16:15:00,STATION_003,90.39
2026-02-25 16:30:00,STATION_003,90.93
2026-02-25 16:45:00,STATION_003,89.95
2026-02-25 17:00:00,STATION_003,89.13
2026-02-25 17:15:00,STATION_003,87.41
2026-02-25 17:30:00,STATION_003,87.76
2026-02-25 17:45:00,STATION_003,87.27
2026-02-25 18:00:00,STATION_003,87.2
2026-02-25 18:15:00,STATION_003,92.12
2026-02-25 18:30:00,STATION_003,5.0
2026-02-25 18:45:00,STATION_003,3.78
2026-02-25 19:00:00,STATION_003,6.73
2026-02-25 19:15:00,STATION_003,11.0
2026-02-25 19:30:00,STATION_003,18.22
2026-02-25 19:45:00,STATION_003,22.91
2026-02-25 20:00:00,STATION_003,22.26
2026-02-25 20:15:00,STATION_003,27.29
2026-02-25 20:30:00,STATION_003,31.54
2026-02-25 20:45:00,STATION_003,36.01
2026-02-25 21:00:00,STATION_003,37.18
2026-02-25 21:15:00,STATION_003,37.16
2026-02-25 21:30:00,STATION_003,39.64
2026-02-25 21:45:00,STATION_003,38.52
2026-02-25 22:00:00,STATION_003,38.24
2026-02-25 22:15:00,STATION_003,41.9
2026-02-25 22:30:00,STATION_003,41.75
2026-02-25 22:45:00,STATION_003,41.73
2026-02-25 23:00:00,STATION_003,41.02
2026-02-25 23:15:00,STATION_003,41.91
2026-02-25 23:30:00,STATION_003,40.4
2026-02-25 23:45:00,STATION_003,41.39
2026-02-26 00:00:00,STATION_003,41.71
2026-02-26 00:15:00,STATION_003,40.47
2026-02-26 00:30:00,STATION_003,41.47
2026-02-26 00:45:00,STATION_003,44.86
2026-02-26 01:00:00,STATION_003,44.19
2026-02-26 01:15:00,STATION_003,44.07
2026-02-26 01:30:00,STATION_003,47.07
2026-02-26 01:45:00,STATION_003,49.62
2026-02-26 02:00:00,STATION_003,49.73
2026-02-26 02:15:00,STATION_003,53.17
2026-02-26 02:30:00,STATION_003,51.79
2026-02-26 02:45:00,STATION_003,54.27
2026-02-26 03:00:00,STATION_003,54.23
2026-02-26 03:15:00,STATION_003,55.19
2026-02-26 03:30:00,STATION_003,53.02
2026-02-26 03:45:00,STATION_003,55.81
2026-02-26 04:00:00,STATION_003,55.33
2026-02-26 04:15:00,STATION_003,54.05
2026-02-26 04:30:00,STATION_003,53.63
2026-02-26 04:45:00,STATION_003,55.62
2026-02-26 05:00:00,STATION_003,59.47
2026-02-26 05:15:00,STATION_003,58.86
2026-02-26 05:30:00,STATION_003,59.82
2026-02-26 05:45:00,STATION_003,56.56
2026-02-26 06:00:00,STATION_003,58.21
2026-02-26 06:15:00,STATION_003,58.73
2026-02-26 06:30:00,STATION_003,58.97
2026-02-26 06:45:00,STATION_003,59.23
2026-02-26 07:00:00,STATION_003,59.48
2026-02-26 07:15:00,STATION_003,60.37
2026-02-26 07:30:00,STATION_003,61.32
2026-02-26 07:45:00,STATION_003,61.29
2026-02-26 08:00:00,STATION_003,63.77
2026-02-26 08:15:00,STATION_003,62.9
2026-02-26 08:30:00,STATION_003,61.93
2026-02-26 08:45:00,STATION_003,62.39
2026-02-26 09:00:00,STATION_003,60.41
2026-02-26 09:15:00,STATION_003,62.2
2026-02-26 09:30:00,STATION_003,60.57
2026-02-26 09:45:00,STATION_003,56.75
2026-02-26 10:00:00,STATION_003,56.81
2026-02-26 10:15:00,STATION_003,56.07
2026-02-26 10:30:00,STATION_003,59.49
2026-02-26 10:45:00,STATION_003,59.14
2026-02-26 11:00:00,STATION_003,58.98
2026-02-26 11:15:00,STATION_003,64.21
2026-02-26 11:30:00,STATION_003,65.78
2026-02-26 11:45:00,STATION_003,66.31
2026-02-26 12:00:00,STATION_003,71.47
2026-02-26 12:15:00,STATION_003,70.99
2026-02-26 12:30:00,STATION_003,75.01
2026-02-26 12:45:00,STATION_003,79.7
2026-02-26 13:00:00,STATION_003,84.08
2026-02-26 13:15:00,STATION_003,82.63
2026-02-26 13:30:00,STATION_003,85.22
2026-02-26 13:45:00,STATION_003,90.69
2026-02-26 14:00:00,STATION_003,88.92
2026-02-26 14:15:00,STATION_003,89.67
2026-02-26 14:30:00,STATION_003,89.86
2026-02-26 14:45:00,STATION_003,89.54
2026-02-26 15:00:00,STATION_003,87.48
2026-02-26 15:15:00,STATION_003,89.11
2026-02-26 15:30:00,STATION_003,89.71
2026-02-26 15:45:00,STATION_003,89.01
2026-02-26 16:00:00,STATION_003,91.44
2026-02-26 16:15:00,STATION_003,93.71
2026-02-26 16:30:00,STATION_003,94.38
2026-02-26 16:45:00,STATION_003,93.5
2026-02-26 17:00:00,STATION_003,91.22
2026-02-26 17:15:00,STATION_003,89.94
2026-02-26 17:30:00,STATION_003,91.49
2026-02-26 17:45:00,STATION_003,91.8
2026-02-26 18:00:00,STATION_003,92.89
2026-02-26 18:15:00,STATION_003,5.0
2026-02-26 18:30:00,STATION_003,8.65
2026-02-26 18:45:00,STATION_003,10.45
2026-02-26 19:00:00,STATION_003,15.8
2026-02-26 19:15:00,STATION_003,18.73
2026-02-26 19:30:00,STATION_003,23.0
2026-02-26 19:45:00,STATION_003,23.9
2026-02-26 20:00:00,STATION_003,24.09
2026-02-26 20:15:00,STATION_003,27.96
2026-02-26 20:30:00,STATION_003,31.73
2026-02-26 20:45:00,STATION_003,36.2
2026-02-26 21:00:00,STATION_003,35.63
2026-02-26 21:15:00,STATION_003,36.32
2026-02-26 21:30:00,STATION_003,37.19
2026-02-26 21:45:00,STATION_003,39.39
2026-02-26 22:00:00,STATION_003,41.1
2026-02-26 22:15:00,STATION_003,43.99
2026-02-26 22:30:00,STATION_003,45.06
2026-02-26 22:45:00,STATION_003,44.43
2026-02-26 23:00:00,STATION_003,43.47
2026-02-26 23:15:00,STATION_003,44.89
2026-02-26 23:30:00,STATION_003,46.57
2026-02-26 23:45:00,STATION_003,49.14
2026-02-27 00:00:00,STATION_003,49.82
2026-02-27 00:15:00,STATION_003,49.49
2026-02-27 00:30:00,STATION_003,52.34
2026-02-27 00:45:00,STATION_003,50.67
2026-02-27 01:00:00,STATION_003,50.38
2026-02-27 01:15:00,STATION_003,49.49
2026-02-27 01:30:00,STATION_003,50.25
2026-02-27 01:45:00,STATION_003,51.38
2026-02-27 02:00:00,STATION_003,51.88
2026-02-27 02:15:00,STATION_003,52.48
2026-02-27 02:30:00,STATION_003,51.16
2026-02-27 02:45:00,STATION_003,53.18
2026-02-27 03:00:00,STATION_003,52.36
2026-02-27 03:15:00,STATION_003,52.53
2026-02-27 03:30:00,STATION_003,50.28
2026-02-27 03:45:00,STATION_003,53.24
2026-02-27 04:00:00,STATION_003,50.5
2026-02-27 04:15:00,STATION_003,51.35
2026-02-27 04:30:00,STATION_003,49.29
2026-02-27 04:45:00,STATION_003,48.27
2026-02-27 05:00:00,STATION_003,46.67
2026-02-27 05:15:00,STATION_003,48.51
2026-02-27 05:30:00,STATION_003,45.19
2026-02-27 05:45:00,STATION_003,47.65
2026-02-27 06:00:00,STATION_003,47.8
2026-02-27 06:15:00,STATION_003,50.62
2026-02-27 06:30:00,STATION_003,55.09
2026-02-27 06:45:00,STATION_003,54.18
2026-02-27 07:00:00,STATION_003,51.82
2026-02-27 07:15:00,STATION_003,51.28
2026-02-27 07:30:00,STATION_003,50.84
2026-02-27 07:45:00,STATION_003,50.64
2026-02-27 08:00:00,STATION_003,51.55
2026-02-27 08:15:00,STATION_003,51.95
2026-02-27 08:30:00,STATION_003,51.61
2026-02-27 08:45:00,STATION_003,49.59
2026-02-27 09:00:00,STATION_003,54.29
2026-02-27 09:15:00,STATION_003,54.85
2026-02-27 09:30:00,STATION_003,56.91
2026-02-27 09:45:00,STATION_003,57.28
2026-02-27 10:00:00,STATION_003,56.24
2026-02-27 10:15:00,STATION_003,59.04
2026-02-27 10:30:00,STATION_003,60.98
2026-02-27 10:45:00,STATION_003,60.71
2026-02-27 11:00:00,STATION_003,60.35
2026-02-27 11:15:00,STATION_003,61.35
2026-02-27 11:30:00,STATION_003,61.61
2026-02-27 11:45:00,STATION_003,59.31
2026-02-27 12:00:00,STATION_003,62.82
2026-02-27 12:15:00,STATION_003,64.58
2026-02-27 12:30:00,STATION_003,71.34
2026-02-27 12:45:00,STATION_003,74.08
2026-02-27 13:00:00,STATION_003,77.76
2026-02-27 13:15:00,STATION_003,79.3
2026-02-27 13:30:00,STATION_003,83.17
2026-02-27 13:45:00,STATION_003,84.23
2026-02-27 14:00:00,STATION_003,83.58
2026-02-27 14:15:00,STATION_003,84.99
2026-02-27 14:30:00,STATION_003,84.72
2026-02-27 14:45:00,STATION_003,84.84
2026-02-27 15:00:00,STATION_003,83.58
2026-02-27 15:15:00,STATION_003,82.44
2026-02-27 15:30:00,STATION_003,81.05
2026-02-27 15:45:00,STATION_003,82.37
2026-02-27 16:00:00,STATION_003,81.14
2026-02-27 16:15:00,STATION_003,82.28
2026-02-27 16:30:00,STATION_003,86.38
2026-02-27 16:45:00,STATION_003,83.84
2026-02-27 17:00:00,STATION_003,89.54
2026-02-27 17:15:00,STATION_003,92.11
2026-02-27 17:30:00,STATION_003,93.7
2026-02-27 17:45:00,STATION_003,5.0
2026-02-27 18:00:00,STATION_003,5.11
2026-02-27 18:15:00,STATION_003,7.67
2026-02-27 18:30:00,STATION_003,10.74
2026-02-27 18:45:00,STATION_003,16.25
2026-02-27 19:00:00,STATION_003,19.78
2026-02-27 19:15:00,STATION_003,26.08
2026-02-27 19:30:00,STATION_003,30.75
2026-02-27 19:45:00,STATION_003,32.5
2026-02-27 20:00:00,STATION_003,38.86
2026-02-27 20:15:00,STATION_003,42.36
2026-02-27 20:30:00,STATION_003,46.35
2026-02-27 20:45:00,STATION_003,48.79
2026-02-27 21:00:00,STATION_003,50.66
2026-02-27 21:15:00,STATION_003,50.55
2026-02-27 21:30:00,STATION_003,50.79
2026-02-27 21:45:00,STATION_003,51.53
2026-02-27 22:00:00,STATION_003,52.68
2026-02-27 22:15:00,STATION_003,52.14
2026-02-27 22:30:00,STATION_003,51.37
2026-02-27 22:45:00,STATION_003,49.69
2026-02-27 23:00:00,STATION_003,52.92
2026-02-27 23:15:00,STATION_003,53.96
2026-02-27 23:30:00,STATION_003,53.27
2026-02-27 23:45:00,STATION_003,55.61
2026-02-28 00:00:00,STATION_003,54.07
2026-02-28 00:15:00,STATION_003,56.42
2026-02-28 00:30:00,STATION_003,55.81
2026-02-28 00:45:00,STATION_003,55.51
2026-02-28 01:00:00,STATION_003,53.47
2026-02-28 01:15:00,STATION_003,53.59
2026-02-28 01:30:00,STATION_003,56.03
2026-02-28 01:45:00,STATION_003,53.36
2026-02-28 02:00:00,STATION_003,54.33
2026-02-28 02:15:00,STATION_003,55.0
2026-02-28 02:30:00,STATION_003,56.92
2026-02-28 02:45:00,STATION_003,60.88
2026-02-28 03:00:00,STATION_003,61.15
2026-02-28 03:15:00,STATION_003,62.08
2026-02-28 03:30:00,STATION_003,63.45
2026-02-28 03:45:00,STATION_003,67.2
2026-02-28 04:00:00,STATION_003,67.97
2026-02-28 04:15:00,STATION_003,70.92
2026-02-28 04:30:00,STATION_003,70.84
2026-02-28 04:45:00,STATION_003,70.28
2026-02-28 05:00:00,STATION_003,70.25
2026-02-28 05:15:00,STATION_003,69.95
2026-02-28 05:30:00,STATION_003,68.94
2026-02-28 05:45:00,STATION_003,67.31
2026-02-28 06:00:00,STATION_003,68.43
2026-02-28 06:15:00,STATION_003,69.82
2026-02-28 06:30:00,STATION_003,73.59
2026-02-28 06:45:00,STATION_003,73.72
2026-02-28 07:00:00,STATION_003,76.16
2026-02-28 07:15:00,STATION_003,74.46
2026-02-28 07:30:00,STATION_003,77.64
2026-02-28 07:45:00,STATION_003,72.85
2026-02-28 08:00:00,STATION_003,74.01
2026-02-28 08:15:00,STATION_003,72.49
2026-02-28 08:30:00,STATION_003,76.18
2026-02-28 08:45:00,STATION_003,74.73
2026-02-28 09:00:00,STATION_003,74.31
2026-02-28 09:15:00,STATION_003,76.88
2026-02-28 09:30:00,STATION_003,78.91
2026-02-28 09:45:00,STATION_003,77.68
2026-02-28 10:00:00,STATION_003,77.09
2026-02-28 10:15:00,STATION_003,77.75
2026-02-28 10:30:00,STATION_003,74.31
2026-02-28 10:45:00,STATION_003,76.94
2026-02-28 11:00:00,STATION_003,79.56
2026-02-28 11:15:00,STATION_003,82.25
2026-02-28 11:30:00,STATION_003,87.13
2026-02-28 11:45:00,STATION_003,86.54
2026-02-28 12:00:00,STATION_003,85.92
2026-02-28 12:15:00,STATION_003,89.17
2026-02-28 12:30:00,STATION_003,92.56
2026-02-28 12:45:00,STATION_003,93.14
2026-02-28 13:00:00,STATION_003,5.0
2026-02-28 13:15:00,STATION_003,10.09
2026-02-28 13:30:00,STATION_003,14.04
2026-02-28 13:45:00,STATION_003,16.84
2026-02-28 14:00:00,STATION_003,16.65
2026-02-28 14:15:00,STATION_003,19.36
2026-02-28 14:30:00,STATION_003,20.27
2026-02-28 14:45:00,STATION_003,23.05
2026-02-28 15:00:00,STATION_003,22.96
2026-02-28 15:15:00,STATION_003,22.63
2026-02-28 15:30:00,STATION_003,23.57
2026-02-28 15:45:00,STATION_003,26.83
2026-02-28 16:00:00,STATION_003,26.4
2026-02-28 16:15:00,STATION_003,25.14
2026-02-28 16:30:00,STATION_003,24.64
2026-02-28 16:45:00,STATION_003,26.59
2026-02-28 17:00:00,STATION_003,26.48
2026-02-28 17:15:00,STATION_003,26.19
2026-02-28 17:30:00,STATION_003,28.15
2026-02-28 17:45:00,STATION_003,27.65
2026-02-28 18:00:00,STATION_003,25.65
2026-02-28 18:15:00,STATION_003,28.66
2026-02-28 18:30:00,STATION_003,29.51
2026-02-28 18:45:00,STATION_003,32.19
2026-02-28 19:00:00,STATION_003,33.79
2026-02-28 19:15:00,STATION_003,38.67
2026-02-28 19:30:00,STATION_003,41.35
2026-02-28 19:45:00,STATION_003,42.53
2026-02-28 20:00:00,STATION_003,44.36
2026-02-28 20:15:00,STATION_003,45.68
2026-02-28 20:30:00,STATION_003,47.15
2026-02-28 20:45:00,STATION_003,47.94
2026-02-28 21:00:00,STATION_003,49.14
2026-02-28 21:15:00,STATION_003,48.03
2026-02-28 21:30:00,STATION_003,48.35
2026-02-28 21:45:00,STATION_003,49.32
2026-02-28 22:00:00,STATION_003,47.59
2026-02-28 22:15:00,STATION_003,49.45
2026-02-28 22:30:00,STATION_003,46.05
2026-02-28 22:45:00,STATION_003,47.24
2026-02-28 23:00:00,STATION_003,45.99
2026-02-28 23:15:00,STATION_003,47.57
2026-02-28 23:30:00,STATION_003,46.66
2026-02-28 23:45:00,STATION_003,45.93
2026-03-01 00:00:00,STATION_003,43.8
2026-03-01 00:15:00,STATION_003,45.12
2026-03-01 00:30:00,STATION_003,44.55
2026-03-01 00:45:00,STATION_003,44.28
2026-03-01 01:00:00,STATION_003,46.2
2026-03-01 01:15:00,STATION_003,46.36
2026-03-01 01:30:00,STATION_003,43.62
2026-03-01 01:45:00,STATION_003,44.97
2026-03-01 02:00:00,STATION_003,45.4
2026-03-01 02:15:00,STATION_003,47.53
2026-03-01 02:30:00,STATION_003,45.56
2026-03-01 02:45:00,STATION_003,44.44
2026-03-01 03:00:00,STATION_003,44.87
2026-03-01 03:15:00,STATION_003,47.37
2026-03-01 03:30:00,STATION_003,49.62
2026-03-01 03:45:00,STATION_003,49.16
2026-03-01 04:00:00,STATION_003,51.88
2026-03-01 04:15:00,STATION_003,55.8
2026-03-01 04:30:00,STATION_003,52.29
2026-03-01 04:45:00,STATION_003,49.78
2026-03-01 05:00:00,STATION_003,52.79
2026-03-01 05:15:00,STATION_003,53.45
2026-03-01 05:30:00,STATION_003,55.03
2026-03-01 05:45:00,STATION_003,59.59
2026-03-01 06:00:00,STATION_003,60.32
2026-03-01 06:15:00,STATION_003,63.3
2026-03-01 06:30:00,STATION_003,63.24
2026-03-01 06:45:00,STATION_003,63.59
2026-03-01 07:00:00,STATION_003,63.21
2026-03-01 07:15:00,STATION_003,64.32
2026-03-01 07:30:00,STATION_003,63.94
2026-03-01 07:45:00,STATION_003,69.89
2026-03-01 08:00:00,STATION_003,73.08
2026-03-01 08:15:00,STATION_003,74.2
2026-03-01 08:30:00,STATION_003,72.77
2026-03-01 08:45:00,STATION_003,76.47
2026-03-01 09:00:00,STATION_003,75.27
2026-03-01 09:15:00,STATION_003,74.9
2026-03-01 09:30:00,STATION_003,73.51
2026-03-01 09:45:00,STATION_003,70.07
2026-03-01 10:00:00,STATION_003,71.81
2026-03-01 10:15:00,STATION_003,73.59
2026-03-01 10:30:00,STATION_003,72.97
2026-03-01 10:45:00,STATION_003,74.32
2026-03-01 11:00:00,STATION_003,78.05
2026-03-01 11:15:00,STATION_003,81.27
2026-03-01 11:30:00,STATION_003,81.8
2026-03-01 11:45:00,STATION_003,85.84
2026-03-01 12:00:00,STATION_003,90.4
2026-03-01 12:15:00,STATION_003,5.0
2026-03-01 12:30:00,STATION_003,7.48
2026-03-01 12:45:00,STATION_003,7.91
2026-03-01 13:00:00,STATION_003,11.63
2026-03-01 13:15:00,STATION_003,15.1
2026-03-01 13:30:00,STATION_003,16.62
2026-03-01 13:45:00,STATION_003,18.86
2026-03-01 14:00:00,STATION_003,23.49
2026-03-01 14:15:00,STATION_003,27.51
2026-03-01 14:30:00,STATION_003,30.77
2026-03-01 14:45:00,STATION_003,32.78
2026-03-01 15:00:00,STATION_003,33.36
2026-03-01 15:15:00,STATION_003,35.07
2026-03-01 15:30:00,STATION_003,36.32
2026-03-01 15:45:00,STATION_003,40.94
2026-03-01 16:00:00,STATION_003,38.62
2026-03-01 16:15:00,STATION_003,38.18
2026-03-01 16:30:00,STATION_003,35.69
2026-03-01 16:45:00,STATION_003,33.7
2026-03-01 17:00:00,STATION_003,33.66
2026-03-01 17:15:00,STATION_003,39.37
2026-03-01 17:30:00,STATION_003,40.16
2026-03-01 17:45:00,STATION_003,42.62
2026-03-01 18:00:00,STATION_003,45.18
2026-03-01 18:15:00,STATION_003,47.15
2026-03-01 18:30:00,STATION_003,49.12
2026-03-01 18:45:00,STATION_003,48.79
2026-03-01 19:00:00,STATION_003,46.67
2026-03-01 19:15:00,STATION_003,45.22
2026-03-01 19:30:00,STATION_003,44.62
2026-03-01 19:45:00,STATION_003,44.96
2026-03-01 20:00:00,STATION_003,45.66
2026-03-01 20:15:00,STATION_003,45.16
2026-03-01 20:30:00,STATION_003,45.3
2026-03-01 20:45:00,STATION_003,43.62
2026-03-01 21:00:00,STATION_003,44.94
2026-03-01 21:15:00,STATION_003,44.98
2026-03-01 21:30:00,STATION_003,46.84
2026-03-01 21:45:00,STATION_003,48.42
2026-03-01 22:00:00,STATION_003,48.26
2026-03-01 22:15:00,STATION_003,47.09
2026-03-01 22:30:00,STATION_003,50.68
2026-03-01 22:45:00,STATION_003,50.86
2026-03-01 23:00:00,STATION_003,50.27
2026-03-01 23:15:00,STATION_003,52.3
2026-03-01 23:30:00,STATION_003,54.57
2026-03-01 23:45:00,STATION_003,56.02
2026-03-02 00:00:00,STATION_003,58.15
2026-03-02 00:15:00,STATION_003,58.01
2026-03-02 00:30:00,STATION_003,60.62
2026-03-02 00:45:00,STATION_003,62.85
2026-03-02 01:00:00,STATION_003,64.54
2026-03-02 01:15:00,STATION_003,67.2
2026-03-02 01:30:00,STATION_003,69.31
2026-03-02 01:45:00,STATION_003,70.57
2026-03-02 02:00:00,STATION_003,69.52
2026-03-02 02:15:00,STATION_003,71.14
2026-03-02 02:30:00,STATION_003,71.77
2026-03-02 02:45:00,STATION_003,75.37
2026-03-02 03:00:00,STATION_003,79.15
2026-03-02 03:15:00,STATION_003,79.85
2026-03-02 03:30:00,STATION_003,82.17
2026-03-02 03:45:00,STATION_003,79.99
2026-03-02 04:00:00,STATION_003,82.26
2026-03-02 04:15:00,STATION_003,84.76
2026-03-02 04:30:00,STATION_003,86.64
2026-03-02 04:45:00,STATION_003,89.65
2026-03-02 05:00:00,STATION_003,92.24
2026-03-02 05:15:00,STATION_003,5.0
2026-03-02 05:30:00,STATION_003,9.06
2026-03-02 05:45:00,STATION_003,9.57
2026-03-02 06:00:00,STATION_003,10.98
2026-03-02 06:15:00,STATION_003,12.15
2026-03-02 06:30:00,STATION_003,9.41
2026-03-02 06:45:00,STATION_003,9.42
2026-03-02 07:00:00,STATION_003,9.56
2026-03-02 07:15:00,STATION_003,11.21
2026-03-02 07:30:00,STATION_003,8.38
2026-03-02 07:45:00,STATION_003,9.45
2026-03-02 08:00:00,STATION_003,9.84
2026-03-02 08:15:00,STATION_003,8.84
2026-03-02 08:30:00,STATION_003,8.27
2026-03-02 08:45:00,STATION_003,6.99
2026-03-02 09:00:00,STATION_003,6.84
2026-03-02 09:15:00,STATION_003,9.7
2026-03-02 09:30:00,STATION_003,11.2
2026-03-02 09:45:00,STATION_003,12.92
2026-03-02 10:00:00,STATION_003,16.54
2026-03-02 10:15:00,STATION_003,16.52
2026-03-02 10:30:00,STATION_003,18.33
2026-03-02 10:45:00,STATION_003,22.25
2026-03-02 11:00:00,STATION_003,24.22
2026-03-02 11:15:00,STATION_003,24.36
2026-03-02 11:30:00,STATION_003,23.6
2026-03-02 11:45:00,STATION_003,23.9
2026-03-02 12:00:00,STATION_003,26.9
2026-03-02 12:15:00,STATION_003,30.72
2026-03-02 12:30:00,STATION_003,32.79
2026-03-02 12:45:00,STATION_003,35.75
2026-03-02 13:00:00,STATION_003,37.31
2026-03-02 13:15:00,STATION_003,41.21
2026-03-02 13:30:00,STATION_003,42.74
2026-03-02 13:45:00,STATION_003,47.13
2026-03-02 14:00:00,STATION_003,47.34
2026-03-02 14:15:00,STATION_003,45.73
2026-03-02 14:30:00,STATION_003,46.73
2026-03-02 14:45:00,STATION_003,47.67
2026-03-02 15:00:00,STATION_003,49.73
2026-03-02 15:15:00,STATION_003,50.38
2026-03-02 15:30:00,STATION_003,56.02
2026-03-02 15:45:00,STATION_003,57.96
2026-03-02 16:00:00,STATION_003,57.23
2026-03-02 16:15:00,STATION_003,60.27
2026-03-02 16:30:00,STATION_003,64.02
2026-03-02 16:45:00,STATION_003,67.1
2026-03-02 17:00:00,STATION_003,68.62
2026-03-02 17:15:00,STATION_003,72.2
2026-03-02 17:30:00,STATION_003,73.19
2026-03-02 17:45:00,STATION_003,73.12
2026-03-02 18:00:00,STATION_003,78.23
2026-03-02 18:15:00,STATION_003,77.99
2026-03-02 18:30:00,STATION_003,80.19
2026-03-02 18:45:00,STATION_003,81.02
2026-03-02 19:00:00,STATION_003,83.61
2026-03-02 19:15:00,STATION_003,87.17
2026-03-02 19:30:00,STATION_003,90.51
2026-03-02 19:45:00,STATION_003,91.47
2026-03-02 20:00:00,STATION_003,94.22
2026-03-02 20:15:00,STATION_003,5.0
2026-03-02 20:30:00,STATION_003,8.05
2026-03-02 20:45:00,STATION_003,7.95
2026-03-02 21:00:00,STATION_003,7.63
2026-03-02 21:15:00,STATION_003,6.61
2026-03-02 21:30:00,STATION_003,8.44
2026-03-02 21:45:00,STATION_003,8.93
2026-03-02 22:00:00,STATION_003,11.0
2026-03-02 22:15:00,STATION_003,11.39
2026-03-02 22:30:00,STATION_003,12.16
2026-03-02 22:45:00,STATION_003,14.69
2026-03-02 23:00:00,STATION_003,13.28
2026-03-02 23:15:00,STATION_003,15.58
2026-03-02 23:30:00,STATION_003,14.66
2026-03-02 23:45:00,STATION_003,11.96
2026-03-03 00:00:00,STATION_003,10.89
2026-03-03 00:15:00,STATION_003,13.51
2026-03-03 00:30:00,STATION_003,16.58
2026-03-03 00:45:00,STATION_003,15.55
2026-03-03 01:00:00,STATION_003,16.37
2026-03-03 01:15:00,STATION_003,16.31
2026-03-03 01:30:00,STATION_003,18.88
2026-03-03 01:45:00,STATION_003,19.28
2026-03-03 02:00:00,STATION_003,18.44
2026-03-03 02:15:00,STATION_003,20.63
2026-03-03 02:30:00,STATION_003,20.72
2026-03-03 02:45:00,STATION_003,23.62
2026-03-03 03:00:00,STATION_003,20.22
2026-03-03 03:15:00,STATION_003,20.52
2026-03-03 03:30:00,STATION_003,19.9
2026-03-03 03:45:00,STATION_003,21.33
2026-03-03 04:00:00,STATION_003,24.69
2026-03-03 04:15:00,STATION_003,23.62
2026-03-03 04:30:00,STATION_003,23.66
2026-03-03 04:45:00,STATION_003,24.11
2026-03-03 05:00:00,STATION_003,24.64
2026-03-03 05:15:00,STATION_003,23.6
2026-03-03 05:30:00,STATION_003,21.77
2026-03-03 05:45:00,STATION_003,19.3
2026-03-03 06:00:00,STATION_003,18.64
2026-03-03 06:15:00,STATION_003,21.17
2026-03-03 06:30:00,STATION_003,24.88
2026-03-03 06:45:00,STATION_003,27.67
2026-03-03 07:00:00,STATION_003,29.89
2026-03-03 07:15:00,STATION_003,31.01
2026-03-03 07:30:00,STATION_003,35.77
2026-03-03 07:45:00,STATION_003,36.86
2026-03-03 08:00:00,STATION_003,38.38
2026-03-03 08:15:00,STATION_003,40.52
2026-03-03 08:30:00,STATION_003,43.38
2026-03-03 08:45:00,STATION_003,40.62
2026-03-03 09:00:00,STATION_003,38.01
2026-03-03 09:15:00,STATION_003,34.15
2026-03-03 09:30:00,STATION_003,33.65
2026-03-03 09:45:00,STATION_003,35.89
2026-03-03 10:00:00,STATION_003,38.85
2026-03-03 10:15:00,STATION_003,40.6
2026-03-03 10:30:00,STATION_003,40.77
2026-03-03 10:45:00,STATION_003,42.1
2026-03-03 11:00:00,STATION_003,45.67
2026-03-03 11:15:00,STATION_003,43.64
2026-03-03 11:30:00,STATION_003,42.94
2026-03-03 11:45:00,STATION_003,44.62
2026-03-03 12:00:00,STATION_003,49.02
2026-03-03 12:15:00,STATION_003,54.66
2026-03-03 12:30:00,STATION_003,53.68
2026-03-03 12:45:00,STATION_003,57.89
2026-03-03 13:00:00,STATION_003,57.44
2026-03-03 13:15:00,STATION_003,56.23
2026-03-03 13:30:00,STATION_003,59.97
2026-03-03 13:45:00,STATION_003,62.0
2026-03-03 14:00:00,STATION_003,64.72
2026-03-03 14:15:00,STATION_003,61.31
2026-03-03 14:30:00,STATION_003,60.97
2026-03-03 14:45:00,STATION_003,61.2
2026-03-03 15:00:00,STATION_003,61.94
2026-03-03 15:15:00,STATION_003,61.15
2026-03-03 15:30:00,STATION_003,61.07
2026-03-03 15:45:00,STATION_003,59.87
2026-03-03 16:00:00,STATION_003,59.19
2026-03-03 16:15:00,STATION_003,59.99
2026-03-03 16:30:00,STATION_003,60.11
2026-03-03 16:45:00,STATION_003,59.76
2026-03-03 17:00:00,STATION_003,57.85
2026-03-03 17:15:00,STATION_003,57.51
2026-03-03 17:30:00,STATION_003,55.83
2026-03-03 17:45:00,STATION_003,55.68
2026-03-03 18:00:00,STATION_003,59.07
2026-03-03 18:15:00,STATION_003,63.91
2026-03-03 18:30:00,STATION_003,68.78
2026-03-03 18:45:00,STATION_003,70.36
2026-03-03 19:00:00,STATION_003,75.81
2026-03-03 19:15:00,STATION_003,80.14
2026-03-03 19:30:00,STATION_003,84.55
2026-03-03 19:45:00,STATION_003,88.35
2026-03-03 20:00:00,STATION_003,94.71
2026-03-03 20:15:00,STATION_003,5.0
2026-03-03 20:30:00,STATION_003,9.95
2026-03-03 20:45:00,STATION_003,12.39
2026-03-03 21:00:00,STATION_003,15.3
2026-03-03 21:15:00,STATION_003,14.58
2026-03-03 21:30:00,STATION_003,12.71
2026-03-03 21:45:00,STATION_003,14.28
2026-03-03 22:00:00,STATION_003,18.53
2026-03-03 22:15:00,STATION_003,17.18
2026-03-03 22:30:00,STATION_003,17.54
2026-03-03 22:45:00,STATION_003,18.8
2026-03-03 23:00:00,STATION_003,22.18
2026-03-03 23:15:00,STATION_003,22.2
2026-03-03 23:30:00,STATION_003,23.84
2026-03-03 23:45:00,STATION_003,27.7
2026-03-04 00:00:00,STATION_003,24.85
2026-03-04 00:15:00,STATION_003,22.54
2026-03-04 00:30:00,STATION_003,24.18
2026-03-04 00:45:00,STATION_003,24.97
2026-03-04 01:00:00,STATION_003,27.97
2026-03-04 01:15:00,STATION_003,28.94
2026-03-04 01:30:00,STATION_003,27.4
2026-03-04 01:45:00,STATION_003,28.43
2026-03-04 02:00:00,STATION_003,31.8
2026-03-04 02:15:00,STATION_003,33.13
2026-03-04 02:30:00,STATION_003,30.28
2026-03-04 02:45:00,STATION_003,28.28
2026-03-04 03:00:00,STATION_003,27.44
2026-03-04 03:15:00,STATION_003,29.2
2026-03-04 03:30:00,STATION_003,31.44
2026-03-04 03:45:00,STATION_003,31.1
2026-03-04 04:00:00,STATION_003,30.74
2026-03-04 04:15:00,STATION_003,30.19
2026-03-04 04:30:00,STATION_003,34.63
2026-03-04 04:45:00,STATION_003,35.37
2026-03-04 05:00:00,STATION_003,37.52
2026-03-04 05:15:00,STATION_003,40.13
2026-03-04 05:30:00,STATION_003,40.98
2026-03-04 05:45:00,STATION_003,39.59
2026-03-04 06:00:00,STATION_003,45.4
2026-03-04 06:15:00,STATION_003,43.17
2026-03-04 06:30:00,STATION_003,44.58
2026-03-04 06:45:00,STATION_003,43.67
2026-03-04 07:00:00,STATION_003,47.92
2026-03-04 07:15:00,STATION_003,48.53
2026-03-04 07:30:00,STATION_003,48.14
2026-03-04 07:45:00,STATION_003,47.48
2026-03-04 08:00:00,STATION_003,49.88
2026-03-04 08:15:00,STATION_003,50.93
2026-03-04 08:30:00,STATION_003,52.21
2026-03-04 08:45:00,STATION_003,53.37
2026-03-04 09:00:00,STATION_003,52.57
2026-03-04 09:15:00,STATION_003,55.92
2026-03-04 09:30:00,STATION_003,57.22
2026-03-04 09:45:00,STATION_003,61.67
2026-03-04 10:00:00,STATION_003,59.75
2026-03-04 10:15:00,STATION_003,60.25
2026-03-04 10:30:00,STATION_003,58.98
2026-03-04 10:45:00,STATION_003,62.58
2026-03-04 11:00:00,STATION_003,61.56
2026-03-04 11:15:00,STATION_003,61.33
2026-03-04 11:30:00,STATION_003,61.33
2026-03-04 11:45:00,STATION_003,64.08
2026-03-04 12:00:00,STATION_003,64.97
2026-03-04 12:15:00,STATION_003,66.97
2026-03-04 12:30:00,STATION_003,71.27
2026-03-04 12:45:00,STATION_003,74.09
2026-03-04 13:00:00,STATION_003,78.37
2026-03-04 13:15:00,STATION_003,81.4
2026-03-04 13:30:00,STATION_003,85.99
2026-03-04 13:45:00,STATION_003,90.75
2026-03-04 14:00:00,STATION_003,91.18
2026-03-04 14:15:00,STATION_003,92.45
2026-03-04 14:30:00,STATION_003,91.95
2026-03-04 14:45:00,STATION_003,91.58
2026-03-04 15:00:00,STATION_003,93.28
2026-03-04 15:15:00,STATION_003,5.0
2026-03-04 15:30:00,STATION_003,5.21
2026-03-04 15:45:00,STATION_003,7.67
2026-03-04 16:00:00,STATION_003,7.07
2026-03-04 16:15:00,STATION_003,8.2
2026-03-04 16:30:00,STATION_003,6.57
2026-03-04 16:45:00,STATION_003,7.03
2026-03-04 17:00:00,STATION_003,7.48
2026-03-04 17:15:00,STATION_003,7.2
2026-03-04 17:30:00,STATION_003,11.2
2026-03-04 17:45:00,STATION_003,7.8
2026-03-04 18:00:00,STATION_003,15.06
2026-03-04 18:15:00,STATION_003,17.76
2026-03-04 18:30:00,STATION_003,21.12
2026-03-04 18:45:00,STATION_003,23.06
2026-03-04 19:00:00,STATION_003,27.76
2026-03-04 19:15:00,STATION_003,28.14
2026-03-04 19:30:00,STATION_003,29.81
2026-03-04 19:45:00,STATION_003,35.5
2026-03-04 20:00:00,STATION_003,41.72
2026-03-04 20:15:00,STATION_003,46.59
2026-03-04 20:30:00,STATION_003,50.13
2026-03-04 20:45:00,STATION_003,54.35
2026-03-04 21:00:00,STATION_003,52.91
2026-03-04 21:15:00,STATION_003,58.55
2026-03-04 21:30:00,STATION_003,59.01
2026-03-04 21:45:00,STATION_003,57.35
2026-03-04 22:00:00,STATION_003,55.05
2026-03-04 22:15:00,STATION_003,56.34
2026-03-04 22:30:00,STATION_003,54.84
2026-03-04 22:45:00,STATION_003,57.89
2026-03-04 23:00:00,STATION_003,58.63
2026-03-04 23:15:00,STATION_003,61.95
2026-03-04 23:30:00,STATION_003,60.53
2026-03-04 23:45:00,STATION_003,62.35
2026-03-05 00:00:00,STATION_003,62.78
2026-03-05 00:15:00,STATION_003,63.77
2026-03-05 00:30:00,STATION_003,65.98
2026-03-05 00:45:00,STATION_003,68.85
2026-03-05 01:00:00,STATION_003,71.66
2026-03-05 01:15:00,STATION_003,75.65
2026-03-05 01:30:00,STATION_003,74.13
2026-03-05 01:45:00,STATION_003,73.39
2026-03-05 02:00:00,STATION_003,71.85
2026-03-05 02:15:00,STATION_003,74.58
2026-03-05 02:30:00,STATION_003,75.8
2026-03-05 02:45:00,STATION_003,80.22
2026-03-05 03:00:00,STATION_003,82.21
2026-03-05 03:15:00,STATION_003,79.62
2026-03-05 03:30:00,STATION_003,79.48
2026-03-05 03:45:00,STATION_003,80.74
2026-03-05 04:00:00,STATION_003,83.58
2026-03-05 04:15:00,STATION_003,84.83
2026-03-05 04:30:00,STATION_003,84.36
2026-03-05 04:45:00,STATION_003,82.45
2026-03-05 05:00:00,STATION_003,82.14
2026-03-05 05:15:00,STATION_003,81.22
2026-03-05 05:30:00,STATION_003,81.34
2026-03-05 05:45:00,STATION_003,82.84
2026-03-05 06:00:00,STATION_003,81.79
2026-03-05 06:15:00,STATION_003,78.13
2026-03-05 06:30:00,STATION_003,80.7
2026-03-05 06:45:00,STATION_003,82.32
2026-03-05 07:00:00,STATION_003,86.13
2026-03-05 07:15:00,STATION_003,89.46
2026-03-05 07:30:00,STATION_003,91.67
2026-03-05 07:45:00,STATION_003,5.0
2026-03-05 08:00:00,STATION_003,5.08
2026-03-05 08:15:00,STATION_003,4.36
2026-03-05 08:30:00,STATION_003,9.16
2026-03-05 08:45:00,STATION_003,7.85
2026-03-05 09:00:00,STATION_003,8.29
2026-03-05 09:15:00,STATION_003,9.43
2026-03-05 09:30:00,STATION_003,8.05
2026-03-05 09:45:00,STATION_003,8.41
2026-03-05 10:00:00,STATION_003,5.97
2026-03-05 10:15:00,STATION_003,4.97
2026-03-05 10:30:00,STATION_003,7.98
2026-03-05 10:45:00,STATION_003,9.37
2026-03-05 11:00:00,STATION_003,9.45
2026-03-05 11:15:00,STATION_003,13.27
2026-03-05 11:30:00,STATION_003,15.18
2026-03-05 11:45:00,STATION_003,14.86
2026-03-05 12:00:00,STATION_003,16.93
2026-03-05 12:15:00,STATION_003,22.67
2026-03-05 12:30:00,STATION_003,20.93
2026-03-05 12:45:00,STATION_003,24.42
2026-03-05 13:00:00,STATION_003,27.9
2026-03-05 13:15:00,STATION_003,31.31
2026-03-05 13:30:00,STATION_003,35.66
2026-03-05 13:45:00,STATION_003,37.79
2026-03-05 14:00:00,STATION_003,33.77
2026-03-05 14:15:00,STATION_003,34.47
2026-03-05 14:30:00,STATION_003,34.16
2026-03-05 14:45:00,STATION_003,35.62
2026-03-05 15:00:00,STATION_003,37.7
2026-03-05 15:15:00,STATION_003,38.44
2026-03-05 15:30:00,STATION_003,37.42
2026-03-05 15:45:00,STATION_003,38.73
2026-03-05 16:00:00,STATION_003,40.92
2026-03-05 16:15:00,STATION_003,40.48
2026-03-05 16:30:00,STATION_003,42.68
2026-03-05 16:45:00,STATION_003,41.53
2026-03-05 17:00:00,STATION_003,37.81
2026-03-05 17:15:00,STATION_003,38.45
2026-03-05 17:30:00,STATION_003,39.68
2026-03-05 17:45:00,STATION_003,39.32
2026-03-05 18:00:00,STATION_003,38.87
2026-03-05 18:15:00,STATION_003,42.4
2026-03-05 18:30:00,STATION_003,43.04
2026-03-05 18:45:00,STATION_003,47.28
2026-03-05 19:00:00,STATION_003,54.74
2026-03-05 19:15:00,STATION_003,56.41
2026-03-05 19:30:00,STATION_003,59.89
2026-03-05 19:45:00,STATION_003,62.08
2026-03-05 20:00:00,STATION_003,65.24
2026-03-05 20:15:00,STATION_003,69.7
2026-03-05 20:30:00,STATION_003,73.28
2026-03-05 20:45:00,STATION_003,76.21
2026-03-05 21:00:00,STATION_003,76.42
2026-03-05 21:15:00,STATION_003,77.9
2026-03-05 21:30:00,STATION_003,79.16
2026-03-05 21:45:00,STATION_003,76.8
2026-03-05 22:00:00,STATION_003,77.92
2026-03-05 22:15:00,STATION_003,76.25
2026-03-05 22:30:00,STATION_003,78.89
2026-03-05 22:45:00,STATION_003,77.65
2026-03-05 23:00:00,STATION_003,77.01
2026-03-05 23:15:00,STATION_003,74.65
2026-03-05 23:30:00,STATION_003,76.27
2026-03-05 23:45:00,STATION_003,76.7
2026-03-06 00:00:00,STATION_003,79.75
2026-03-06 00:15:00,STATION_003,77.92
2026-03-06 00:30:00,STATION_003,77.79
2026-03-06 00:45:00,STATION_003,81.08
2026-03-06 01:00:00,STATION_003,80.87
2026-03-06 01:15:00,STATION_003,81.7
2026-03-06 01:30:00,STATION_003,82.61
2026-03-06 01:45:00,STATION_003,84.23
2026-03-06 02:00:00,STATION_003,88.86
2026-03-06 02:15:00,STATION_003,88.98
2026-03-06 02:30:00,STATION_003,89.87
2026-03-06 02:45:00,STATION_003,91.21
2026-03-06 03:00:00,STATION_003,90.95
2026-03-06 03:15:00,STATION_003,94.12
2026-03-06 03:30:00,STATION_003,92.76
2026-03-06 03:45:00,STATION_003,94.43
2026-03-06 04:00:00,STATION_003,5.0
2026-03-06 04:15:00,STATION_003,7.63
2026-03-06 04:30:00,STATION_003,5.99
2026-03-06 04:45:00,STATION_003,5.94
2026-03-06 05:00:00,STATION_003,6.12
2026-03-06 05:15:00,STATION_003,5.57
2026-03-06 05:30:00,STATION_003,4.49
2026-03-06 05:45:00,STATION_003,1.55
2026-03-06 06:00:00,STATION_003,6.74
2026-03-06 06:15:00,STATION_003,7.19
2026-03-06 06:30:00,STATION_003,8.58
2026-03-06 06:45:00,STATION_003,9.52
2026-03-06 07:00:00,STATION_003,7.49
2026-03-06 07:15:00,STATION_003,5.23
2026-03-06 07:30:00,STATION_003,5.53
2026-03-06 07:45:00,STATION_003,5.09
2026-03-06 08:00:00,STATION_003,6.47
2026-03-06 08:15:00,STATION_003,8.58
2026-03-06 08:30:00,STATION_003,6.46
2026-03-06 08:45:00,STATION_003,6.38
2026-03-06 09:00:00,STATION_003,9.28
2026-03-06 09:15:00,STATION_003,10.28
2026-03-06 09:30:00,STATION_003,10.84
2026-03-06 09:45:00,STATION_003,12.95
2026-03-06 10:00:00,STATION_003,13.24
2026-03-06 10:15:00,STATION_003,12.94
2026-03-06 10:30:00,STATION_003,13.25
2026-03-06 10:45:00,STATION_003,13.76
2026-03-06 11:00:00,STATION_003,14.19
2026-03-06 11:15:00,STATION_003,12.32
2026-03-06 11:30:00,STATION_003,18.4
2026-03-06 11:45:00,STATION_003,20.78
2026-03-06 12:00:00,STATION_003,23.23
2026-03-06 12:15:00,STATION_003,29.21
2026-03-06 12:30:00,STATION_003,29.99
2026-03-06 12:45:00,STATION_003,34.23
2026-03-06 13:00:00,STATION_003,37.04
2026-03-06 13:15:00,STATION_003,41.91
2026-03-06 13:30:00,STATION_003,42.34
2026-03-06 13:45:00,STATION_003,45.86
2026-03-06 14:00:00,STATION_003,49.04
2026-03-06 14:15:00,STATION_003,52.75
2026-03-06 14:30:00,STATION_003,49.54
2026-03-06 14:45:00,STATION_003,51.23
2026-03-06 15:00:00,STATION_003,53.49
2026-03-06 15:15:00,STATION_003,57.14
2026-03-06 15:30:00,STATION_003,59.37
2026-03-06 15:45:00,STATION_003,63.3
2026-03-06 16:00:00,STATION_003,64.75
2026-03-06 16:15:00,STATION_003,64.89
2026-03-06 16:30:00,STATION_003,64.29
2026-03-06 16:45:00,STATION_003,65.65
2026-03-06 17:00:00,STATION_003,65.97
2026-03-06 17:15:00,STATION_003,66.92
2026-03-06 17:30:00,STATION_003,64.55
2026-03-06 17:45:00,STATION_003,68.39
2026-03-06 18:00:00,STATION_003,68.64
2026-03-06 18:15:00,STATION_003,72.17
2026-03-06 18:30:00,STATION_003,76.01
2026-03-06 18:45:00,STATION_003,77.3
2026-03-06 19:00:00,STATION_003,81.8
2026-03-06 19:15:00,STATION_003,84.22
2026-03-06 19:30:00,STATION_003,85.39
2026-03-06 19:45:00,STATION_003,83.24
2026-03-06 20:00:00,STATION_003,85.54
2026-03-06 20:15:00,STATION_003,85.85
2026-03-06 20:30:00,STATION_003,89.74
2026-03-06 20:45:00,STATION_003,92.19
2026-03-06 21:00:00,STATION_003,89.31
2026-03-06 21:15:00,STATION_003,88.62
2026-03-06 21:30:00,STATION_003,90.35
2026-03-06 21:45:00,STATION_003,93.16
2026-03-06 22:00:00,STATION_003,92.72
2026-03-06 22:15:00,STATION_003,92.59
2026-03-06 22:30:00,STATION_003,94.44
2026-03-06 22:45:00,STATION_003,93.25
2026-03-06 23:00:00,STATION_003,92.86
2026-03-06 23:15:00,STATION_003,92.7
2026-03-06 23:30:00,STATION_003,93.65
2026-03-06 23:45:00,STATION_003,91.87
2026-03-07 00:00:00,STATION_003,5.0
2026-03-07 00:15:00,STATION_003,7.53
2026-03-07 00:30:00,STATION_003,9.73
2026-03-07 00:45:00,STATION_003,11.88
2026-03-07 01:00:00,STATION_003,11.87
2026-03-07 01:15:00,STATION_003,8.56
2026-03-07 01:30:00,STATION_003,10.67
2026-03-07 01:45:00,STATION_003,11.82
2026-03-07 02:00:00,STATION_003,11.49
2026-03-07 02:15:00,STATION_003,13.88
2026-03-07 02:30:00,STATION_003,15.39
2026-03-07 02:45:00,STATION_003,15.84
2026-03-07 03:00:00,STATION_003,14.06
2026-03-07 03:15:00,STATION_003,14.64
2026-03-07 03:30:00,STATION_003,13.99
2026-03-07 03:45:00,STATION_003,16.12
2026-03-07 04:00:00,STATION_003,18.11
2026-03-07 04:15:00,STATION_003,23.32
2026-03-07 04:30:00,STATION_003,24.77
2026-03-07 04:45:00,STATION_003,23.11
2026-03-07 05:00:00,STATION_003,22.48
2026-03-07 05:15:00,STATION_003,20.15
2026-03-07 05:30:00,STATION_003,26.83
2026-03-07 05:45:00,STATION_003,27.12
2026-03-07 06:00:00,STATION_003,27.69
2026-03-07 06:15:00,STATION_003,29.13
2026-03-07 06:30:00,STATION_003,28.0
2026-03-07 06:45:00,STATION_003,27.28
2026-03-07 07:00:00,STATION_003,28.76
2026-03-07 07:15:00,STATION_003,32.75
2026-03-07 07:30:00,STATION_003,29.71
2026-03-07 07:45:00,STATION_003,30.95
2026-03-07 08:00:00,STATION_003,33.77
2026-03-07 08:15:00,STATION_003,37.95
2026-03-07 08:30:00,STATION_003,41.03
2026-03-07 08:45:00,STATION_003,38.74
2026-03-07 09:00:00,STATION_003,42.4
2026-03-07 09:15:00,STATION_003,45.6
2026-03-07 09:30:00,STATION_003,45.71
2026-03-07 09:45:00,STATION_003,45.91
2026-03-07 10:00:00,STATION_003,46.78
2026-03-07 10:15:00,STATION_003,48.33
2026-03-07 10:30:00,STATION_003,47.82
2026-03-07 10:45:00,STATION_003,48.99
2026-03-07 11:00:00,STATION_003,54.86
2026-03-07 11:15:00,STATION_003,56.56
2026-03-07 11:30:00,STATION_003,61.19
2026-03-07 11:45:00,STATION_003,64.88
2026-03-07 12:00:00,STATION_003,69.81
2026-03-07 12:15:00,STATION_003,72.56
2026-03-07 12:30:00,STATION_003,77.18
2026-03-07 12:45:00,STATION_003,80.57
2026-03-07 13:00:00,STATION_003,83.92
2026-03-07 13:15:00,STATION_003,83.7
2026-03-07 13:30:00,STATION_003,86.71
2026-03-07 13:45:00,STATION_003,89.35
2026-03-07 14:00:00,STATION_003,93.45
2026-03-07 14:15:00,STATION_003,91.96
2026-03-07 14:30:00,STATION_003,92.95
2026-03-07 14:45:00,STATION_003,5.0
2026-03-07 15:00:00,STATION_003,6.7
2026-03-07 15:15:00,STATION_003,7.19
2026-03-07 15:30:00,STATION_003,3.72
2026-03-07 15:45:00,STATION_003,7.16
2026-03-07 16:00:00,STATION_003,7.17
2026-03-07 16:15:00,STATION_003,6.7
2026-03-07 16:30:00,STATION_003,8.19
2026-03-07 16:45:00,STATION_003,10.05
2026-03-07 17:00:00,STATION_003,10.92
2026-03-07 17:15:00,STATION_003,11.65
2026-03-07 17:30:00,STATION_003,10.15
2026-03-07 17:45:00,STATION_003,10.38
2026-03-07 18:00:00,STATION_003,10.61
2026-03-07 18:15:00,STATION_003,9.34
2026-03-07 18:30:00,STATION_003,9.56
2026-03-07 18:45:00,STATION_003,12.35
2026-03-07 19:00:00,STATION_003,11.62
2026-03-07 19:15:00,STATION_003,9.3
2026-03-07 19:30:00,STATION_003,12.47
2026-03-07 19:45:00,STATION_003,14.2
2026-03-07 20:00:00,STATION_003,10.4
2026-03-07 20:15:00,STATION_003,11.91
2026-03-07 20:30:00,STATION_003,12.01
2026-03-07 20:45:00,STATION_003,16.1
2026-03-07 21:00:00,STATION_003,14.49
2026-03-07 21:15:00,STATION_003,17.47
2026-03-07 21:30:00,STATION_003,24.1
2026-03-07 21:45:00,STATION_003,25.91
2026-03-07 22:00:00,STATION_003,30.95
2026-03-07 22:15:00,STATION_003,27.35
2026-03-07 22:30:00,STATION_003,26.04
2026-03-07 22:45:00,STATION_003,27.39
2026-03-07 23:00:00,STATION_003,27.09
2026-03-07 23:15:00,STATION_003,26.67
2026-03-07 23:30:00,STATION_003,27.23
2026-03-07 23:45:00,STATION_003,28.91
2026-03-08 00:00:00,STATION_003,27.2
2026-03-08 00:15:00,STATION_003,29.86
2026-03-08 00:30:00,STATION_003,33.0
2026-03-08 00:45:00,STATION_003,36.11
2026-03-08 01:00:00,STATION_003,32.73
2026-03-08 01:15:00,STATION_003,35.18
2026-03-08 01:30:00,STATION_003,36.71
2026-03-08 01:45:00,STATION_003,37.43
2026-03-08 02:00:00,STATION_003,33.52
2026-03-08 02:15:00,STATION_003,30.99
2026-03-08 02:30:00,STATION_003,33.17
2026-03-08 02:45:00,STATION_003,34.02
2026-03-08 03:00:00,STATION_003,33.83
2026-03-08 03:15:00,STATION_003,37.88
2026-03-08 03:30:00,STATION_003,39.45
2026-03-08 03:45:00,STATION_003,42.41
2026-03-08 04:00:00,STATION_003,42.91
2026-03-08 04:15:00,STATION_003,42.75
2026-03-08 04:30:00,STATION_003,40.88
2026-03-08 04:45:00,STATION_003,42.75
2026-03-08 05:00:00,STATION_003,41.06
2026-03-08 05:15:00,STATION_003,37.97
2026-03-08 05:30:00,STATION_003,37.25
2026-03-08 05:45:00,STATION_003,40.17
2026-03-08 06:00:00,STATION_003,41.29
2026-03-08 06:15:00,STATION_003,36.53
2026-03-08 06:30:00,STATION_003,36.97
2026-03-08 06:45:00,STATION_003,39.49
2026-03-08 07:00:00,STATION_003,41.47
2026-03-08 07:15:00,STATION_003,43.82
2026-03-08 07:30:00,STATION_003,44.58
2026-03-08 07:45:00,STATION_003,46.44
2026-03-08 08:00:00,STATION_003,45.41
2026-03-08 08:15:00,STATION_003,48.31
2026-03-08 08:30:00,STATION_003,43.93
2026-03-08 08:45:00,STATION_003,43.53
2026-03-08 09:00:00,STATION_003,45.15
2026-03-08 09:15:00,STATION_003,45.53
2026-03-08 09:30:00,STATION_003,45.1
2026-03-08 09:45:00,STATION_003,47.5
2026-03-08 10:00:00,STATION_003,48.14
2026-03-08 10:15:00,STATION_003,50.63
2026-03-08 10:30:00,STATION_003,52.23
2026-03-08 10:45:00,STATION_003,54.44
2026-03-08 11:00:00,STATION_003,54.17
2026-03-08 11:15:00,STATION_003,55.37
2026-03-08 11:30:00,STATION_003,60.43
2026-03-08 11:45:00,STATION_003,61.38
2026-03-08 12:00:00,STATION_003,64.83
2026-03-08 12:15:00,STATION_003,69.26
2026-03-08 12:30:00,STATION_003,71.39
2026-03-08 12:45:00,STATION_003,77.55
2026-03-08 13:00:00,STATION_003,80.78
2026-03-08 13:15:00,STATION_003,81.55
2026-03-08 13:30:00,STATION_003,84.81
2026-03-08 13:45:00,STATION_003,87.48
2026-03-08 14:00:00,STATION_003,87.62
2026-03-08 14:15:00,STATION_003,94.01
2026-03-08 14:30:00,STATION_003,5.0
2026-03-08 14:45:00,STATION_003,7.36
2026-03-08 15:00:00,STATION_003,5.75
2026-03-08 15:15:00,STATION_003,5.02
2026-03-08 15:30:00,STATION_003,1.94
2026-03-08 15:45:00,STATION_003,4.49
2026-03-08 16:00:00,STATION_003,2.24
2026-03-08 16:15:00,STATION_003,0.55
2026-03-08 16:30:00,STATION_003,0.0
2026-03-08 16:45:00,STATION_003,0.0
2026-03-08 17:00:00,STATION_003,0.29
2026-03-08 17:15:00,STATION_003,0.0
2026-03-08 17:30:00,STATION_003,1.21
2026-03-08 17:45:00,STATION_003,4.37
2026-03-08 18:00:00,STATION_003,3.36
2026-03-08 18:15:00,STATION_003,2.6
2026-03-08 18:30:00,STATION_003,6.71
2026-03-08 18:45:00,STATION_003,2.66
2026-03-08 19:00:00,STATION_003,3.79
2026-03-08 19:15:00,STATION_003,6.46
2026-03-08 19:30:00,STATION_003,8.89
2026-03-08 19:45:00,STATION_003,8.59
2026-03-08 20:00:00,STATION_003,10.62
2026-03-08 20:15:00,STATION_003,9.92
2026-03-08 20:30:00,STATION_003,10.59
2026-03-08 20:45:00,STATION_003,13.58
2026-03-08 21:00:00,STATION_003,13.13
2026-03-08 21:15:00,STATION_003,16.16
2026-03-08 21:30:00,STATION_003,17.4
2026-03-08 21:45:00,STATION_003,12.48
2026-03-08 22:00:00,STATION_003,13.47
2026-03-08 22:15:00,STATION_003,17.6
2026-03-08 22:30:00,STATION_003,24.57
2026-03-08 22:45:00,STATION_003,26.69
2026-03-08 23:00:00,STATION_003,24.61
2026-03-08 23:15:00,STATION_003,23.89
2026-03-08 23:30:00,STATION_003,19.06
2026-03-08 23:45:00,STATION_003,20.02
2026-03-09 00:00:00,STATION_003,18.83
2026-03-09 00:15:00,STATION_003,18.84
2026-03-09 00:30:00,STATION_003,19.58
2026-03-09 00:45:00,STATION_003,19.46
2026-03-09 01:00:00,STATION_003,22.57
2026-03-09 01:15:00,STATION_003,24.87
2026-03-09 01:30:00,STATION_003,26.51
2026-03-09 01:45:00,STATION_003,30.79
2026-03-09 02:00:00,STATION_003,31.17
2026-03-09 02:15:00,STATION_003,32.45
2026-03-09 02:30:00,STATION_003,30.56
2026-03-09 02:45:00,STATION_003,31.63
2026-03-09 03:00:00,STATION_003,30.67
2026-03-09 03:15:00,STATION_003,32.67
2026-03-09 03:30:00,STATION_003,33.97
2026-03-09 03:45:00,STATION_003,38.06
2026-03-09 04:00:00,STATION_003,39.36
2026-03-09 04:15:00,STATION_003,41.21
2026-03-09 04:30:00,STATION_003,39.52
2026-03-09 04:45:00,STATION_003,40.1
2026-03-09 05:00:00,STATION_003,40.01
2026-03-09 05:15:00,STATION_003,39.2
2026-03-09 05:30:00,STATION_003,40.12
2026-03-09 05:45:00,STATION_003,40.31
2026-03-09 06:00:00,STATION_003,42.51
2026-03-09 06:15:00,STATION_003,42.86
2026-03-09 06:30:00,STATION_003,43.56
2026-03-09 06:45:00,STATION_003,43.94
2026-03-09 07:00:00,STATION_003,43.83
2026-03-09 07:15:00,STATION_003,44.67
2026-03-09 07:30:00,STATION_003,45.56
2026-03-09 07:45:00,STATION_003,47.17
2026-03-09 08:00:00,STATION_003,47.14
2026-03-09 08:15:00,STATION_003,46.82
2026-03-09 08:30:00,STATION_003,48.66
2026-03-09 08:45:00,STATION_003,47.41
2026-03-09 09:00:00,STATION_003,46.26
2026-03-09 09:15:00,STATION_003,46.59
2026-03-09 09:30:00,STATION_003,49.23
2026-03-09 09:45:00,STATION_003,47.31
2026-03-09 10:00:00,STATION_003,48.29
2026-03-09 10:15:00,STATION_003,49.01
2026-03-09 10:30:00,STATION_003,47.94
2026-03-09 10:45:00,STATION_003,51.03
2026-03-09 11:00:00,STATION_003,52.68
2026-03-09 11:15:00,STATION_003,57.53
2026-03-09 11:30:00,STATION_003,61.15
2026-03-09 11:45:00,STATION_003,61.12
2026-03-09 12:00:00,STATION_003,62.63
2026-03-09 12:15:00,STATION_003,65.3
2026-03-09 12:30:00,STATION_003,70.23
2026-03-09 12:45:00,STATION_003,72.71
2026-03-09 13:00:00,STATION_003,75.1
2026-03-09 13:15:00,STATION_003,78.48
2026-03-09 13:30:00,STATION_003,77.77
2026-03-09 13:45:00,STATION_003,80.38
2026-03-09 14:00:00,STATION_003,83.09
2026-03-09 14:15:00,STATION_003,84.55
2026-03-09 14:30:00,STATION_003,83.81
2026-03-09 14:45:00,STATION_003,82.93
2026-03-09 15:00:00,STATION_003,82.95
2026-03-09 15:15:00,STATION_003,83.1
2026-03-09 15:30:00,STATION_003,81.37
2026-03-09 15:45:00,STATION_003,83.95
2026-03-09 16:00:00,STATION_003,84.19
2026-03-09 16:15:00,STATION_003,83.33
2026-03-09 16:30:00,STATION_003,79.24
2026-03-09 16:45:00,STATION_003,84.52
2026-03-09 17:00:00,STATION_003,83.67
2026-03-09 17:15:00,STATION_003,85.62
2026-03-09 17:30:00,STATION_003,85.85
2026-03-09 17:45:00,STATION_003,87.65
2026-03-09 18:00:00,STATION_003,90.99
2026-03-09 18:15:00,STATION_003,94.74
2026-03-09 18:30:00,STATION_003,5.0
2026-03-09 18:45:00,STATION_003,5.9
2026-03-09 19:00:00,STATION_003,7.65
2026-03-09 19:15:00,STATION_003,9.11
2026-03-09 19:30:00,STATION_003,14.11
2026-03-09 19:45:00,STATION_003,18.52
2026-03-09 20:00:00,STATION_003,23.02
2026-03-09 20:15:00,STATION_003,24.2
2026-03-09 20:30:00,STATION_003,28.53
2026-03-09 20:45:00,STATION_003,31.21
2026-03-09 21:00:00,STATION_003,31.35
2026-03-09 21:15:00,STATION_003,30.09
2026-03-09 21:30:00,STATION_003,33.76
2026-03-09 21:45:00,STATION_003,35.61
2026-03-09 22:00:00,STATION_003,38.3
2026-03-09 22:15:00,STATION_003,40.33
2026-03-09 22:30:00,STATION_003,43.68
2026-03-09 22:45:00,STATION_003,46.31
2026-03-09 23:00:00,STATION_003,45.76
2026-03-09 23:15:00,STATION_003,49.36
2026-03-09 23:30:00,STATION_003,49.05
2026-03-09 23:45:00,STATION_003,48.8
2026-03-10 00:00:00,STATION_003,48.36
2026-03-10 00:15:00,STATION_003,44.64
2026-03-10 00:30:00,STATION_003,47.74
2026-03-10 00:45:00,STATION_003,47.66
2026-03-10 01:00:00,STATION_003,44.36
2026-03-10 01:15:00,STATION_003,42.36
2026-03-10 01:30:00,STATION_003,43.03
2026-03-10 01:45:00,STATION_003,46.12
2026-03-10 02:00:00,STATION_003,49.88
2026-03-10 02:15:00,STATION_003,52.16
2026-03-10 02:30:00,STATION_003,52.17
2026-03-10 02:45:00,STATION_003,51.31
2026-03-10 03:00:00,STATION_003,52.4
2026-03-10 03:15:00,STATION_003,52.79
2026-03-10 03:30:00,STATION_003,51.92
2026-03-10 03:45:00,STATION_003,50.59
2026-03-10 04:00:00,STATION_003,49.75
2026-03-10 04:15:00,STATION_003,48.83
2026-03-10 04:30:00,STATION_003,48.49
2026-03-10 04:45:00,STATION_003,49.34
2026-03-10 05:00:00,STATION_003,50.92
2026-03-10 05:15:00,STATION_003,51.37
2026-03-10 05:30:00,STATION_003,51.99
2026-03-10 05:45:00,STATION_003,52.52
2026-03-10 06:00:00,STATION_003,50.64
2026-03-10 06:15:00,STATION_003,51.08
2026-03-10 06:30:00,STATION_003,51.69
2026-03-10 06:45:00,STATION_003,50.89
2026-03-10 07:00:00,STATION_003,52.12
2026-03-10 07:15:00,STATION_003,52.58
2026-03-10 07:30:00,STATION_003,51.66
2026-03-10 07:45:00,STATION_003,56.28
2026-03-10 08:00:00,STATION_003,57.14
2026-03-10 08:15:00,STATION_003,56.87
2026-03-10 08:30:00,STATION_003,59.08
2026-03-10 08:45:00,STATION_003,58.1
2026-03-10 09:00:00,STATION_003,58.62
2026-03-10 09:15:00,STATION_003,57.34
2026-03-10 09:30:00,STATION_003,57.75
2026-03-10 09:45:00,STATION_003,58.05
2026-03-10 10:00:00,STATION_003,59.85
2026-03-10 10:15:00,STATION_003,64.63
2026-03-10 10:30:00,STATION_003,66.92
2026-03-10 10:45:00,STATION_003,65.74
2026-03-10 11:00:00,STATION_003,68.57
2026-03-10 11:15:00,STATION_003,73.77
2026-03-10 11:30:00,STATION_003,77.65
2026-03-10 11:45:00,STATION_003,80.59
2026-03-10 12:00:00,STATION_003,85.47
2026-03-10 12:15:00,STATION_003,90.39
2026-03-10 12:30:00,STATION_003,5.0
2026-03-10 12:45:00,STATION_003,9.8
2026-03-10 13:00:00,STATION_003,13.36
2026-03-10 13:15:00,STATION_003,18.16
2026-03-10 13:30:00,STATION_003,20.9
2026-03-10 13:45:00,STATION_003,22.17
2026-03-10 14:00:00,STATION_003,23.27
2026-03-10 14:15:00,STATION_003,25.83
2026-03-10 14:30:00,STATION_003,27.16
2026-03-10 14:45:00,STATION_003,28.7
2026-03-10 15:00:00,STATION_003,29.49
2026-03-10 15:15:00,STATION_003,31.86
2026-03-10 15:30:00,STATION_003,34.68
2026-03-10 15:45:00,STATION_003,34.84
2026-03-10 16:00:00,STATION_003,36.29
2026-03-10 16:15:00,STATION_003,36.97
2026-03-10 16:30:00,STATION_003,38.34
2026-03-10 16:45:00,STATION_003,40.07
2026-03-10 17:00:00,STATION_003,39.09
2026-03-10 17:15:00,STATION_003,43.47
2026-03-10 17:30:00,STATION_003,44.62
2026-03-10 17:45:00,STATION_003,47.54
2026-03-10 18:00:00,STATION_003,50.94
2026-03-10 18:15:00,STATION_003,53.69
2026-03-10 18:30:00,STATION_003,55.11
2026-03-10 18:45:00,STATION_003,58.78
2026-03-10 19:00:00,STATION_003,60.4
2026-03-10 19:15:00,STATION_003,63.87
2026-03-10 19:30:00,STATION_003,68.86
2026-03-10 19:45:00,STATION_003,71.18
2026-03-10 20:00:00,STATION_003,72.79
2026-03-10 20:15:00,STATION_003,77.09
2026-03-10 20:30:00,STATION_003,79.25
2026-03-10 20:45:00,STATION_003,85.11
2026-03-10 21:00:00,STATION_003,87.74
2026-03-10 21:15:00,STATION_003,84.76
2026-03-10 21:30:00,STATION_003,87.03
2026-03-10 21:45:00,STATION_003,86.81
2026-03-10 22:00:00,STATION_003,86.22
2026-03-10 22:15:00,STATION_003,91.8
2026-03-10 22:30:00,STATION_003,94.54
2026-03-10 22:45:00,STATION_003,93.22
2026-03-10 23:00:00,STATION_003,93.74
2026-03-10 23:15:00,STATION_003,92.69
2026-03-10 23:30:00,STATION_003,93.2
2026-03-10 23:45:00,STATION_003,94.63
2026-03-11 00:00:00,STATION_003,94.68
2026-03-11 00:15:00,STATION_003,5.0
2026-03-11 00:30:00,STATION_003,5.8
2026-03-11 00:45:00,STATION_003,6.54
2026-03-11 01:00:00,STATION_003,11.95
2026-03-11 01:15:00,STATION_003,11.69
2026-03-11 01:30:00,STATION_003,15.19
2026-03-11 01:45:00,STATION_003,19.49
2026-03-11 02:00:00,STATION_003,19.34
2026-03-11 02:15:00,STATION_003,18.37
2026-03-11 02:30:00,STATION_003,18.64
2026-03-11 02:45:00,STATION_003,20.51
2026-03-11 03:00:00,STATION_003,23.25
2026-03-11 03:15:00,STATION_003,23.88
2026-03-11 03:30:00,STATION_003,27.43
2026-03-11 03:45:00,STATION_003,25.56
2026-03-11 04:00:00,STATION_003,26.92
2026-03-11 04:15:00,STATION_003,28.03
2026-03-11 04:30:00,STATION_003,25.97
2026-03-11 04:45:00,STATION_003,27.12
2026-03-11 05:00:00,STATION_003,30.69
2026-03-11 05:15:00,STATION_003,31.36
2026-03-11 05:30:00,STATION_003,32.37
2026-03-11 05:45:00,STATION_003,33.91
2026-03-11 06:00:00,STATION_003,35.26
2026-03-11 06:15:00,STATION_003,33.74
2026-03-11 06:30:00,STATION_003,34.01
2026-03-11 06:45:00,STATION_003,36.66
2026-03-11 07:00:00,STATION_003,38.74
2026-03-11 07:15:00,STATION_003,39.54
2026-03-11 07:30:00,STATION_003,42.0
2026-03-11 07:45:00,STATION_003,44.52
2026-03-11 08:00:00,STATION_003,43.99
2026-03-11 08:15:00,STATION_003,49.25
2026-03-11 08:30:00,STATION_003,48.63
2026-03-11 08:45:00,STATION_003,47.84
2026-03-11 09:00:00,STATION_003,50.38
2026-03-11 09:15:00,STATION_003,51.87
2026-03-11 09:30:00,STATION_003,51.22
2026-03-11 09:45:00,STATION_003,53.85
2026-03-11 10:00:00,STATION_003,52.95
2026-03-11 10:15:00,STATION_003,52.95
2026-03-11 10:30:00,STATION_003,55.02
2026-03-11 10:45:00,STATION_003,56.92
2026-03-11 11:00:00,STATION_003,57.22
2026-03-11 11:15:00,STATION_003,60.71
2026-03-11 11:30:00,STATION_003,57.35
2026-03-11 11:45:00,STATION_003,57.22
2026-03-11 12:00:00,STATION_003,59.45
2026-03-11 12:15:00,STATION_003,62.53
2026-03-11 12:30:00,STATION_003,66.99
2026-03-11 12:45:00,STATION_003,72.94
2026-03-11 13:00:00,STATION_003,80.13
2026-03-11 13:15:00,STATION_003,83.2
2026-03-11 13:30:00,STATION_003,85.88
2026-03-11 13:45:00,STATION_003,93.86
2026-03-11 14:00:00,STATION_003,94.01
2026-03-11 14:15:00,STATION_003,94.21
2026-03-11 14:30:00,STATION_003,5.0
2026-03-11 14:45:00,STATION_003,5.43
2026-03-11 15:00:00,STATION_003,9.86
2026-03-11 15:15:00,STATION_003,11.43
2026-03-11 15:30:00,STATION_003,14.3
2026-03-11 15:45:00,STATION_003,12.93
2026-03-11 16:00:00,STATION_003,11.27
2026-03-11 16:15:00,STATION_003,12.33
2026-03-11 16:30:00,STATION_003,11.85
2026-03-11 16:45:00,STATION_003,14.11
2026-03-11 17:00:00,STATION_003,14.57
2026-03-11 17:15:00,STATION_003,13.92
2026-03-11 17:30:00,STATION_003,13.0
2026-03-11 17:45:00,STATION_003,14.29
2026-03-11 18:00:00,STATION_003,13.72
2026-03-11 18:15:00,STATION_003,16.94
2026-03-11 18:30:00,STATION_003,17.92
2026-03-11 18:45:00,STATION_003,21.48
2026-03-11 19:00:00,STATION_003,27.22
2026-03-11 19:15:00,STATION_003,31.28
2026-03-11 19:30:00,STATION_003,35.74
2026-03-11 19:45:00,STATION_003,40.98
2026-03-11 20:00:00,STATION_003,45.87
2026-03-11 20:15:00,STATION_003,49.35
2026-03-11 20:30:00,STATION_003,50.02
2026-03-11 20:45:00,STATION_003,50.97
2026-03-11 21:00:00,STATION_003,48.55
2026-03-11 21:15:00,STATION_003,48.39
2026-03-11 21:30:00,STATION_003,48.13
2026-03-11 21:45:00,STATION_003,48.28
2026-03-11 22:00:00,STATION_003,49.54
2026-03-11 22:15:00,STATION_003,52.86
2026-03-11 22:30:00,STATION_003,55.7
2026-03-11 22:45:00,STATION_003,55.34
2026-03-11 23:00:00,STATION_003,54.07
2026-03-11 23:15:00,STATION_003,54.23
2026-03-11 23:30:00,STATION_003,52.7
2026-03-11 23:45:00,STATION_003,51.57
2026-03-12 00:00:00,STATION_003,53.76
2026-03-12 00:15:00,STATION_003,56.32
2026-03-12 00:30:00,STATION_003,55.72
2026-03-12 00:45:00,STATION_003,55.91
2026-03-12 01:00:00,STATION_003,56.92
2026-03-12 01:15:00,STATION_003,58.77
2026-03-12 01:30:00,STATION_003,57.88
2026-03-12 01:45:00,STATION_003,57.67
2026-03-12 02:00:00,STATION_003,57.13
2026-03-12 02:15:00,STATION_003,58.49
2026-03-12 02:30:00,STATION_003,59.72
2026-03-12 02:45:00,STATION_003,58.09
2026-03-12 03:00:00,STATION_003,60.8
2026-03-12 03:15:00,STATION_003,64.37
2026-03-12 03:30:00,STATION_003,62.88
2026-03-12 03:45:00,STATION_003,64.39
2026-03-12 04:00:00,STATION_003,62.43
2026-03-12 04:15:00,STATION_003,65.81
2026-03-12 04:30:00,STATION_003,68.72
2026-03-12 04:45:00,STATION_003,69.05
2026-03-12 05:00:00,STATION_003,69.11
2026-03-12 05:15:00,STATION_003,69.64
2026-03-12 05:30:00,STATION_003,68.35
2026-03-12 05:45:00,STATION_003,70.32
2026-03-12 06:00:00,STATION_003,73.01
2026-03-12 06:15:00,STATION_003,73.75
2026-03-12 06:30:00,STATION_003,76.34
2026-03-12 06:45:00,STATION_003,79.53
2026-03-12 07:00:00,STATION_003,84.2
2026-03-12 07:15:00,STATION_003,85.69
2026-03-12 07:30:00,STATION_003,83.64
2026-03-12 07:45:00,STATION_003,83.24
2026-03-12 08:00:00,STATION_003,83.35
2026-03-12 08:15:00,STATION_003,86.34
2026-03-12 08:30:00,STATION_003,86.83
2026-03-12 08:45:00,STATION_003,88.59
2026-03-12 09:00:00,STATION_003,88.84
2026-03-12 09:15:00,STATION_003,90.45
2026-03-12 09:30:00,STATION_003,91.03
2026-03-12 09:45:00,STATION_003,93.35
2026-03-12 10:00:00,STATION_003,89.84
2026-03-12 10:15:00,STATION_003,89.37
2026-03-12 10:30:00,STATION_003,88.86
2026-03-12 10:45:00,STATION_003,90.49
2026-03-12 11:00:00,STATION_003,92.52
2026-03-12 11:15:00,STATION_003,94.81
2026-03-12 11:30:00,STATION_003,92.76
2026-03-12 11:45:00,STATION_003,91.44
2026-03-12 12:00:00,STATION_003,92.46
2026-03-12 12:15:00,STATION_003,5.0
2026-03-12 12:30:00,STATION_003,11.11
2026-03-12 12:45:00,STATION_003,16.09
2026-03-12 13:00:00,STATION_003,18.94
2026-03-12 13:15:00,STATION_003,22.02
2026-03-12 13:30:00,STATION_003,26.45
2026-03-12 13:45:00,STATION_003,26.36
2026-03-12 14:00:00,STATION_003,28.87
2026-03-12 14:15:00,STATION_003,30.08
2026-03-12 14:30:00,STATION_003,33.41
2026-03-12 14:45:00,STATION_003,35.86
2026-03-12 15:00:00,STATION_003,36.86
2026-03-12 15:15:00,STATION_003,35.78
2026-03-12 15:30:00,STATION_003,35.03
2026-03-12 15:45:00,STATION_003,33.77
2026-03-12 16:00:00,STATION_003,35.37
2026-03-12 16:15:00,STATION_003,36.62
2026-03-12 16:30:00,STATION_003,35.54
2026-03-12 16:45:00,STATION_003,39.34
2026-03-12 17:00:00,STATION_003,39.16
2026-03-12 17:15:00,STATION_003,42.99
2026-03-12 17:30:00,STATION_003,44.06
2026-03-12 17:45:00,STATION_003,43.82
2026-03-12 18:00:00,STATION_003,43.85
2026-03-12 18:15:00,STATION_003,49.92
2026-03-12 18:30:00,STATION_003,52.23
2026-03-12 18:45:00,STATION_003,51.4
2026-03-12 19:00:00,STATION_003,53.82
2026-03-12 19:15:00,STATION_003,57.3
2026-03-12 19:30:00,STATION_003,60.72
2026-03-12 19:45:00,STATION_003,62.75
2026-03-12 20:00:00,STATION_003,67.12
2026-03-12 20:15:00,STATION_003,71.82
2026-03-12 20:30:00,STATION_003,71.01
2026-03-12 20:45:00,STATION_003,76.83
2026-03-12 21:00:00,STATION_003,79.23
2026-03-12 21:15:00,STATION_003,80.06
2026-03-12 21:30:00,STATION_003,82.21
2026-03-12 21:45:00,STATION_003,81.3
2026-03-12 22:00:00,STATION_003,81.95
2026-03-12 22:15:00,STATION_003,81.58
2026-03-12 22:30:00,STATION_003,80.26
2026-03-12 22:45:00,STATION_003,80.66
2026-03-12 23:00:00,STATION_003,83.87
2026-03-12 23:15:00,STATION_003,83.66
2026-03-12 23:30:00,STATION_003,84.33
2026-03-12 23:45:00,STATION_003,86.33
2026-03-13 00:00:00,STATION_003,87.02
2026-03-13 00:15:00,STATION_003,87.27
2026-03-13 00:30:00,STATION_003,87.67
2026-03-13 00:45:00,STATION_003,86.66
2026-03-13 01:00:00,STATION_003,90.06
2026-03-13 01:15:00,STATION_003,88.44
2026-03-13 01:30:00,STATION_003,86.99
2026-03-13 01:45:00,STATION_003,87.59
2026-03-13 02:00:00,STATION_003,90.98
2026-03-13 02:15:00,STATION_003,93.57
2026-03-13 02:30:00,STATION_003,93.23
2026-03-13 02:45:00,STATION_003,94.56
2026-03-13 03:00:00,STATION_003,94.51
2026-03-13 03:15:00,STATION_003,5.0
2026-03-13 03:30:00,STATION_003,5.41
2026-03-13 03:45:00,STATION_003,3.32
2026-03-13 04:00:00,STATION_003,3.57
2026-03-13 04:15:00,STATION_003,3.53
2026-03-13 04:30:00,STATION_003,2.07
2026-03-13 04:45:00,STATION_003,4.29
2026-03-13 05:00:00,STATION_003,5.03
2026-03-13 05:15:00,STATION_003,2.44
2026-03-13 05:30:00,STATION_003,2.13
2026-03-13 05:45:00,STATION_003,3.16
2026-03-13 06:00:00,STATION_003,6.93
2026-03-13 06:15:00,STATION_003,4.63
2026-03-13 06:30:00,STATION_003,6.5
2026-03-13 06:45:00,STATION_003,7.12
2026-03-13 07:00:00,STATION_003,9.51
2026-03-13 07:15:00,STATION_003,7.56
2026-03-13 07:30:00,STATION_003,8.19
2026-03-13 07:45:00,STATION_003,9.52
2026-03-13 08:00:00,STATION_003,8.04
2026-03-13 08:15:00,STATION_003,12.17
2026-03-13 08:30:00,STATION_003,12.78
2026-03-13 08:45:00,STATION_003,11.69
2026-03-13 09:00:00,STATION_003,14.76
2026-03-13 09:15:00,STATION_003,14.27
2026-03-13 09:30:00,STATION_003,13.92
2026-03-13 09:45:00,STATION_003,13.25
2026-03-13 10:00:00,STATION_003,12.74
2026-03-13 10:15:00,STATION_003,11.44
2026-03-13 10:30:00,STATION_003,11.54
2026-03-13 10:45:00,STATION_003,14.16
2026-03-13 11:00:00,STATION_003,12.93
2026-03-13 11:15:00,STATION_003,16.45
2026-03-13 11:30:00,STATION_003,20.75
2026-03-13 11:45:00,STATION_003,19.92
2026-03-13 12:00:00,STATION_003,22.83
2026-03-13 12:15:00,STATION_003,26.62
2026-03-13 12:30:00,STATION_003,31.89
2026-03-13 12:45:00,STATION_003,33.93
2026-03-13 13:00:00,STATION_003,38.05
2026-03-13 13:15:00,STATION_003,41.12
2026-03-13 13:30:00,STATION_003,48.29
2026-03-13 13:45:00,STATION_003,51.41
2026-03-13 14:00:00,STATION_003,52.72
2026-03-13 14:15:00,STATION_003,56.22
2026-03-13 14:30:00,STATION_003,55.1
2026-03-13 14:45:00,STATION_003,54.28
2026-03-13 15:00:00,STATION_003,55.99
2026-03-13 15:15:00,STATION_003,56.92
2026-03-13 15:30:00,STATION_003,59.66
2026-03-13 15:45:00,STATION_003,56.75
2026-03-13 16:00:00,STATION_003,58.08
2026-03-13 16:15:00,STATION_003,58.85
2026-03-13 16:30:00,STATION_003,57.65
2026-03-13 16:45:00,STATION_003,58.99
2026-03-13 17:00:00,STATION_003,58.15
2026-03-13 17:15:00,STATION_003,60.27
2026-03-13 17:30:00,STATION_003,63.08
2026-03-13 17:45:00,STATION_003,65.81
2026-03-13 18:00:00,STATION_003,70.26
2026-03-13 18:15:00,STATION_003,75.14
2026-03-13 18:30:00,STATION_003,76.09
2026-03-13 18:45:00,STATION_003,82.3
2026-03-13 19:00:00,STATION_003,85.36
2026-03-13 19:15:00,STATION_003,89.38
2026-03-13 19:30:00,STATION_003,90.77
2026-03-13 19:45:00,STATION_003,93.17
2026-03-13 20:00:00,STATION_003,5.0
2026-03-13 20:15:00,STATION_003,9.22
2026-03-13 20:30:00,STATION_003,13.0
2026-03-13 20:45:00,STATION_003,14.03
2026-03-13 21:00:00,STATION_003,11.97
2026-03-13 21:15:00,STATION_003,12.05
2026-03-13 21:30:00,STATION_003,18.86
2026-03-13 21:45:00,STATION_003,19.59
2026-03-13 22:00:00,STATION_003,23.75
2026-03-13 22:15:00,STATION_003,24.3
2026-03-13 22:30:00,STATION_003,23.81
2026-03-13 22:45:00,STATION_003,23.94
2026-03-13 23:00:00,STATION_003,29.31
2026-03-13 23:15:00,STATION_003,26.37
2026-03-13 23:30:00,STATION_003,28.4
2026-03-13 23:45:00,STATION_003,24.24
2026-03-14 00:00:00,STATION_003,24.41
2026-03-14 00:15:00,STATION_003,27.87
2026-03-14 00:30:00,STATION_003,30.27
2026-03-14 00:45:00,STATION_003,31.67
2026-03-14 01:00:00,STATION_003,32.01
2026-03-14 01:15:00,STATION_003,37.05
2026-03-14 01:30:00,STATION_003,40.83
2026-03-14 01:45:00,STATION_003,43.43
2026-03-14 02:00:00,STATION_003,46.96
2026-03-14 02:15:00,STATION_003,46.75
2026-03-14 02:30:00,STATION_003,49.03
2026-03-14 02:45:00,STATION_003,51.98
2026-03-14 03:00:00,STATION_003,52.15
2026-03-14 03:15:00,STATION_003,51.61
2026-03-14 03:30:00,STATION_003,51.41
2026-03-14 03:45:00,STATION_003,52.2
2026-03-14 04:00:00,STATION_003,53.22
2026-03-14 04:15:00,STATION_003,54.2
2026-03-14 04:30:00,STATION_003,54.96
2026-03-14 04:45:00,STATION_003,50.92
2026-03-14 05:00:00,STATION_003,54.73
2026-03-14 05:15:00,STATION_003,56.72
2026-03-14 05:30:00,STATION_003,60.44
2026-03-14 05:45:00,STATION_003,62.45
2026-03-14 06:00:00,STATION_003,63.89
2026-03-14 06:15:00,STATION_003,63.19
2026-03-14 06:30:00,STATION_003,64.26
2026-03-14 06:45:00,STATION_003,65.68
2026-03-14 07:00:00,STATION_003,67.82
2026-03-14 07:15:00,STATION_003,67.06
2026-03-14 07:30:00,STATION_003,65.34
2026-03-14 07:45:00,STATION_003,65.15
2026-03-14 08:00:00,STATION_003,66.0
2026-03-14 08:15:00,STATION_003,59.71
2026-03-14 08:30:00,STATION_003,61.62
2026-03-14 08:45:00,STATION_003,61.84
2026-03-14 09:00:00,STATION_003,62.91
2026-03-14 09:15:00,STATION_003,63.02
2026-03-14 09:30:00,STATION_003,63.26
2026-03-14 09:45:00,STATION_003,66.81
2026-03-14 10:00:00,STATION_003,64.39
2026-03-14 10:15:00,STATION_003,66.84
2026-03-14 10:30:00,STATION_003,67.35
2026-03-14 10:45:00,STATION_003,69.24
2026-03-14 11:00:00,STATION_003,72.93
2026-03-14 11:15:00,STATION_003,76.41
2026-03-14 11:30:00,STATION_003,76.39
2026-03-14 11:45:00,STATION_003,76.71
2026-03-14 12:00:00,STATION_003,80.44
2026-03-14 12:15:00,STATION_003,81.89
2026-03-14 12:30:00,STATION_003,86.12
2026-03-14 12:45:00,STATION_003,85.64
2026-03-14 13:00:00,STATION_003,87.27
2026-03-14 13:15:00,STATION_003,94.33
2026-03-14 13:30:00,STATION_003,5.0
2026-03-14 13:45:00,STATION_003,2.1
2026-03-14 14:00:00,STATION_003,3.43
2026-03-14 14:15:00,STATION_003,5.04
2026-03-14 14:30:00,STATION_003,9.5
2026-03-14 14:45:00,STATION_003,13.11
2026-03-14 15:00:00,STATION_003,15.02
2026-03-14 15:15:00,STATION_003,13.54
2026-03-14 15:30:00,STATION_003,16.23
2026-03-14 15:45:00,STATION_003,15.68
2026-03-14 16:00:00,STATION_003,16.32
2026-03-14 16:15:00,STATION_003,13.39
2026-03-14 16:30:00,STATION_003,12.5
2026-03-14 16:45:00,STATION_003,14.38
2026-03-14 17:00:00,STATION_003,17.3
2026-03-14 17:15:00,STATION_003,17.93
2026-03-14 17:30:00,STATION_003,20.55
2026-03-14 17:45:00,STATION_003,24.26
2026-03-14 18:00:00,STATION_003,22.88
2026-03-14 18:15:00,STATION_003,24.41
2026-03-14 18:30:00,STATION_003,24.76
2026-03-14 18:45:00,STATION_003,23.81
2026-03-14 19:00:00,STATION_003,24.7
2026-03-14 19:15:00,STATION_003,26.11
2026-03-14 19:30:00,STATION_003,25.74
2026-03-14 19:45:00,STATION_003,28.74
2026-03-14 20:00:00,STATION_003,30.99
2026-03-14 20:15:00,STATION_003,33.31
2026-03-14 20:30:00,STATION_003,35.22
2026-03-14 20:45:00,STATION_003,34.24
2026-03-14 21:00:00,STATION_003,38.5
2026-03-14 21:15:00,STATION_003,37.57
2026-03-14 21:30:00,STATION_003,35.29
2026-03-14 21:45:00,STATION_003,36.38
2026-03-14 22:00:00,STATION_003,34.83
2026-03-14 22:15:00,STATION_003,33.57
2026-03-14 22:30:00,STATION_003,35.33
2026-03-14 22:45:00,STATION_003,37.65
2026-03-14 23:00:00,STATION_003,40.12
2026-03-14 23:15:00,STATION_003,41.32
2026-03-14 23:30:00,STATION_003,39.95
2026-03-14 23:45:00,STATION_003,42.41
2026-03-15 00:00:00,STATION_003,42.32
2026-03-15 00:15:00,STATION_003,40.11
2026-03-15 00:30:00,STATION_003,40.57
2026-03-15 00:45:00,STATION_003,43.03
2026-03-15 01:00:00,STATION_003,43.15
2026-03-15 01:15:00,STATION_003,43.96
2026-03-15 01:30:00,STATION_003,45.16
2026-03-15 01:45:00,STATION_003,47.91
2026-03-15 02:00:00,STATION_003,48.98
2026-03-15 02:15:00,STATION_003,47.02
2026-03-15 02:30:00,STATION_003,51.09
2026-03-15 02:45:00,STATION_003,51.37
2026-03-15 03:00:00,STATION_003,51.43
2026-03-15 03:15:00,STATION_003,54.43
2026-03-15 03:30:00,STATION_003,54.75
2026-03-15 03:45:00,STATION_003,56.06
2026-03-15 04:00:00,STATION_003,57.48
2026-03-15 04:15:00,STATION_003,57.98
2026-03-15 04:30:00,STATION_003,57.61
2026-03-15 04:45:00,STATION_003,57.4
2026-03-15 05:00:00,STATION_003,58.67
2026-03-15 05:15:00,STATION_003,58.62
2026-03-15 05:30:00,STATION_003,56.43
2026-03-15 05:45:00,STATION_003,60.68
2026-03-15 06:00:00,STATION_003,59.35
2026-03-15 06:15:00,STATION_003,59.15
2026-03-15 06:30:00,STATION_003,60.48
2026-03-15 06:45:00,STATION_003,60.08
2026-03-15 07:00:00,STATION_003,57.74
2026-03-15 07:15:00,STATION_003,57.36
2026-03-15 07:30:00,STATION_003,58.23
2026-03-15 07:45:00,STATION_003,55.3
2026-03-15 08:00:00,STATION_003,53.23
2026-03-15 08:15:00,STATION_003,52.53
2026-03-15 08:30:00,STATION_003,53.84
2026-03-15 08:45:00,STATION_003,56.39
2026-03-15 09:00:00,STATION_003,55.97
2026-03-15 09:15:00,STATION_003,56.47
2026-03-15 09:30:00,STATION_003,60.0
2026-03-15 09:45:00,STATION_003,63.45
2026-03-15 10:00:00,STATION_003,63.71
2026-03-15 10:15:00,STATION_003,58.94
2026-03-15 10:30:00,STATION_003,57.88
2026-03-15 10:45:00,STATION_003,56.3
2026-03-15 11:00:00,STATION_003,55.9
2026-03-15 11:15:00,STATION_003,55.78
2026-03-15 11:30:00,STATION_003,56.64
2026-03-15 11:45:00,STATION_003,59.8
2026-03-15 12:00:00,STATION_003,64.56
2026-03-15 12:15:00,STATION_003,70.86
2026-03-15 12:30:00,STATION_003,75.21
2026-03-15 12:45:00,STATION_003,77.43
2026-03-15 13:00:00,STATION_003,81.68
2026-03-15 13:15:00,STATION_003,82.93
2026-03-15 13:30:00,STATION_003,86.25
2026-03-15 13:45:00,STATION_003,90.43
2026-03-15 14:00:00,STATION_003,5.0
2026-03-15 14:15:00,STATION_003,7.26
2026-03-15 14:30:00,STATION_003,13.6
2026-03-15 14:45:00,STATION_003,14.05
2026-03-15 15:00:00,STATION_003,17.47
2026-03-15 15:15:00,STATION_003,15.01
2026-03-15 15:30:00,STATION_003,16.54
2026-03-15 15:45:00,STATION_003,15.66
2026-03-15 16:00:00,STATION_003,16.7
2026-03-15 16:15:00,STATION_003,20.72
2026-03-15 16:30:00,STATION_003,22.28
2026-03-15 16:45:00,STATION_003,22.94
2026-03-15 17:00:00,STATION_003,22.59
2026-03-15 17:15:00,STATION_003,24.22
2026-03-15 17:30:00,STATION_003,28.02
2026-03-15 17:45:00,STATION_003,26.65
2026-03-15 18:00:00,STATION_003,26.71
2026-03-15 18:15:00,STATION_003,26.53
2026-03-15 18:30:00,STATION_003,26.88
2026-03-15 18:45:00,STATION_003,27.73
2026-03-15 19:00:00,STATION_003,29.32
2026-03-15 19:15:00,STATION_003,29.6
2026-03-15 19:30:00,STATION_003,27.92
2026-03-15 19:45:00,STATION_003,28.37
2026-03-15 20:00:00,STATION_003,30.3
2026-03-15 20:15:00,STATION_003,33.18
2026-03-15 20:30:00,STATION_003,34.77
2026-03-15 20:45:00,STATION_003,32.86
2026-03-15 21:00:00,STATION_003,32.16
2026-03-15 21:15:00,STATION_003,30.62
2026-03-15 21:30:00,STATION_003,27.98
2026-03-15 21:45:00,STATION_003,30.04
2026-03-15 22:00:00,STATION_003,35.44
2026-03-15 22:15:00,STATION_003,40.76
2026-03-15 22:30:00,STATION_003,44.62
2026-03-15 22:45:00,STATION_003,43.69
2026-03-15 23:00:00,STATION_003,47.96
2026-03-15 23:15:00,STATION_003,47.25
2026-03-15 23:30:00,STATION_003,48.23
2026-03-15 23:45:00,STATION_003,46.34
2026-03-16 00:00:00,STATION_003,48.81
2026-03-16 00:15:00,STATION_003,51.01
2026-03-16 00:30:00,STATION_003,51.6
2026-03-16 00:45:00,STATION_003,50.65
2026-03-16 01:00:00,STATION_003,52.95
2026-03-16 01:15:00,STATION_003,52.73
2026-03-16 01:30:00,STATION_003,54.36
2026-03-16 01:45:00,STATION_003,57.11
2026-03-16 02:00:00,STATION_003,55.25
2026-03-16 02:15:00,STATION_003,57.74
2026-03-16 02:30:00,STATION_003,57.67
2026-03-16 02:45:00,STATION_003,60.2
2026-03-16 03:00:00,STATION_003,60.75
2026-03-16 03:15:00,STATION_003,62.04
2026-03-16 03:30:00,STATION_003,64.58
2026-03-16 03:45:00,STATION_003,66.39
2026-03-16 04:00:00,STATION_003,65.82
2026-03-16 04:15:00,STATION_003,70.17
2026-03-16 04:30:00,STATION_003,70.76
2026-03-16 04:45:00,STATION_003,68.71
2026-03-16 05:00:00,STATION_003,66.59
2026-03-16 05:15:00,STATION_003,67.68
2026-03-16 05:30:00,STATION_003,67.48
2026-03-16 05:45:00,STATION_003,68.89
2026-03-16 06:00:00,STATION_003,66.89
2026-03-16 06:15:00,STATION_003,71.07
2026-03-16 06:30:00,STATION_003,73.69
2026-03-16 06:45:00,STATION_003,75.3
2026-03-16 07:00:00,STATION_003,77.53
2026-03-16 07:15:00,STATION_003,77.65
2026-03-16 07:30:00,STATION_003,77.29
2026-03-16 07:45:00,STATION_003,74.31
2026-03-16 08:00:00,STATION_003,75.41
2026-03-16 08:15:00,STATION_003,75.88
2026-03-16 08:30:00,STATION_003,76.66
2026-03-16 08:45:00,STATION_003,83.96
2026-03-16 09:00:00,STATION_003,81.75
2026-03-16 09:15:00,STATION_003,83.82
2026-03-16 09:30:00,STATION_003,86.91
2026-03-16 09:45:00,STATION_003,86.61
2026-03-16 10:00:00,STATION_003,84.3
2026-03-16 10:15:00,STATION_003,83.58
2026-03-16 10:30:00,STATION_003,87.89
2026-03-16 10:45:00,STATION_003,86.99
2026-03-16 11:00:00,STATION_003,89.77
2026-03-16 11:15:00,STATION_003,93.95
2026-03-16 11:30:00,STATION_003,94.1
2026-03-16 11:45:00,STATION_003,5.0
2026-03-16 12:00:00,STATION_003,8.27
2026-03-16 12:15:00,STATION_003,15.57
2026-03-16 12:30:00,STATION_003,14.22
2026-03-16 12:45:00,STATION_003,16.1
2026-03-16 13:00:00,STATION_003,17.74
2026-03-16 13:15:00,STATION_003,21.94
2026-03-16 13:30:00,STATION_003,26.74
2026-03-16 13:45:00,STATION_003,31.52
2026-03-16 14:00:00,STATION_003,31.98
2026-03-16 14:15:00,STATION_003,33.41
2026-03-16 14:30:00,STATION_003,35.25
2026-03-16 14:45:00,STATION_003,36.97
2026-03-16 15:00:00,STATION_003,34.3
2026-03-16 15:15:00,STATION_003,34.56
2026-03-16 15:30:00,STATION_003,37.16
2026-03-16 15:45:00,STATION_003,37.96
2026-03-16 16:00:00,STATION_003,36.25
2026-03-16 16:15:00,STATION_003,39.03
2026-03-16 16:30:00,STATION_003,42.08
2026-03-16 16:45:00,STATION_003,40.51
2026-03-16 17:00:00,STATION_003,43.09
2026-03-16 17:15:00,STATION_003,47.36
2026-03-16 17:30:00,STATION_003,47.6
2026-03-16 17:45:00,STATION_003,46.8
2026-03-16 18:00:00,STATION_003,47.12
2026-03-16 18:15:00,STATION_003,52.06
2026-03-16 18:30:00,STATION_003,55.26
2026-03-16 18:45:00,STATION_003,53.82
2026-03-16 19:00:00,STATION_003,54.49
2026-03-16 19:15:00,STATION_003,59.34
2026-03-16 19:30:00,STATION_003,65.04
2026-03-16 19:45:00,STATION_003,66.92
2026-03-16 20:00:00,STATION_003,69.06
2026-03-16 20:15:00,STATION_003,69.19
2026-03-16 20:30:00,STATION_003,75.63
2026-03-16 20:45:00,STATION_003,77.53
2026-03-16 21:00:00,STATION_003,82.26
2026-03-16 21:15:00,STATION_003,84.37
2026-03-16 21:30:00,STATION_003,86.89
2026-03-16 21:45:00,STATION_003,85.75
2026-03-16 22:00:00,STATION_003,85.05
2026-03-16 22:15:00,STATION_003,84.1
2026-03-16 22:30:00,STATION_003,87.71
2026-03-16 22:45:00,STATION_003,90.68
2026-03-16 23:00:00,STATION_003,90.19
2026-03-16 23:15:00,STATION_003,89.79
2026-03-16 23:30:00,STATION_003,88.19
2026-03-16 23:45:00,STATION_003,89.4
2026-03-17 00:00:00,STATION_003,88.76
2026-03-17 00:15:00,STATION_003,89.19
2026-03-17 00:30:00,STATION_003,91.23
2026-03-17 00:45:00,STATION_003,92.06
2026-03-17 01:00:00,STATION_003,94.74
2026-03-17 01:15:00,STATION_003,93.33
2026-03-17 01:30:00,STATION_003,5.0
2026-03-17 01:45:00,STATION_003,1.69
2026-03-17 02:00:00,STATION_003,1.26
2026-03-17 02:15:00,STATION_003,4.39
2026-03-17 02:30:00,STATION_003,2.04
2026-03-17 02:45:00,STATION_003,3.97
2026-03-17 03:00:00,STATION_003,1.92
2026-03-17 03:15:00,STATION_003,0.77
2026-03-17 03:30:00,STATION_003,0.0
2026-03-17 03:45:00,STATION_003,0.86
2026-03-17 04:00:00,STATION_003,0.0
2026-03-17 04:15:00,STATION_003,2.76
2026-03-17 04:30:00,STATION_003,2.64
2026-03-17 04:45:00,STATION_003,4.4
2026-03-17 05:00:00,STATION_003,11.35
2026-03-17 05:15:00,STATION_003,12.57
2026-03-17 05:30:00,STATION_003,13.47
2026-03-17 05:45:00,STATION_003,16.75
2026-03-17 06:00:00,STATION_003,20.01
2026-03-17 06:15:00,STATION_003,21.58
2026-03-17 06:30:00,STATION_003,19.63
2026-03-17 06:45:00,STATION_003,20.74
2026-03-17 07:00:00,STATION_003,20.64
2026-03-17 07:15:00,STATION_003,19.37
2026-03-17 07:30:00,STATION_003,20.26
2026-03-17 07:45:00,STATION_003,20.91
2026-03-17 08:00:00,STATION_003,23.91
2026-03-17 08:15:00,STATION_003,22.6
2026-03-17 08:30:00,STATION_003,27.61
2026-03-17 08:45:00,STATION_003,29.13
2026-03-17 09:00:00,STATION_003,27.26
2026-03-17 09:15:00,STATION_003,33.88
2026-03-17 09:30:00,STATION_003,33.83
2026-03-17 09:45:00,STATION_003,35.26
2026-03-17 10:00:00,STATION_003,36.26
2026-03-17 10:15:00,STATION_003,36.51
2026-03-17 10:30:00,STATION_003,39.94
2026-03-17 10:45:00,STATION_003,43.03
2026-03-17 11:00:00,STATION_003,45.3
2026-03-17 11:15:00,STATION_003,48.23
2026-03-17 11:30:00,STATION_003,49.97
2026-03-17 11:45:00,STATION_003,49.9
2026-03-17 12:00:00,STATION_003,53.75
2026-03-17 12:15:00,STATION_003,55.06
2026-03-17 12:30:00,STATION_003,58.14
2026-03-17 12:45:00,STATION_003,64.1
2026-03-17 13:00:00,STATION_003,68.09
2026-03-17 13:15:00,STATION_003,71.15
2026-03-17 13:30:00,STATION_003,74.46
2026-03-17 13:45:00,STATION_003,77.28
2026-03-17 14:00:00,STATION_003,76.67
2026-03-17 14:15:00,STATION_003,76.82
2026-03-17 14:30:00,STATION_003,75.16
2026-03-17 14:45:00,STATION_003,73.61
2026-03-17 15:00:00,STATION_003,74.26
2026-03-17 15:15:00,STATION_003,71.05
2026-03-17 15:30:00,STATION_003,72.77
2026-03-17 15:45:00,STATION_003,70.52
2026-03-17 16:00:00,STATION_003,75.39
2026-03-17 16:15:00,STATION_003,77.34
2026-03-17 16:30:00,STATION_003,78.05
2026-03-17 16:45:00,STATION_003,78.58
2026-03-17 17:00:00,STATION_003,83.22
2026-03-17 17:15:00,STATION_003,84.06
2026-03-17 17:30:00,STATION_003,84.77
2026-03-17 17:45:00,STATION_003,84.59
2026-03-17 18:00:00,STATION_003,85.53
2026-03-17 18:15:00,STATION_003,88.72
2026-03-17 18:30:00,STATION_003,88.0
2026-03-17 18:45:00,STATION_003,92.52
2026-03-17 19:00:00,STATION_003,93.69
2026-03-17 19:15:00,STATION_003,5.0
2026-03-17 19:30:00,STATION_003,8.35
2026-03-17 19:45:00,STATION_003,12.41
2026-03-17 20:00:00,STATION_003,20.38
2026-03-17 20:15:00,STATION_003,23.16
2026-03-17 20:30:00,STATION_003,26.73
2026-03-17 20:45:00,STATION_003,31.61
2026-03-17 21:00:00,STATION_003,32.44
2026-03-17 21:15:00,STATION_003,31.79
2026-03-17 21:30:00,STATION_003,33.65
2026-03-17 21:45:00,STATION_003,33.25
2026-03-17 22:00:00,STATION_003,37.28
2026-03-17 22:15:00,STATION_003,35.24
2026-03-17 22:30:00,STATION_003,38.76
2026-03-17 22:45:00,STATION_003,37.37
2026-03-17 23:00:00,STATION_003,37.02
2026-03-17 23:15:00,STATION_003,38.67
2026-03-17 23:30:00,STATION_003,41.74
2026-03-17 23:45:00,STATION_003,42.3
2026-03-18 00:00:00,STATION_003,41.83
2026-03-18 00:15:00,STATION_003,40.2
2026-03-18 00:30:00,STATION_003,42.51
2026-03-18 00:45:00,STATION_003,40.73
2026-03-18 01:00:00,STATION_003,40.98
2026-03-18 01:15:00,STATION_003,42.73
2026-03-18 01:30:00,STATION_003,43.54
2026-03-18 01:45:00,STATION_003,46.63
2026-03-18 02:00:00,STATION_003,49.16
2026-03-18 02:15:00,STATION_003,50.96
2026-03-18 02:30:00,STATION_003,49.13
2026-03-18 02:45:00,STATION_003,50.65
2026-03-18 03:00:00,STATION_003,54.25
2026-03-18 03:15:00,STATION_003,53.61
2026-03-18 03:30:00,STATION_003,55.03
2026-03-18 03:45:00,STATION_003,54.51
2026-03-18 04:00:00,STATION_003,54.47
2026-03-18 04:15:00,STATION_003,54.03
2026-03-18 04:30:00,STATION_003,52.67
2026-03-18 04:45:00,STATION_003,49.48
2026-03-18 05:00:00,STATION_003,50.34
2026-03-18 05:15:00,STATION_003,48.28
2026-03-18 05:30:00,STATION_003,51.07
2026-03-18 05:45:00,STATION_003,54.58
2026-03-18 06:00:00,STATION_003,59.36
2026-03-18 06:15:00,STATION_003,61.81
2026-03-18 06:30:00,STATION_003,64.37
2026-03-18 06:45:00,STATION_003,63.31
2026-03-18 07:00:00,STATION_003,63.63
2026-03-18 07:15:00,STATION_003,61.5
2026-03-18 07:30:00,STATION_003,63.65
2026-03-18 07:45:00,STATION_003,63.24
2026-03-18 08:00:00,STATION_003,66.11
2026-03-18 08:15:00,STATION_003,65.02
2026-03-18 08:30:00,STATION_003,64.56
2026-03-18 08:45:00,STATION_003,65.71
2026-03-18 09:00:00,STATION_003,68.36
2026-03-18 09:15:00,STATION_003,66.83
2026-03-18 09:30:00,STATION_003,64.31
2026-03-18 09:45:00,STATION_003,65.41
2026-03-18 10:00:00,STATION_003,63.77
2026-03-18 10:15:00,STATION_003,61.55
2026-03-18 10:30:00,STATION_003,60.99
2026-03-18 10:45:00,STATION_003,62.42
2026-03-18 11:00:00,STATION_003,65.29
2026-03-18 11:15:00,STATION_003,62.86
2026-03-18 11:30:00,STATION_003,64.72
2026-03-18 11:45:00,STATION_003,64.82
2026-03-18 12:00:00,STATION_003,66.9
2026-03-18 12:15:00,STATION_003,68.65
2026-03-18 12:30:00,STATION_003,72.21
2026-03-18 12:45:00,STATION_003,74.53
2026-03-18 13:00:00,STATION_003,76.3
2026-03-18 13:15:00,STATION_003,80.82
2026-03-18 13:30:00,STATION_003,85.32
2026-03-18 13:45:00,STATION_003,87.01
2026-03-18 14:00:00,STATION_003,90.91
2026-03-18 14:15:00,STATION_003,90.0
2026-03-18 14:30:00,STATION_003,89.58
2026-03-18 14:45:00,STATION_003,91.07
2026-03-18 15:00:00,STATION_003,87.91
2026-03-18 15:15:00,STATION_003,91.65
2026-03-18 15:30:00,STATION_003,87.38
2026-03-18 15:45:00,STATION_003,86.38
2026-03-18 16:00:00,STATION_003,86.41
2026-03-18 16:15:00,STATION_003,84.18
2026-03-18 16:30:00,STATION_003,85.9
2026-03-18 16:45:00,STATION_003,86.8
2026-03-18 17:00:00,STATION_003,85.01
2026-03-18 17:15:00,STATION_003,85.59
2026-03-18 17:30:00,STATION_003,86.27
2026-03-18 17:45:00,STATION_003,86.32
2026-03-18 18:00:00,STATION_003,91.99
2026-03-18 18:15:00,STATION_003,5.0
2026-03-18 18:30:00,STATION_003,7.37
2026-03-18 18:45:00,STATION_003,6.84
2026-03-18 19:00:00,STATION_003,9.44
2026-03-18 19:15:00,STATION_003,12.57
2026-03-18 19:30:00,STATION_003,13.02
2026-03-18 19:45:00,STATION_003,17.19
2026-03-18 20:00:00,STATION_003,19.06
2026-03-18 20:15:00,STATION_003,21.57
2026-03-18 20:30:00,STATION_003,27.0
2026-03-18 20:45:00,STATION_003,28.27
2026-03-18 21:00:00,STATION_003,25.38
2026-03-18 21:15:00,STATION_003,20.88
2026-03-18 21:30:00,STATION_003,21.87
2026-03-18 21:45:00,STATION_003,25.51
2026-03-18 22:00:00,STATION_003,24.22
2026-03-18 22:15:00,STATION_003,25.3
2026-03-18 22:30:00,STATION_003,26.12
2026-03-18 22:45:00,STATION_003,26.3
2026-03-18 23:00:00,STATION_003,26.03
2026-03-18 23:15:00,STATION_003,23.24
2026-03-18 23:30:00,STATION_003,26.29
2026-03-18 23:45:00,STATION_003,25.12
2026-03-19 00:00:00,STATION_003,27.61
2026-03-19 00:15:00,STATION_003,31.69
2026-03-19 00:30:00,STATION_003,31.79
2026-03-19 00:45:00,STATION_003,33.31
2026-03-19 01:00:00,STATION_003,33.88
2026-03-19 01:15:00,STATION_003,34.41
2026-03-19 01:30:00,STATION_003,36.49
2026-03-19 01:45:00,STATION_003,36.4
2026-03-19 02:00:00,STATION_003,37.71
2026-03-19 02:15:00,STATION_003,39.6
2026-03-19 02:30:00,STATION_003,43.21
2026-03-19 02:45:00,STATION_003,46.26
2026-03-19 03:00:00,STATION_003,42.82
2026-03-19 03:15:00,STATION_003,44.42
2026-03-19 03:30:00,STATION_003,44.84
2026-03-19 03:45:00,STATION_003,45.14
2026-03-19 04:00:00,STATION_003,42.47
2026-03-19 04:15:00,STATION_003,45.9
2026-03-19 04:30:00,STATION_003,45.66
2026-03-19 04:45:00,STATION_003,45.54
2026-03-19 05:00:00,STATION_003,44.23
2026-03-19 05:15:00,STATION_003,45.67
2026-03-19 05:30:00,STATION_003,47.74
2026-03-19 05:45:00,STATION_003,51.54
2026-03-19 06:00:00,STATION_003,51.03
2026-03-19 06:15:00,STATION_003,49.31
2026-03-19 06:30:00,STATION_003,50.59
2026-03-19 06:45:00,STATION_003,54.11
2026-03-19 07:00:00,STATION_003,54.24
2026-03-19 07:15:00,STATION_003,54.88
2026-03-19 07:30:00,STATION_003,56.94
2026-03-19 07:45:00,STATION_003,55.54
2026-03-19 08:00:00,STATION_003,56.92
2026-03-19 08:15:00,STATION_003,58.05
2026-03-19 08:30:00,STATION_003,57.16
2026-03-19 08:45:00,STATION_003,56.42
2026-03-19 09:00:00,STATION_003,55.11
2026-03-19 09:15:00,STATION_003,61.06
2026-03-19 09:30:00,STATION_003,64.47
2026-03-19 09:45:00,STATION_003,67.81
2026-03-19 10:00:00,STATION_003,68.08
2026-03-19 10:15:00,STATION_003,66.26
2026-03-19 10:30:00,STATION_003,68.19
2026-03-19 10:45:00,STATION_003,69.37
2026-03-19 11:00:00,STATION_003,69.43
2026-03-19 11:15:00,STATION_003,70.58
2026-03-19 11:30:00,STATION_003,71.54
2026-03-19 11:45:00,STATION_003,72.36
2026-03-19 12:00:00,STATION_003,78.16
2026-03-19 12:15:00,STATION_003,80.72
2026-03-19 12:30:00,STATION_003,82.63
2026-03-19 12:45:00,STATION_003,86.91
2026-03-19 13:00:00,STATION_003,87.03
2026-03-19 13:15:00,STATION_003,90.3
2026-03-19 13:30:00,STATION_003,92.57
2026-03-19 13:45:00,STATION_003,5.0
2026-03-19 14:00:00,STATION_003,3.61
2026-03-19 14:15:00,STATION_003,3.35
2026-03-19 14:30:00,STATION_003,1.14
2026-03-19 14:45:00,STATION_003,1.8
2026-03-19 15:00:00,STATION_003,1.04
2026-03-19 15:15:00,STATION_003,2.35
2026-03-19 15:30:00,STATION_003,4.03
2026-03-19 15:45:00,STATION_003,3.27
2026-03-19 16:00:00,STATION_003,1.57
2026-03-19 16:15:00,STATION_003,4.22
2026-03-19 16:30:00,STATION_003,5.17
2026-03-19 16:45:00,STATION_003,5.67
2026-03-19 17:00:00,STATION_003,6.43
2026-03-19 17:15:00,STATION_003,8.25
2026-03-19 17:30:00,STATION_003,11.32
2026-03-19 17:45:00,STATION_003,13.5
2026-03-19 18:00:00,STATION_003,16.77
2026-03-19 18:15:00,STATION_003,21.98
2026-03-19 18:30:00,STATION_003,25.25
2026-03-19 18:45:00,STATION_003,30.02
2026-03-19 19:00:00,STATION_003,34.47
2026-03-19 19:15:00,STATION_003,34.39
2026-03-19 19:30:00,STATION_003,38.83
2026-03-19 19:45:00,STATION_003,43.72
2026-03-19 20:00:00,STATION_003,46.34
2026-03-19 20:15:00,STATION_003,48.85
2026-03-19 20:30:00,STATION_003,53.66
2026-03-19 20:45:00,STATION_003,55.45
2026-03-19 21:00:00,STATION_003,55.13
2026-03-19 21:15:00,STATION_003,55.64
2026-03-19 21:30:00,STATION_003,52.96
2026-03-19 21:45:00,STATION_003,52.44
2026-03-19 22:00:00,STATION_003,54.28
2026-03-19 22:15:00,STATION_003,53.03
2026-03-19 22:30:00,STATION_003,53.8
2026-03-19 22:45:00,STATION_003,57.81
2026-03-19 23:00:00,STATION_003,55.68
2026-03-19 23:15:00,STATION_003,60.76
2026-03-19 23:30:00,STATION_003,62.77
2026-03-19 23:45:00,STATION_003,66.81
2026-03-20 00:00:00,STATION_003,68.91
2026-03-20 00:15:00,STATION_003,67.82
2026-03-20 00:30:00,STATION_003,69.52
2026-03-20 00:45:00,STATION_003,70.33
2026-03-20 01:00:00,STATION_003,71.5
2026-03-20 01:15:00,STATION_003,74.6
2026-03-20 01:30:00,STATION_003,75.42
2026-03-20 01:45:00,STATION_003,73.17
2026-03-20 02:00:00,STATION_003,73.17
2026-03-20 02:15:00,STATION_003,75.22
2026-03-20 02:30:00,STATION_003,74.86
2026-03-20 02:45:00,STATION_003,77.42
2026-03-20 03:00:00,STATION_003,77.46
2026-03-20 03:15:00,STATION_003,79.29
2026-03-20 03:30:00,STATION_003,79.01
2026-03-20 03:45:00,STATION_003,78.11
2026-03-20 04:00:00,STATION_003,80.78
2026-03-20 04:15:00,STATION_003,84.44
2026-03-20 04:30:00,STATION_003,84.3
2026-03-20 04:45:00,STATION_003,86.71
2026-03-20 05:00:00,STATION_003,89.42
2026-03-20 05:15:00,STATION_003,90.28
2026-03-20 05:30:00,STATION_003,87.87
2026-03-20 05:45:00,STATION_003,90.87
2026-03-20 06:00:00,STATION_003,93.43
2026-03-20 06:15:00,STATION_003,5.0
2026-03-20 06:30:00,STATION_003,2.45
2026-03-20 06:45:00,STATION_003,0.0
2026-03-20 07:00:00,STATION_003,0.0
2026-03-20 07:15:00,STATION_003,0.0
2026-03-20 07:30:00,STATION_003,2.43
2026-03-20 07:45:00,STATION_003,8.06
2026-03-20 08:00:00,STATION_003,12.74
2026-03-20 08:15:00,STATION_003,12.86
2026-03-20 08:30:00,STATION_003,13.12
2026-03-20 08:45:00,STATION_003,13.54
2026-03-20 09:00:00,STATION_003,15.65
2026-03-20 09:15:00,STATION_003,18.5
2026-03-20 09:30:00,STATION_003,17.71
2026-03-20 09:45:00,STATION_003,18.02
2026-03-20 10:00:00,STATION_003,18.38
2026-03-20 10:15:00,STATION_003,19.75
2026-03-20 10:30:00,STATION_003,19.99
2026-03-20 10:45:00,STATION_003,17.64
2026-03-20 11:00:00,STATION_003,16.8
2026-03-20 11:15:00,STATION_003,17.54
2026-03-20 11:30:00,STATION_003,17.42
2026-03-20 11:45:00,STATION_003,17.47
2026-03-20 12:00:00,STATION_003,20.45
2026-03-20 12:15:00,STATION_003,25.26
2026-03-20 12:30:00,STATION_003,29.95
2026-03-20 12:45:00,STATION_003,32.27
2026-03-20 13:00:00,STATION_003,34.0
2026-03-20 13:15:00,STATION_003,38.1
2026-03-20 13:30:00,STATION_003,39.12
2026-03-20 13:45:00,STATION_003,45.31
2026-03-20 14:00:00,STATION_003,42.43
2026-03-20 14:15:00,STATION_003,41.79
2026-03-20 14:30:00,STATION_003,42.74
2026-03-20 14:45:00,STATION_003,41.56
2026-03-20 15:00:00,STATION_003,44.89
2026-03-20 15:15:00,STATION_003,48.0
2026-03-20 15:30:00,STATION_003,50.3
2026-03-20 15:45:00,STATION_003,50.98
2026-03-20 16:00:00,STATION_003,52.29
2026-03-20 16:15:00,STATION_003,51.15
2026-03-20 16:30:00,STATION_003,51.53
2026-03-20 16:45:00,STATION_003,50.75
2026-03-20 17:00:00,STATION_003,52.33
2026-03-20 17:15:00,STATION_003,56.1
2026-03-20 17:30:00,STATION_003,60.18
2026-03-20 17:45:00,STATION_003,60.95
2026-03-20 18:00:00,STATION_003,65.33
2026-03-20 18:15:00,STATION_003,70.13
2026-03-20 18:30:00,STATION_003,73.28
2026-03-20 18:45:00,STATION_003,74.88
2026-03-20 19:00:00,STATION_003,77.75
2026-03-20 19:15:00,STATION_003,84.18
2026-03-20 19:30:00,STATION_003,87.47
2026-03-20 19:45:00,STATION_003,89.83
2026-03-20 20:00:00,STATION_003,91.17
2026-03-20 20:15:00,STATION_003,91.89
2026-03-20 20:30:00,STATION_003,91.82
2026-03-20 20:45:00,STATION_003,94.54
2026-03-20 21:00:00,STATION_003,93.99
2026-03-20 21:15:00,STATION_003,93.32
2026-03-20 21:30:00,STATION_003,5.0
2026-03-20 21:45:00,STATION_003,3.56
2026-03-20 22:00:00,STATION_003,8.61
2026-03-20 22:15:00,STATION_003,10.43
2026-03-20 22:30:00,STATION_003,13.33
2026-03-20 22:45:00,STATION_003,16.41
2026-03-20 23:00:00,STATION_003,17.27
2026-03-20 23:15:00,STATION_003,18.26
2026-03-20 23:30:00,STATION_003,17.15
2026-03-20 23:45:00,STATION_003,19.82
2026-03-21 00:00:00,STATION_003,21.42
2026-03-21 00:15:00,STATION_003,23.16
2026-03-21 00:30:00,STATION_003,26.55
2026-03-21 00:45:00,STATION_003,28.38
2026-03-21 01:00:00,STATION_003,27.4
2026-03-21 01:15:00,STATION_003,28.45
2026-03-21 01:30:00,STATION_003,30.0
2026-03-21 01:45:00,STATION_003,27.85
2026-03-21 02:00:00,STATION_003,26.0
2026-03-21 02:15:00,STATION_003,24.72
2026-03-21 02:30:00,STATION_003,22.35
2026-03-21 02:45:00,STATION_003,21.13
2026-03-21 03:00:00,STATION_003,22.81
2026-03-21 03:15:00,STATION_003,24.69
2026-03-21 03:30:00,STATION_003,23.76
2026-03-21 03:45:00,STATION_003,25.25
2026-03-21 04:00:00,STATION_003,27.15
2026-03-21 04:15:00,STATION_003,28.82
2026-03-21 04:30:00,STATION_003,32.36
2026-03-21 04:45:00,STATION_003,35.83
2026-03-21 05:00:00,STATION_003,33.59
2026-03-21 05:15:00,STATION_003,35.47
2026-03-21 05:30:00,STATION_003,37.45
2026-03-21 05:45:00,STATION_003,40.99
2026-03-21 06:00:00,STATION_003,41.22
2026-03-21 06:15:00,STATION_003,45.39
2026-03-21 06:30:00,STATION_003,45.37
2026-03-21 06:45:00,STATION_003,47.93
2026-03-21 07:00:00,STATION_003,49.69
2026-03-21 07:15:00,STATION_003,53.38
2026-03-21 07:30:00,STATION_003,51.55
2026-03-21 07:45:00,STATION_003,53.43
2026-03-21 08:00:00,STATION_003,56.91
2026-03-21 08:15:00,STATION_003,55.63
2026-03-21 08:30:00,STATION_003,53.67
2026-03-21 08:45:00,STATION_003,55.8
2026-03-21 09:00:00,STATION_003,56.19
2026-03-21 09:15:00,STATION_003,56.06
2026-03-21 09:30:00,STATION_003,56.93
2026-03-21 09:45:00,STATION_003,60.56
2026-03-21 10:00:00,STATION_003,65.4
2026-03-21 10:15:00,STATION_003,66.08
2026-03-21 10:30:00,STATION_003,67.19
2026-03-21 10:45:00,STATION_003,67.86
2026-03-21 11:00:00,STATION_003,69.8
2026-03-21 11:15:00,STATION_003,73.04
2026-03-21 11:30:00,STATION_003,78.21
2026-03-21 11:45:00,STATION_003,80.39
2026-03-21 12:00:00,STATION_003,84.53
2026-03-21 12:15:00,STATION_003,85.59
2026-03-21 12:30:00,STATION_003,90.92
2026-03-21 12:45:00,STATION_003,91.3
2026-03-21 13:00:00,STATION_003,5.0
2026-03-21 13:15:00,STATION_003,5.87
2026-03-21 13:30:00,STATION_003,8.57
2026-03-21 13:45:00,STATION_003,13.06
2026-03-21 14:00:00,STATION_003,14.68
2026-03-21 14:15:00,STATION_003,14.48
2026-03-21 14:30:00,STATION_003,17.54
2026-03-21 14:45:00,STATION_003,18.1
2026-03-21 15:00:00,STATION_003,20.58
2026-03-21 15:15:00,STATION_003,19.34
2026-03-21 15:30:00,STATION_003,21.88
2026-03-21 15:45:00,STATION_003,20.49
2026-03-21 16:00:00,STATION_003,19.77
2026-03-21 16:15:00,STATION_003,23.1
2026-03-21 16:30:00,STATION_003,23.96
2026-03-21 16:45:00,STATION_003,25.06
2026-03-21 17:00:00,STATION_003,25.99
2026-03-21 17:15:00,STATION_003,28.71
2026-03-21 17:30:00,STATION_003,28.93
2026-03-21 17:45:00,STATION_003,29.25
2026-03-21 18:00:00,STATION_003,29.87
2026-03-21 18:15:00,STATION_003,31.58
2026-03-21 18:30:00,STATION_003,34.15
2026-03-21 18:45:00,STATION_003,32.77
2026-03-21 19:00:00,STATION_003,35.09
2026-03-21 19:15:00,STATION_003,35.72
2026-03-21 19:30:00,STATION_003,36.09
2026-03-21 19:45:00,STATION_003,36.04
2026-03-21 20:00:00,STATION_003,39.11
2026-03-21 20:15:00,STATION_003,38.6
2026-03-21 20:30:00,STATION_003,38.49
2026-03-21 20:45:00,STATION_003,37.28
2026-03-21 21:00:00,STATION_003,38.41
2026-03-21 21:15:00,STATION_003,42.46
2026-03-21 21:30:00,STATION_003,46.72
2026-03-21 21:45:00,STATION_003,49.52
2026-03-21 22:00:00,STATION_003,48.58
2026-03-21 22:15:00,STATION_003,49.05
2026-03-21 22:30:00,STATION_003,49.97
2026-03-21 22:45:00,STATION_003,50.88
2026-03-21 23:00:00,STATION_003,51.56
2026-03-21 23:15:00,STATION_003,51.06
2026-03-21 23:30:00,STATION_003,54.53
2026-03-21 23:45:00,STATION_003,55.22
2026-03-22 00:00:00,STATION_003,57.03
2026-03-22 00:15:00,STATION_003,57.36
2026-03-22 00:30:00,STATION_003,61.51
2026-03-22 00:45:00,STATION_003,62.63
2026-03-22 01:00:00,STATION_003,63.59
2026-03-22 01:15:00,STATION_003,67.54
2026-03-22 01:30:00,STATION_003,70.03
2026-03-22 01:45:00,STATION_003,70.37
2026-03-22 02:00:00,STATION_003,71.47
2026-03-22 02:15:00,STATION_003,74.0
2026-03-22 02:30:00,STATION_003,72.89
2026-03-22 02:45:00,STATION_003,74.76
2026-03-22 03:00:00,STATION_003,75.47
2026-03-22 03:15:00,STATION_003,76.09
2026-03-22 03:30:00,STATION_003,79.72
2026-03-22 03:45:00,STATION_003,82.49
2026-03-22 04:00:00,STATION_003,86.24
2026-03-22 04:15:00,STATION_003,87.04
2026-03-22 04:30:00,STATION_003,89.89
2026-03-22 04:45:00,STATION_003,94.57
2026-03-22 05:00:00,STATION_003,5.0
2026-03-22 05:15:00,STATION_003,3.36
2026-03-22 05:30:00,STATION_003,6.19
2026-03-22 05:45:00,STATION_003,8.48
2026-03-22 06:00:00,STATION_003,8.25
2026-03-22 06:15:00,STATION_003,6.49
2026-03-22 06:30:00,STATION_003,7.23
2026-03-22 06:45:00,STATION_003,9.51
2026-03-22 07:00:00,STATION_003,12.88
2026-03-22 07:15:00,STATION_003,14.2
2026-03-22 07:30:00,STATION_003,12.14
2026-03-22 07:45:00,STATION_003,14.84
2026-03-22 08:00:00,STATION_003,14.14
2026-03-22 08:15:00,STATION_003,14.04
2026-03-22 08:30:00,STATION_003,13.11
2026-03-22 08:45:00,STATION_003,13.78
2026-03-22 09:00:00,STATION_003,15.89
2026-03-22 09:15:00,STATION_003,13.86
2026-03-22 09:30:00,STATION_003,15.05
2026-03-22 09:45:00,STATION_003,18.46
2026-03-22 10:00:00,STATION_003,21.64
2026-03-22 10:15:00,STATION_003,21.31
2026-03-22 10:30:00,STATION_003,21.69
2026-03-22 10:45:00,STATION_003,21.04
2026-03-22 11:00:00,STATION_003,24.88
2026-03-22 11:15:00,STATION_003,25.69
2026-03-22 11:30:00,STATION_003,26.89
2026-03-22 11:45:00,STATION_003,28.37
2026-03-22 12:00:00,STATION_003,32.23
2026-03-22 12:15:00,STATION_003,32.77
2026-03-22 12:30:00,STATION_003,35.85
2026-03-22 12:45:00,STATION_003,35.02
2026-03-22 13:00:00,STATION_003,39.83
2026-03-22 13:15:00,STATION_003,39.4
2026-03-22 13:30:00,STATION_003,42.83
2026-03-22 13:45:00,STATION_003,47.41
2026-03-22 14:00:00,STATION_003,50.01
2026-03-22 14:15:00,STATION_003,53.79
2026-03-22 14:30:00,STATION_003,56.98
2026-03-22 14:45:00,STATION_003,59.27
2026-03-22 15:00:00,STATION_003,58.07
2026-03-22 15:15:00,STATION_003,56.37
2026-03-22 15:30:00,STATION_003,52.28
2026-03-22 15:45:00,STATION_003,53.09
2026-03-22 16:00:00,STATION_003,54.04
2026-03-22 16:15:00,STATION_003,55.17
2026-03-22 16:30:00,STATION_003,56.68
2026-03-22 16:45:00,STATION_003,56.12
2026-03-22 17:00:00,STATION_003,57.08
2026-03-22 17:15:00,STATION_003,58.14
2026-03-22 17:30:00,STATION_003,61.49
2026-03-22 17:45:00,STATION_003,62.4
2026-03-22 18:00:00,STATION_003,64.17
2026-03-22 18:15:00,STATION_003,62.11
2026-03-22 18:30:00,STATION_003,61.02
2026-03-22 18:45:00,STATION_003,61.78
2026-03-22 19:00:00,STATION_003,66.6
2026-03-22 19:15:00,STATION_003,67.95
2026-03-22 19:30:00,STATION_003,67.16
2026-03-22 19:45:00,STATION_003,66.15
2026-03-22 20:00:00,STATION_003,64.69
2026-03-22 20:15:00,STATION_003,64.89
2026-03-22 20:30:00,STATION_003,64.67
2026-03-22 20:45:00,STATION_003,63.79
2026-03-22 21:00:00,STATION_003,64.96
2026-03-22 21:15:00,STATION_003,64.29
2026-03-22 21:30:00,STATION_003,61.36
2026-03-22 21:45:00,STATION_003,62.92
2026-03-22 22:00:00,STATION_003,61.58
2026-03-22 22:15:00,STATION_003,65.67
2026-03-22 22:30:00,STATION_003,67.51
2026-03-22 22:45:00,STATION_003,65.91
2026-03-22 23:00:00,STATION_003,67.06
2026-03-22 23:15:00,STATION_003,67.6
2026-03-22 23:30:00,STATION_003,70.99
2026-03-22 23:45:00,STATION_003,70.29
2026-03-23 00:00:00,STATION_003,74.7
2026-03-23 00:15:00,STATION_003,75.26
2026-03-23 00:30:00,STATION_003,74.85
2026-03-23 00:45:00,STATION_003,73.62
2026-03-23 01:00:00,STATION_003,78.26
2026-03-23 01:15:00,STATION_003,79.57
2026-03-23 01:30:00,STATION_003,78.89
2026-03-23 01:45:00,STATION_003,76.75
2026-03-23 02:00:00,STATION_003,78.78
2026-03-23 02:15:00,STATION_003,77.63
2026-03-23 02:30:00,STATION_003,78.44
2026-03-23 02:45:00,STATION_003,78.65
2026-03-23 03:00:00,STATION_003,78.5
2026-03-23 03:15:00,STATION_003,79.09
2026-03-23 03:30:00,STATION_003,82.93
2026-03-23 03:45:00,STATION_003,84.57
2026-03-23 04:00:00,STATION_003,83.96
2026-03-23 04:15:00,STATION_003,82.92
2026-03-23 04:30:00,STATION_003,84.55
2026-03-23 04:45:00,STATION_003,88.81
2026-03-23 05:00:00,STATION_003,93.79
2026-03-23 05:15:00,STATION_003,5.0
2026-03-23 05:30:00,STATION_003,3.77
2026-03-23 05:45:00,STATION_003,1.62
2026-03-23 06:00:00,STATION_003,3.16
2026-03-23 06:15:00,STATION_003,3.05
2026-03-23 06:30:00,STATION_003,2.26
2026-03-23 06:45:00,STATION_003,3.08
2026-03-23 07:00:00,STATION_003,5.56
2026-03-23 07:15:00,STATION_003,6.19
2026-03-23 07:30:00,STATION_003,5.15
2026-03-23 07:45:00,STATION_003,9.8
2026-03-23 08:00:00,STATION_003,10.88
2026-03-23 08:15:00,STATION_003,9.8
2026-03-23 08:30:00,STATION_003,13.05
2026-03-23 08:45:00,STATION_003,14.81
2026-03-23 09:00:00,STATION_003,15.73
2026-03-23 09:15:00,STATION_003,15.36
2026-03-23 09:30:00,STATION_003,17.35
2026-03-23 09:45:00,STATION_003,17.21
2026-03-23 10:00:00,STATION_003,19.27
2026-03-23 10:15:00,STATION_003,17.62
2026-03-23 10:30:00,STATION_003,16.69
2026-03-23 10:45:00,STATION_003,18.02
2026-03-23 11:00:00,STATION_003,19.29
2026-03-23 11:15:00,STATION_003,19.18
2026-03-23 11:30:00,STATION_003,20.52
2026-03-23 11:45:00,STATION_003,22.43
2026-03-23 12:00:00,STATION_003,27.42
2026-03-23 12:15:00,STATION_003,27.08
2026-03-23 12:30:00,STATION_003,29.88
2026-03-23 12:45:00,STATION_003,35.8
2026-03-23 13:00:00,STATION_003,41.45
2026-03-23 13:15:00,STATION_003,44.62
2026-03-23 13:30:00,STATION_003,50.04
2026-03-23 13:45:00,STATION_003,52.88
2026-03-23 14:00:00,STATION_003,51.36
2026-03-23 14:15:00,STATION_003,54.89
2026-03-23 14:30:00,STATION_003,56.27
2026-03-23 14:45:00,STATION_003,57.72
2026-03-23 15:00:00,STATION_003,57.56
2026-03-23 15:15:00,STATION_003,60.49
2026-03-23 15:30:00,STATION_003,58.39
2026-03-23 15:45:00,STATION_003,58.39
2026-03-23 16:00:00,STATION_003,60.03
2026-03-23 16:15:00,STATION_003,60.42
2026-03-23 16:30:00,STATION_003,59.01
2026-03-23 16:45:00,STATION_003,59.59
2026-03-23 17:00:00,STATION_003,59.39
2026-03-23 17:15:00,STATION_003,58.76
2026-03-23 17:30:00,STATION_003,57.44
2026-03-23 17:45:00,STATION_003,56.15
2026-03-23 18:00:00,STATION_003,55.17
2026-03-23 18:15:00,STATION_003,61.1
2026-03-23 18:30:00,STATION_003,64.83
2026-03-23 18:45:00,STATION_003,65.2
2026-03-23 19:00:00,STATION_003,68.22
2026-03-23 19:15:00,STATION_003,71.12
2026-03-23 19:30:00,STATION_003,75.27
2026-03-23 19:45:00,STATION_003,78.78
2026-03-23 20:00:00,STATION_003,83.51
2026-03-23 20:15:00,STATION_003,88.28
2026-03-23 20:30:00,STATION_003,90.62
2026-03-23 20:45:00,STATION_003,91.73
2026-03-23 21:00:00,STATION_003,94.91
2026-03-23 21:15:00,STATION_003,5.0
2026-03-23 21:30:00,STATION_003,6.87
2026-03-23 21:45:00,STATION_003,7.58
2026-03-23 22:00:00,STATION_003,9.4
2026-03-23 22:15:00,STATION_003,10.47
2026-03-23 22:30:00,STATION_003,12.52
2026-03-23 22:45:00,STATION_003,10.78
2026-03-23 23:00:00,STATION_003,10.21
2026-03-23 23:15:00,STATION_003,7.78
2026-03-23 23:30:00,STATION_003,12.49
2026-03-23 23:45:00,STATION_003,15.58
2026-03-24 00:00:00,STATION_003,16.62
2026-03-24 00:15:00,STATION_003,16.93
2026-03-24 00:30:00,STATION_003,13.55
2026-03-24 00:45:00,STATION_003,13.02
2026-03-24 01:00:00,STATION_003,11.18
2026-03-24 01:15:00,STATION_003,11.21
2026-03-24 01:30:00,STATION_003,12.29
2026-03-24 01:45:00,STATION_003,11.7
2026-03-24 02:00:00,STATION_003,11.05
2026-03-24 02:15:00,STATION_003,11.34
2026-03-24 02:30:00,STATION_003,8.0
2026-03-24 02:45:00,STATION_003,10.06
2026-03-24 03:00:00,STATION_003,8.96
2026-03-24 03:15:00,STATION_003,15.44
2026-03-24 03:30:00,STATION_003,15.19
2026-03-24 03:45:00,STATION_003,16.09
2026-03-24 04:00:00,STATION_003,15.79
2026-03-24 04:15:00,STATION_003,18.51
2026-03-24 04:30:00,STATION_003,16.36
2026-03-24 04:45:00,STATION_003,14.92
2026-03-24 05:00:00,STATION_003,13.27
2026-03-24 05:15:00,STATION_003,12.68
2026-03-24 05:30:00,STATION_003,12.63
2026-03-24 05:45:00,STATION_003,13.65
2026-03-24 06:00:00,STATION_003,12.14
2026-03-24 06:15:00,STATION_003,11.01
2026-03-24 06:30:00,STATION_003,10.31
2026-03-24 06:45:00,STATION_003,8.34
2026-03-24 07:00:00,STATION_003,7.68
2026-03-24 07:15:00,STATION_003,7.36
2026-03-24 07:30:00,STATION_003,6.78
2026-03-24 07:45:00,STATION_003,9.55
2026-03-24 08:00:00,STATION_003,13.6
2026-03-24 08:15:00,STATION_003,19.18
2026-03-24 08:30:00,STATION_003,16.77
2026-03-24 08:45:00,STATION_003,17.65
2026-03-24 09:00:00,STATION_003,15.32
2026-03-24 09:15:00,STATION_003,20.65
2026-03-24 09:30:00,STATION_003,22.02
2026-03-24 09:45:00,STATION_003,24.16
2026-03-24 10:00:00,STATION_003,26.1
2026-03-24 10:15:00,STATION_003,28.28
2026-03-24 10:30:00,STATION_003,26.86
2026-03-24 10:45:00,STATION_003,25.73
2026-03-24 11:00:00,STATION_003,26.95
2026-03-24 11:15:00,STATION_003,28.01
2026-03-24 11:30:00,STATION_003,29.26
2026-03-24 11:45:00,STATION_003,26.1
2026-03-24 12:00:00,STATION_003,24.72
2026-03-24 12:15:00,STATION_003,27.53
2026-03-24 12:30:00,STATION_003,28.42
2026-03-24 12:45:00,STATION_003,30.15
2026-03-24 13:00:00,STATION_003,34.81
2026-03-24 13:15:00,STATION_003,39.53
2026-03-24 13:30:00,STATION_003,41.88
2026-03-24 13:45:00,STATION_003,46.56
2026-03-24 14:00:00,STATION_003,47.72
2026-03-24 14:15:00,STATION_003,45.34
2026-03-24 14:30:00,STATION_003,46.38
2026-03-24 14:45:00,STATION_003,42.02
2026-03-24 15:00:00,STATION_003,44.5
2026-03-24 15:15:00,STATION_003,48.09
2026-03-24 15:30:00,STATION_003,47.28
2026-03-24 15:45:00,STATION_003,50.05
2026-03-24 16:00:00,STATION_003,54.38
2026-03-24 16:15:00,STATION_003,57.53
2026-03-24 16:30:00,STATION_003,57.59
2026-03-24 16:45:00,STATION_003,55.82
2026-03-24 17:00:00,STATION_003,59.55
2026-03-24 17:15:00,STATION_003,59.54
2026-03-24 17:30:00,STATION_003,63.02
2026-03-24 17:45:00,STATION_003,61.27
2026-03-24 18:00:00,STATION_003,63.08
2026-03-24 18:15:00,STATION_003,65.68
2026-03-24 18:30:00,STATION_003,69.71
2026-03-24 18:45:00,STATION_003,75.55
2026-03-24 19:00:00,STATION_003,78.37
2026-03-24 19:15:00,STATION_003,85.05
2026-03-24 19:30:00,STATION_003,88.8
2026-03-24 19:45:00,STATION_003,90.95
2026-03-24 20:00:00,STATION_003,5.0
2026-03-24 20:15:00,STATION_003,10.0
2026-03-24 20:30:00,STATION_003,14.71
2026-03-24 20:45:00,STATION_003,18.67
2026-03-24 21:00:00,STATION_003,21.04
2026-03-24 21:15:00,STATION_003,23.88
2026-03-24 21:30:00,STATION_003,23.42
2026-03-24 21:45:00,STATION_003,22.21
2026-03-24 22:00:00,STATION_003,21.9
2026-03-24 22:15:00,STATION_003,22.92
2026-03-24 22:30:00,STATION_003,25.28
2026-03-24 22:45:00,STATION_003,26.73
2026-03-24 23:00:00,STATION_003,25.95
2026-03-24 23:15:00,STATION_003,31.04
2026-03-24 23:30:00,STATION_003,27.54
2026-03-24 23:45:00,STATION_003,27.22
2026-03-25 00:00:00,STATION_003,28.69
2026-03-25 00:15:00,STATION_003,27.76
2026-03-25 00:30:00,STATION_003,29.4
2026-03-25 00:45:00,STATION_003,30.34
2026-03-25 01:00:00,STATION_003,32.79
2026-03-25 01:15:00,STATION_003,32.5
2026-03-25 01:30:00,STATION_003,35.03
2026-03-25 01:45:00,STATION_003,36.58
2026-03-25 02:00:00,STATION_003,39.25
2026-03-25 02:15:00,STATION_003,38.88
2026-03-25 02:30:00,STATION_003,41.25
2026-03-25 02:45:00,STATION_003,41.45
2026-03-25 03:00:00,STATION_003,40.43
2026-03-25 03:15:00,STATION_003,36.26
2026-03-25 03:30:00,STATION_003,38.28
2026-03-25 03:45:00,STATION_003,36.13
2026-03-25 04:00:00,STATION_003,33.52
2026-03-25 04:15:00,STATION_003,36.51
2026-03-25 04:30:00,STATION_003,35.74
2026-03-25 04:45:00,STATION_003,37.93
2026-03-25 05:00:00,STATION_003,36.39
2026-03-25 05:15:00,STATION_003,35.93
2026-03-25 05:30:00,STATION_003,36.59
2026-03-25 05:45:00,STATION_003,38.62
2026-03-25 06:00:00,STATION_003,40.64
2026-03-25 06:15:00,STATION_003,42.79
2026-03-25 06:30:00,STATION_003,42.58
2026-03-25 06:45:00,STATION_003,42.51
2026-03-25 07:00:00,STATION_003,44.4
2026-03-25 07:15:00,STATION_003,46.48
2026-03-25 07:30:00,STATION_003,49.37
2026-03-25 07:45:00,STATION_003,49.39
2026-03-25 08:00:00,STATION_003,53.06
2026-03-25 08:15:00,STATION_003,54.16
2026-03-25 08:30:00,STATION_003,53.74
2026-03-25 08:45:00,STATION_003,57.24
2026-03-25 09:00:00,STATION_003,55.02
2026-03-25 09:15:00,STATION_003,54.06
2026-03-25 09:30:00,STATION_003,56.61
2026-03-25 09:45:00,STATION_003,57.52
2026-03-25 10:00:00,STATION_003,55.22
2026-03-25 10:15:00,STATION_003,52.8
2026-03-25 10:30:00,STATION_003,50.2
2026-03-25 10:45:00,STATION_003,49.57
2026-03-25 11:00:00,STATION_003,48.47
2026-03-25 11:15:00,STATION_003,50.05
2026-03-25 11:30:00,STATION_003,50.67
2026-03-25 11:45:00,STATION_003,49.99
2026-03-25 12:00:00,STATION_003,51.98
2026-03-25 12:15:00,STATION_003,54.78
2026-03-25 12:30:00,STATION_003,55.23
2026-03-25 12:45:00,STATION_003,60.19
2026-03-25 13:00:00,STATION_003,64.21
2026-03-25 13:15:00,STATION_003,69.24
2026-03-25 13:30:00,STATION_003,74.29
2026-03-25 13:45:00,STATION_003,75.89
2026-03-25 14:00:00,STATION_003,76.16
2026-03-25 14:15:00,STATION_003,76.12
2026-03-25 14:30:00,STATION_003,77.23
2026-03-25 14:45:00,STATION_003,76.9
2026-03-25 15:00:00,STATION_003,79.72
2026-03-25 15:15:00,STATION_003,76.52
2026-03-25 15:30:00,STATION_003,82.14
2026-03-25 15:45:00,STATION_003,83.77
2026-03-25 16:00:00,STATION_003,84.79
2026-03-25 16:15:00,STATION_003,82.03
2026-03-25 16:30:00,STATION_003,84.3
2026-03-25 16:45:00,STATION_003,84.16
2026-03-25 17:00:00,STATION_003,83.79
2026-03-25 17:15:00,STATION_003,81.65
2026-03-25 17:30:00,STATION_003,83.01
2026-03-25 17:45:00,STATION_003,86.93
2026-03-25 18:00:00,STATION_003,86.63
2026-03-25 18:15:00,STATION_003,88.0
2026-03-25 18:30:00,STATION_003,90.76
2026-03-25 18:45:00,STATION_003,5.0
2026-03-25 19:00:00,STATION_003,12.14
2026-03-25 19:15:00,STATION_003,12.79
2026-03-25 19:30:00,STATION_003,18.3
2026-03-25 19:45:00,STATION_003,21.36
2026-03-25 20:00:00,STATION_003,24.46
2026-03-25 20:15:00,STATION_003,27.5
2026-03-25 20:30:00,STATION_003,32.58
2026-03-25 20:45:00,STATION_003,34.31
2026-03-25 21:00:00,STATION_003,35.77
2026-03-25 21:15:00,STATION_003,37.86
2026-03-25 21:30:00,STATION_003,38.95
2026-03-25 21:45:00,STATION_003,40.87
2026-03-25 22:00:00,STATION_003,43.16
2026-03-25 22:15:00,STATION_003,41.12
2026-03-25 22:30:00,STATION_003,40.04
2026-03-25 22:45:00,STATION_003,42.59
2026-03-25 23:00:00,STATION_003,43.72
2026-03-25 23:15:00,STATION_003,46.79
2026-03-25 23:30:00,STATION_003,46.45
2026-03-25 23:45:00,STATION_003,46.51
2026-03-26 00:00:00,STATION_003,49.58
2026-03-26 00:15:00,STATION_003,48.98
2026-03-26 00:30:00,STATION_003,49.32
2026-03-26 00:45:00,STATION_003,52.41
2026-03-26 01:00:00,STATION_003,53.0
2026-03-26 01:15:00,STATION_003,55.42
2026-03-26 01:30:00,STATION_003,55.01
2026-03-26 01:45:00,STATION_003,53.48
2026-03-26 02:00:00,STATION_003,54.31
2026-03-26 02:15:00,STATION_003,55.15
2026-03-26 02:30:00,STATION_003,53.28
2026-03-26 02:45:00,STATION_003,53.42
2026-03-26 03:00:00,STATION_003,55.67
2026-03-26 03:15:00,STATION_003,56.77
2026-03-26 03:30:00,STATION_003,56.53
2026-03-26 03:45:00,STATION_003,58.91
2026-03-26 04:00:00,STATION_003,61.38
2026-03-26 04:15:00,STATION_003,63.44
2026-03-26 04:30:00,STATION_003,65.24
2026-03-26 04:45:00,STATION_003,62.53
2026-03-26 05:00:00,STATION_003,60.94
2026-03-26 05:15:00,STATION_003,62.35
2026-03-26 05:30:00,STATION_003,65.41
2026-03-26 05:45:00,STATION_003,64.16
2026-03-26 06:00:00,STATION_003,61.09
2026-03-26 06:15:00,STATION_003,60.48
2026-03-26 06:30:00,STATION_003,59.44
2026-03-26 06:45:00,STATION_003,61.23
2026-03-26 07:00:00,STATION_003,59.59
2026-03-26 07:15:00,STATION_003,59.63
2026-03-26 07:30:00,STATION_003,59.59
2026-03-26 07:45:00,STATION_003,60.48
2026-03-26 08:00:00,STATION_003,61.81
2026-03-26 08:15:00,STATION_003,61.44
2026-03-26 08:30:00,STATION_003,58.03
2026-03-26 08:45:00,STATION_003,59.33
2026-03-26 09:00:00,STATION_003,60.48
2026-03-26 09:15:00,STATION_003,65.59
2026-03-26 09:30:00,STATION_003,69.2
2026-03-26 09:45:00,STATION_003,68.72
2026-03-26 10:00:00,STATION_003,70.35
2026-03-26 10:15:00,STATION_003,74.88
2026-03-26 10:30:00,STATION_003,74.75
2026-03-26 10:45:00,STATION_003,71.87
2026-03-26 11:00:00,STATION_003,70.97
2026-03-26 11:15:00,STATION_003,71.57
2026-03-26 11:30:00,STATION_003,69.62
2026-03-26 11:45:00,STATION_003,68.9
2026-03-26 12:00:00,STATION_003,72.05
2026-03-26 12:15:00,STATION_003,73.96
2026-03-26 12:30:00,STATION_003,75.08
2026-03-26 12:45:00,STATION_003,76.5
2026-03-26 13:00:00,STATION_003,81.62
2026-03-26 13:15:00,STATION_003,87.28
2026-03-26 13:30:00,STATION_003,91.38
2026-03-26 13:45:00,STATION_003,94.44
2026-03-26 14:00:00,STATION_003,5.0
2026-03-26 14:15:00,STATION_003,4.58
2026-03-26 14:30:00,STATION_003,5.1
2026-03-26 14:45:00,STATION_003,8.84
2026-03-26 15:00:00,STATION_003,10.25
2026-03-26 15:15:00,STATION_003,7.79
2026-03-26 15:30:00,STATION_003,8.93
2026-03-26 15:45:00,STATION_003,9.46
2026-03-26 16:00:00,STATION_003,8.66
2026-03-26 16:15:00,STATION_003,8.58
2026-03-26 16:30:00,STATION_003,7.94
2026-03-26 16:45:00,STATION_003,8.03
2026-03-26 17:00:00,STATION_003,8.03
2026-03-26 17:15:00,STATION_003,8.95
2026-03-26 17:30:00,STATION_003,8.97
2026-03-26 17:45:00,STATION_003,12.39
2026-03-26 18:00:00,STATION_003,14.75
2026-03-26 18:15:00,STATION_003,15.12
2026-03-26 18:30:00,STATION_003,15.78
2026-03-26 18:45:00,STATION_003,17.95
2026-03-26 19:00:00,STATION_003,20.3
2026-03-26 19:15:00,STATION_003,29.33
2026-03-26 19:30:00,STATION_003,31.7
2026-03-26 19:45:00,STATION_003,30.87
2026-03-26 20:00:00,STATION_003,34.96
2026-03-26 20:15:00,STATION_003,37.34
2026-03-26 20:30:00,STATION_003,44.42
2026-03-26 20:45:00,STATION_003,42.86
2026-03-26 21:00:00,STATION_003,43.97
2026-03-26 21:15:00,STATION_003,45.37
2026-03-26 21:30:00,STATION_003,46.26
2026-03-26 21:45:00,STATION_003,45.62
2026-03-26 22:00:00,STATION_003,43.76
2026-03-26 22:15:00,STATION_003,44.1
2026-03-26 22:30:00,STATION_003,44.55
2026-03-26 22:45:00,STATION_003,42.35
2026-03-26 23:00:00,STATION_003,40.26
2026-03-26 23:15:00,STATION_003,43.13
2026-03-26 23:30:00,STATION_003,46.86
2026-03-26 23:45:00,STATION_003,44.75
2026-03-27 00:00:00,STATION_003,41.84
2026-03-27 00:15:00,STATION_003,41.61
2026-03-27 00:30:00,STATION_003,39.84
2026-03-27 00:45:00,STATION_003,40.49
2026-03-27 01:00:00,STATION_003,38.83
2026-03-27 01:15:00,STATION_003,37.22
2026-03-27 01:30:00,STATION_003,39.03
2026-03-27 01:45:00,STATION_003,34.79
2026-03-27 02:00:00,STATION_003,40.08
2026-03-27 02:15:00,STATION_003,36.43
2026-03-27 02:30:00,STATION_003,38.68
2026-03-27 02:45:00,STATION_003,37.77
2026-03-27 03:00:00,STATION_003,40.14
2026-03-27 03:15:00,STATION_003,41.28
2026-03-27 03:30:00,STATION_003,41.97
2026-03-27 03:45:00,STATION_003,42.47
2026-03-27 04:00:00,STATION_003,41.1
2026-03-27 04:15:00,STATION_003,43.63
2026-03-27 04:30:00,STATION_003,44.89
2026-03-27 04:45:00,STATION_003,47.84
2026-03-27 05:00:00,STATION_003,52.58
2026-03-27 05:15:00,STATION_003,53.13
2026-03-27 05:30:00,STATION_003,53.92
2026-03-27 05:45:00,STATION_003,56.24
2026-03-27 06:00:00,STATION_003,58.07
2026-03-27 06:15:00,STATION_003,59.44
2026-03-27 06:30:00,STATION_003,59.34
2026-03-27 06:45:00,STATION_003,61.76
2026-03-27 07:00:00,STATION_003,62.42
2026-03-27 07:15:00,STATION_003,62.12
2026-03-27 07:30:00,STATION_003,66.72
2026-03-27 07:45:00,STATION_003,65.95
2026-03-27 08:00:00,STATION_003,65.77
2026-03-27 08:15:00,STATION_003,69.18
2026-03-27 08:30:00,STATION_003,75.07
2026-03-27 08:45:00,STATION_003,75.71
2026-03-27 09:00:00,STATION_003,76.74
2026-03-27 09:15:00,STATION_003,76.83
2026-03-27 09:30:00,STATION_003,76.53
2026-03-27 09:45:00,STATION_003,79.0
2026-03-27 10:00:00,STATION_003,81.81
2026-03-27 10:15:00,STATION_003,81.3
2026-03-27 10:30:00,STATION_003,81.41
2026-03-27 10:45:00,STATION_003,83.66
2026-03-27 11:00:00,STATION_003,87.15
2026-03-27 11:15:00,STATION_003,88.17
2026-03-27 11:30:00,STATION_003,88.17
2026-03-27 11:45:00,STATION_003,88.72
2026-03-27 12:00:00,STATION_003,91.17
2026-03-27 12:15:00,STATION_003,5.0
2026-03-27 12:30:00,STATION_003,6.52
2026-03-27 12:45:00,STATION_003,10.87
2026-03-27 13:00:00,STATION_003,14.44
2026-03-27 13:15:00,STATION_003,15.17
2026-03-27 13:30:00,STATION_003,17.05
2026-03-27 13:45:00,STATION_003,18.16
2026-03-27 14:00:00,STATION_003,12.26
2026-03-27 14:15:00,STATION_003,11.53
2026-03-27 14:30:00,STATION_003,12.74
2026-03-27 14:45:00,STATION_003,13.53
2026-03-27 15:00:00,STATION_003,15.18
2026-03-27 15:15:00,STATION_003,17.46
2026-03-27 15:30:00,STATION_003,20.34
2026-03-27 15:45:00,STATION_003,17.42
2026-03-27 16:00:00,STATION_003,16.7
2026-03-27 16:15:00,STATION_003,15.02
2026-03-27 16:30:00,STATION_003,13.63
2026-03-27 16:45:00,STATION_003,12.53
2026-03-27 17:00:00,STATION_003,14.86
2026-03-27 17:15:00,STATION_003,16.18
2026-03-27 17:30:00,STATION_003,22.44
2026-03-27 17:45:00,STATION_003,22.34
2026-03-27 18:00:00,STATION_003,26.01
2026-03-27 18:15:00,STATION_003,27.1
2026-03-27 18:30:00,STATION_003,28.14
2026-03-27 18:45:00,STATION_003,31.17
2026-03-27 19:00:00,STATION_003,33.7
2026-03-27 19:15:00,STATION_003,37.33
2026-03-27 19:30:00,STATION_003,42.29
2026-03-27 19:45:00,STATION_003,45.61
2026-03-27 20:00:00,STATION_003,49.22
2026-03-27 20:15:00,STATION_003,51.38
2026-03-27 20:30:00,STATION_003,51.19
2026-03-27 20:45:00,STATION_003,52.9
2026-03-27 21:00:00,STATION_003,51.23
2026-03-27 21:15:00,STATION_003,54.1
2026-03-27 21:30:00,STATION_003,55.58
2026-03-27 21:45:00,STATION_003,55.07
2026-03-27 22:00:00,STATION_003,55.98
2026-03-27 22:15:00,STATION_003,55.15
2026-03-27 22:30:00,STATION_003,51.66
2026-03-27 22:45:00,STATION_003,53.21
2026-03-27 23:00:00,STATION_003,54.82
2026-03-27 23:15:00,STATION_003,55.64
2026-03-27 23:30:00,STATION_003,52.45
2026-03-27 23:45:00,STATION_003,47.84
2026-03-28 00:00:00,STATION_003,48.44
2026-03-28 00:15:00,STATION_003,47.44
2026-03-28 00:30:00,STATION_003,47.04
2026-03-28 00:45:00,STATION_003,49.24
2026-03-28 01:00:00,STATION_003,52.24
2026-03-28 01:15:00,STATION_003,53.98
2026-03-28 01:30:00,STATION_003,56.48
2026-03-28 01:45:00,STATION_003,58.61
2026-03-28 02:00:00,STATION_003,58.26
2026-03-28 02:15:00,STATION_003,59.49
2026-03-28 02:30:00,STATION_003,61.64
2026-03-28 02:45:00,STATION_003,61.6
2026-03-28 03:00:00,STATION_003,60.8
2026-03-28 03:15:00,STATION_003,61.13
2026-03-28 03:30:00,STATION_003,63.61
2026-03-28 03:45:00,STATION_003,63.6
2026-03-28 04:00:00,STATION_003,64.9
2026-03-28 04:15:00,STATION_003,66.97
2026-03-28 04:30:00,STATION_003,66.29
2026-03-28 04:45:00,STATION_003,66.21
2026-03-28 05:00:00,STATION_003,68.29
2026-03-28 05:15:00,STATION_003,65.29
2026-03-28 05:30:00,STATION_003,66.0
2026-03-28 05:45:00,STATION_003,67.21
2026-03-28 06:00:00,STATION_003,65.64
2026-03-28 06:15:00,STATION_003,66.66
2026-03-28 06:30:00,STATION_003,68.26
2026-03-28 06:45:00,STATION_003,67.47
2026-03-28 07:00:00,STATION_003,69.79
2026-03-28 07:15:00,STATION_003,70.1
2026-03-28 07:30:00,STATION_003,71.25
2026-03-28 07:45:00,STATION_003,70.73
2026-03-28 08:00:00,STATION_003,71.84
2026-03-28 08:15:00,STATION_003,72.23
2026-03-28 08:30:00,STATION_003,72.42
2026-03-28 08:45:00,STATION_003,69.75
2026-03-28 09:00:00,STATION_003,70.88
2026-03-28 09:15:00,STATION_003,71.87
2026-03-28 09:30:00,STATION_003,72.34
2026-03-28 09:45:00,STATION_003,72.5
2026-03-28 10:00:00,STATION_003,69.93
2026-03-28 10:15:00,STATION_003,69.21
2026-03-28 10:30:00,STATION_003,69.15
2026-03-28 10:45:00,STATION_003,72.47
2026-03-28 11:00:00,STATION_003,75.01
2026-03-28 11:15:00,STATION_003,76.21
2026-03-28 11:30:00,STATION_003,79.4
2026-03-28 11:45:00,STATION_003,82.03
2026-03-28 12:00:00,STATION_003,83.43
2026-03-28 12:15:00,STATION_003,84.58
2026-03-28 12:30:00,STATION_003,92.02
2026-03-28 12:45:00,STATION_003,94.15
2026-03-28 13:00:00,STATION_003,93.2
2026-03-28 13:15:00,STATION_003,5.0
2026-03-28 13:30:00,STATION_003,5.14
2026-03-28 13:45:00,STATION_003,6.06
2026-03-28 14:00:00,STATION_003,6.24
2026-03-28 14:15:00,STATION_003,10.7
2026-03-28 14:30:00,STATION_003,13.93
2026-03-28 14:45:00,STATION_003,15.84
2026-03-28 15:00:00,STATION_003,13.73
2026-03-28 15:15:00,STATION_003,10.56
2026-03-28 15:30:00,STATION_003,13.37
2026-03-28 15:45:00,STATION_003,14.56
2026-03-28 16:00:00,STATION_003,14.57
2026-03-28 16:15:00,STATION_003,16.23
2026-03-28 16:30:00,STATION_003,17.67
2026-03-28 16:45:00,STATION_003,19.74
2026-03-28 17:00:00,STATION_003,18.02
2026-03-28 17:15:00,STATION_003,22.31
2026-03-28 17:30:00,STATION_003,24.63
2026-03-28 17:45:00,STATION_003,26.06
2026-03-28 18:00:00,STATION_003,26.06
2026-03-28 18:15:00,STATION_003,24.43
2026-03-28 18:30:00,STATION_003,25.71
2026-03-28 18:45:00,STATION_003,25.26
2026-03-28 19:00:00,STATION_003,24.09
2026-03-28 19:15:00,STATION_003,21.9
2026-03-28 19:30:00,STATION_003,22.75
2026-03-28 19:45:00,STATION_003,23.04
2026-03-28 20:00:00,STATION_003,21.06
2026-03-28 20:15:00,STATION_003,22.42
2026-03-28 20:30:00,STATION_003,25.14
2026-03-28 20:45:00,STATION_003,28.84
2026-03-28 21:00:00,STATION_003,28.8
2026-03-28 21:15:00,STATION_003,31.34
2026-03-28 21:30:00,STATION_003,31.67
2026-03-28 21:45:00,STATION_003,34.15
2026-03-28 22:00:00,STATION_003,31.96
2026-03-28 22:15:00,STATION_003,33.36
2026-03-28 22:30:00,STATION_003,37.81
2026-03-28 22:45:00,STATION_003,36.32
2026-03-28 23:00:00,STATION_003,37.13
2026-03-28 23:15:00,STATION_003,34.78
2026-03-28 23:30:00,STATION_003,32.92
2026-03-28 23:45:00,STATION_003,32.15
2026-03-29 00:00:00,STATION_003,30.81
2026-03-29 00:15:00,STATION_003,30.02
2026-03-29 00:30:00,STATION_003,31.65
2026-03-29 00:45:00,STATION_003,29.0
2026-03-29 01:00:00,STATION_003,32.03
2026-03-29 01:15:00,STATION_003,31.24
2026-03-29 01:30:00,STATION_003,30.7
2026-03-29 01:45:00,STATION_003,31.73
2026-03-29 02:00:00,STATION_003,31.19
2026-03-29 02:15:00,STATION_003,28.61
2026-03-29 02:30:00,STATION_003,31.35
2026-03-29 02:45:00,STATION_003,30.47
2026-03-29 03:00:00,STATION_003,31.54
2026-03-29 03:15:00,STATION_003,32.65
2026-03-29 03:30:00,STATION_003,32.84
2026-03-29 03:45:00,STATION_003,33.38
2026-03-29 04:00:00,STATION_003,33.88
2026-03-29 04:15:00,STATION_003,35.17
2026-03-29 04:30:00,STATION_003,38.2
2026-03-29 04:45:00,STATION_003,38.65
2026-03-29 05:00:00,STATION_003,40.14
2026-03-29 05:15:00,STATION_003,39.15
2026-03-29 05:30:00,STATION_003,40.41
2026-03-29 05:45:00,STATION_003,39.85
2026-03-29 06:00:00,STATION_003,39.94
2026-03-29 06:15:00,STATION_003,38.55
2026-03-29 06:30:00,STATION_003,38.66
2026-03-29 06:45:00,STATION_003,37.67
2026-03-29 07:00:00,STATION_003,37.04
2026-03-29 07:15:00,STATION_003,38.53
2026-03-29 07:30:00,STATION_003,36.63
2026-03-29 07:45:00,STATION_003,36.82
2026-03-29 08:00:00,STATION_003,35.91
2026-03-29 08:15:00,STATION_003,35.74
2026-03-29 08:30:00,STATION_003,37.45
2026-03-29 08:45:00,STATION_003,38.72
2026-03-29 09:00:00,STATION_003,40.46
2026-03-29 09:15:00,STATION_003,37.92
2026-03-29 09:30:00,STATION_003,37.36
2026-03-29 09:45:00,STATION_003,38.69
2026-03-29 10:00:00,STATION_003,39.76
2026-03-29 10:15:00,STATION_003,35.62
2026-03-29 10:30:00,STATION_003,36.94
2026-03-29 10:45:00,STATION_003,36.39
2026-03-29 11:00:00,STATION_003,38.35
2026-03-29 11:15:00,STATION_003,40.63
2026-03-29 11:30:00,STATION_003,39.99
2026-03-29 11:45:00,STATION_003,40.18
2026-03-29 12:00:00,STATION_003,44.44
2026-03-29 12:15:00,STATION_003,48.82
2026-03-29 12:30:00,STATION_003,52.74
2026-03-29 12:45:00,STATION_003,56.79
2026-03-29 13:00:00,STATION_003,62.92
2026-03-29 13:15:00,STATION_003,66.17
2026-03-29 13:30:00,STATION_003,66.52
2026-03-29 13:45:00,STATION_003,67.18
2026-03-29 14:00:00,STATION_003,67.8
2026-03-29 14:15:00,STATION_003,66.15
2026-03-29 14:30:00,STATION_003,70.93
2026-03-29 14:45:00,STATION_003,76.68
2026-03-29 15:00:00,STATION_003,81.26
2026-03-29 15:15:00,STATION_003,85.1
2026-03-29 15:30:00,STATION_003,85.88
2026-03-29 15:45:00,STATION_003,84.51
2026-03-29 16:00:00,STATION_003,84.55
2026-03-29 16:15:00,STATION_003,82.84
2026-03-29 16:30:00,STATION_003,86.93
2026-03-29 16:45:00,STATION_003,87.21
2026-03-29 17:00:00,STATION_003,89.16
2026-03-29 17:15:00,STATION_003,86.75
2026-03-29 17:30:00,STATION_003,90.25
2026-03-29 17:45:00,STATION_003,91.08
2026-03-29 18:00:00,STATION_003,93.28
2026-03-29 18:15:00,STATION_003,92.91
2026-03-29 18:30:00,STATION_003,94.47
2026-03-29 18:45:00,STATION_003,94.52
2026-03-29 19:00:00,STATION_003,5.0
2026-03-29 19:15:00,STATION_003,6.16
2026-03-29 19:30:00,STATION_003,6.36
2026-03-29 19:45:00,STATION_003,8.52
2026-03-29 20:00:00,STATION_003,12.39
2026-03-29 20:15:00,STATION_003,16.52
2026-03-29 20:30:00,STATION_003,18.63
2026-03-29 20:45:00,STATION_003,16.82
2026-03-29 21:00:00,STATION_003,19.06
2026-03-29 21:15:00,STATION_003,18.77
2026-03-29 21:30:00,STATION_003,14.48
2026-03-29 21:45:00,STATION_003,13.87
2026-03-29 22:00:00,STATION_003,15.17
2026-03-29 22:15:00,STATION_003,15.92
2026-03-29 22:30:00,STATION_003,15.57
2026-03-29 22:45:00,STATION_003,17.96
2026-03-29 23:00:00,STATION_003,21.38
2026-03-29 23:15:00,STATION_003,17.8
2026-03-29 23:30:00,STATION_003,20.8
2026-03-29 23:45:00,STATION_003,23.59
2026-03-30 00:00:00,STATION_003,24.85
2026-03-30 00:15:00,STATION_003,22.66
2026-03-30 00:30:00,STATION_003,23.13
2026-03-30 00:45:00,STATION_003,18.36
2026-03-30 01:00:00,STATION_003,19.5
2026-03-30 01:15:00,STATION_003,18.56
2026-03-30 01:30:00,STATION_003,17.26
2026-03-30 01:45:00,STATION_003,19.34
2026-03-30 02:00:00,STATION_003,24.55
2026-03-30 02:15:00,STATION_003,25.75
2026-03-30 02:30:00,STATION_003,28.09
2026-03-30 02:45:00,STATION_003,28.9
2026-03-30 03:00:00,STATION_003,26.53
2026-03-30 03:15:00,STATION_003,28.56
2026-03-30 03:30:00,STATION_003,26.4
2026-03-30 03:45:00,STATION_003,28.2
2026-03-30 04:00:00,STATION_003,31.89
2026-03-30 04:15:00,STATION_003,31.8
2026-03-30 04:30:00,STATION_003,33.74
2026-03-30 04:45:00,STATION_003,32.81
2026-03-30 05:00:00,STATION_003,32.62
2026-03-30 05:15:00,STATION_003,30.54
2026-03-30 05:30:00,STATION_003,30.75
2026-03-30 05:45:00,STATION_003,32.91
2026-03-30 06:00:00,STATION_003,32.63
2026-03-30 06:15:00,STATION_003,31.18
2026-03-30 06:30:00,STATION_003,32.43
2026-03-30 06:45:00,STATION_003,34.75
2026-03-30 07:00:00,STATION_003,36.05
2026-03-30 07:15:00,STATION_003,36.26
2026-03-30 07:30:00,STATION_003,35.19
2026-03-30 07:45:00,STATION_003,36.72
2026-03-30 08:00:00,STATION_003,39.8
2026-03-30 08:15:00,STATION_003,41.53
2026-03-30 08:30:00,STATION_003,39.87
2026-03-30 08:45:00,STATION_003,37.99
2026-03-30 09:00:00,STATION_003,40.7
2026-03-30 09:15:00,STATION_003,43.23
2026-03-30 09:30:00,STATION_003,47.0
2026-03-30 09:45:00,STATION_003,45.37
2026-03-30 10:00:00,STATION_003,50.18
2026-03-30 10:15:00,STATION_003,51.82
2026-03-30 10:30:00,STATION_003,53.93
2026-03-30 10:45:00,STATION_003,53.24
2026-03-30 11:00:00,STATION_003,51.9
2026-03-30 11:15:00,STATION_003,53.37
2026-03-30 11:30:00,STATION_003,53.75
2026-03-30 11:45:00,STATION_003,52.97
2026-03-30 12:00:00,STATION_003,59.33
2026-03-30 12:15:00,STATION_003,61.03
2026-03-30 12:30:00,STATION_003,64.31
2026-03-30 12:45:00,STATION_003,67.01
2026-03-30 13:00:00,STATION_003,67.94
2026-03-30 13:15:00,STATION_003,71.63
2026-03-30 13:30:00,STATION_003,77.63
2026-03-30 13:45:00,STATION_003,80.24
2026-03-30 14:00:00,STATION_003,80.43
2026-03-30 14:15:00,STATION_003,84.16
2026-03-30 14:30:00,STATION_003,82.94
2026-03-30 14:45:00,STATION_003,82.91
2026-03-30 15:00:00,STATION_003,80.9
2026-03-30 15:15:00,STATION_003,80.25
2026-03-30 15:30:00,STATION_003,81.31
2026-03-30 15:45:00,STATION_003,81.24
2026-03-30 16:00:00,STATION_003,81.23
2026-03-30 16:15:00,STATION_003,76.96
2026-03-30 16:30:00,STATION_003,78.55
2026-03-30 16:45:00,STATION_003,78.04
2026-03-30 17:00:00,STATION_003,82.37
2026-03-30 17:15:00,STATION_003,84.27
2026-03-30 17:30:00,STATION_003,84.71
2026-03-30 17:45:00,STATION_003,89.32
2026-03-30 18:00:00,STATION_003,94.58
2026-03-30 18:15:00,STATION_003,5.0
2026-03-30 18:30:00,STATION_003,8.43
2026-03-30 18:45:00,STATION_003,11.24
2026-03-30 19:00:00,STATION_003,14.9
2026-03-30 19:15:00,STATION_003,15.32
2026-03-30 19:30:00,STATION_003,18.66
2026-03-30 19:45:00,STATION_003,21.79
2026-03-30 20:00:00,STATION_003,22.75
2026-03-30 20:15:00,STATION_003,22.79
2026-03-30 20:30:00,STATION_003,25.08
2026-03-30 20:45:00,STATION_003,27.26
2026-03-30 21:00:00,STATION_003,24.91
2026-03-30 21:15:00,STATION_003,25.28
2026-03-30 21:30:00,STATION_003,23.19
2026-03-30 21:45:00,STATION_003,25.71
2026-03-30 22:00:00,STATION_003,27.61
2026-03-30 22:15:00,STATION_003,27.38
2026-03-30 22:30:00,STATION_003,22.88
2026-03-30 22:45:00,STATION_003,22.18
2026-03-30 23:00:00,STATION_003,16.87
2026-03-30 23:15:00,STATION_003,17.54
2026-03-30 23:30:00,STATION_003,18.78
2026-03-30 23:45:00,STATION_003,20.3
2026-03-31 00:00:00,STATION_003,22.03
2026-03-31 00:15:00,STATION_003,25.66
2026-03-31 00:30:00,STATION_003,23.12
2026-03-31 00:45:00,STATION_003,27.26
2026-03-31 01:00:00,STATION_003,28.51
2026-03-31 01:15:00,STATION_003,29.02
2026-03-31 01:30:00,STATION_003,28.27
2026-03-31 01:45:00,STATION_003,29.81
2026-03-31 02:00:00,STATION_003,31.19
2026-03-31 02:15:00,STATION_003,30.86
2026-03-31 02:30:00,STATION_003,30.14
2026-03-31 02:45:00,STATION_003,29.55
2026-03-31 03:00:00,STATION_003,30.96
2026-03-31 03:15:00,STATION_003,29.94
2026-03-31 03:30:00,STATION_003,26.59
2026-03-31 03:45:00,STATION_003,29.02
2026-03-31 04:00:00,STATION_003,26.44
2026-03-31 04:15:00,STATION_003,23.1
2026-03-31 04:30:00,STATION_003,19.91
2026-03-31 04:45:00,STATION_003,21.5
2026-03-31 05:00:00,STATION_003,22.85
2026-03-31 05:15:00,STATION_003,22.45
2026-03-31 05:30:00,STATION_003,22.22
2026-03-31 05:45:00,STATION_003,19.38
2026-03-31 06:00:00,STATION_003,18.29
2026-03-31 06:15:00,STATION_003,21.95
2026-03-31 06:30:00,STATION_003,19.39
2026-03-31 06:45:00,STATION_003,20.69
2026-03-31 07:00:00,STATION_003,17.68
2026-03-31 07:15:00,STATION_003,19.98
2026-03-31 07:30:00,STATION_003,19.13
2026-03-31 07:45:00,STATION_003,24.8
2026-03-31 08:00:00,STATION_003,27.02
2026-03-31 08:15:00,STATION_003,29.37
2026-03-31 08:30:00,STATION_003,33.7
2026-03-31 08:45:00,STATION_003,36.01
2026-03-31 09:00:00,STATION_003,33.79
2026-03-31 09:15:00,STATION_003,32.58
2026-03-31 09:30:00,STATION_003,35.41
2026-03-31 09:45:00,STATION_003,34.18
2026-03-31 10:00:00,STATION_003,36.01
2026-03-31 10:15:00,STATION_003,34.42
2026-03-31 10:30:00,STATION_003,33.54
2026-03-31 10:45:00,STATION_003,33.52
2026-03-31 11:00:00,STATION_003,34.83
2026-03-31 11:15:00,STATION_003,34.47
2026-03-31 11:30:00,STATION_003,36.37
2026-03-31 11:45:00,STATION_003,38.06
2026-03-31 12:00:00,STATION_003,40.69
2026-03-31 12:15:00,STATION_003,46.13
2026-03-31 12:30:00,STATION_003,50.06
2026-03-31 12:45:00,STATION_003,52.98
2026-03-31 13:00:00,STATION_003,59.17
2026-03-31 13:15:00,STATION_003,61.17
2026-03-31 13:30:00,STATION_003,67.5
2026-03-31 13:45:00,STATION_003,71.26
2026-03-31 14:00:00,STATION_003,69.93
2026-03-31 14:15:00,STATION_003,68.36
2026-03-31 14:30:00,STATION_003,71.21
2026-03-31 14:45:00,STATION_003,73.97
2026-03-31 15:00:00,STATION_003,78.37
2026-03-31 15:15:00,STATION_003,78.96
2026-03-31 15:30:00,STATION_003,78.33
2026-03-31 15:45:00,STATION_003,80.9
2026-03-31 16:00:00,STATION_003,81.23
2026-03-31 16:15:00,STATION_003,79.41
2026-03-31 16:30:00,STATION_003,78.66
2026-03-31 16:45:00,STATION_003,78.77
2026-03-31 17:00:00,STATION_003,79.54
2026-03-31 17:15:00,STATION_003,76.47
2026-03-31 17:30:00,STATION_003,76.66
2026-03-31 17:45:00,STATION_003,75.86
2026-03-31 18:00:00,STATION_003,79.44
2026-03-31 18:15:00,STATION_003,81.86
2026-03-31 18:30:00,STATION_003,84.57
2026-03-31 18:45:00,STATION_003,89.61
2026-03-31 19:00:00,STATION_003,5.0
2026-03-31 19:15:00,STATION_003,11.27
2026-03-31 19:30:00,STATION_003,16.87
2026-03-31 19:45:00,STATION_003,19.28
2026-03-31 20:00:00,STATION_003,25.49
2026-03-31 20:15:00,STATION_003,29.51
2026-03-31 20:30:00,STATION_003,31.33
2026-03-31 20:45:00,STATION_003,35.83
2026-03-31 21:00:00,STATION_003,38.24
2026-03-31 21:15:00,STATION_003,42.17
2026-03-31 21:30:00,STATION_003,41.42
2026-03-31 21:45:00,STATION_003,45.9
2026-03-31 22:00:00,STATION_003,45.88
2026-03-31 22:15:00,STATION_003,48.67
2026-03-31 22:30:00,STATION_003,53.05
2026-03-31 22:45:00,STATION_003,53.41
2026-03-31 23:00:00,STATION_003,54.33
2026-03-31 23:15:00,STATION_003,54.84
2026-03-31 23:30:00,STATION_003,59.91
2026-03-31 23:45:00,STATION_003,57.99
