ds,station_id,y
2026-01-01 00:00:00,STATION_001,54.44
2026-01-01 01:00:00,STATION_001,61.59
2026-01-01 02:00:00,STATION_001,100.0
2026-01-01 03:00:00,STATION_001,98.39
2026-01-01 04:00:00,STATION_001,57.1
2026-01-01 05:00:00,STATION_001,57.37
2026-01-01 06:00:00,STATION_001,46.94
2026-01-01 07:00:00,STATION_001,79.75
2026-01-01 08:00:00,STATION_001,72.86
2026-01-01 09:00:00,STATION_001,71.29
2026-01-01 10:00:00,STATION_001,71.85
2026-01-01 11:00:00,STATION_001,77.99
2026-01-01 12:00:00,STATION_001,75.61
2026-01-01 13:00:00,STATION_001,72.42
2026-01-01 14:00:00,STATION_001,100.0
2026-01-01 15:00:00,STATION_001,73.54
2026-01-01 16:00:00,STATION_001,74.93
2026-01-01 17:00:00,STATION_001,100.0
2026-01-01 18:00:00,STATION_001,68.67
2026-01-01 19:00:00,STATION_001,80.46
2026-01-01 20:00:00,STATION_001,76.09
2026-01-01 21:00:00,STATION_001,79.41
2026-01-01 22:00:00,STATION_001,97.36
2026-01-01 23:00:00,STATION_001,58.49
2026-01-02 00:00:00,STATION_001,57.7
2026-01-02 01:00:00,STATION_001,65.29
2026-01-02 02:00:00,STATION_001,61.62
2026-01-02 03:00:00,STATION_001,92.88
2026-01-02 04:00:00,STATION_001,62.91
2026-01-02 05:00:00,STATION_001,64.44
2026-01-02 06:00:00,STATION_001,58.96
2026-01-02 07:00:00,STATION_001,100.0
2026-01-02 08:00:00,STATION_001,72.6
2026-01-02 09:00:00,STATION_001,74.07
2026-01-02 10:00:00,STATION_001,79.06
2026-01-02 11:00:00,STATION_001,81.78
2026-01-02 12:00:00,STATION_001,76.81
2026-01-02 13:00:00,STATION_001,71.77
2026-01-02 14:00:00,STATION_001,74.82
2026-01-02 15:00:00,STATION_001,82.82
2026-01-02 16:00:00,STATION_001,75.44
2026-01-02 17:00:00,STATION_001,73.5
2026-01-02 18:00:00,STATION_001,73.9
2026-01-02 19:00:00,STATION_001,76.79
2026-01-02 20:00:00,STATION_001,70.96
2026-01-02 21:00:00,STATION_001,72.49
2026-01-02 22:00:00,STATION_001,79.58
2026-01-02 23:00:00,STATION_001,61.64
2026-01-03 00:00:00,STATION_001,55.49
2026-01-03 01:00:00,STATION_001,59.84
2026-01-03 02:00:00,STATION_001,51.49
2026-01-03 03:00:00,STATION_001,53.36
2026-01-03 04:00:00,STATION_001,56.48
2026-01-03 05:00:00,STATION_001,83.97
2026-01-03 06:00:00,STATION_001,53.02
2026-01-03 07:00:00,STATION_001,68.55
2026-01-03 08:00:00,STATION_001,71.07
2026-01-03 09:00:00,STATION_001,59.89
2026-01-03 10:00:00,STATION_001,69.91
2026-01-03 11:00:00,STATION_001,61.63
2026-01-03 13:00:00,STATION_001,67.84
2026-01-03 14:00:00,STATION_001,93.22
2026-01-03 15:00:00,STATION_001,98.85
2026-01-03 16:00:00,STATION_001,73.84
2026-01-03 17:00:00,STATION_001,64.25
2026-01-03 18:00:00,STATION_001,65.99
2026-01-03 19:00:00,STATION_001,76.92
2026-01-03 20:00:00,STATION_001,65.6
2026-01-03 21:00:00,STATION_001,70.38
2026-01-03 22:00:00,STATION_001,78.53
2026-01-03 23:00:00,STATION_001,87.05
2026-01-04 00:00:00,STATION_001,49.69
2026-01-04 01:00:00,STATION_001,57.37
2026-01-04 02:00:00,STATION_001,51.08
2026-01-04 03:00:00,STATION_001,53.39
2026-01-04 04:00:00,STATION_001,59.07
2026-01-04 05:00:00,STATION_001,48.85
2026-01-04 06:00:00,STATION_001,46.96
2026-01-04 07:00:00,STATION_001,100.0
2026-01-04 08:00:00,STATION_001,62.8
2026-01-04 09:00:00,STATION_001,75.95
2026-01-04 10:00:00,STATION_001,73.09
2026-01-04 11:00:00,STATION_001,98.51
2026-01-04 12:00:00,STATION_001,71.47
2026-01-04 13:00:00,STATION_001,88.84
2026-01-04 14:00:00,STATION_001,75.25
2026-01-04 15:00:00,STATION_001,76.63
2026-01-04 16:00:00,STATION_001,66.24
2026-01-04 17:00:00,STATION_001,64.35
2026-01-04 18:00:00,STATION_001,72.12
2026-01-04 19:00:00,STATION_001,74.7
2026-01-04 20:00:00,STATION_001,91.07
2026-01-04 21:00:00,STATION_001,65.92
2026-01-04 22:00:00,STATION_001,71.38
2026-01-04 23:00:00,STATION_001,59.14
2026-01-05 01:00:00,STATION_001,73.6
2026-01-05 02:00:00,STATION_001,54.65
2026-01-05 03:00:00,STATION_001,62.41
2026-01-05 04:00:00,STATION_001,58.88
2026-01-05 06:00:00,STATION_001,57.74
2026-01-05 07:00:00,STATION_001,78.89
2026-01-05 08:00:00,STATION_001,70.37
2026-01-05 09:00:00,STATION_001,72.44
2026-01-05 10:00:00,STATION_001,78.15
2026-01-05 11:00:00,STATION_001,100.0
2026-01-05 12:00:00,STATION_001,75.29
2026-01-05 13:00:00,STATION_001,69.29
2026-01-05 14:00:00,STATION_001,80.42
2026-01-05 15:00:00,STATION_001,80.27
2026-01-05 16:00:00,STATION_001,77.58
2026-01-05 17:00:00,STATION_001,77.57
2026-01-05 18:00:00,STATION_001,77.58
2026-01-05 19:00:00,STATION_001,94.26
2026-01-05 20:00:00,STATION_001,79.77
2026-01-05 21:00:00,STATION_001,78.26
2026-01-05 22:00:00,STATION_001,71.14
2026-01-05 23:00:00,STATION_001,58.82
2026-01-06 00:00:00,STATION_001,78.04
2026-01-06 01:00:00,STATION_001,61.79
2026-01-06 02:00:00,STATION_001,78.2
2026-01-06 03:00:00,STATION_001,93.28
2026-01-06 04:00:00,STATION_001,62.75
2026-01-06 05:00:00,STATION_001,74.42
2026-01-06 06:00:00,STATION_001,70.72
2026-01-06 07:00:00,STATION_001,78.17
2026-01-06 08:00:00,STATION_001,64.87
2026-01-06 09:00:00,STATION_001,75.93
2026-01-06 10:00:00,STATION_001,71.04
2026-01-06 11:00:00,STATION_001,100.0
2026-01-06 12:00:00,STATION_001,71.14
2026-01-06 13:00:00,STATION_001,83.31
2026-01-06 14:00:00,STATION_001,76.59
2026-01-06 15:00:00,STATION_001,66.94
2026-01-06 16:00:00,STATION_001,76.89
2026-01-06 17:00:00,STATION_001,83.26
2026-01-06 18:00:00,STATION_001,71.35
2026-01-06 19:00:00,STATION_001,68.6
2026-01-06 20:00:00,STATION_001,98.96
2026-01-06 21:00:00,STATION_001,78.87
2026-01-06 22:00:00,STATION_001,95.9
2026-01-06 23:00:00,STATION_001,59.47
2026-01-07 00:00:00,STATION_001,67.72
2026-01-07 01:00:00,STATION_001,92.24
2026-01-07 02:00:00,STATION_001,65.82
2026-01-07 03:00:00,STATION_001,60.05
2026-01-07 04:00:00,STATION_001,61.0
2026-01-07 05:00:00,STATION_001,85.79
2026-01-07 06:00:00,STATION_001,50.51
2026-01-07 07:00:00,STATION_001,81.4
2026-01-07 08:00:00,STATION_001,78.43
2026-01-07 09:00:00,STATION_001,75.35
2026-01-07 10:00:00,STATION_001,72.57
2026-01-07 12:00:00,STATION_001,71.89
2026-01-07 13:00:00,STATION_001,73.22
2026-01-07 14:00:00,STATION_001,76.81
2026-01-07 15:00:00,STATION_001,77.91
2026-01-07 16:00:00,STATION_001,77.76
2026-01-07 17:00:00,STATION_001,71.45
2026-01-07 18:00:00,STATION_001,66.06
2026-01-07 19:00:00,STATION_001,68.9
2026-01-07 20:00:00,STATION_001,82.76
2026-01-07 21:00:00,STATION_001,72.8
2026-01-07 22:00:00,STATION_001,100.0
2026-01-07 23:00:00,STATION_001,60.11
2026-01-08 00:00:00,STATION_001,61.62
2026-01-08 01:00:00,STATION_001,59.35
2026-01-08 02:00:00,STATION_001,55.91
2026-01-08 03:00:00,STATION_001,70.46
2026-01-08 04:00:00,STATION_001,65.79
2026-01-08 06:00:00,STATION_001,59.94
2026-01-08 07:00:00,STATION_001,98.76
2026-01-08 08:00:00,STATION_001,73.45
2026-01-08 09:00:00,STATION_001,100.0
2026-01-08 10:00:00,STATION_001,70.89
2026-01-08 11:00:00,STATION_001,100.0
2026-01-08 12:00:00,STATION_001,100.0
2026-01-08 13:00:00,STATION_001,100.0
2026-01-08 14:00:00,STATION_001,80.77
2026-01-08 15:00:00,STATION_001,72.61
2026-01-08 16:00:00,STATION_001,71.68
2026-01-08 17:00:00,STATION_001,100.0
2026-01-08 18:00:00,STATION_001,79.29
2026-01-08 19:00:00,STATION_001,100.0
2026-01-08 20:00:00,STATION_001,100.0
2026-01-08 21:00:00,STATION_001,70.86
2026-01-08 22:00:00,STATION_001,74.46
2026-01-08 23:00:00,STATION_001,62.01
2026-01-09 00:00:00,STATION_001,61.12
2026-01-09 01:00:00,STATION_001,88.37
2026-01-09 02:00:00,STATION_001,71.38
2026-01-09 03:00:00,STATION_001,62.03
2026-01-09 04:00:00,STATION_001,66.0
2026-01-09 05:00:00,STATION_001,69.08
2026-01-09 06:00:00,STATION_001,95.16
2026-01-09 07:00:00,STATION_001,70.96
2026-01-09 08:00:00,STATION_001,64.38
2026-01-09 09:00:00,STATION_001,72.37
2026-01-09 10:00:00,STATION_001,100.0
2026-01-09 11:00:00,STATION_001,76.81
2026-01-09 12:00:00,STATION_001,78.71
2026-01-09 13:00:00,STATION_001,82.38
2026-01-09 14:00:00,STATION_001,74.63
2026-01-09 15:00:00,STATION_001,73.59
2026-01-09 16:00:00,STATION_001,76.48
2026-01-09 17:00:00,STATION_001,69.51
2026-01-09 18:00:00,STATION_001,76.38
2026-01-09 19:00:00,STATION_001,76.39
2026-01-09 20:00:00,STATION_001,74.46
2026-01-09 21:00:00,STATION_001,74.72
2026-01-09 22:00:00,STATION_001,82.58
2026-01-09 23:00:00,STATION_001,61.56
2026-01-10 01:00:00,STATION_001,81.32
2026-01-10 02:00:00,STATION_001,58.56
2026-01-10 03:00:00,STATION_001,49.38
2026-01-10 04:00:00,STATION_001,56.66
2026-01-10 05:00:00,STATION_001,51.26
2026-01-10 06:00:00,STATION_001,60.9
2026-01-10 07:00:00,STATION_001,70.34
2026-01-10 08:00:00,STATION_001,68.76
2026-01-10 09:00:00,STATION_001,95.29
2026-01-10 10:00:00,STATION_001,77.45
2026-01-10 11:00:00,STATION_001,74.39
2026-01-10 12:00:00,STATION_001,95.51
2026-01-10 13:00:00,STATION_001,61.21
2026-01-10 14:00:00,STATION_001,68.65
2026-01-10 15:00:00,STATION_001,73.59
2026-01-10 16:00:00,STATION_001,78.14
2026-01-10 17:00:00,STATION_001,63.1
2026-01-10 18:00:00,STATION_001,61.48
2026-01-10 19:00:00,STATION_001,69.72
2026-01-10 20:00:00,STATION_001,59.66
2026-01-10 21:00:00,STATION_001,69.55
2026-01-10 22:00:00,STATION_001,71.83
2026-01-10 23:00:00,STATION_001,50.3
2026-01-11 00:00:00,STATION_001,54.69
2026-01-11 01:00:00,STATION_001,59.78
2026-01-11 02:00:00,STATION_001,52.35
2026-01-11 03:00:00,STATION_001,51.04
2026-01-11 04:00:00,STATION_001,69.64
2026-01-11 05:00:00,STATION_001,54.04
2026-01-11 06:00:00,STATION_001,54.49
2026-01-11 07:00:00,STATION_001,70.21
2026-01-11 08:00:00,STATION_001,74.26
2026-01-11 09:00:00,STATION_001,66.9
2026-01-11 10:00:00,STATION_001,67.26
2026-01-11 11:00:00,STATION_001,63.86
2026-01-11 12:00:00,STATION_001,66.87
2026-01-11 13:00:00,STATION_001,59.04
2026-01-11 14:00:00,STATION_001,96.67
2026-01-11 15:00:00,STATION_001,71.56
2026-01-11 16:00:00,STATION_001,69.36
2026-01-11 17:00:00,STATION_001,65.22
2026-01-11 18:00:00,STATION_001,66.22
2026-01-11 19:00:00,STATION_001,87.72
2026-01-11 20:00:00,STATION_001,66.13
2026-01-11 21:00:00,STATION_001,68.25
2026-01-11 22:00:00,STATION_001,75.28
2026-01-11 23:00:00,STATION_001,58.27
2026-01-12 00:00:00,STATION_001,95.67
2026-01-12 01:00:00,STATION_001,62.69
2026-01-12 02:00:00,STATION_001,91.24
2026-01-12 03:00:00,STATION_001,53.45
2026-01-12 04:00:00,STATION_001,60.14
2026-01-12 05:00:00,STATION_001,60.64
2026-01-12 06:00:00,STATION_001,79.04
2026-01-12 07:00:00,STATION_001,72.56
2026-01-12 09:00:00,STATION_001,70.85
2026-01-12 10:00:00,STATION_001,73.81
2026-01-12 11:00:00,STATION_001,70.46
2026-01-12 12:00:00,STATION_001,72.12
2026-01-12 13:00:00,STATION_001,78.78
2026-01-12 14:00:00,STATION_001,75.5
2026-01-12 15:00:00,STATION_001,78.76
2026-01-12 16:00:00,STATION_001,71.69
2026-01-12 17:00:00,STATION_001,77.85
2026-01-12 18:00:00,STATION_001,66.86
2026-01-12 19:00:00,STATION_001,100.0
2026-01-12 20:00:00,STATION_001,69.3
2026-01-12 21:00:00,STATION_001,76.34
2026-01-12 22:00:00,STATION_001,74.26
2026-01-12 23:00:00,STATION_001,78.91
2026-01-13 00:00:00,STATION_001,65.03
2026-01-13 01:00:00,STATION_001,57.12
2026-01-13 02:00:00,STATION_001,62.65
2026-01-13 03:00:00,STATION_001,67.21
2026-01-13 04:00:00,STATION_001,62.89
2026-01-13 05:00:00,STATION_001,58.98
2026-01-13 06:00:00,STATION_001,61.86
2026-01-13 07:00:00,STATION_001,71.98
2026-01-13 08:00:00,STATION_001,75.43
2026-01-13 09:00:00,STATION_001,74.22
2026-01-13 10:00:00,STATION_001,76.69
2026-01-13 11:00:00,STATION_001,72.94
2026-01-13 12:00:00,STATION_001,76.97
2026-01-13 13:00:00,STATION_001,72.9
2026-01-13 14:00:00,STATION_001,79.36
2026-01-13 16:00:00,STATION_001,64.81
2026-01-13 17:00:00,STATION_001,69.96
2026-01-13 18:00:00,STATION_001,75.09
2026-01-13 19:00:00,STATION_001,83.38
2026-01-13 20:00:00,STATION_001,79.15
2026-01-13 21:00:00,STATION_001,63.94
2026-01-13 22:00:00,STATION_001,67.61
2026-01-13 23:00:00,STATION_001,97.63
2026-01-14 00:00:00,STATION_001,64.83
2026-01-14 01:00:00,STATION_001,60.41
2026-01-14 02:00:00,STATION_001,54.54
2026-01-14 03:00:00,STATION_001,55.91
2026-01-14 04:00:00,STATION_001,90.94
2026-01-14 05:00:00,STATION_001,61.67
2026-01-14 06:00:00,STATION_001,58.65
2026-01-14 07:00:00,STATION_001,70.11
2026-01-14 08:00:00,STATION_001,100.0
2026-01-14 09:00:00,STATION_001,79.87
2026-01-14 10:00:00,STATION_001,66.84
2026-01-14 11:00:00,STATION_001,76.4
2026-01-14 12:00:00,STATION_001,75.85
2026-01-14 13:00:00,STATION_001,79.18
2026-01-14 14:00:00,STATION_001,75.9
2026-01-14 15:00:00,STATION_001,88.22
2026-01-14 16:00:00,STATION_001,100.0
2026-01-14 17:00:00,STATION_001,78.63
2026-01-14 18:00:00,STATION_001,71.05
2026-01-14 19:00:00,STATION_001,77.36
2026-01-14 20:00:00,STATION_001,82.97
2026-01-14 21:00:00,STATION_001,72.44
2026-01-14 22:00:00,STATION_001,70.05
2026-01-14 23:00:00,STATION_001,59.37
2026-01-15 00:00:00,STATION_001,60.28
2026-01-15 01:00:00,STATION_001,65.47
2026-01-15 02:00:00,STATION_001,59.21
2026-01-15 03:00:00,STATION_001,57.87
2026-01-15 04:00:00,STATION_001,89.26
2026-01-15 05:00:00,STATION_001,48.4
2026-01-15 06:00:00,STATION_001,66.35
2026-01-15 07:00:00,STATION_001,70.91
2026-01-15 08:00:00,STATION_001,69.37
2026-01-15 09:00:00,STATION_001,74.25
2026-01-15 10:00:00,STATION_001,79.02
2026-01-15 11:00:00,STATION_001,74.21
2026-01-15 12:00:00,STATION_001,69.91
2026-01-15 13:00:00,STATION_001,77.58
2026-01-15 14:00:00,STATION_001,100.0
2026-01-15 15:00:00,STATION_001,100.0
2026-01-15 16:00:00,STATION_001,74.43
2026-01-15 17:00:00,STATION_001,75.78
2026-01-15 18:00:00,STATION_001,98.52
2026-01-15 19:00:00,STATION_001,75.53
2026-01-15 20:00:00,STATION_001,61.75
2026-01-15 21:00:00,STATION_001,80.46
2026-01-15 22:00:00,STATION_001,73.29
2026-01-15 23:00:00,STATION_001,58.14
2026-01-16 00:00:00,STATION_001,52.96
2026-01-16 01:00:00,STATION_001,56.11
2026-01-16 02:00:00,STATION_001,64.68
2026-01-16 03:00:00,STATION_001,89.69
2026-01-16 04:00:00,STATION_001,60.49
2026-01-16 05:00:00,STATION_001,59.35
2026-01-16 06:00:00,STATION_001,58.25
2026-01-16 07:00:00,STATION_001,73.85
2026-01-16 08:00:00,STATION_001,76.17
2026-01-16 09:00:00,STATION_001,76.26
2026-01-16 10:00:00,STATION_001,71.71
2026-01-16 11:00:00,STATION_001,70.31
2026-01-16 12:00:00,STATION_001,97.91
2026-01-16 13:00:00,STATION_001,68.74
2026-01-16 14:00:00,STATION_001,72.39
2026-01-16 15:00:00,STATION_001,80.25
2026-01-16 16:00:00,STATION_001,67.22
2026-01-16 17:00:00,STATION_001,78.03
2026-01-16 18:00:00,STATION_001,64.59
2026-01-16 19:00:00,STATION_001,83.48
2026-01-16 20:00:00,STATION_001,72.28
2026-01-16 21:00:00,STATION_001,77.0
2026-01-16 22:00:00,STATION_001,75.57
2026-01-16 23:00:00,STATION_001,60.75
2026-01-17 00:00:00,STATION_001,89.81
2026-01-17 01:00:00,STATION_001,58.36
2026-01-17 02:00:00,STATION_001,87.62
2026-01-17 03:00:00,STATION_001,56.74
2026-01-17 04:00:00,STATION_001,55.98
2026-01-17 05:00:00,STATION_001,50.11
2026-01-17 06:00:00,STATION_001,60.15
2026-01-17 07:00:00,STATION_001,72.36
2026-01-17 08:00:00,STATION_001,100.0
2026-01-17 09:00:00,STATION_001,77.85
2026-01-17 10:00:00,STATION_001,69.21
2026-01-17 11:00:00,STATION_001,74.03
2026-01-17 12:00:00,STATION_001,68.26
2026-01-17 13:00:00,STATION_001,70.99
2026-01-17 14:00:00,STATION_001,62.38
2026-01-17 15:00:00,STATION_001,66.01
2026-01-17 16:00:00,STATION_001,72.87
2026-01-17 17:00:00,STATION_001,61.23
2026-01-17 18:00:00,STATION_001,70.48
2026-01-17 19:00:00,STATION_001,70.9
2026-01-17 20:00:00,STATION_001,91.06
2026-01-17 21:00:00,STATION_001,70.61
2026-01-17 22:00:00,STATION_001,75.75
2026-01-17 23:00:00,STATION_001,72.61
2026-01-18 00:00:00,STATION_001,64.88
2026-01-18 01:00:00,STATION_001,54.76
2026-01-18 02:00:00,STATION_001,57.5
2026-01-18 03:00:00,STATION_001,57.66
2026-01-18 04:00:00,STATION_001,46.19
2026-01-18 05:00:00,STATION_001,94.48
2026-01-18 06:00:00,STATION_001,82.66
2026-01-18 07:00:00,STATION_001,68.87
2026-01-18 08:00:00,STATION_001,74.08
2026-01-18 09:00:00,STATION_001,73.09
2026-01-18 10:00:00,STATION_001,67.73
2026-01-18 11:00:00,STATION_001,73.16
2026-01-18 12:00:00,STATION_001,74.09
2026-01-18 13:00:00,STATION_001,100.0
2026-01-18 14:00:00,STATION_001,69.8
2026-01-18 15:00:00,STATION_001,73.41
2026-01-18 16:00:00,STATION_001,74.69
2026-01-18 17:00:00,STATION_001,96.36
2026-01-18 18:00:00,STATION_001,64.79
2026-01-18 19:00:00,STATION_001,76.39
2026-01-18 20:00:00,STATION_001,100.0
2026-01-18 21:00:00,STATION_001,70.98
2026-01-18 22:00:00,STATION_001,71.34
2026-01-18 23:00:00,STATION_001,59.45
2026-01-19 00:00:00,STATION_001,96.62
2026-01-19 01:00:00,STATION_001,60.24
2026-01-19 02:00:00,STATION_001,66.12
2026-01-19 03:00:00,STATION_001,56.58
2026-01-19 04:00:00,STATION_001,64.6
2026-01-19 05:00:00,STATION_001,61.57
2026-01-19 06:00:00,STATION_001,51.59
2026-01-19 07:00:00,STATION_001,66.21
2026-01-19 08:00:00,STATION_001,73.5
2026-01-19 09:00:00,STATION_001,70.98
2026-01-19 10:00:00,STATION_001,65.33
2026-01-19 11:00:00,STATION_001,68.96
2026-01-19 12:00:00,STATION_001,74.17
2026-01-19 13:00:00,STATION_001,70.87
2026-01-19 14:00:00,STATION_001,86.55
2026-01-19 15:00:00,STATION_001,71.68
2026-01-19 16:00:00,STATION_001,80.84
2026-01-19 17:00:00,STATION_001,83.11
2026-01-19 18:00:00,STATION_001,72.41
2026-01-19 19:00:00,STATION_001,72.01
2026-01-19 20:00:00,STATION_001,72.52
2026-01-19 21:00:00,STATION_001,74.16
2026-01-19 22:00:00,STATION_001,73.13
2026-01-19 23:00:00,STATION_001,54.13
2026-01-20 00:00:00,STATION_001,61.72
2026-01-20 01:00:00,STATION_001,58.12
2026-01-20 02:00:00,STATION_001,71.79
2026-01-20 03:00:00,STATION_001,64.69
2026-01-20 04:00:00,STATION_001,90.1
2026-01-20 05:00:00,STATION_001,58.06
2026-01-20 06:00:00,STATION_001,61.43
2026-01-20 07:00:00,STATION_001,76.67
2026-01-20 08:00:00,STATION_001,74.12
2026-01-20 09:00:00,STATION_001,71.01
2026-01-20 10:00:00,STATION_001,74.83
2026-01-20 11:00:00,STATION_001,100.0
2026-01-20 12:00:00,STATION_001,57.6
2026-01-20 13:00:00,STATION_001,70.65
2026-01-20 14:00:00,STATION_001,81.62
2026-01-20 15:00:00,STATION_001,69.34
2026-01-20 16:00:00,STATION_001,76.2
2026-01-20 17:00:00,STATION_001,76.53
2026-01-20 18:00:00,STATION_001,77.03
2026-01-20 19:00:00,STATION_001,78.58
2026-01-20 20:00:00,STATION_001,80.04
2026-01-20 21:00:00,STATION_001,82.66
2026-01-20 22:00:00,STATION_001,73.15
2026-01-20 23:00:00,STATION_001,55.83
2026-01-21 00:00:00,STATION_001,62.09
2026-01-21 01:00:00,STATION_001,62.0
2026-01-21 02:00:00,STATION_001,85.26
2026-01-21 03:00:00,STATION_001,60.23
2026-01-21 04:00:00,STATION_001,63.23
2026-01-21 05:00:00,STATION_001,70.82
2026-01-21 06:00:00,STATION_001,94.11
2026-01-21 07:00:00,STATION_001,75.24
2026-01-21 08:00:00,STATION_001,75.88
2026-01-21 09:00:00,STATION_001,100.0
2026-01-21 10:00:00,STATION_001,75.66
2026-01-21 11:00:00,STATION_001,71.5
2026-01-21 12:00:00,STATION_001,72.21
2026-01-21 13:00:00,STATION_001,76.89
2026-01-21 14:00:00,STATION_001,94.68
2026-01-21 15:00:00,STATION_001,64.82
2026-01-21 16:00:00,STATION_001,66.5
2026-01-21 17:00:00,STATION_001,72.97
2026-01-21 18:00:00,STATION_001,68.85
2026-01-21 19:00:00,STATION_001,74.11
2026-01-21 20:00:00,STATION_001,80.61
2026-01-21 21:00:00,STATION_001,81.55
2026-01-21 22:00:00,STATION_001,73.89
2026-01-21 23:00:00,STATION_001,54.27
2026-01-22 00:00:00,STATION_001,53.86
2026-01-22 01:00:00,STATION_001,68.3
2026-01-22 02:00:00,STATION_001,64.49
2026-01-22 03:00:00,STATION_001,58.97
2026-01-22 04:00:00,STATION_001,60.37
2026-01-22 05:00:00,STATION_001,58.85
2026-01-22 06:00:00,STATION_001,62.53
2026-01-22 07:00:00,STATION_001,74.86
2026-01-22 08:00:00,STATION_001,78.54
2026-01-22 09:00:00,STATION_001,78.61
2026-01-22 10:00:00,STATION_001,70.28
2026-01-22 11:00:00,STATION_001,100.0
2026-01-22 12:00:00,STATION_001,74.55
2026-01-22 13:00:00,STATION_001,100.0
2026-01-22 14:00:00,STATION_001,68.21
2026-01-22 15:00:00,STATION_001,73.42
2026-01-22 16:00:00,STATION_001,100.0
2026-01-22 17:00:00,STATION_001,71.74
2026-01-22 18:00:00,STATION_001,72.74
2026-01-22 19:00:00,STATION_001,62.88
2026-01-22 20:00:00,STATION_001,78.93
2026-01-22 21:00:00,STATION_001,77.13
2026-01-22 22:00:00,STATION_001,100.0
2026-01-22 23:00:00,STATION_001,57.98
2026-01-23 00:00:00,STATION_001,95.0
2026-01-23 01:00:00,STATION_001,64.39
2026-01-23 02:00:00,STATION_001,80.52
2026-01-23 03:00:00,STATION_001,60.19
2026-01-23 04:00:00,STATION_001,76.17
2026-01-23 05:00:00,STATION_001,58.59
2026-01-23 06:00:00,STATION_001,57.14
2026-01-23 07:00:00,STATION_001,77.86
2026-01-23 08:00:00,STATION_001,100.0
2026-01-23 09:00:00,STATION_001,76.79
2026-01-23 10:00:00,STATION_001,72.1
2026-01-23 11:00:00,STATION_001,80.45
2026-01-23 12:00:00,STATION_001,100.0
2026-01-23 13:00:00,STATION_001,75.99
2026-01-23 14:00:00,STATION_001,83.68
2026-01-23 15:00:00,STATION_001,96.89
2026-01-23 16:00:00,STATION_001,69.84
2026-01-23 17:00:00,STATION_001,72.35
2026-01-23 18:00:00,STATION_001,89.83
2026-01-23 19:00:00,STATION_001,74.52
2026-01-23 20:00:00,STATION_001,69.36
2026-01-23 21:00:00,STATION_001,77.82
2026-01-23 22:00:00,STATION_001,94.17
2026-01-23 23:00:00,STATION_001,51.66
2026-01-24 00:00:00,STATION_001,52.58
2026-01-24 01:00:00,STATION_001,62.87
2026-01-24 02:00:00,STATION_001,56.12
2026-01-24 03:00:00,STATION_001,60.24
2026-01-24 04:00:00,STATION_001,60.39
2026-01-24 05:00:00,STATION_001,54.81
2026-01-24 06:00:00,STATION_001,58.26
2026-01-24 07:00:00,STATION_001,62.12
2026-01-24 08:00:00,STATION_001,77.38
2026-01-24 09:00:00,STATION_001,76.9
2026-01-24 10:00:00,STATION_001,100.0
2026-01-24 11:00:00,STATION_001,68.54
2026-01-24 12:00:00,STATION_001,69.22
2026-01-24 13:00:00,STATION_001,75.31
2026-01-24 14:00:00,STATION_001,64.22
2026-01-24 15:00:00,STATION_001,71.6
2026-01-24 16:00:00,STATION_001,74.04
2026-01-24 17:00:00,STATION_001,63.77
2026-01-24 18:00:00,STATION_001,62.22
2026-01-24 19:00:00,STATION_001,91.18
2026-01-24 20:00:00,STATION_001,74.98
2026-01-24 21:00:00,STATION_001,67.53
2026-01-24 22:00:00,STATION_001,77.5
2026-01-24 23:00:00,STATION_001,59.25
2026-01-25 00:00:00,STATION_001,53.39
2026-01-25 01:00:00,STATION_001,65.38
2026-01-25 02:00:00,STATION_001,60.15
2026-01-25 03:00:00,STATION_001,56.19
2026-01-25 04:00:00,STATION_001,79.29
2026-01-25 05:00:00,STATION_001,51.56
2026-01-25 06:00:00,STATION_001,80.49
2026-01-25 07:00:00,STATION_001,69.6
2026-01-25 08:00:00,STATION_001,74.58
2026-01-25 09:00:00,STATION_001,71.73
2026-01-25 10:00:00,STATION_001,80.44
2026-01-25 11:00:00,STATION_001,89.75
2026-01-25 12:00:00,STATION_001,65.31
2026-01-25 13:00:00,STATION_001,73.22
2026-01-25 15:00:00,STATION_001,66.75
2026-01-25 16:00:00,STATION_001,72.74
2026-01-25 17:00:00,STATION_001,65.41
2026-01-25 18:00:00,STATION_001,69.85
2026-01-25 19:00:00,STATION_001,80.02
2026-01-25 20:00:00,STATION_001,67.76
2026-01-25 21:00:00,STATION_001,70.34
2026-01-25 22:00:00,STATION_001,64.62
2026-01-25 23:00:00,STATION_001,58.34
2026-01-26 00:00:00,STATION_001,56.14
2026-01-26 01:00:00,STATION_001,61.48
2026-01-26 02:00:00,STATION_001,65.03
2026-01-26 03:00:00,STATION_001,58.74
2026-01-26 04:00:00,STATION_001,62.82
2026-01-26 05:00:00,STATION_001,61.78
2026-01-26 06:00:00,STATION_001,65.23
2026-01-26 07:00:00,STATION_001,77.85
2026-01-26 08:00:00,STATION_001,81.45
2026-01-26 09:00:00,STATION_001,100.0
2026-01-26 10:00:00,STATION_001,93.48
2026-01-26 11:00:00,STATION_001,66.78
2026-01-26 12:00:00,STATION_001,67.24
2026-01-26 13:00:00,STATION_001,73.48
2026-01-26 14:00:00,STATION_001,75.85
2026-01-26 15:00:00,STATION_001,71.5
2026-01-26 16:00:00,STATION_001,63.75
2026-01-26 17:00:00,STATION_001,71.59
2026-01-26 18:00:00,STATION_001,72.73
2026-01-26 19:00:00,STATION_001,74.9
2026-01-26 20:00:00,STATION_001,82.23
2026-01-26 21:00:00,STATION_001,65.88
2026-01-26 22:00:00,STATION_001,78.4
2026-01-26 23:00:00,STATION_001,62.88
2026-01-27 00:00:00,STATION_001,58.74
2026-01-27 01:00:00,STATION_001,61.96
2026-01-27 02:00:00,STATION_001,90.25
2026-01-27 03:00:00,STATION_001,58.6
2026-01-27 04:00:00,STATION_001,55.06
2026-01-27 05:00:00,STATION_001,54.48
2026-01-27 07:00:00,STATION_001,67.15
2026-01-27 08:00:00,STATION_001,70.09
2026-01-27 09:00:00,STATION_001,73.88
2026-01-27 10:00:00,STATION_001,75.53
2026-01-27 11:00:00,STATION_001,68.33
2026-01-27 12:00:00,STATION_001,100.0
2026-01-27 13:00:00,STATION_001,74.62
2026-01-27 14:00:00,STATION_001,100.0
2026-01-27 15:00:00,STATION_001,77.72
2026-01-27 16:00:00,STATION_001,71.49
2026-01-27 17:00:00,STATION_001,71.69
2026-01-27 18:00:00,STATION_001,68.78
2026-01-27 19:00:00,STATION_001,71.54
2026-01-27 20:00:00,STATION_001,73.53
2026-01-27 21:00:00,STATION_001,81.24
2026-01-27 22:00:00,STATION_001,100.0
2026-01-27 23:00:00,STATION_001,53.81
2026-01-28 00:00:00,STATION_001,58.23
2026-01-28 01:00:00,STATION_001,82.62
2026-01-28 02:00:00,STATION_001,64.82
2026-01-28 03:00:00,STATION_001,71.05
2026-01-28 04:00:00,STATION_001,59.56
2026-01-28 05:00:00,STATION_001,72.9
2026-01-28 06:00:00,STATION_001,83.25
2026-01-28 07:00:00,STATION_001,65.43
2026-01-28 08:00:00,STATION_001,76.51
2026-01-28 09:00:00,STATION_001,72.33
2026-01-28 10:00:00,STATION_001,69.5
2026-01-28 11:00:00,STATION_001,71.44
2026-01-28 12:00:00,STATION_001,100.0
2026-01-28 13:00:00,STATION_001,67.22
2026-01-28 14:00:00,STATION_001,65.03
2026-01-28 15:00:00,STATION_001,76.87
2026-01-28 16:00:00,STATION_001,83.36
2026-01-28 17:00:00,STATION_001,77.1
2026-01-28 18:00:00,STATION_001,98.48
2026-01-28 19:00:00,STATION_001,78.15
2026-01-28 20:00:00,STATION_001,98.08
2026-01-28 21:00:00,STATION_001,81.18
2026-01-28 22:00:00,STATION_001,69.54
2026-01-28 23:00:00,STATION_001,58.42
2026-01-29 00:00:00,STATION_001,66.07
2026-01-29 01:00:00,STATION_001,60.71
2026-01-29 02:00:00,STATION_001,60.96
2026-01-29 03:00:00,STATION_001,90.85
2026-01-29 04:00:00,STATION_001,54.65
2026-01-29 05:00:00,STATION_001,55.55
2026-01-29 06:00:00,STATION_001,84.87
2026-01-29 07:00:00,STATION_001,77.54
2026-01-29 08:00:00,STATION_001,76.94
2026-01-29 09:00:00,STATION_001,87.46
2026-01-29 10:00:00,STATION_001,75.41
2026-01-29 11:00:00,STATION_001,74.51
2026-01-29 12:00:00,STATION_001,76.34
2026-01-29 13:00:00,STATION_001,76.61
2026-01-29 14:00:00,STATION_001,74.13
2026-01-29 15:00:00,STATION_001,71.22
2026-01-29 16:00:00,STATION_001,75.14
2026-01-29 17:00:00,STATION_001,74.95
2026-01-29 18:00:00,STATION_001,74.87
2026-01-29 19:00:00,STATION_001,79.09
2026-01-29 20:00:00,STATION_001,75.05
2026-01-29 21:00:00,STATION_001,68.44
2026-01-29 22:00:00,STATION_001,100.0
2026-01-29 23:00:00,STATION_001,60.27
2026-01-30 00:00:00,STATION_001,45.56
2026-01-30 01:00:00,STATION_001,91.08
2026-01-30 02:00:00,STATION_001,67.65
2026-01-30 03:00:00,STATION_001,66.09
2026-01-30 04:00:00,STATION_001,88.27
2026-01-30 05:00:00,STATION_001,59.69
2026-01-30 06:00:00,STATION_001,87.36
2026-01-30 07:00:00,STATION_001,73.49
2026-01-30 08:00:00,STATION_001,94.97
2026-01-30 10:00:00,STATION_001,69.78
2026-01-30 11:00:00,STATION_001,73.96
2026-01-30 12:00:00,STATION_001,72.46
2026-01-30 13:00:00,STATION_001,69.14
2026-01-30 14:00:00,STATION_001,79.39
2026-01-30 15:00:00,STATION_001,100.0
2026-01-30 16:00:00,STATION_001,72.27
2026-01-30 17:00:00,STATION_001,76.96
2026-01-30 18:00:00,STATION_001,74.92
2026-01-30 19:00:00,STATION_001,100.0
2026-01-30 20:00:00,STATION_001,69.03
2026-01-30 21:00:00,STATION_001,74.8
2026-01-30 22:00:00,STATION_001,63.49
2026-01-30 23:00:00,STATION_001,57.78
2026-01-31 00:00:00,STATION_001,56.42
2026-01-31 01:00:00,STATION_001,56.04
2026-01-31 02:00:00,STATION_001,60.71
2026-01-31 03:00:00,STATION_001,49.4
2026-01-31 04:00:00,STATION_001,54.56
2026-01-31 05:00:00,STATION_001,59.61
2026-01-31 07:00:00,STATION_001,74.0
2026-01-31 08:00:00,STATION_001,100.0
2026-01-31 09:00:00,STATION_001,66.61
2026-01-31 10:00:00,STATION_001,68.17
2026-01-31 11:00:00,STATION_001,91.11
2026-01-31 12:00:00,STATION_001,65.99
2026-01-31 13:00:00,STATION_001,76.49
2026-01-31 14:00:00,STATION_001,73.4
2026-01-31 15:00:00,STATION_001,75.79
2026-01-31 16:00:00,STATION_001,71.41
2026-01-31 17:00:00,STATION_001,66.46
2026-01-31 18:00:00,STATION_001,73.04
2026-01-31 19:00:00,STATION_001,76.56
2026-01-31 20:00:00,STATION_001,71.41
2026-01-31 21:00:00,STATION_001,65.37
2026-01-31 22:00:00,STATION_001,67.08
2026-01-31 23:00:00,STATION_001,55.19
2026-02-01 00:00:00,STATION_001,62.28
2026-02-01 01:00:00,STATION_001,64.0
2026-02-01 03:00:00,STATION_001,56.8
2026-02-01 04:00:00,STATION_001,52.03
2026-02-01 05:00:00,STATION_001,48.59
2026-02-01 06:00:00,STATION_001,57.9
2026-02-01 07:00:00,STATION_001,70.74
2026-02-01 08:00:00,STATION_001,94.5
2026-02-01 09:00:00,STATION_001,74.08
2026-02-01 10:00:00,STATION_001,69.16
2026-02-01 11:00:00,STATION_001,71.41
2026-02-01 12:00:00,STATION_001,72.45
2026-02-01 13:00:00,STATION_001,73.67
2026-02-01 14:00:00,STATION_001,70.91
2026-02-01 15:00:00,STATION_001,63.52
2026-02-01 16:00:00,STATION_001,72.0
2026-02-01 17:00:00,STATION_001,66.74
2026-02-01 18:00:00,STATION_001,76.19
2026-02-01 19:00:00,STATION_001,70.11
2026-02-01 20:00:00,STATION_001,71.2
2026-02-01 22:00:00,STATION_001,73.77
2026-02-01 23:00:00,STATION_001,56.91
2026-02-02 00:00:00,STATION_001,59.31
2026-02-02 01:00:00,STATION_001,77.58
2026-02-02 02:00:00,STATION_001,66.44
2026-02-02 03:00:00,STATION_001,57.89
2026-02-02 04:00:00,STATION_001,63.6
2026-02-02 05:00:00,STATION_001,67.23
2026-02-02 06:00:00,STATION_001,61.39
2026-02-02 07:00:00,STATION_001,100.0
2026-02-02 08:00:00,STATION_001,98.94
2026-02-02 09:00:00,STATION_001,94.05
2026-02-02 10:00:00,STATION_001,83.63
2026-02-02 11:00:00,STATION_001,73.0
2026-02-02 12:00:00,STATION_001,67.91
2026-02-02 13:00:00,STATION_001,66.2
2026-02-02 14:00:00,STATION_001,100.0
2026-02-02 15:00:00,STATION_001,100.0
2026-02-02 16:00:00,STATION_001,72.18
2026-02-02 17:00:00,STATION_001,75.92
2026-02-02 18:00:00,STATION_001,85.31
2026-02-02 19:00:00,STATION_001,81.04
2026-02-02 20:00:00,STATION_001,78.89
2026-02-02 21:00:00,STATION_001,72.24
2026-02-02 22:00:00,STATION_001,100.0
2026-02-02 23:00:00,STATION_001,56.75
2026-02-03 00:00:00,STATION_001,46.13
2026-02-03 01:00:00,STATION_001,88.93
2026-02-03 02:00:00,STATION_001,59.59
2026-02-03 03:00:00,STATION_001,59.39
2026-02-03 04:00:00,STATION_001,54.88
2026-02-03 05:00:00,STATION_001,69.27
2026-02-03 06:00:00,STATION_001,58.87
2026-02-03 07:00:00,STATION_001,70.2
2026-02-03 08:00:00,STATION_001,84.42
2026-02-03 09:00:00,STATION_001,82.72
2026-02-03 10:00:00,STATION_001,75.7
2026-02-03 11:00:00,STATION_001,66.16
2026-02-03 12:00:00,STATION_001,72.67
2026-02-03 13:00:00,STATION_001,67.03
2026-02-03 14:00:00,STATION_001,77.57
2026-02-03 15:00:00,STATION_001,72.34
2026-02-03 16:00:00,STATION_001,74.86
2026-02-03 17:00:00,STATION_001,83.86
2026-02-03 18:00:00,STATION_001,71.99
2026-02-03 19:00:00,STATION_001,77.34
2026-02-03 20:00:00,STATION_001,100.0
2026-02-03 21:00:00,STATION_001,96.46
2026-02-03 22:00:00,STATION_001,70.61
2026-02-03 23:00:00,STATION_001,55.87
2026-02-04 01:00:00,STATION_001,55.98
2026-02-04 02:00:00,STATION_001,59.89
2026-02-04 03:00:00,STATION_001,77.2
2026-02-04 04:00:00,STATION_001,60.51
2026-02-04 05:00:00,STATION_001,54.34
2026-02-04 06:00:00,STATION_001,61.24
2026-02-04 07:00:00,STATION_001,75.44
2026-02-04 08:00:00,STATION_001,74.45
2026-02-04 09:00:00,STATION_001,71.98
2026-02-04 10:00:00,STATION_001,69.45
2026-02-04 11:00:00,STATION_001,77.84
2026-02-04 12:00:00,STATION_001,75.4
2026-02-04 13:00:00,STATION_001,76.74
2026-02-04 14:00:00,STATION_001,93.6
2026-02-04 15:00:00,STATION_001,70.95
2026-02-04 16:00:00,STATION_001,69.92
2026-02-04 17:00:00,STATION_001,75.31
2026-02-04 18:00:00,STATION_001,75.88
2026-02-04 19:00:00,STATION_001,73.16
2026-02-04 20:00:00,STATION_001,95.54
2026-02-04 21:00:00,STATION_001,74.71
2026-02-04 22:00:00,STATION_001,72.76
2026-02-04 23:00:00,STATION_001,70.05
2026-02-05 00:00:00,STATION_001,56.45
2026-02-05 01:00:00,STATION_001,60.37
2026-02-05 02:00:00,STATION_001,56.76
2026-02-05 04:00:00,STATION_001,56.45
2026-02-05 05:00:00,STATION_001,57.45
2026-02-05 06:00:00,STATION_001,52.77
2026-02-05 07:00:00,STATION_001,75.47
2026-02-05 08:00:00,STATION_001,73.2
2026-02-05 09:00:00,STATION_001,77.56
2026-02-05 10:00:00,STATION_001,74.69
2026-02-05 11:00:00,STATION_001,71.32
2026-02-05 12:00:00,STATION_001,70.13
2026-02-05 13:00:00,STATION_001,74.97
2026-02-05 14:00:00,STATION_001,81.55
2026-02-05 15:00:00,STATION_001,72.16
2026-02-05 16:00:00,STATION_001,65.85
2026-02-05 17:00:00,STATION_001,76.0
2026-02-05 18:00:00,STATION_001,80.94
2026-02-05 19:00:00,STATION_001,77.68
2026-02-05 20:00:00,STATION_001,68.9
2026-02-05 21:00:00,STATION_001,75.59
2026-02-05 22:00:00,STATION_001,79.17
2026-02-05 23:00:00,STATION_001,57.86
2026-02-06 00:00:00,STATION_001,57.27
2026-02-06 01:00:00,STATION_001,57.42
2026-02-06 02:00:00,STATION_001,59.0
2026-02-06 03:00:00,STATION_001,54.18
2026-02-06 04:00:00,STATION_001,93.36
2026-02-06 05:00:00,STATION_001,67.06
2026-02-06 06:00:00,STATION_001,54.69
2026-02-06 07:00:00,STATION_001,77.14
2026-02-06 08:00:00,STATION_001,80.94
2026-02-06 09:00:00,STATION_001,87.95
2026-02-06 10:00:00,STATION_001,75.97
2026-02-06 11:00:00,STATION_001,73.23
2026-02-06 12:00:00,STATION_001,75.84
2026-02-06 13:00:00,STATION_001,81.59
2026-02-06 14:00:00,STATION_001,81.59
2026-02-06 15:00:00,STATION_001,74.41
2026-02-06 16:00:00,STATION_001,81.48
2026-02-06 17:00:00,STATION_001,74.89
2026-02-06 18:00:00,STATION_001,79.2
2026-02-06 19:00:00,STATION_001,100.0
2026-02-06 20:00:00,STATION_001,100.0
2026-02-06 21:00:00,STATION_001,73.39
2026-02-06 22:00:00,STATION_001,79.99
2026-02-06 23:00:00,STATION_001,57.84
2026-02-07 00:00:00,STATION_001,50.48
2026-02-07 01:00:00,STATION_001,56.62
2026-02-07 02:00:00,STATION_001,52.68
2026-02-07 03:00:00,STATION_001,56.01
2026-02-07 04:00:00,STATION_001,57.93
2026-02-07 05:00:00,STATION_001,52.63
2026-02-07 06:00:00,STATION_001,55.63
2026-02-07 07:00:00,STATION_001,79.69
2026-02-07 08:00:00,STATION_001,72.57
2026-02-07 09:00:00,STATION_001,70.9
2026-02-07 10:00:00,STATION_001,73.17
2026-02-07 11:00:00,STATION_001,75.55
2026-02-07 12:00:00,STATION_001,73.36
2026-02-07 13:00:00,STATION_001,100.0
2026-02-07 14:00:00,STATION_001,70.7
2026-02-07 15:00:00,STATION_001,75.5
2026-02-07 17:00:00,STATION_001,96.39
2026-02-07 18:00:00,STATION_001,73.55
2026-02-07 19:00:00,STATION_001,67.82
2026-02-07 20:00:00,STATION_001,73.69
2026-02-07 21:00:00,STATION_001,100.0
2026-02-07 22:00:00,STATION_001,74.44
2026-02-07 23:00:00,STATION_001,52.37
2026-02-08 00:00:00,STATION_001,56.7
2026-02-08 01:00:00,STATION_001,51.77
2026-02-08 02:00:00,STATION_001,78.53
2026-02-08 04:00:00,STATION_001,49.73
2026-02-08 05:00:00,STATION_001,49.66
2026-02-08 06:00:00,STATION_001,90.68
2026-02-08 08:00:00,STATION_001,73.67
2026-02-08 09:00:00,STATION_001,95.5
2026-02-08 10:00:00,STATION_001,70.35
2026-02-08 11:00:00,STATION_001,100.0
2026-02-08 12:00:00,STATION_001,71.33
2026-02-08 13:00:00,STATION_001,73.21
2026-02-08 14:00:00,STATION_001,73.27
2026-02-08 15:00:00,STATION_001,83.44
2026-02-08 16:00:00,STATION_001,77.37
2026-02-08 17:00:00,STATION_001,68.24
2026-02-08 18:00:00,STATION_001,80.53
2026-02-08 19:00:00,STATION_001,64.43
2026-02-08 20:00:00,STATION_001,64.93
2026-02-08 21:00:00,STATION_001,73.91
2026-02-08 22:00:00,STATION_001,100.0
2026-02-08 23:00:00,STATION_001,54.12
2026-02-09 00:00:00,STATION_001,60.22
2026-02-09 01:00:00,STATION_001,68.48
2026-02-09 02:00:00,STATION_001,81.62
2026-02-09 03:00:00,STATION_001,71.06
2026-02-09 04:00:00,STATION_001,52.97
2026-02-09 05:00:00,STATION_001,59.58
2026-02-09 06:00:00,STATION_001,60.41
2026-02-09 07:00:00,STATION_001,87.83
2026-02-09 08:00:00,STATION_001,80.42
2026-02-09 09:00:00,STATION_001,72.11
2026-02-09 10:00:00,STATION_001,76.89
2026-02-09 11:00:00,STATION_001,74.1
2026-02-09 12:00:00,STATION_001,100.0
2026-02-09 13:00:00,STATION_001,71.02
2026-02-09 14:00:00,STATION_001,84.51
2026-02-09 15:00:00,STATION_001,74.7
2026-02-09 16:00:00,STATION_001,92.23
2026-02-09 17:00:00,STATION_001,65.71
2026-02-09 18:00:00,STATION_001,78.86
2026-02-09 19:00:00,STATION_001,82.66
2026-02-09 20:00:00,STATION_001,75.72
2026-02-09 21:00:00,STATION_001,71.93
2026-02-09 22:00:00,STATION_001,90.0
2026-02-09 23:00:00,STATION_001,82.69
2026-02-10 00:00:00,STATION_001,62.56
2026-02-10 01:00:00,STATION_001,59.16
2026-02-10 02:00:00,STATION_001,65.88
2026-02-10 03:00:00,STATION_001,80.87
2026-02-10 04:00:00,STATION_001,64.77
2026-02-10 05:00:00,STATION_001,61.44
2026-02-10 06:00:00,STATION_001,93.83
2026-02-10 07:00:00,STATION_001,91.45
2026-02-10 08:00:00,STATION_001,74.36
2026-02-10 09:00:00,STATION_001,65.59
2026-02-10 10:00:00,STATION_001,87.05
2026-02-10 11:00:00,STATION_001,78.66
2026-02-10 12:00:00,STATION_001,77.35
2026-02-10 13:00:00,STATION_001,79.23
2026-02-10 14:00:00,STATION_001,70.28
2026-02-10 15:00:00,STATION_001,69.53
2026-02-10 16:00:00,STATION_001,77.64
2026-02-10 17:00:00,STATION_001,77.44
2026-02-10 18:00:00,STATION_001,65.9
2026-02-10 19:00:00,STATION_001,71.53
2026-02-10 20:00:00,STATION_001,82.93
2026-02-10 21:00:00,STATION_001,78.9
2026-02-10 22:00:00,STATION_001,73.73
2026-02-10 23:00:00,STATION_001,87.28
2026-02-11 00:00:00,STATION_001,66.55
2026-02-11 01:00:00,STATION_001,66.98
2026-02-11 02:00:00,STATION_001,91.7
2026-02-11 03:00:00,STATION_001,54.08
2026-02-11 04:00:00,STATION_001,69.46
2026-02-11 05:00:00,STATION_001,84.97
2026-02-11 06:00:00,STATION_001,87.07
2026-02-11 07:00:00,STATION_001,97.51
2026-02-11 08:00:00,STATION_001,73.71
2026-02-11 09:00:00,STATION_001,82.99
2026-02-11 10:00:00,STATION_001,78.48
2026-02-11 11:00:00,STATION_001,73.33
2026-02-11 12:00:00,STATION_001,74.46
2026-02-11 13:00:00,STATION_001,77.24
2026-02-11 14:00:00,STATION_001,69.03
2026-02-11 15:00:00,STATION_001,75.71
2026-02-11 17:00:00,STATION_001,77.5
2026-02-11 18:00:00,STATION_001,71.06
2026-02-11 19:00:00,STATION_001,97.03
2026-02-11 20:00:00,STATION_001,75.31
2026-02-11 21:00:00,STATION_001,77.47
2026-02-11 22:00:00,STATION_001,74.14
2026-02-11 23:00:00,STATION_001,54.46
2026-02-12 00:00:00,STATION_001,61.46
2026-02-12 01:00:00,STATION_001,64.5
2026-02-12 02:00:00,STATION_001,57.76
2026-02-12 03:00:00,STATION_001,80.75
2026-02-12 04:00:00,STATION_001,61.27
2026-02-12 05:00:00,STATION_001,62.34
2026-02-12 06:00:00,STATION_001,61.54
2026-02-12 07:00:00,STATION_001,100.0
2026-02-12 08:00:00,STATION_001,74.38
2026-02-12 09:00:00,STATION_001,69.14
2026-02-12 10:00:00,STATION_001,76.28
2026-02-12 11:00:00,STATION_001,80.23
2026-02-12 12:00:00,STATION_001,78.2
2026-02-12 13:00:00,STATION_001,71.37
2026-02-12 14:00:00,STATION_001,88.58
2026-02-12 15:00:00,STATION_001,73.65
2026-02-12 16:00:00,STATION_001,80.97
2026-02-12 17:00:00,STATION_001,73.32
2026-02-12 18:00:00,STATION_001,80.83
2026-02-12 19:00:00,STATION_001,73.98
2026-02-12 20:00:00,STATION_001,100.0
2026-02-12 21:00:00,STATION_001,60.3
2026-02-12 22:00:00,STATION_001,74.91
2026-02-12 23:00:00,STATION_001,58.06
2026-02-13 00:00:00,STATION_001,56.14
2026-02-13 01:00:00,STATION_001,62.04
2026-02-13 02:00:00,STATION_001,56.87
2026-02-13 03:00:00,STATION_001,64.31
2026-02-13 04:00:00,STATION_001,64.77
2026-02-13 05:00:00,STATION_001,62.57
2026-02-13 06:00:00,STATION_001,93.64
2026-02-13 07:00:00,STATION_001,100.0
2026-02-13 08:00:00,STATION_001,80.94
2026-02-13 09:00:00,STATION_001,78.54
2026-02-13 10:00:00,STATION_001,74.87
2026-02-13 11:00:00,STATION_001,96.7
2026-02-13 12:00:00,STATION_001,74.04
2026-02-13 13:00:00,STATION_001,100.0
2026-02-13 14:00:00,STATION_001,65.53
2026-02-13 15:00:00,STATION_001,100.0
2026-02-13 16:00:00,STATION_001,74.1
2026-02-13 17:00:00,STATION_001,100.0
2026-02-13 18:00:00,STATION_001,71.15
2026-02-13 19:00:00,STATION_001,70.3
2026-02-13 20:00:00,STATION_001,79.15
2026-02-13 21:00:00,STATION_001,74.03
2026-02-13 22:00:00,STATION_001,78.18
2026-02-13 23:00:00,STATION_001,53.8
2026-02-14 00:00:00,STATION_001,61.8
2026-02-14 01:00:00,STATION_001,81.79
2026-02-14 02:00:00,STATION_001,65.94
2026-02-14 03:00:00,STATION_001,48.55
2026-02-14 04:00:00,STATION_001,89.27
2026-02-14 06:00:00,STATION_001,60.3
2026-02-14 07:00:00,STATION_001,100.0
2026-02-14 08:00:00,STATION_001,60.83
2026-02-14 09:00:00,STATION_001,99.3
2026-02-14 10:00:00,STATION_001,98.1
2026-02-14 11:00:00,STATION_001,70.08
2026-02-14 12:00:00,STATION_001,65.71
2026-02-14 13:00:00,STATION_001,100.0
2026-02-14 14:00:00,STATION_001,67.62
2026-02-14 15:00:00,STATION_001,74.37
2026-02-14 16:00:00,STATION_001,74.25
2026-02-14 17:00:00,STATION_001,69.31
2026-02-14 18:00:00,STATION_001,71.33
2026-02-14 19:00:00,STATION_001,67.09
2026-02-14 20:00:00,STATION_001,77.11
2026-02-14 21:00:00,STATION_001,97.14
2026-02-14 22:00:00,STATION_001,70.96
2026-02-14 23:00:00,STATION_001,55.34
2026-02-15 00:00:00,STATION_001,49.72
2026-02-15 01:00:00,STATION_001,92.02
2026-02-15 02:00:00,STATION_001,54.3
2026-02-15 03:00:00,STATION_001,52.75
2026-02-15 04:00:00,STATION_001,47.78
2026-02-15 05:00:00,STATION_001,43.52
2026-02-15 06:00:00,STATION_001,52.46
2026-02-15 07:00:00,STATION_001,69.26
2026-02-15 08:00:00,STATION_001,71.63
2026-02-15 09:00:00,STATION_001,71.5
2026-02-15 10:00:00,STATION_001,75.2
2026-02-15 11:00:00,STATION_001,69.62
2026-02-15 12:00:00,STATION_001,62.23
2026-02-15 13:00:00,STATION_001,100.0
2026-02-15 15:00:00,STATION_001,63.16
2026-02-15 16:00:00,STATION_001,70.96
2026-02-15 17:00:00,STATION_001,69.26
2026-02-15 18:00:00,STATION_001,61.28
2026-02-15 19:00:00,STATION_001,70.6
2026-02-15 20:00:00,STATION_001,94.54
2026-02-15 21:00:00,STATION_001,65.03
2026-02-15 22:00:00,STATION_001,82.06
2026-02-15 23:00:00,STATION_001,85.88
2026-02-16 00:00:00,STATION_001,70.09
2026-02-16 01:00:00,STATION_001,61.08
2026-02-16 02:00:00,STATION_001,60.6
2026-02-16 03:00:00,STATION_001,67.74
2026-02-16 04:00:00,STATION_001,83.62
2026-02-16 05:00:00,STATION_001,86.94
2026-02-16 06:00:00,STATION_001,84.91
2026-02-16 07:00:00,STATION_001,82.75
2026-02-16 08:00:00,STATION_001,75.82
2026-02-16 09:00:00,STATION_001,75.25
2026-02-16 10:00:00,STATION_001,100.0
2026-02-16 11:00:00,STATION_001,78.38
2026-02-16 12:00:00,STATION_001,73.02
2026-02-16 13:00:00,STATION_001,74.1
2026-02-16 14:00:00,STATION_001,83.36
2026-02-16 15:00:00,STATION_001,74.46
2026-02-16 16:00:00,STATION_001,100.0
2026-02-16 17:00:00,STATION_001,76.15
2026-02-16 18:00:00,STATION_001,97.17
2026-02-16 19:00:00,STATION_001,100.0
2026-02-16 20:00:00,STATION_001,69.44
2026-02-16 21:00:00,STATION_001,76.23
2026-02-16 22:00:00,STATION_001,82.9
2026-02-16 23:00:00,STATION_001,54.92
2026-02-17 00:00:00,STATION_001,58.83
2026-02-17 01:00:00,STATION_001,62.33
2026-02-17 02:00:00,STATION_001,58.4
2026-02-17 03:00:00,STATION_001,80.88
2026-02-17 04:00:00,STATION_001,54.55
2026-02-17 05:00:00,STATION_001,59.22
2026-02-17 06:00:00,STATION_001,60.02
2026-02-17 07:00:00,STATION_001,66.87
2026-02-17 08:00:00,STATION_001,98.22
2026-02-17 09:00:00,STATION_001,81.86
2026-02-17 10:00:00,STATION_001,67.88
2026-02-17 11:00:00,STATION_001,100.0
2026-02-17 12:00:00,STATION_001,77.24
2026-02-17 13:00:00,STATION_001,76.86
2026-02-17 14:00:00,STATION_001,75.24
2026-02-17 15:00:00,STATION_001,76.66
2026-02-17 16:00:00,STATION_001,71.42
2026-02-17 17:00:00,STATION_001,75.79
2026-02-17 18:00:00,STATION_001,77.74
2026-02-17 19:00:00,STATION_001,72.09
2026-02-17 20:00:00,STATION_001,75.13
2026-02-17 21:00:00,STATION_001,77.86
2026-02-17 22:00:00,STATION_001,74.58
2026-02-17 23:00:00,STATION_001,53.78
2026-02-18 00:00:00,STATION_001,66.96
2026-02-18 01:00:00,STATION_001,65.88
2026-02-18 02:00:00,STATION_001,59.97
2026-02-18 03:00:00,STATION_001,87.95
2026-02-18 04:00:00,STATION_001,53.75
2026-02-18 05:00:00,STATION_001,63.02
2026-02-18 06:00:00,STATION_001,57.65
2026-02-18 07:00:00,STATION_001,76.33
2026-02-18 08:00:00,STATION_001,98.23
2026-02-18 09:00:00,STATION_001,76.69
2026-02-18 10:00:00,STATION_001,68.28
2026-02-18 11:00:00,STATION_001,66.98
2026-02-18 12:00:00,STATION_001,75.5
2026-02-18 13:00:00,STATION_001,77.94
2026-02-18 14:00:00,STATION_001,77.03
2026-02-18 15:00:00,STATION_001,67.1
2026-02-18 16:00:00,STATION_001,71.45
2026-02-18 17:00:00,STATION_001,72.01
2026-02-18 18:00:00,STATION_001,100.0
2026-02-18 19:00:00,STATION_001,78.43
2026-02-18 20:00:00,STATION_001,84.88
2026-02-18 21:00:00,STATION_001,67.18
2026-02-18 22:00:00,STATION_001,70.51
2026-02-18 23:00:00,STATION_001,53.35
2026-02-19 00:00:00,STATION_001,59.05
2026-02-19 01:00:00,STATION_001,64.61
2026-02-19 02:00:00,STATION_001,52.74
2026-02-19 03:00:00,STATION_001,59.94
2026-02-19 05:00:00,STATION_001,57.9
2026-02-19 06:00:00,STATION_001,81.09
2026-02-19 07:00:00,STATION_001,78.55
2026-02-19 08:00:00,STATION_001,72.61
2026-02-19 09:00:00,STATION_001,79.79
2026-02-19 10:00:00,STATION_001,70.24
2026-02-19 11:00:00,STATION_001,77.11
2026-02-19 12:00:00,STATION_001,72.14
2026-02-19 13:00:00,STATION_001,88.58
2026-02-19 14:00:00,STATION_001,71.62
2026-02-19 15:00:00,STATION_001,75.17
2026-02-19 16:00:00,STATION_001,69.56
2026-02-19 17:00:00,STATION_001,69.57
2026-02-19 18:00:00,STATION_001,100.0
2026-02-19 19:00:00,STATION_001,79.1
2026-02-19 20:00:00,STATION_001,69.69
2026-02-19 21:00:00,STATION_001,69.01
2026-02-19 22:00:00,STATION_001,72.7
2026-02-19 23:00:00,STATION_001,54.32
2026-02-20 00:00:00,STATION_001,67.3
2026-02-20 01:00:00,STATION_001,51.4
2026-02-20 02:00:00,STATION_001,84.02
2026-02-20 04:00:00,STATION_001,63.25
2026-02-20 05:00:00,STATION_001,52.48
2026-02-20 06:00:00,STATION_001,58.08
2026-02-20 07:00:00,STATION_001,76.25
2026-02-20 08:00:00,STATION_001,78.03
2026-02-20 09:00:00,STATION_001,74.08
2026-02-20 10:00:00,STATION_001,73.4
2026-02-20 11:00:00,STATION_001,83.98
2026-02-20 12:00:00,STATION_001,78.33
2026-02-20 13:00:00,STATION_001,77.11
2026-02-20 14:00:00,STATION_001,72.21
2026-02-20 15:00:00,STATION_001,69.5
2026-02-20 16:00:00,STATION_001,77.2
2026-02-20 17:00:00,STATION_001,78.89
2026-02-20 18:00:00,STATION_001,74.97
2026-02-20 19:00:00,STATION_001,78.34
2026-02-20 20:00:00,STATION_001,78.48
2026-02-20 21:00:00,STATION_001,79.25
2026-02-20 22:00:00,STATION_001,100.0
2026-02-20 23:00:00,STATION_001,62.27
2026-02-21 00:00:00,STATION_001,55.97
2026-02-21 01:00:00,STATION_001,61.6
2026-02-21 02:00:00,STATION_001,86.07
2026-02-21 03:00:00,STATION_001,57.1
2026-02-21 04:00:00,STATION_001,44.23
2026-02-21 05:00:00,STATION_001,93.47
2026-02-21 06:00:00,STATION_001,49.41
2026-02-21 07:00:00,STATION_001,64.94
2026-02-21 08:00:00,STATION_001,66.75
2026-02-21 09:00:00,STATION_001,73.86
2026-02-21 10:00:00,STATION_001,70.35
2026-02-21 11:00:00,STATION_001,66.8
2026-02-21 12:00:00,STATION_001,76.25
2026-02-21 13:00:00,STATION_001,62.42
2026-02-21 14:00:00,STATION_001,66.57
2026-02-21 15:00:00,STATION_001,69.24
2026-02-21 16:00:00,STATION_001,79.07
2026-02-21 17:00:00,STATION_001,66.71
2026-02-21 18:00:00,STATION_001,96.41
2026-02-21 19:00:00,STATION_001,72.51
2026-02-21 21:00:00,STATION_001,63.37
2026-02-21 22:00:00,STATION_001,91.63
2026-02-21 23:00:00,STATION_001,46.66
2026-02-22 00:00:00,STATION_001,81.63
2026-02-22 01:00:00,STATION_001,50.38
2026-02-22 02:00:00,STATION_001,45.77
2026-02-22 03:00:00,STATION_001,50.35
2026-02-22 04:00:00,STATION_001,54.58
2026-02-22 05:00:00,STATION_001,47.75
2026-02-22 06:00:00,STATION_001,56.04
2026-02-22 07:00:00,STATION_001,70.35
2026-02-22 08:00:00,STATION_001,90.72
2026-02-22 09:00:00,STATION_001,99.91
2026-02-22 10:00:00,STATION_001,63.5
2026-02-22 11:00:00,STATION_001,100.0
2026-02-22 12:00:00,STATION_001,75.95
2026-02-22 13:00:00,STATION_001,75.07
2026-02-22 14:00:00,STATION_001,73.28
2026-02-22 15:00:00,STATION_001,62.32
2026-02-22 16:00:00,STATION_001,68.93
2026-02-22 17:00:00,STATION_001,71.38
2026-02-22 18:00:00,STATION_001,65.68
2026-02-22 19:00:00,STATION_001,100.0
2026-02-22 20:00:00,STATION_001,72.86
2026-02-22 21:00:00,STATION_001,69.69
2026-02-22 22:00:00,STATION_001,72.82
2026-02-22 23:00:00,STATION_001,49.9
2026-02-23 00:00:00,STATION_001,75.8
2026-02-23 01:00:00,STATION_001,59.3
2026-02-23 02:00:00,STATION_001,51.97
2026-02-23 03:00:00,STATION_001,57.8
2026-02-23 04:00:00,STATION_001,60.08
2026-02-23 05:00:00,STATION_001,59.57
2026-02-23 06:00:00,STATION_001,64.04
2026-02-23 07:00:00,STATION_001,93.12
2026-02-23 08:00:00,STATION_001,71.08
2026-02-23 09:00:00,STATION_001,71.55
2026-02-23 10:00:00,STATION_001,74.66
2026-02-23 11:00:00,STATION_001,71.42
2026-02-23 12:00:00,STATION_001,72.1
2026-02-23 13:00:00,STATION_001,76.2
2026-02-23 14:00:00,STATION_001,77.5
2026-02-23 15:00:00,STATION_001,77.36
2026-02-23 16:00:00,STATION_001,77.41
2026-02-23 17:00:00,STATION_001,68.81
2026-02-23 18:00:00,STATION_001,71.18
2026-02-23 19:00:00,STATION_001,75.19
2026-02-23 20:00:00,STATION_001,80.36
2026-02-23 21:00:00,STATION_001,86.82
2026-02-23 22:00:00,STATION_001,76.52
2026-02-23 23:00:00,STATION_001,63.61
2026-02-24 00:00:00,STATION_001,53.31
2026-02-24 01:00:00,STATION_001,63.46
2026-02-24 02:00:00,STATION_001,69.96
2026-02-24 03:00:00,STATION_001,56.17
2026-02-24 04:00:00,STATION_001,89.98
2026-02-24 05:00:00,STATION_001,75.65
2026-02-24 06:00:00,STATION_001,59.93
2026-02-24 07:00:00,STATION_001,71.55
2026-02-24 08:00:00,STATION_001,100.0
2026-02-24 10:00:00,STATION_001,77.71
2026-02-24 11:00:00,STATION_001,69.81
2026-02-24 12:00:00,STATION_001,71.53
2026-02-24 13:00:00,STATION_001,76.65
2026-02-24 14:00:00,STATION_001,75.5
2026-02-24 15:00:00,STATION_001,66.7
2026-02-24 16:00:00,STATION_001,80.24
2026-02-24 17:00:00,STATION_001,72.67
2026-02-24 18:00:00,STATION_001,69.27
2026-02-24 19:00:00,STATION_001,68.18
2026-02-24 20:00:00,STATION_001,80.32
2026-02-24 21:00:00,STATION_001,64.3
2026-02-24 22:00:00,STATION_001,77.09
2026-02-24 23:00:00,STATION_001,64.23
2026-02-25 00:00:00,STATION_001,58.05
2026-02-25 01:00:00,STATION_001,67.95
2026-02-25 02:00:00,STATION_001,55.06
2026-02-25 03:00:00,STATION_001,62.67
2026-02-25 04:00:00,STATION_001,60.56
2026-02-25 05:00:00,STATION_001,68.72
2026-02-25 06:00:00,STATION_001,76.74
2026-02-25 07:00:00,STATION_001,92.04
2026-02-25 08:00:00,STATION_001,67.91
2026-02-25 09:00:00,STATION_001,100.0
2026-02-25 10:00:00,STATION_001,80.11
2026-02-25 11:00:00,STATION_001,85.44
2026-02-25 12:00:00,STATION_001,84.35
2026-02-25 13:00:00,STATION_001,76.95
2026-02-25 14:00:00,STATION_001,61.82
2026-02-25 15:00:00,STATION_001,75.02
2026-02-25 16:00:00,STATION_001,69.93
2026-02-25 17:00:00,STATION_001,75.43
2026-02-25 18:00:00,STATION_001,100.0
2026-02-25 19:00:00,STATION_001,70.97
2026-02-25 20:00:00,STATION_001,74.34
2026-02-25 21:00:00,STATION_001,75.88
2026-02-25 22:00:00,STATION_001,74.77
2026-02-25 23:00:00,STATION_001,56.18
2026-02-26 00:00:00,STATION_001,54.52
2026-02-26 01:00:00,STATION_001,95.04
2026-02-26 02:00:00,STATION_001,61.86
2026-02-26 03:00:00,STATION_001,61.95
2026-02-26 04:00:00,STATION_001,65.48
2026-02-26 05:00:00,STATION_001,56.87
2026-02-26 06:00:00,STATION_001,56.0
2026-02-26 07:00:00,STATION_001,74.68
2026-02-26 08:00:00,STATION_001,74.79
2026-02-26 09:00:00,STATION_001,100.0
2026-02-26 10:00:00,STATION_001,77.48
2026-02-26 11:00:00,STATION_001,100.0
2026-02-26 12:00:00,STATION_001,99.16
2026-02-26 13:00:00,STATION_001,81.73
2026-02-26 14:00:00,STATION_001,69.61
2026-02-26 15:00:00,STATION_001,71.56
2026-02-26 16:00:00,STATION_001,74.07
2026-02-26 17:00:00,STATION_001,71.91
2026-02-26 18:00:00,STATION_001,81.45
2026-02-26 19:00:00,STATION_001,100.0
2026-02-26 20:00:00,STATION_001,73.99
2026-02-26 21:00:00,STATION_001,74.97
2026-02-26 22:00:00,STATION_001,71.33
2026-02-26 23:00:00,STATION_001,60.41
2026-02-27 00:00:00,STATION_001,63.52
2026-02-27 01:00:00,STATION_001,63.95
2026-02-27 02:00:00,STATION_001,62.05
2026-02-27 03:00:00,STATION_001,55.69
2026-02-27 04:00:00,STATION_001,57.78
2026-02-27 05:00:00,STATION_001,57.6
2026-02-27 06:00:00,STATION_001,60.99
2026-02-27 07:00:00,STATION_001,76.56
2026-02-27 08:00:00,STATION_001,75.95
2026-02-27 09:00:00,STATION_001,79.71
2026-02-27 10:00:00,STATION_001,84.05
2026-02-27 11:00:00,STATION_001,73.91
2026-02-27 12:00:00,STATION_001,69.55
2026-02-27 13:00:00,STATION_001,71.08
2026-02-27 14:00:00,STATION_001,75.08
2026-02-27 15:00:00,STATION_001,79.51
2026-02-27 16:00:00,STATION_001,100.0
2026-02-27 17:00:00,STATION_001,72.9
2026-02-27 18:00:00,STATION_001,79.63
2026-02-27 19:00:00,STATION_001,69.51
2026-02-27 20:00:00,STATION_001,67.89
2026-02-27 21:00:00,STATION_001,80.53
2026-02-27 22:00:00,STATION_001,69.93
2026-02-27 23:00:00,STATION_001,63.51
2026-02-28 00:00:00,STATION_001,60.22
2026-02-28 01:00:00,STATION_001,57.69
2026-02-28 02:00:00,STATION_001,50.25
2026-02-28 03:00:00,STATION_001,62.17
2026-02-28 04:00:00,STATION_001,80.64
2026-02-28 05:00:00,STATION_001,77.18
2026-02-28 06:00:00,STATION_001,58.35
2026-02-28 07:00:00,STATION_001,68.54
2026-02-28 08:00:00,STATION_001,67.65
2026-02-28 09:00:00,STATION_001,73.22
2026-02-28 10:00:00,STATION_001,95.21
2026-02-28 11:00:00,STATION_001,73.06
2026-02-28 12:00:00,STATION_001,64.92
2026-02-28 13:00:00,STATION_001,94.19
2026-02-28 14:00:00,STATION_001,60.94
2026-02-28 15:00:00,STATION_001,73.2
2026-02-28 16:00:00,STATION_001,76.67
2026-02-28 17:00:00,STATION_001,100.0
2026-02-28 18:00:00,STATION_001,80.06
2026-02-28 19:00:00,STATION_001,75.12
2026-02-28 20:00:00,STATION_001,70.72
2026-02-28 21:00:00,STATION_001,70.12
2026-02-28 22:00:00,STATION_001,65.91
2026-02-28 23:00:00,STATION_001,62.66
2026-03-01 00:00:00,STATION_001,56.84
2026-03-01 01:00:00,STATION_001,44.5
2026-03-01 02:00:00,STATION_001,58.13
2026-03-01 03:00:00,STATION_001,59.43
2026-03-01 04:00:00,STATION_001,87.77
2026-03-01 05:00:00,STATION_001,60.86
2026-03-01 06:00:00,STATION_001,55.01
2026-03-01 07:00:00,STATION_001,63.62
2026-03-01 08:00:00,STATION_001,63.44
2026-03-01 09:00:00,STATION_001,74.34
2026-03-01 10:00:00,STATION_001,63.97
2026-03-01 11:00:00,STATION_001,71.87
2026-03-01 12:00:00,STATION_001,74.76
2026-03-01 13:00:00,STATION_001,72.37
2026-03-01 14:00:00,STATION_001,100.0
2026-03-01 15:00:00,STATION_001,74.27
2026-03-01 16:00:00,STATION_001,70.22
2026-03-01 17:00:00,STATION_001,72.79
2026-03-01 18:00:00,STATION_001,71.21
2026-03-01 19:00:00,STATION_001,64.24
2026-03-01 20:00:00,STATION_001,78.78
2026-03-01 21:00:00,STATION_001,77.87
2026-03-01 22:00:00,STATION_001,86.44
2026-03-01 23:00:00,STATION_001,54.25
2026-03-02 00:00:00,STATION_001,61.66
2026-03-02 01:00:00,STATION_001,64.0
2026-03-02 02:00:00,STATION_001,59.17
2026-03-02 03:00:00,STATION_001,61.06
2026-03-02 04:00:00,STATION_001,61.44
2026-03-02 05:00:00,STATION_001,60.37
2026-03-02 06:00:00,STATION_001,59.09
2026-03-02 07:00:00,STATION_001,100.0
2026-03-02 08:00:00,STATION_001,73.97
2026-03-02 09:00:00,STATION_001,94.43
2026-03-02 10:00:00,STATION_001,66.35
2026-03-02 11:00:00,STATION_001,96.36
2026-03-02 12:00:00,STATION_001,100.0
2026-03-02 13:00:00,STATION_001,72.69
2026-03-02 14:00:00,STATION_001,69.93
2026-03-02 15:00:00,STATION_001,95.04
2026-03-02 16:00:00,STATION_001,72.72
2026-03-02 17:00:00,STATION_001,75.91
2026-03-02 18:00:00,STATION_001,72.94
2026-03-02 19:00:00,STATION_001,70.37
2026-03-02 20:00:00,STATION_001,74.84
2026-03-02 21:00:00,STATION_001,70.76
2026-03-02 22:00:00,STATION_001,73.2
2026-03-02 23:00:00,STATION_001,61.51
2026-03-03 00:00:00,STATION_001,61.75
2026-03-03 01:00:00,STATION_001,54.98
2026-03-03 02:00:00,STATION_001,59.6
2026-03-03 03:00:00,STATION_001,55.83
2026-03-03 04:00:00,STATION_001,59.42
2026-03-03 05:00:00,STATION_001,56.82
2026-03-03 06:00:00,STATION_001,69.16
2026-03-03 07:00:00,STATION_001,79.07
2026-03-03 08:00:00,STATION_001,76.97
2026-03-03 09:00:00,STATION_001,65.36
2026-03-03 10:00:00,STATION_001,73.61
2026-03-03 11:00:00,STATION_001,79.23
2026-03-03 12:00:00,STATION_001,74.74
2026-03-03 13:00:00,STATION_001,83.52
2026-03-03 14:00:00,STATION_001,79.76
2026-03-03 15:00:00,STATION_001,73.17
2026-03-03 16:00:00,STATION_001,82.81
2026-03-03 17:00:00,STATION_001,96.58
2026-03-03 18:00:00,STATION_001,76.31
2026-03-03 19:00:00,STATION_001,68.72
2026-03-03 20:00:00,STATION_001,68.83
2026-03-03 21:00:00,STATION_001,78.3
2026-03-03 22:00:00,STATION_001,70.54
2026-03-03 23:00:00,STATION_001,62.01
2026-03-04 00:00:00,STATION_001,55.46
2026-03-04 01:00:00,STATION_001,56.42
2026-03-04 02:00:00,STATION_001,61.9
2026-03-04 03:00:00,STATION_001,59.05
2026-03-04 04:00:00,STATION_001,58.25
2026-03-04 05:00:00,STATION_001,55.02
2026-03-04 06:00:00,STATION_001,60.58
2026-03-04 07:00:00,STATION_001,70.78
2026-03-04 08:00:00,STATION_001,77.6
2026-03-04 09:00:00,STATION_001,70.11
2026-03-04 10:00:00,STATION_001,73.2
2026-03-04 11:00:00,STATION_001,77.69
2026-03-04 12:00:00,STATION_001,100.0
2026-03-04 13:00:00,STATION_001,81.14
2026-03-04 14:00:00,STATION_001,64.56
2026-03-04 15:00:00,STATION_001,99.37
2026-03-04 16:00:00,STATION_001,71.72
2026-03-04 17:00:00,STATION_001,71.34
2026-03-04 18:00:00,STATION_001,82.96
2026-03-04 19:00:00,STATION_001,73.97
2026-03-04 20:00:00,STATION_001,84.7
2026-03-04 21:00:00,STATION_001,67.99
2026-03-04 22:00:00,STATION_001,80.86
2026-03-04 23:00:00,STATION_001,58.17
2026-03-05 00:00:00,STATION_001,83.77
2026-03-05 01:00:00,STATION_001,49.35
2026-03-05 02:00:00,STATION_001,62.54
2026-03-05 03:00:00,STATION_001,100.0
2026-03-05 04:00:00,STATION_001,66.0
2026-03-05 05:00:00,STATION_001,58.91
2026-03-05 06:00:00,STATION_001,83.89
2026-03-05 08:00:00,STATION_001,72.92
2026-03-05 09:00:00,STATION_001,69.35
2026-03-05 10:00:00,STATION_001,72.32
2026-03-05 11:00:00,STATION_001,76.79
2026-03-05 12:00:00,STATION_001,78.43
2026-03-05 13:00:00,STATION_001,84.24
2026-03-05 14:00:00,STATION_001,75.49
2026-03-05 15:00:00,STATION_001,81.48
2026-03-05 16:00:00,STATION_001,74.03
2026-03-05 17:00:00,STATION_001,74.68
2026-03-05 18:00:00,STATION_001,74.42
2026-03-05 19:00:00,STATION_001,76.07
2026-03-05 20:00:00,STATION_001,79.35
2026-03-05 21:00:00,STATION_001,72.72
2026-03-05 22:00:00,STATION_001,70.55
2026-03-05 23:00:00,STATION_001,64.78
2026-03-06 00:00:00,STATION_001,64.38
2026-03-06 01:00:00,STATION_001,67.36
2026-03-06 02:00:00,STATION_001,56.98
2026-03-06 03:00:00,STATION_001,58.85
2026-03-06 04:00:00,STATION_001,64.98
2026-03-06 05:00:00,STATION_001,57.67
2026-03-06 06:00:00,STATION_001,63.2
2026-03-06 07:00:00,STATION_001,95.43
2026-03-06 08:00:00,STATION_001,69.52
2026-03-06 09:00:00,STATION_001,76.49
2026-03-06 10:00:00,STATION_001,66.75
2026-03-06 12:00:00,STATION_001,79.12
2026-03-06 13:00:00,STATION_001,79.08
2026-03-06 14:00:00,STATION_001,77.83
2026-03-06 15:00:00,STATION_001,98.6
2026-03-06 16:00:00,STATION_001,70.26
2026-03-06 17:00:00,STATION_001,83.74
2026-03-06 18:00:00,STATION_001,80.68
2026-03-06 19:00:00,STATION_001,69.47
2026-03-06 20:00:00,STATION_001,72.36
2026-03-06 21:00:00,STATION_001,69.72
2026-03-06 22:00:00,STATION_001,76.76
2026-03-06 23:00:00,STATION_001,57.15
2026-03-07 00:00:00,STATION_001,45.44
2026-03-07 01:00:00,STATION_001,54.66
2026-03-07 02:00:00,STATION_001,59.56
2026-03-07 03:00:00,STATION_001,55.53
2026-03-07 04:00:00,STATION_001,57.72
2026-03-07 05:00:00,STATION_001,56.0
2026-03-07 06:00:00,STATION_001,58.66
2026-03-07 07:00:00,STATION_001,71.44
2026-03-07 08:00:00,STATION_001,69.39
2026-03-07 09:00:00,STATION_001,70.47
2026-03-07 10:00:00,STATION_001,77.58
2026-03-07 11:00:00,STATION_001,100.0
2026-03-07 12:00:00,STATION_001,61.28
2026-03-07 13:00:00,STATION_001,72.91
2026-03-07 14:00:00,STATION_001,69.67
2026-03-07 15:00:00,STATION_001,72.25
2026-03-07 16:00:00,STATION_001,88.72
2026-03-07 17:00:00,STATION_001,79.44
2026-03-07 18:00:00,STATION_001,72.43
2026-03-07 19:00:00,STATION_001,62.26
2026-03-07 20:00:00,STATION_001,69.53
2026-03-07 21:00:00,STATION_001,76.63
2026-03-07 22:00:00,STATION_001,67.08
2026-03-07 23:00:00,STATION_001,60.19
2026-03-08 00:00:00,STATION_001,88.17
2026-03-08 01:00:00,STATION_001,54.68
2026-03-08 02:00:00,STATION_001,57.42
2026-03-08 03:00:00,STATION_001,57.31
2026-03-08 04:00:00,STATION_001,57.05
2026-03-08 05:00:00,STATION_001,88.07
2026-03-08 06:00:00,STATION_001,52.45
2026-03-08 07:00:00,STATION_001,70.17
2026-03-08 08:00:00,STATION_001,72.27
2026-03-08 09:00:00,STATION_001,65.09
2026-03-08 10:00:00,STATION_001,68.29
2026-03-08 11:00:00,STATION_001,70.85
2026-03-08 12:00:00,STATION_001,100.0
2026-03-08 13:00:00,STATION_001,97.76
2026-03-08 14:00:00,STATION_001,75.8
2026-03-08 15:00:00,STATION_001,68.32
2026-03-08 16:00:00,STATION_001,63.14
2026-03-08 17:00:00,STATION_001,91.78
2026-03-08 18:00:00,STATION_001,75.79
2026-03-08 19:00:00,STATION_001,100.0
2026-03-08 20:00:00,STATION_001,71.59
2026-03-08 21:00:00,STATION_001,94.62
2026-03-08 22:00:00,STATION_001,70.77
2026-03-08 23:00:00,STATION_001,60.09
2026-03-09 00:00:00,STATION_001,61.77
2026-03-09 02:00:00,STATION_001,66.85
2026-03-09 03:00:00,STATION_001,67.15
2026-03-09 04:00:00,STATION_001,69.95
2026-03-09 05:00:00,STATION_001,61.75
2026-03-09 06:00:00,STATION_001,58.51
2026-03-09 07:00:00,STATION_001,76.37
2026-03-09 08:00:00,STATION_001,73.84
2026-03-09 09:00:00,STATION_001,80.82
2026-03-09 10:00:00,STATION_001,78.27
2026-03-09 11:00:00,STATION_001,72.63
2026-03-09 12:00:00,STATION_001,78.36
2026-03-09 13:00:00,STATION_001,66.18
2026-03-09 14:00:00,STATION_001,98.61
2026-03-09 15:00:00,STATION_001,77.1
2026-03-09 16:00:00,STATION_001,80.21
2026-03-09 17:00:00,STATION_001,77.92
2026-03-09 18:00:00,STATION_001,71.47
2026-03-09 19:00:00,STATION_001,79.28
2026-03-09 20:00:00,STATION_001,100.0
2026-03-09 21:00:00,STATION_001,100.0
2026-03-09 22:00:00,STATION_001,68.53
2026-03-09 23:00:00,STATION_001,62.86
2026-03-10 00:00:00,STATION_001,54.19
2026-03-10 01:00:00,STATION_001,58.58
2026-03-10 02:00:00,STATION_001,61.94
2026-03-10 03:00:00,STATION_001,87.15
2026-03-10 04:00:00,STATION_001,85.49
2026-03-10 05:00:00,STATION_001,68.28
2026-03-10 06:00:00,STATION_001,62.46
2026-03-10 07:00:00,STATION_001,73.21
2026-03-10 08:00:00,STATION_001,65.45
2026-03-10 09:00:00,STATION_001,100.0
2026-03-10 10:00:00,STATION_001,100.0
2026-03-10 11:00:00,STATION_001,74.81
2026-03-10 12:00:00,STATION_001,75.21
2026-03-10 13:00:00,STATION_001,77.22
2026-03-10 15:00:00,STATION_001,73.66
2026-03-10 16:00:00,STATION_001,74.5
2026-03-10 17:00:00,STATION_001,71.99
2026-03-10 18:00:00,STATION_001,71.46
2026-03-10 19:00:00,STATION_001,71.44
2026-03-10 20:00:00,STATION_001,74.45
2026-03-10 21:00:00,STATION_001,70.52
2026-03-10 22:00:00,STATION_001,60.47
2026-03-10 23:00:00,STATION_001,58.13
2026-03-11 00:00:00,STATION_001,53.81
2026-03-11 01:00:00,STATION_001,60.55
2026-03-11 02:00:00,STATION_001,56.97
2026-03-11 03:00:00,STATION_001,86.3
2026-03-11 04:00:00,STATION_001,68.49
2026-03-11 05:00:00,STATION_001,76.19
2026-03-11 06:00:00,STATION_001,55.27
2026-03-11 07:00:00,STATION_001,78.04
2026-03-11 08:00:00,STATION_001,69.99
2026-03-11 09:00:00,STATION_001,71.24
2026-03-11 10:00:00,STATION_001,79.88
2026-03-11 12:00:00,STATION_001,69.48
2026-03-11 13:00:00,STATION_001,73.35
2026-03-11 14:00:00,STATION_001,69.02
2026-03-11 15:00:00,STATION_001,100.0
2026-03-11 16:00:00,STATION_001,78.03
2026-03-11 17:00:00,STATION_001,80.58
2026-03-11 18:00:00,STATION_001,73.6
2026-03-11 19:00:00,STATION_001,65.87
2026-03-11 20:00:00,STATION_001,65.82
2026-03-11 21:00:00,STATION_001,71.08
2026-03-11 22:00:00,STATION_001,79.64
2026-03-11 23:00:00,STATION_001,62.71
2026-03-12 00:00:00,STATION_001,63.32
2026-03-12 01:00:00,STATION_001,56.38
2026-03-12 02:00:00,STATION_001,57.73
2026-03-12 03:00:00,STATION_001,64.47
2026-03-12 04:00:00,STATION_001,68.12
2026-03-12 05:00:00,STATION_001,64.59
2026-03-12 06:00:00,STATION_001,64.59
2026-03-12 07:00:00,STATION_001,71.17
2026-03-12 08:00:00,STATION_001,78.09
2026-03-12 09:00:00,STATION_001,68.42
2026-03-12 10:00:00,STATION_001,80.36
2026-03-12 11:00:00,STATION_001,100.0
2026-03-12 12:00:00,STATION_001,78.9
2026-03-12 13:00:00,STATION_001,74.8
2026-03-12 15:00:00,STATION_001,84.56
2026-03-12 16:00:00,STATION_001,80.04
2026-03-12 17:00:00,STATION_001,68.73
2026-03-12 18:00:00,STATION_001,100.0
2026-03-12 19:00:00,STATION_001,84.76
2026-03-12 20:00:00,STATION_001,88.01
2026-03-12 21:00:00,STATION_001,80.29
2026-03-12 22:00:00,STATION_001,77.21
2026-03-12 23:00:00,STATION_001,56.33
2026-03-13 00:00:00,STATION_001,63.02
2026-03-13 01:00:00,STATION_001,61.49
2026-03-13 02:00:00,STATION_001,61.84
2026-03-13 03:00:00,STATION_001,60.74
2026-03-13 04:00:00,STATION_001,87.34
2026-03-13 05:00:00,STATION_001,54.31
2026-03-13 06:00:00,STATION_001,65.83
2026-03-13 07:00:00,STATION_001,68.77
2026-03-13 08:00:00,STATION_001,71.2
2026-03-13 09:00:00,STATION_001,76.44
2026-03-13 10:00:00,STATION_001,73.11
2026-03-13 11:00:00,STATION_001,100.0
2026-03-13 12:00:00,STATION_001,80.85
2026-03-13 13:00:00,STATION_001,75.67
2026-03-13 14:00:00,STATION_001,70.69
2026-03-13 15:00:00,STATION_001,75.15
2026-03-13 16:00:00,STATION_001,67.19
2026-03-13 17:00:00,STATION_001,82.52
2026-03-13 18:00:00,STATION_001,99.57
2026-03-13 19:00:00,STATION_001,76.37
2026-03-13 20:00:00,STATION_001,72.19
2026-03-13 21:00:00,STATION_001,80.07
2026-03-13 22:00:00,STATION_001,81.03
2026-03-13 23:00:00,STATION_001,65.71
2026-03-14 00:00:00,STATION_001,85.57
2026-03-14 01:00:00,STATION_001,49.87
2026-03-14 02:00:00,STATION_001,57.66
2026-03-14 03:00:00,STATION_001,56.81
2026-03-14 04:00:00,STATION_001,49.09
2026-03-14 05:00:00,STATION_001,81.52
2026-03-14 06:00:00,STATION_001,60.23
2026-03-14 07:00:00,STATION_001,71.75
2026-03-14 08:00:00,STATION_001,100.0
2026-03-14 09:00:00,STATION_001,65.09
2026-03-14 10:00:00,STATION_001,70.98
2026-03-14 11:00:00,STATION_001,65.48
2026-03-14 12:00:00,STATION_001,75.52
2026-03-14 13:00:00,STATION_001,99.85
2026-03-14 14:00:00,STATION_001,65.81
2026-03-14 15:00:00,STATION_001,64.6
2026-03-14 16:00:00,STATION_001,71.73
2026-03-14 17:00:00,STATION_001,76.43
2026-03-14 18:00:00,STATION_001,67.4
2026-03-14 19:00:00,STATION_001,80.82
2026-03-14 20:00:00,STATION_001,59.87
2026-03-14 21:00:00,STATION_001,74.04
2026-03-14 22:00:00,STATION_001,89.6
2026-03-14 23:00:00,STATION_001,61.15
2026-03-15 00:00:00,STATION_001,53.58
2026-03-15 01:00:00,STATION_001,62.95
2026-03-15 02:00:00,STATION_001,52.4
2026-03-15 03:00:00,STATION_001,53.3
2026-03-15 04:00:00,STATION_001,52.03
2026-03-15 05:00:00,STATION_001,54.17
2026-03-15 06:00:00,STATION_001,57.29
2026-03-15 07:00:00,STATION_001,65.1
2026-03-15 08:00:00,STATION_001,64.23
2026-03-15 09:00:00,STATION_001,94.81
2026-03-15 10:00:00,STATION_001,77.92
2026-03-15 11:00:00,STATION_001,64.41
2026-03-15 12:00:00,STATION_001,70.86
2026-03-15 13:00:00,STATION_001,72.55
2026-03-15 15:00:00,STATION_001,67.29
2026-03-15 16:00:00,STATION_001,65.83
2026-03-15 17:00:00,STATION_001,68.19
2026-03-15 18:00:00,STATION_001,65.8
2026-03-15 19:00:00,STATION_001,100.0
2026-03-15 20:00:00,STATION_001,71.06
2026-03-15 21:00:00,STATION_001,75.13
2026-03-15 22:00:00,STATION_001,65.92
2026-03-15 23:00:00,STATION_001,55.39
2026-03-16 00:00:00,STATION_001,52.12
2026-03-16 01:00:00,STATION_001,78.26
2026-03-16 02:00:00,STATION_001,56.22
2026-03-16 03:00:00,STATION_001,60.86
2026-03-16 04:00:00,STATION_001,66.01
2026-03-16 05:00:00,STATION_001,88.74
2026-03-16 06:00:00,STATION_001,62.46
2026-03-16 07:00:00,STATION_001,77.85
2026-03-16 08:00:00,STATION_001,77.18
2026-03-16 09:00:00,STATION_001,62.34
2026-03-16 10:00:00,STATION_001,73.89
2026-03-16 11:00:00,STATION_001,85.23
2026-03-16 12:00:00,STATION_001,71.63
2026-03-16 13:00:00,STATION_001,72.98
2026-03-16 14:00:00,STATION_001,72.25
2026-03-16 15:00:00,STATION_001,74.26
2026-03-16 16:00:00,STATION_001,68.54
2026-03-16 17:00:00,STATION_001,72.34
2026-03-16 18:00:00,STATION_001,100.0
2026-03-16 19:00:00,STATION_001,81.04
2026-03-16 20:00:00,STATION_001,81.35
2026-03-16 21:00:00,STATION_001,76.06
2026-03-16 22:00:00,STATION_001,67.39
2026-03-16 23:00:00,STATION_001,68.73
2026-03-17 00:00:00,STATION_001,53.28
2026-03-17 01:00:00,STATION_001,62.53
2026-03-17 02:00:00,STATION_001,67.0
2026-03-17 03:00:00,STATION_001,62.77
2026-03-17 04:00:00,STATION_001,57.04
2026-03-17 05:00:00,STATION_001,61.17
2026-03-17 06:00:00,STATION_001,57.41
2026-03-17 07:00:00,STATION_001,72.26
2026-03-17 08:00:00,STATION_001,86.32
2026-03-17 09:00:00,STATION_001,85.26
2026-03-17 10:00:00,STATION_001,75.09
2026-03-17 11:00:00,STATION_001,90.21
2026-03-17 12:00:00,STATION_001,80.07
2026-03-17 13:00:00,STATION_001,75.88
2026-03-17 14:00:00,STATION_001,85.52
2026-03-17 15:00:00,STATION_001,100.0
2026-03-17 16:00:00,STATION_001,72.73
2026-03-17 17:00:00,STATION_001,73.91
2026-03-17 18:00:00,STATION_001,88.66
2026-03-17 19:00:00,STATION_001,75.6
2026-03-17 20:00:00,STATION_001,76.6
2026-03-17 21:00:00,STATION_001,100.0
2026-03-17 22:00:00,STATION_001,80.77
2026-03-17 23:00:00,STATION_001,66.93
2026-03-18 00:00:00,STATION_001,58.19
2026-03-18 01:00:00,STATION_001,59.68
2026-03-18 02:00:00,STATION_001,67.65
2026-03-18 03:00:00,STATION_001,63.32
2026-03-18 04:00:00,STATION_001,58.36
2026-03-18 05:00:00,STATION_001,58.93
2026-03-18 06:00:00,STATION_001,62.56
2026-03-18 07:00:00,STATION_001,84.68
2026-03-18 08:00:00,STATION_001,74.08
2026-03-18 09:00:00,STATION_001,73.22
2026-03-18 10:00:00,STATION_001,75.23
2026-03-18 11:00:00,STATION_001,75.26
2026-03-18 12:00:00,STATION_001,76.61
2026-03-18 13:00:00,STATION_001,74.69
2026-03-18 14:00:00,STATION_001,81.1
2026-03-18 15:00:00,STATION_001,70.62
2026-03-18 16:00:00,STATION_001,77.17
2026-03-18 17:00:00,STATION_001,77.38
2026-03-18 18:00:00,STATION_001,100.0
2026-03-18 19:00:00,STATION_001,69.65
2026-03-18 20:00:00,STATION_001,75.79
2026-03-18 21:00:00,STATION_001,100.0
2026-03-18 22:00:00,STATION_001,72.09
2026-03-18 23:00:00,STATION_001,54.13
2026-03-19 00:00:00,STATION_001,50.84
2026-03-19 01:00:00,STATION_001,54.74
2026-03-19 02:00:00,STATION_001,59.48
2026-03-19 03:00:00,STATION_001,53.8
2026-03-19 04:00:00,STATION_001,63.39
2026-03-19 05:00:00,STATION_001,81.26
2026-03-19 06:00:00,STATION_001,51.89
2026-03-19 07:00:00,STATION_001,77.17
2026-03-19 08:00:00,STATION_001,78.28
2026-03-19 09:00:00,STATION_001,79.14
2026-03-19 11:00:00,STATION_001,71.94
2026-03-19 12:00:00,STATION_001,65.76
2026-03-19 13:00:00,STATION_001,100.0
2026-03-19 14:00:00,STATION_001,78.2
2026-03-19 15:00:00,STATION_001,75.62
2026-03-19 16:00:00,STATION_001,76.16
2026-03-19 17:00:00,STATION_001,71.22
2026-03-19 18:00:00,STATION_001,79.79
2026-03-19 19:00:00,STATION_001,75.26
2026-03-19 20:00:00,STATION_001,100.0
2026-03-19 21:00:00,STATION_001,75.92
2026-03-19 22:00:00,STATION_001,82.79
2026-03-19 23:00:00,STATION_001,57.81
2026-03-20 00:00:00,STATION_001,57.14
2026-03-20 01:00:00,STATION_001,56.05
2026-03-20 02:00:00,STATION_001,62.61
2026-03-20 03:00:00,STATION_001,50.83
2026-03-20 04:00:00,STATION_001,56.37
2026-03-20 05:00:00,STATION_001,83.58
2026-03-20 06:00:00,STATION_001,56.52
2026-03-20 07:00:00,STATION_001,70.41
2026-03-20 08:00:00,STATION_001,80.34
2026-03-20 09:00:00,STATION_001,78.02
2026-03-20 10:00:00,STATION_001,96.77
2026-03-20 11:00:00,STATION_001,80.0
2026-03-20 12:00:00,STATION_001,77.4
2026-03-20 13:00:00,STATION_001,75.99
2026-03-20 14:00:00,STATION_001,78.25
2026-03-20 15:00:00,STATION_001,96.65
2026-03-20 16:00:00,STATION_001,70.88
2026-03-20 17:00:00,STATION_001,100.0
2026-03-20 18:00:00,STATION_001,69.34
2026-03-20 19:00:00,STATION_001,78.8
2026-03-20 20:00:00,STATION_001,70.97
2026-03-20 21:00:00,STATION_001,66.54
2026-03-20 22:00:00,STATION_001,77.8
2026-03-20 23:00:00,STATION_001,60.94
2026-03-21 00:00:00,STATION_001,58.8
2026-03-21 01:00:00,STATION_001,60.27
2026-03-21 02:00:00,STATION_001,56.91
2026-03-21 03:00:00,STATION_001,50.89
2026-03-21 04:00:00,STATION_001,55.11
2026-03-21 05:00:00,STATION_001,47.7
2026-03-21 06:00:00,STATION_001,61.45
2026-03-21 07:00:00,STATION_001,73.82
2026-03-21 08:00:00,STATION_001,65.83
2026-03-21 09:00:00,STATION_001,66.81
2026-03-21 10:00:00,STATION_001,76.71
2026-03-21 11:00:00,STATION_001,66.54
2026-03-21 12:00:00,STATION_001,62.46
2026-03-21 13:00:00,STATION_001,91.51
2026-03-21 14:00:00,STATION_001,98.68
2026-03-21 15:00:00,STATION_001,67.07
2026-03-21 17:00:00,STATION_001,72.12
2026-03-21 18:00:00,STATION_001,64.33
2026-03-21 19:00:00,STATION_001,76.15
2026-03-21 20:00:00,STATION_001,64.77
2026-03-21 21:00:00,STATION_001,70.15
2026-03-21 22:00:00,STATION_001,69.36
2026-03-21 23:00:00,STATION_001,56.7
2026-03-22 00:00:00,STATION_001,59.08
2026-03-22 01:00:00,STATION_001,83.44
2026-03-22 02:00:00,STATION_001,49.28
2026-03-22 03:00:00,STATION_001,59.1
2026-03-22 04:00:00,STATION_001,55.37
2026-03-22 05:00:00,STATION_001,54.25
2026-03-22 06:00:00,STATION_001,49.4
2026-03-22 08:00:00,STATION_001,73.02
2026-03-22 09:00:00,STATION_001,65.75
2026-03-22 10:00:00,STATION_001,76.38
2026-03-22 11:00:00,STATION_001,69.24
2026-03-22 12:00:00,STATION_001,76.09
2026-03-22 13:00:00,STATION_001,75.29
2026-03-22 14:00:00,STATION_001,67.14
2026-03-22 15:00:00,STATION_001,71.66
2026-03-22 16:00:00,STATION_001,75.33
2026-03-22 17:00:00,STATION_001,77.26
2026-03-22 18:00:00,STATION_001,69.3
2026-03-22 19:00:00,STATION_001,71.54
2026-03-22 20:00:00,STATION_001,72.12
2026-03-22 21:00:00,STATION_001,70.2
2026-03-22 22:00:00,STATION_001,71.41
2026-03-22 23:00:00,STATION_001,44.34
2026-03-23 00:00:00,STATION_001,76.22
2026-03-23 01:00:00,STATION_001,100.0
2026-03-23 02:00:00,STATION_001,61.07
2026-03-23 03:00:00,STATION_001,57.19
2026-03-23 04:00:00,STATION_001,67.0
2026-03-23 05:00:00,STATION_001,58.09
2026-03-23 06:00:00,STATION_001,55.02
2026-03-23 07:00:00,STATION_001,84.14
2026-03-23 08:00:00,STATION_001,75.42
2026-03-23 09:00:00,STATION_001,83.26
2026-03-23 10:00:00,STATION_001,74.99
2026-03-23 11:00:00,STATION_001,75.11
2026-03-23 12:00:00,STATION_001,67.95
2026-03-23 13:00:00,STATION_001,100.0
2026-03-23 14:00:00,STATION_001,71.43
2026-03-23 15:00:00,STATION_001,98.62
2026-03-23 16:00:00,STATION_001,74.4
2026-03-23 17:00:00,STATION_001,100.0
2026-03-23 18:00:00,STATION_001,82.14
2026-03-23 19:00:00,STATION_001,67.63
2026-03-23 20:00:00,STATION_001,95.0
2026-03-23 21:00:00,STATION_001,72.73
2026-03-23 23:00:00,STATION_001,56.97
2026-03-24 00:00:00,STATION_001,58.94
2026-03-24 01:00:00,STATION_001,67.52
2026-03-24 02:00:00,STATION_001,61.24
2026-03-24 03:00:00,STATION_001,51.87
2026-03-24 04:00:00,STATION_001,61.44
2026-03-24 05:00:00,STATION_001,57.19
2026-03-24 06:00:00,STATION_001,89.38
2026-03-24 07:00:00,STATION_001,72.24
2026-03-24 08:00:00,STATION_001,71.09
2026-03-24 09:00:00,STATION_001,94.01
2026-03-24 10:00:00,STATION_001,71.7
2026-03-24 11:00:00,STATION_001,66.68
2026-03-24 12:00:00,STATION_001,74.92
2026-03-24 13:00:00,STATION_001,79.58
2026-03-24 14:00:00,STATION_001,100.0
2026-03-24 15:00:00,STATION_001,73.37
2026-03-24 16:00:00,STATION_001,77.32
2026-03-24 17:00:00,STATION_001,100.0
2026-03-24 18:00:00,STATION_001,96.96
2026-03-24 19:00:00,STATION_001,100.0
2026-03-24 20:00:00,STATION_001,73.99
2026-03-24 21:00:00,STATION_001,76.1
2026-03-24 22:00:00,STATION_001,100.0
2026-03-24 23:00:00,STATION_001,61.06
2026-03-25 00:00:00,STATION_001,53.06
2026-03-25 01:00:00,STATION_001,52.0
2026-03-25 02:00:00,STATION_001,55.54
2026-03-25 03:00:00,STATION_001,62.57
2026-03-25 04:00:00,STATION_001,63.27
2026-03-25 05:00:00,STATION_001,64.05
2026-03-25 06:00:00,STATION_001,55.72
2026-03-25 07:00:00,STATION_001,75.49
2026-03-25 08:00:00,STATION_001,73.09
2026-03-25 09:00:00,STATION_001,74.38
2026-03-25 10:00:00,STATION_001,73.0
2026-03-25 11:00:00,STATION_001,76.35
2026-03-25 12:00:00,STATION_001,71.65
2026-03-25 13:00:00,STATION_001,80.86
2026-03-25 14:00:00,STATION_001,80.91
2026-03-25 15:00:00,STATION_001,100.0
2026-03-25 16:00:00,STATION_001,67.99
2026-03-25 17:00:00,STATION_001,100.0
2026-03-25 18:00:00,STATION_001,70.16
2026-03-25 19:00:00,STATION_001,73.45
2026-03-25 20:00:00,STATION_001,79.89
2026-03-25 21:00:00,STATION_001,68.14
2026-03-25 22:00:00,STATION_001,80.45
2026-03-25 23:00:00,STATION_001,57.69
2026-03-26 00:00:00,STATION_001,57.38
2026-03-26 02:00:00,STATION_001,54.45
2026-03-26 03:00:00,STATION_001,94.88
2026-03-26 04:00:00,STATION_001,56.38
2026-03-26 05:00:00,STATION_001,83.49
2026-03-26 06:00:00,STATION_001,93.63
2026-03-26 07:00:00,STATION_001,98.54
2026-03-26 08:00:00,STATION_001,78.31
2026-03-26 09:00:00,STATION_001,70.96
2026-03-26 10:00:00,STATION_001,82.73
2026-03-26 11:00:00,STATION_001,87.07
2026-03-26 12:00:00,STATION_001,73.77
2026-03-26 13:00:00,STATION_001,77.98
2026-03-26 14:00:00,STATION_001,76.91
2026-03-26 16:00:00,STATION_001,73.8
2026-03-26 17:00:00,STATION_001,66.65
2026-03-26 18:00:00,STATION_001,74.28
2026-03-26 19:00:00,STATION_001,78.94
2026-03-26 20:00:00,STATION_001,72.12
2026-03-26 21:00:00,STATION_001,60.5
2026-03-26 22:00:00,STATION_001,82.57
2026-03-26 23:00:00,STATION_001,61.99
2026-03-27 00:00:00,STATION_001,65.76
2026-03-27 01:00:00,STATION_001,58.9
2026-03-27 02:00:00,STATION_001,60.8
2026-03-27 03:00:00,STATION_001,62.86
2026-03-27 04:00:00,STATION_001,58.34
2026-03-27 05:00:00,STATION_001,91.5
2026-03-27 06:00:00,STATION_001,68.07
2026-03-27 07:00:00,STATION_001,73.39
2026-03-27 08:00:00,STATION_001,77.93
2026-03-27 09:00:00,STATION_001,71.32
2026-03-27 10:00:00,STATION_001,80.05
2026-03-27 11:00:00,STATION_001,70.78
2026-03-27 12:00:00,STATION_001,74.56
2026-03-27 13:00:00,STATION_001,77.74
2026-03-27 14:00:00,STATION_001,84.28
2026-03-27 15:00:00,STATION_001,76.12
2026-03-27 16:00:00,STATION_001,73.69
2026-03-27 17:00:00,STATION_001,93.91
2026-03-27 18:00:00,STATION_001,78.76
2026-03-27 19:00:00,STATION_001,69.06
2026-03-27 20:00:00,STATION_001,77.37
2026-03-27 21:00:00,STATION_001,71.4
2026-03-27 22:00:00,STATION_001,65.7
2026-03-27 23:00:00,STATION_001,64.32
2026-03-28 00:00:00,STATION_001,86.71
2026-03-28 01:00:00,STATION_001,51.14
2026-03-28 02:00:00,STATION_001,52.02
2026-03-28 03:00:00,STATION_001,43.05
2026-03-28 04:00:00,STATION_001,57.69
2026-03-28 05:00:00,STATION_001,57.14
2026-03-28 07:00:00,STATION_001,65.83
2026-03-28 08:00:00,STATION_001,67.1
2026-03-28 10:00:00,STATION_001,72.05
2026-03-28 11:00:00,STATION_001,74.4
2026-03-28 12:00:00,STATION_001,71.67
2026-03-28 13:00:00,STATION_001,70.85
2026-03-28 14:00:00,STATION_001,68.16
2026-03-28 15:00:00,STATION_001,66.48
2026-03-28 16:00:00,STATION_001,64.25
2026-03-28 17:00:00,STATION_001,71.73
2026-03-28 18:00:00,STATION_001,70.38
2026-03-28 19:00:00,STATION_001,70.62
2026-03-28 20:00:00,STATION_001,75.58
2026-03-28 21:00:00,STATION_001,77.54
2026-03-28 22:00:00,STATION_001,59.71
2026-03-28 23:00:00,STATION_001,56.78
2026-03-29 00:00:00,STATION_001,52.39
2026-03-29 01:00:00,STATION_001,84.08
2026-03-29 02:00:00,STATION_001,46.55
2026-03-29 03:00:00,STATION_001,52.64
2026-03-29 04:00:00,STATION_001,44.67
2026-03-29 05:00:00,STATION_001,55.14
2026-03-29 06:00:00,STATION_001,85.11
2026-03-29 07:00:00,STATION_001,97.13
2026-03-29 08:00:00,STATION_001,65.68
2026-03-29 09:00:00,STATION_001,69.84
2026-03-29 10:00:00,STATION_001,63.17
2026-03-29 11:00:00,STATION_001,72.96
2026-03-29 12:00:00,STATION_001,67.56
2026-03-29 13:00:00,STATION_001,73.17
2026-03-29 14:00:00,STATION_001,65.08
2026-03-29 15:00:00,STATION_001,91.78
2026-03-29 16:00:00,STATION_001,75.89
2026-03-29 17:00:00,STATION_001,68.94
2026-03-29 18:00:00,STATION_001,69.69
2026-03-29 19:00:00,STATION_001,67.24
2026-03-29 20:00:00,STATION_001,63.82
2026-03-29 21:00:00,STATION_001,89.89
2026-03-29 22:00:00,STATION_001,100.0
2026-03-29 23:00:00,STATION_001,60.08
2026-03-30 00:00:00,STATION_001,56.36
2026-03-30 01:00:00,STATION_001,70.74
2026-03-30 02:00:00,STATION_001,55.18
2026-03-30 03:00:00,STATION_001,54.23
2026-03-30 04:00:00,STATION_001,88.31
2026-03-30 05:00:00,STATION_001,63.83
2026-03-30 06:00:00,STATION_001,64.66
2026-03-30 07:00:00,STATION_001,72.92
2026-03-30 08:00:00,STATION_001,74.48
2026-03-30 09:00:00,STATION_001,76.97
2026-03-30 10:00:00,STATION_001,100.0
2026-03-30 11:00:00,STATION_001,100.0
2026-03-30 12:00:00,STATION_001,79.81
2026-03-30 13:00:00,STATION_001,73.81
2026-03-30 14:00:00,STATION_001,70.25
2026-03-30 15:00:00,STATION_001,76.59
2026-03-30 16:00:00,STATION_001,75.95
2026-03-30 17:00:00,STATION_001,76.49
2026-03-30 18:00:00,STATION_001,77.86
2026-03-30 19:00:00,STATION_001,71.48
2026-03-30 20:00:00,STATION_001,72.77
2026-03-30 21:00:00,STATION_001,75.57
2026-03-30 22:00:00,STATION_001,73.06
2026-03-30 23:00:00,STATION_001,58.47
2026-03-31 00:00:00,STATION_001,68.39
2026-03-31 01:00:00,STATION_001,70.96
2026-03-31 02:00:00,STATION_001,60.4
2026-03-31 03:00:00,STATION_001,88.4
2026-03-31 04:00:00,STATION_001,65.7
2026-03-31 05:00:00,STATION_001,92.09
2026-03-31 06:00:00,STATION_001,60.84
2026-03-31 07:00:00,STATION_001,77.09
2026-03-31 08:00:00,STATION_001,70.44
2026-03-31 09:00:00,STATION_001,68.91
2026-03-31 10:00:00,STATION_001,78.25
2026-03-31 11:00:00,STATION_001,100.0
2026-03-31 12:00:00,STATION_001,81.76
2026-03-31 13:00:00,STATION_001,79.43
2026-03-31 14:00:00,STATION_001,73.53
2026-03-31 15:00:00,STATION_001,81.78
2026-03-31 16:00:00,STATION_001,80.73
2026-03-31 17:00:00,STATION_001,71.11
2026-03-31 18:00:00,STATION_001,83.15
2026-03-31 19:00:00,STATION_001,73.14
2026-03-31 20:00:00,STATION_001,93.14
2026-03-31 21:00:00,STATION_001,74.51
2026-03-31 22:00:00,STATION_001,75.6
2026-03-31 23:00:00,STATION_001,56.82
2026-01-01 00:00:00,STATION_002,68.42
2026-01-01 01:00:00,STATION_002,65.0
2026-01-01 02:00:00,STATION_002,60.68
2026-01-01 03:00:00,STATION_002,77.27
2026-01-01 04:00:00,STATION_002,59.45
2026-01-01 05:00:00,STATION_002,58.06
2026-01-01 06:00:00,STATION_002,64.46
2026-01-01 07:00:00,STATION_002,75.02
2026-01-01 08:00:00,STATION_002,76.91
2026-01-01 09:00:00,STATION_002,76.56
2026-01-01 10:00:00,STATION_002,76.94
2026-01-01 11:00:00,STATION_002,74.53
2026-01-01 12:00:00,STATION_002,100.0
2026-01-01 13:00:00,STATION_002,74.83
2026-01-01 14:00:00,STATION_002,73.75
2026-01-01 15:00:00,STATION_002,76.59
2026-01-01 16:00:00,STATION_002,65.69
2026-01-01 17:00:00,STATION_002,75.56
2026-01-01 18:00:00,STATION_002,70.24
2026-01-01 19:00:00,STATION_002,96.45
2026-01-01 20:00:00,STATION_002,67.29
2026-01-01 21:00:00,STATION_002,74.2
2026-01-01 22:00:00,STATION_002,74.12
2026-01-01 23:00:00,STATION_002,62.46
2026-01-02 00:00:00,STATION_002,69.07
2026-01-02 01:00:00,STATION_002,58.29
2026-01-02 02:00:00,STATION_002,76.59
2026-01-02 03:00:00,STATION_002,64.91
2026-01-02 04:00:00,STATION_002,77.93
2026-01-02 05:00:00,STATION_002,61.8
2026-01-02 06:00:00,STATION_002,57.92
2026-01-02 07:00:00,STATION_002,74.68
2026-01-02 08:00:00,STATION_002,100.0
2026-01-02 09:00:00,STATION_002,79.68
2026-01-02 10:00:00,STATION_002,79.47
2026-01-02 11:00:00,STATION_002,73.72
2026-01-02 12:00:00,STATION_002,78.39
2026-01-02 13:00:00,STATION_002,75.91
2026-01-02 14:00:00,STATION_002,66.29
2026-01-02 15:00:00,STATION_002,73.14
2026-01-02 16:00:00,STATION_002,98.77
2026-01-02 17:00:00,STATION_002,70.15
2026-01-02 18:00:00,STATION_002,75.55
2026-01-02 19:00:00,STATION_002,94.19
2026-01-02 20:00:00,STATION_002,66.48
2026-01-02 21:00:00,STATION_002,75.37
2026-01-02 22:00:00,STATION_002,100.0
2026-01-02 23:00:00,STATION_002,50.7
2026-01-03 00:00:00,STATION_002,85.56
2026-01-03 01:00:00,STATION_002,55.12
2026-01-03 02:00:00,STATION_002,60.46
2026-01-03 03:00:00,STATION_002,59.52
2026-01-03 04:00:00,STATION_002,64.94
2026-01-03 05:00:00,STATION_002,66.4
2026-01-03 06:00:00,STATION_002,67.56
2026-01-03 07:00:00,STATION_002,69.8
2026-01-03 08:00:00,STATION_002,70.75
2026-01-03 09:00:00,STATION_002,79.66
2026-01-03 10:00:00,STATION_002,76.43
2026-01-03 11:00:00,STATION_002,66.95
2026-01-03 12:00:00,STATION_002,65.74
2026-01-03 13:00:00,STATION_002,60.45
2026-01-03 14:00:00,STATION_002,71.78
2026-01-03 15:00:00,STATION_002,76.83
2026-01-03 16:00:00,STATION_002,66.2
2026-01-03 17:00:00,STATION_002,66.39
2026-01-03 18:00:00,STATION_002,55.48
2026-01-03 19:00:00,STATION_002,72.96
2026-01-03 20:00:00,STATION_002,75.29
2026-01-03 21:00:00,STATION_002,70.99
2026-01-03 22:00:00,STATION_002,66.21
2026-01-03 23:00:00,STATION_002,53.81
2026-01-04 00:00:00,STATION_002,53.1
2026-01-04 01:00:00,STATION_002,57.73
2026-01-04 02:00:00,STATION_002,51.25
2026-01-04 03:00:00,STATION_002,48.77
2026-01-04 04:00:00,STATION_002,45.56
2026-01-04 05:00:00,STATION_002,52.02
2026-01-04 06:00:00,STATION_002,59.7
2026-01-04 07:00:00,STATION_002,86.24
2026-01-04 08:00:00,STATION_002,63.21
2026-01-04 09:00:00,STATION_002,64.6
2026-01-04 10:00:00,STATION_002,67.01
2026-01-04 11:00:00,STATION_002,65.17
2026-01-04 12:00:00,STATION_002,80.47
2026-01-04 13:00:00,STATION_002,62.44
2026-01-04 14:00:00,STATION_002,75.8
2026-01-04 15:00:00,STATION_002,74.87
2026-01-04 16:00:00,STATION_002,100.0
2026-01-04 17:00:00,STATION_002,66.71
2026-01-04 18:00:00,STATION_002,69.3
2026-01-04 19:00:00,STATION_002,76.03
2026-01-04 20:00:00,STATION_002,100.0
2026-01-04 21:00:00,STATION_002,62.36
2026-01-04 22:00:00,STATION_002,90.62
2026-01-04 23:00:00,STATION_002,51.6
2026-01-05 00:00:00,STATION_002,57.07
2026-01-05 01:00:00,STATION_002,53.8
2026-01-05 02:00:00,STATION_002,54.31
2026-01-05 03:00:00,STATION_002,55.54
2026-01-05 04:00:00,STATION_002,60.51
2026-01-05 05:00:00,STATION_002,60.53
2026-01-05 06:00:00,STATION_002,58.02
2026-01-05 07:00:00,STATION_002,74.16
2026-01-05 08:00:00,STATION_002,100.0
2026-01-05 09:00:00,STATION_002,69.62
2026-01-05 10:00:00,STATION_002,72.02
2026-01-05 11:00:00,STATION_002,79.5
2026-01-05 12:00:00,STATION_002,78.41
2026-01-05 13:00:00,STATION_002,69.23
2026-01-05 14:00:00,STATION_002,77.37
2026-01-05 15:00:00,STATION_002,71.77
2026-01-05 16:00:00,STATION_002,64.68
2026-01-05 17:00:00,STATION_002,73.41
2026-01-05 18:00:00,STATION_002,84.74
2026-01-05 19:00:00,STATION_002,80.13
2026-01-05 20:00:00,STATION_002,88.66
2026-01-05 21:00:00,STATION_002,74.59
2026-01-05 22:00:00,STATION_002,69.23
2026-01-05 23:00:00,STATION_002,55.77
2026-01-06 01:00:00,STATION_002,95.22
2026-01-06 02:00:00,STATION_002,57.95
2026-01-06 03:00:00,STATION_002,61.42
2026-01-06 04:00:00,STATION_002,69.29
2026-01-06 05:00:00,STATION_002,64.91
2026-01-06 06:00:00,STATION_002,60.48
2026-01-06 07:00:00,STATION_002,99.91
2026-01-06 08:00:00,STATION_002,69.54
2026-01-06 09:00:00,STATION_002,75.68
2026-01-06 10:00:00,STATION_002,63.14
2026-01-06 11:00:00,STATION_002,100.0
2026-01-06 12:00:00,STATION_002,77.13
2026-01-06 13:00:00,STATION_002,100.0
2026-01-06 14:00:00,STATION_002,96.83
2026-01-06 15:00:00,STATION_002,71.92
2026-01-06 16:00:00,STATION_002,80.61
2026-01-06 17:00:00,STATION_002,76.85
2026-01-06 18:00:00,STATION_002,100.0
2026-01-06 19:00:00,STATION_002,68.21
2026-01-06 20:00:00,STATION_002,70.5
2026-01-06 21:00:00,STATION_002,70.18
2026-01-06 22:00:00,STATION_002,100.0
2026-01-06 23:00:00,STATION_002,62.56
2026-01-07 00:00:00,STATION_002,66.65
2026-01-07 01:00:00,STATION_002,96.36
2026-01-07 02:00:00,STATION_002,59.37
2026-01-07 03:00:00,STATION_002,89.67
2026-01-07 04:00:00,STATION_002,58.14
2026-01-07 05:00:00,STATION_002,95.65
2026-01-07 06:00:00,STATION_002,61.0
2026-01-07 07:00:00,STATION_002,78.04
2026-01-07 08:00:00,STATION_002,73.25
2026-01-07 09:00:00,STATION_002,63.91
2026-01-07 10:00:00,STATION_002,81.28
2026-01-07 11:00:00,STATION_002,79.73
2026-01-07 12:00:00,STATION_002,76.75
2026-01-07 13:00:00,STATION_002,99.74
2026-01-07 14:00:00,STATION_002,74.37
2026-01-07 15:00:00,STATION_002,79.84
2026-01-07 16:00:00,STATION_002,100.0
2026-01-07 17:00:00,STATION_002,78.48
2026-01-07 18:00:00,STATION_002,73.3
2026-01-07 19:00:00,STATION_002,77.5
2026-01-07 20:00:00,STATION_002,77.76
2026-01-07 21:00:00,STATION_002,100.0
2026-01-07 22:00:00,STATION_002,77.98
2026-01-07 23:00:00,STATION_002,81.23
2026-01-08 00:00:00,STATION_002,57.53
2026-01-08 01:00:00,STATION_002,57.51
2026-01-08 02:00:00,STATION_002,89.3
2026-01-08 04:00:00,STATION_002,65.47
2026-01-08 05:00:00,STATION_002,51.46
2026-01-08 06:00:00,STATION_002,96.97
2026-01-08 07:00:00,STATION_002,84.25
2026-01-08 08:00:00,STATION_002,72.1
2026-01-08 09:00:00,STATION_002,91.17
2026-01-08 10:00:00,STATION_002,69.27
2026-01-08 11:00:00,STATION_002,100.0
2026-01-08 13:00:00,STATION_002,77.72
2026-01-08 14:00:00,STATION_002,72.69
2026-01-08 15:00:00,STATION_002,78.78
2026-01-08 16:00:00,STATION_002,69.03
2026-01-08 17:00:00,STATION_002,76.43
2026-01-08 18:00:00,STATION_002,74.83
2026-01-08 19:00:00,STATION_002,67.03
2026-01-08 20:00:00,STATION_002,77.1
2026-01-08 21:00:00,STATION_002,72.11
2026-01-08 22:00:00,STATION_002,76.98
2026-01-08 23:00:00,STATION_002,55.21
2026-01-09 00:00:00,STATION_002,64.28
2026-01-09 01:00:00,STATION_002,68.39
2026-01-09 02:00:00,STATION_002,49.15
2026-01-09 03:00:00,STATION_002,54.03
2026-01-09 04:00:00,STATION_002,55.21
2026-01-09 05:00:00,STATION_002,53.24
2026-01-09 06:00:00,STATION_002,58.93
2026-01-09 07:00:00,STATION_002,76.9
2026-01-09 08:00:00,STATION_002,100.0
2026-01-09 09:00:00,STATION_002,77.45
2026-01-09 10:00:00,STATION_002,70.36
2026-01-09 11:00:00,STATION_002,72.05
2026-01-09 12:00:00,STATION_002,96.27
2026-01-09 13:00:00,STATION_002,70.44
2026-01-09 14:00:00,STATION_002,91.24
2026-01-09 15:00:00,STATION_002,100.0
2026-01-09 16:00:00,STATION_002,72.56
2026-01-09 17:00:00,STATION_002,80.37
2026-01-09 18:00:00,STATION_002,80.9
2026-01-09 19:00:00,STATION_002,80.72
2026-01-09 20:00:00,STATION_002,74.73
2026-01-09 21:00:00,STATION_002,72.25
2026-01-09 22:00:00,STATION_002,77.5
2026-01-09 23:00:00,STATION_002,55.61
2026-01-10 00:00:00,STATION_002,58.71
2026-01-10 01:00:00,STATION_002,83.52
2026-01-10 02:00:00,STATION_002,62.62
2026-01-10 03:00:00,STATION_002,48.17
2026-01-10 04:00:00,STATION_002,60.35
2026-01-10 05:00:00,STATION_002,51.13
2026-01-10 06:00:00,STATION_002,55.66
2026-01-10 07:00:00,STATION_002,69.43
2026-01-10 08:00:00,STATION_002,69.36
2026-01-10 09:00:00,STATION_002,68.81
2026-01-10 10:00:00,STATION_002,65.21
2026-01-10 11:00:00,STATION_002,74.36
2026-01-10 12:00:00,STATION_002,90.6
2026-01-10 13:00:00,STATION_002,71.8
2026-01-10 14:00:00,STATION_002,64.65
2026-01-10 15:00:00,STATION_002,78.6
2026-01-10 16:00:00,STATION_002,89.03
2026-01-10 17:00:00,STATION_002,72.17
2026-01-10 18:00:00,STATION_002,66.57
2026-01-10 19:00:00,STATION_002,65.78
2026-01-10 20:00:00,STATION_002,70.03
2026-01-10 21:00:00,STATION_002,74.29
2026-01-10 22:00:00,STATION_002,100.0
2026-01-10 23:00:00,STATION_002,53.5
2026-01-11 00:00:00,STATION_002,51.25
2026-01-11 01:00:00,STATION_002,53.89
2026-01-11 02:00:00,STATION_002,49.12
2026-01-11 03:00:00,STATION_002,64.1
2026-01-11 04:00:00,STATION_002,52.17
2026-01-11 05:00:00,STATION_002,80.01
2026-01-11 06:00:00,STATION_002,83.68
2026-01-11 07:00:00,STATION_002,73.92
2026-01-11 08:00:00,STATION_002,75.11
2026-01-11 09:00:00,STATION_002,74.59
2026-01-11 10:00:00,STATION_002,66.93
2026-01-11 11:00:00,STATION_002,70.98
2026-01-11 12:00:00,STATION_002,69.96
2026-01-11 13:00:00,STATION_002,70.79
2026-01-11 14:00:00,STATION_002,72.11
2026-01-11 15:00:00,STATION_002,76.55
2026-01-11 16:00:00,STATION_002,78.18
2026-01-11 17:00:00,STATION_002,76.56
2026-01-11 18:00:00,STATION_002,87.74
2026-01-11 19:00:00,STATION_002,66.65
2026-01-11 20:00:00,STATION_002,63.73
2026-01-11 21:00:00,STATION_002,70.11
2026-01-11 22:00:00,STATION_002,68.67
2026-01-11 23:00:00,STATION_002,60.18
2026-01-12 00:00:00,STATION_002,80.41
2026-01-12 01:00:00,STATION_002,58.45
2026-01-12 02:00:00,STATION_002,59.92
2026-01-12 03:00:00,STATION_002,59.47
2026-01-12 04:00:00,STATION_002,55.56
2026-01-12 05:00:00,STATION_002,63.86
2026-01-12 06:00:00,STATION_002,56.66
2026-01-12 07:00:00,STATION_002,71.34
2026-01-12 08:00:00,STATION_002,67.28
2026-01-12 09:00:00,STATION_002,72.3
2026-01-12 10:00:00,STATION_002,71.6
2026-01-12 11:00:00,STATION_002,60.43
2026-01-12 12:00:00,STATION_002,64.91
2026-01-12 13:00:00,STATION_002,60.84
2026-01-12 14:00:00,STATION_002,73.87
2026-01-12 15:00:00,STATION_002,81.95
2026-01-12 16:00:00,STATION_002,68.04
2026-01-12 17:00:00,STATION_002,74.83
2026-01-12 18:00:00,STATION_002,73.76
2026-01-12 19:00:00,STATION_002,78.13
2026-01-12 20:00:00,STATION_002,78.52
2026-01-12 21:00:00,STATION_002,100.0
2026-01-12 22:00:00,STATION_002,100.0
2026-01-12 23:00:00,STATION_002,58.58
2026-01-13 00:00:00,STATION_002,63.59
2026-01-13 01:00:00,STATION_002,59.21
2026-01-13 02:00:00,STATION_002,55.72
2026-01-13 03:00:00,STATION_002,60.18
2026-01-13 04:00:00,STATION_002,63.26
2026-01-13 05:00:00,STATION_002,86.33
2026-01-13 06:00:00,STATION_002,53.71
2026-01-13 07:00:00,STATION_002,78.66
2026-01-13 08:00:00,STATION_002,80.16
2026-01-13 09:00:00,STATION_002,82.82
2026-01-13 10:00:00,STATION_002,100.0
2026-01-13 11:00:00,STATION_002,71.5
2026-01-13 12:00:00,STATION_002,71.02
2026-01-13 13:00:00,STATION_002,70.25
2026-01-13 14:00:00,STATION_002,74.59
2026-01-13 15:00:00,STATION_002,76.22
2026-01-13 16:00:00,STATION_002,100.0
2026-01-13 17:00:00,STATION_002,76.35
2026-01-13 18:00:00,STATION_002,72.58
2026-01-13 19:00:00,STATION_002,75.62
2026-01-13 20:00:00,STATION_002,81.43
2026-01-13 21:00:00,STATION_002,71.87
2026-01-13 22:00:00,STATION_002,74.38
2026-01-13 23:00:00,STATION_002,62.94
2026-01-14 00:00:00,STATION_002,62.45
2026-01-14 01:00:00,STATION_002,62.74
2026-01-14 02:00:00,STATION_002,57.68
2026-01-14 03:00:00,STATION_002,63.85
2026-01-14 04:00:00,STATION_002,94.19
2026-01-14 05:00:00,STATION_002,65.92
2026-01-14 06:00:00,STATION_002,94.59
2026-01-14 07:00:00,STATION_002,73.63
2026-01-14 08:00:00,STATION_002,64.83
2026-01-14 09:00:00,STATION_002,85.56
2026-01-14 10:00:00,STATION_002,100.0
2026-01-14 11:00:00,STATION_002,75.1
2026-01-14 12:00:00,STATION_002,100.0
2026-01-14 14:00:00,STATION_002,75.11
2026-01-14 15:00:00,STATION_002,100.0
2026-01-14 16:00:00,STATION_002,77.59
2026-01-14 17:00:00,STATION_002,77.48
2026-01-14 18:00:00,STATION_002,83.02
2026-01-14 19:00:00,STATION_002,100.0
2026-01-14 20:00:00,STATION_002,74.17
2026-01-14 21:00:00,STATION_002,70.87
2026-01-14 22:00:00,STATION_002,77.92
2026-01-14 23:00:00,STATION_002,88.95
2026-01-15 00:00:00,STATION_002,95.27
2026-01-15 01:00:00,STATION_002,57.05
2026-01-15 02:00:00,STATION_002,63.91
2026-01-15 03:00:00,STATION_002,55.17
2026-01-15 04:00:00,STATION_002,88.03
2026-01-15 05:00:00,STATION_002,61.25
2026-01-15 07:00:00,STATION_002,100.0
2026-01-15 08:00:00,STATION_002,75.11
2026-01-15 09:00:00,STATION_002,78.69
2026-01-15 10:00:00,STATION_002,80.39
2026-01-15 11:00:00,STATION_002,73.36
2026-01-15 12:00:00,STATION_002,81.04
2026-01-15 13:00:00,STATION_002,74.83
2026-01-15 14:00:00,STATION_002,74.49
2026-01-15 15:00:00,STATION_002,64.54
2026-01-15 16:00:00,STATION_002,74.67
2026-01-15 17:00:00,STATION_002,82.27
2026-01-15 18:00:00,STATION_002,98.01
2026-01-15 19:00:00,STATION_002,76.32
2026-01-15 20:00:00,STATION_002,77.43
2026-01-15 21:00:00,STATION_002,65.25
2026-01-15 22:00:00,STATION_002,77.54
2026-01-15 23:00:00,STATION_002,59.71
2026-01-16 00:00:00,STATION_002,58.69
2026-01-16 01:00:00,STATION_002,52.02
2026-01-16 02:00:00,STATION_002,67.14
2026-01-16 03:00:00,STATION_002,57.9
2026-01-16 04:00:00,STATION_002,63.3
2026-01-16 05:00:00,STATION_002,88.77
2026-01-16 06:00:00,STATION_002,58.29
2026-01-16 07:00:00,STATION_002,79.34
2026-01-16 08:00:00,STATION_002,74.86
2026-01-16 09:00:00,STATION_002,91.3
2026-01-16 10:00:00,STATION_002,74.69
2026-01-16 11:00:00,STATION_002,76.21
2026-01-16 12:00:00,STATION_002,79.62
2026-01-16 13:00:00,STATION_002,69.75
2026-01-16 14:00:00,STATION_002,79.34
2026-01-16 15:00:00,STATION_002,90.77
2026-01-16 16:00:00,STATION_002,100.0
2026-01-16 17:00:00,STATION_002,78.1
2026-01-16 18:00:00,STATION_002,72.66
2026-01-16 20:00:00,STATION_002,70.97
2026-01-16 21:00:00,STATION_002,96.91
2026-01-16 22:00:00,STATION_002,75.93
2026-01-16 23:00:00,STATION_002,62.95
2026-01-17 00:00:00,STATION_002,50.94
2026-01-17 01:00:00,STATION_002,53.57
2026-01-17 02:00:00,STATION_002,55.24
2026-01-17 03:00:00,STATION_002,48.61
2026-01-17 04:00:00,STATION_002,55.55
2026-01-17 05:00:00,STATION_002,58.08
2026-01-17 06:00:00,STATION_002,80.3
2026-01-17 07:00:00,STATION_002,100.0
2026-01-17 08:00:00,STATION_002,64.77
2026-01-17 10:00:00,STATION_002,57.13
2026-01-17 11:00:00,STATION_002,68.46
2026-01-17 12:00:00,STATION_002,92.87
2026-01-17 13:00:00,STATION_002,99.94
2026-01-17 14:00:00,STATION_002,82.97
2026-01-17 15:00:00,STATION_002,75.69
2026-01-17 16:00:00,STATION_002,74.34
2026-01-17 17:00:00,STATION_002,61.58
2026-01-17 18:00:00,STATION_002,100.0
2026-01-17 19:00:00,STATION_002,97.02
2026-01-17 20:00:00,STATION_002,76.03
2026-01-17 21:00:00,STATION_002,73.05
2026-01-17 22:00:00,STATION_002,67.67
2026-01-17 23:00:00,STATION_002,51.87
2026-01-18 00:00:00,STATION_002,56.01
2026-01-18 01:00:00,STATION_002,52.89
2026-01-18 02:00:00,STATION_002,51.53
2026-01-18 03:00:00,STATION_002,56.27
2026-01-18 04:00:00,STATION_002,49.93
2026-01-18 05:00:00,STATION_002,74.01
2026-01-18 06:00:00,STATION_002,87.06
2026-01-18 07:00:00,STATION_002,66.69
2026-01-18 08:00:00,STATION_002,63.12
2026-01-18 09:00:00,STATION_002,62.75
2026-01-18 10:00:00,STATION_002,65.49
2026-01-18 12:00:00,STATION_002,96.83
2026-01-18 13:00:00,STATION_002,76.63
2026-01-18 14:00:00,STATION_002,63.64
2026-01-18 15:00:00,STATION_002,71.06
2026-01-18 16:00:00,STATION_002,76.76
2026-01-18 17:00:00,STATION_002,76.46
2026-01-18 18:00:00,STATION_002,78.32
2026-01-18 19:00:00,STATION_002,71.53
2026-01-18 20:00:00,STATION_002,72.24
2026-01-18 21:00:00,STATION_002,67.49
2026-01-18 22:00:00,STATION_002,94.45
2026-01-18 23:00:00,STATION_002,75.97
2026-01-19 00:00:00,STATION_002,67.67
2026-01-19 01:00:00,STATION_002,65.61
2026-01-19 02:00:00,STATION_002,60.02
2026-01-19 03:00:00,STATION_002,66.15
2026-01-19 04:00:00,STATION_002,77.58
2026-01-19 05:00:00,STATION_002,66.42
2026-01-19 06:00:00,STATION_002,96.98
2026-01-19 07:00:00,STATION_002,80.2
2026-01-19 08:00:00,STATION_002,73.07
2026-01-19 09:00:00,STATION_002,77.17
2026-01-19 11:00:00,STATION_002,79.85
2026-01-19 12:00:00,STATION_002,74.02
2026-01-19 13:00:00,STATION_002,80.3
2026-01-19 14:00:00,STATION_002,73.41
2026-01-19 15:00:00,STATION_002,69.85
2026-01-19 16:00:00,STATION_002,71.72
2026-01-19 17:00:00,STATION_002,73.82
2026-01-19 18:00:00,STATION_002,73.53
2026-01-19 19:00:00,STATION_002,82.26
2026-01-19 20:00:00,STATION_002,69.96
2026-01-19 21:00:00,STATION_002,64.57
2026-01-19 22:00:00,STATION_002,81.89
2026-01-19 23:00:00,STATION_002,60.58
2026-01-20 00:00:00,STATION_002,54.01
2026-01-20 01:00:00,STATION_002,64.44
2026-01-20 02:00:00,STATION_002,62.82
2026-01-20 03:00:00,STATION_002,68.18
2026-01-20 04:00:00,STATION_002,100.0
2026-01-20 05:00:00,STATION_002,63.13
2026-01-20 06:00:00,STATION_002,82.33
2026-01-20 07:00:00,STATION_002,77.83
2026-01-20 08:00:00,STATION_002,97.13
2026-01-20 09:00:00,STATION_002,83.91
2026-01-20 10:00:00,STATION_002,71.47
2026-01-20 12:00:00,STATION_002,70.09
2026-01-20 13:00:00,STATION_002,70.85
2026-01-20 14:00:00,STATION_002,73.44
2026-01-20 15:00:00,STATION_002,100.0
2026-01-20 16:00:00,STATION_002,82.99
2026-01-20 17:00:00,STATION_002,100.0
2026-01-20 18:00:00,STATION_002,93.01
2026-01-20 19:00:00,STATION_002,85.21
2026-01-20 20:00:00,STATION_002,74.71
2026-01-20 21:00:00,STATION_002,71.32
2026-01-20 22:00:00,STATION_002,86.39
2026-01-20 23:00:00,STATION_002,53.83
2026-01-21 00:00:00,STATION_002,66.44
2026-01-21 01:00:00,STATION_002,60.07
2026-01-21 02:00:00,STATION_002,63.66
2026-01-21 03:00:00,STATION_002,62.69
2026-01-21 04:00:00,STATION_002,63.58
2026-01-21 05:00:00,STATION_002,95.67
2026-01-21 06:00:00,STATION_002,64.58
2026-01-21 07:00:00,STATION_002,85.29
2026-01-21 08:00:00,STATION_002,70.79
2026-01-21 09:00:00,STATION_002,75.66
2026-01-21 10:00:00,STATION_002,74.93
2026-01-21 11:00:00,STATION_002,65.99
2026-01-21 12:00:00,STATION_002,77.15
2026-01-21 14:00:00,STATION_002,73.37
2026-01-21 15:00:00,STATION_002,78.7
2026-01-21 16:00:00,STATION_002,79.7
2026-01-21 17:00:00,STATION_002,73.05
2026-01-21 18:00:00,STATION_002,65.49
2026-01-21 19:00:00,STATION_002,68.75
2026-01-21 20:00:00,STATION_002,76.53
2026-01-21 21:00:00,STATION_002,75.02
2026-01-21 22:00:00,STATION_002,93.04
2026-01-21 23:00:00,STATION_002,58.9
2026-01-22 00:00:00,STATION_002,63.05
2026-01-22 01:00:00,STATION_002,52.22
2026-01-22 02:00:00,STATION_002,60.21
2026-01-22 03:00:00,STATION_002,65.19
2026-01-22 04:00:00,STATION_002,55.03
2026-01-22 05:00:00,STATION_002,88.62
2026-01-22 06:00:00,STATION_002,60.43
2026-01-22 07:00:00,STATION_002,72.88
2026-01-22 08:00:00,STATION_002,71.32
2026-01-22 09:00:00,STATION_002,74.87
2026-01-22 10:00:00,STATION_002,78.13
2026-01-22 11:00:00,STATION_002,73.61
2026-01-22 12:00:00,STATION_002,72.5
2026-01-22 13:00:00,STATION_002,74.49
2026-01-22 14:00:00,STATION_002,76.57
2026-01-22 15:00:00,STATION_002,75.65
2026-01-22 16:00:00,STATION_002,75.29
2026-01-22 17:00:00,STATION_002,100.0
2026-01-22 18:00:00,STATION_002,80.14
2026-01-22 19:00:00,STATION_002,77.51
2026-01-22 20:00:00,STATION_002,77.0
2026-01-22 21:00:00,STATION_002,76.01
2026-01-22 22:00:00,STATION_002,100.0
2026-01-22 23:00:00,STATION_002,55.02
2026-01-23 00:00:00,STATION_002,63.23
2026-01-23 01:00:00,STATION_002,59.94
2026-01-23 02:00:00,STATION_002,63.75
2026-01-23 03:00:00,STATION_002,67.75
2026-01-23 04:00:00,STATION_002,58.37
2026-01-23 05:00:00,STATION_002,78.64
2026-01-23 06:00:00,STATION_002,58.63
2026-01-23 07:00:00,STATION_002,100.0
2026-01-23 08:00:00,STATION_002,73.31
2026-01-23 09:00:00,STATION_002,75.69
2026-01-23 10:00:00,STATION_002,75.2
2026-01-23 11:00:00,STATION_002,82.16
2026-01-23 12:00:00,STATION_002,72.78
2026-01-23 13:00:00,STATION_002,72.21
2026-01-23 14:00:00,STATION_002,72.88
2026-01-23 15:00:00,STATION_002,80.29
2026-01-23 16:00:00,STATION_002,78.99
2026-01-23 17:00:00,STATION_002,69.12
2026-01-23 18:00:00,STATION_002,68.89
2026-01-23 19:00:00,STATION_002,77.1
2026-01-23 20:00:00,STATION_002,74.8
2026-01-23 21:00:00,STATION_002,94.61
2026-01-23 22:00:00,STATION_002,74.08
2026-01-23 23:00:00,STATION_002,54.35
2026-01-24 00:00:00,STATION_002,54.54
2026-01-24 01:00:00,STATION_002,55.08
2026-01-24 02:00:00,STATION_002,52.48
2026-01-24 03:00:00,STATION_002,54.25
2026-01-24 04:00:00,STATION_002,51.17
2026-01-24 05:00:00,STATION_002,49.36
2026-01-24 06:00:00,STATION_002,52.93
2026-01-24 07:00:00,STATION_002,65.02
2026-01-24 08:00:00,STATION_002,63.49
2026-01-24 09:00:00,STATION_002,60.73
2026-01-24 10:00:00,STATION_002,93.48
2026-01-24 11:00:00,STATION_002,71.13
2026-01-24 12:00:00,STATION_002,74.96
2026-01-24 13:00:00,STATION_002,70.9
2026-01-24 14:00:00,STATION_002,71.27
2026-01-24 15:00:00,STATION_002,66.89
2026-01-24 16:00:00,STATION_002,68.86
2026-01-24 17:00:00,STATION_002,77.19
2026-01-24 18:00:00,STATION_002,72.18
2026-01-24 19:00:00,STATION_002,73.1
2026-01-24 20:00:00,STATION_002,94.53
2026-01-24 21:00:00,STATION_002,73.85
2026-01-24 22:00:00,STATION_002,75.8
2026-01-25 00:00:00,STATION_002,80.56
2026-01-25 01:00:00,STATION_002,55.31
2026-01-25 02:00:00,STATION_002,51.13
2026-01-25 03:00:00,STATION_002,80.58
2026-01-25 04:00:00,STATION_002,52.43
2026-01-25 05:00:00,STATION_002,49.01
2026-01-25 06:00:00,STATION_002,53.88
2026-01-25 07:00:00,STATION_002,65.36
2026-01-25 08:00:00,STATION_002,67.86
2026-01-25 09:00:00,STATION_002,72.08
2026-01-25 10:00:00,STATION_002,79.04
2026-01-25 11:00:00,STATION_002,72.53
2026-01-25 12:00:00,STATION_002,100.0
2026-01-25 13:00:00,STATION_002,71.96
2026-01-25 14:00:00,STATION_002,66.02
2026-01-25 15:00:00,STATION_002,70.84
2026-01-25 16:00:00,STATION_002,69.87
2026-01-25 17:00:00,STATION_002,77.28
2026-01-25 18:00:00,STATION_002,74.39
2026-01-25 19:00:00,STATION_002,69.02
2026-01-25 20:00:00,STATION_002,68.0
2026-01-25 21:00:00,STATION_002,74.08
2026-01-25 22:00:00,STATION_002,62.36
2026-01-25 23:00:00,STATION_002,52.48
2026-01-26 00:00:00,STATION_002,76.31
2026-01-26 01:00:00,STATION_002,70.11
2026-01-26 02:00:00,STATION_002,61.36
2026-01-26 03:00:00,STATION_002,62.09
2026-01-26 04:00:00,STATION_002,65.46
2026-01-26 05:00:00,STATION_002,57.26
2026-01-26 06:00:00,STATION_002,83.78
2026-01-26 07:00:00,STATION_002,79.84
2026-01-26 08:00:00,STATION_002,85.57
2026-01-26 09:00:00,STATION_002,76.88
2026-01-26 10:00:00,STATION_002,80.57
2026-01-26 11:00:00,STATION_002,95.12
2026-01-26 12:00:00,STATION_002,71.12
2026-01-26 13:00:00,STATION_002,75.39
2026-01-26 14:00:00,STATION_002,80.13
2026-01-26 15:00:00,STATION_002,78.0
2026-01-26 17:00:00,STATION_002,81.82
2026-01-26 18:00:00,STATION_002,82.87
2026-01-26 19:00:00,STATION_002,77.28
2026-01-26 20:00:00,STATION_002,81.61
2026-01-26 21:00:00,STATION_002,74.15
2026-01-26 22:00:00,STATION_002,78.48
2026-01-26 23:00:00,STATION_002,84.88
2026-01-27 00:00:00,STATION_002,61.42
2026-01-27 01:00:00,STATION_002,61.29
2026-01-27 02:00:00,STATION_002,82.77
2026-01-27 03:00:00,STATION_002,55.11
2026-01-27 04:00:00,STATION_002,100.0
2026-01-27 05:00:00,STATION_002,77.88
2026-01-27 06:00:00,STATION_002,93.52
2026-01-27 07:00:00,STATION_002,81.86
2026-01-27 08:00:00,STATION_002,70.08
2026-01-27 09:00:00,STATION_002,72.74
2026-01-27 10:00:00,STATION_002,75.88
2026-01-27 11:00:00,STATION_002,70.17
2026-01-27 12:00:00,STATION_002,66.95
2026-01-27 13:00:00,STATION_002,71.51
2026-01-27 14:00:00,STATION_002,81.13
2026-01-27 15:00:00,STATION_002,74.08
2026-01-27 16:00:00,STATION_002,69.97
2026-01-27 17:00:00,STATION_002,70.12
2026-01-27 18:00:00,STATION_002,79.56
2026-01-27 19:00:00,STATION_002,71.66
2026-01-27 20:00:00,STATION_002,77.18
2026-01-27 21:00:00,STATION_002,73.47
2026-01-27 22:00:00,STATION_002,100.0
2026-01-27 23:00:00,STATION_002,62.14
2026-01-28 00:00:00,STATION_002,58.35
2026-01-28 01:00:00,STATION_002,68.37
2026-01-28 02:00:00,STATION_002,88.43
2026-01-28 03:00:00,STATION_002,42.09
2026-01-28 04:00:00,STATION_002,62.04
2026-01-28 05:00:00,STATION_002,61.78
2026-01-28 06:00:00,STATION_002,55.85
2026-01-28 07:00:00,STATION_002,66.98
2026-01-28 08:00:00,STATION_002,71.86
2026-01-28 09:00:00,STATION_002,73.54
2026-01-28 10:00:00,STATION_002,95.71
2026-01-28 11:00:00,STATION_002,67.51
2026-01-28 12:00:00,STATION_002,72.56
2026-01-28 13:00:00,STATION_002,82.94
2026-01-28 14:00:00,STATION_002,69.52
2026-01-28 15:00:00,STATION_002,74.66
2026-01-28 16:00:00,STATION_002,77.16
2026-01-28 17:00:00,STATION_002,78.7
2026-01-28 18:00:00,STATION_002,78.04
2026-01-28 19:00:00,STATION_002,72.21
2026-01-28 21:00:00,STATION_002,83.42
2026-01-28 22:00:00,STATION_002,100.0
2026-01-28 23:00:00,STATION_002,54.85
2026-01-29 00:00:00,STATION_002,58.22
2026-01-29 01:00:00,STATION_002,53.5
2026-01-29 02:00:00,STATION_002,65.46
2026-01-29 03:00:00,STATION_002,52.62
2026-01-29 04:00:00,STATION_002,56.85
2026-01-29 05:00:00,STATION_002,60.98
2026-01-29 06:00:00,STATION_002,60.31
2026-01-29 07:00:00,STATION_002,70.94
2026-01-29 08:00:00,STATION_002,76.53
2026-01-29 09:00:00,STATION_002,68.73
2026-01-29 10:00:00,STATION_002,76.04
2026-01-29 11:00:00,STATION_002,71.38
2026-01-29 12:00:00,STATION_002,68.33
2026-01-29 13:00:00,STATION_002,73.58
2026-01-29 15:00:00,STATION_002,71.15
2026-01-29 16:00:00,STATION_002,78.42
2026-01-29 17:00:00,STATION_002,74.73
2026-01-29 18:00:00,STATION_002,70.1
2026-01-29 19:00:00,STATION_002,73.02
2026-01-29 20:00:00,STATION_002,74.15
2026-01-29 21:00:00,STATION_002,62.97
2026-01-29 22:00:00,STATION_002,67.72
2026-01-29 23:00:00,STATION_002,57.89
2026-01-30 00:00:00,STATION_002,93.09
2026-01-30 01:00:00,STATION_002,56.94
2026-01-30 02:00:00,STATION_002,61.71
2026-01-30 03:00:00,STATION_002,59.7
2026-01-30 04:00:00,STATION_002,55.75
2026-01-30 05:00:00,STATION_002,57.29
2026-01-30 06:00:00,STATION_002,53.25
2026-01-30 07:00:00,STATION_002,83.84
2026-01-30 08:00:00,STATION_002,100.0
2026-01-30 09:00:00,STATION_002,100.0
2026-01-30 10:00:00,STATION_002,79.88
2026-01-30 11:00:00,STATION_002,82.0
2026-01-30 12:00:00,STATION_002,91.51
2026-01-30 13:00:00,STATION_002,73.66
2026-01-30 14:00:00,STATION_002,79.79
2026-01-30 15:00:00,STATION_002,72.09
2026-01-30 16:00:00,STATION_002,75.43
2026-01-30 17:00:00,STATION_002,72.06
2026-01-30 18:00:00,STATION_002,97.58
2026-01-30 19:00:00,STATION_002,83.18
2026-01-30 20:00:00,STATION_002,100.0
2026-01-30 21:00:00,STATION_002,64.35
2026-01-30 22:00:00,STATION_002,75.21
2026-01-30 23:00:00,STATION_002,62.99
2026-01-31 00:00:00,STATION_002,48.13
2026-01-31 01:00:00,STATION_002,92.47
2026-01-31 02:00:00,STATION_002,53.11
2026-01-31 03:00:00,STATION_002,65.41
2026-01-31 04:00:00,STATION_002,54.36
2026-01-31 05:00:00,STATION_002,51.74
2026-01-31 06:00:00,STATION_002,58.52
2026-01-31 07:00:00,STATION_002,72.67
2026-01-31 08:00:00,STATION_002,96.59
2026-01-31 09:00:00,STATION_002,70.31
2026-01-31 10:00:00,STATION_002,66.85
2026-01-31 11:00:00,STATION_002,61.21
2026-01-31 12:00:00,STATION_002,66.07
2026-01-31 13:00:00,STATION_002,100.0
2026-01-31 14:00:00,STATION_002,73.19
2026-01-31 15:00:00,STATION_002,71.29
2026-01-31 16:00:00,STATION_002,72.52
2026-01-31 17:00:00,STATION_002,73.13
2026-01-31 18:00:00,STATION_002,66.27
2026-01-31 19:00:00,STATION_002,66.69
2026-01-31 20:00:00,STATION_002,65.72
2026-01-31 21:00:00,STATION_002,66.94
2026-01-31 22:00:00,STATION_002,69.1
2026-01-31 23:00:00,STATION_002,54.45
2026-02-01 00:00:00,STATION_002,61.58
2026-02-01 01:00:00,STATION_002,56.05
2026-02-01 02:00:00,STATION_002,54.2
2026-02-01 03:00:00,STATION_002,100.0
2026-02-01 05:00:00,STATION_002,50.41
2026-02-01 06:00:00,STATION_002,48.32
2026-02-01 07:00:00,STATION_002,80.68
2026-02-01 08:00:00,STATION_002,78.49
2026-02-01 09:00:00,STATION_002,58.43
2026-02-01 10:00:00,STATION_002,78.2
2026-02-01 11:00:00,STATION_002,64.09
2026-02-01 12:00:00,STATION_002,77.26
2026-02-01 13:00:00,STATION_002,89.38
2026-02-01 14:00:00,STATION_002,70.38
2026-02-01 15:00:00,STATION_002,75.24
2026-02-01 16:00:00,STATION_002,64.77
2026-02-01 17:00:00,STATION_002,69.87
2026-02-01 18:00:00,STATION_002,70.16
2026-02-01 19:00:00,STATION_002,73.45
2026-02-01 20:00:00,STATION_002,71.37
2026-02-01 21:00:00,STATION_002,92.47
2026-02-01 22:00:00,STATION_002,67.61
2026-02-01 23:00:00,STATION_002,49.39
2026-02-02 00:00:00,STATION_002,60.03
2026-02-02 01:00:00,STATION_002,55.99
2026-02-02 02:00:00,STATION_002,64.2
2026-02-02 03:00:00,STATION_002,70.18
2026-02-02 04:00:00,STATION_002,58.09
2026-02-02 05:00:00,STATION_002,67.53
2026-02-02 06:00:00,STATION_002,52.4
2026-02-02 07:00:00,STATION_002,100.0
2026-02-02 08:00:00,STATION_002,71.23
2026-02-02 09:00:00,STATION_002,76.91
2026-02-02 10:00:00,STATION_002,77.05
2026-02-02 11:00:00,STATION_002,96.64
2026-02-02 12:00:00,STATION_002,67.78
2026-02-02 13:00:00,STATION_002,98.86
2026-02-02 14:00:00,STATION_002,73.93
2026-02-02 15:00:00,STATION_002,79.85
2026-02-02 17:00:00,STATION_002,73.11
2026-02-02 18:00:00,STATION_002,78.3
2026-02-02 19:00:00,STATION_002,83.83
2026-02-02 20:00:00,STATION_002,100.0
2026-02-02 21:00:00,STATION_002,79.85
2026-02-02 22:00:00,STATION_002,100.0
2026-02-02 23:00:00,STATION_002,59.23
2026-02-03 01:00:00,STATION_002,62.38
2026-02-03 02:00:00,STATION_002,61.64
2026-02-03 03:00:00,STATION_002,64.76
2026-02-03 04:00:00,STATION_002,95.94
2026-02-03 05:00:00,STATION_002,57.65
2026-02-03 06:00:00,STATION_002,64.77
2026-02-03 07:00:00,STATION_002,79.13
2026-02-03 08:00:00,STATION_002,81.67
2026-02-03 09:00:00,STATION_002,100.0
2026-02-03 10:00:00,STATION_002,78.93
2026-02-03 11:00:00,STATION_002,72.2
2026-02-03 12:00:00,STATION_002,78.8
2026-02-03 13:00:00,STATION_002,66.29
2026-02-03 14:00:00,STATION_002,82.24
2026-02-03 15:00:00,STATION_002,79.69
2026-02-03 16:00:00,STATION_002,99.49
2026-02-03 17:00:00,STATION_002,73.52
2026-02-03 18:00:00,STATION_002,73.63
2026-02-03 19:00:00,STATION_002,79.37
2026-02-03 20:00:00,STATION_002,100.0
2026-02-03 21:00:00,STATION_002,67.61
2026-02-03 22:00:00,STATION_002,78.47
2026-02-03 23:00:00,STATION_002,63.58
2026-02-04 00:00:00,STATION_002,51.35
2026-02-04 01:00:00,STATION_002,66.67
2026-02-04 02:00:00,STATION_002,56.79
2026-02-04 03:00:00,STATION_002,74.12
2026-02-04 04:00:00,STATION_002,60.9
2026-02-04 05:00:00,STATION_002,98.22
2026-02-04 06:00:00,STATION_002,59.26
2026-02-04 07:00:00,STATION_002,100.0
2026-02-04 08:00:00,STATION_002,100.0
2026-02-04 10:00:00,STATION_002,73.94
2026-02-04 11:00:00,STATION_002,82.12
2026-02-04 12:00:00,STATION_002,69.09
2026-02-04 13:00:00,STATION_002,75.15
2026-02-04 14:00:00,STATION_002,76.43
2026-02-04 15:00:00,STATION_002,75.7
2026-02-04 16:00:00,STATION_002,72.28
2026-02-04 17:00:00,STATION_002,73.12
2026-02-04 18:00:00,STATION_002,74.19
2026-02-04 19:00:00,STATION_002,74.87
2026-02-04 20:00:00,STATION_002,100.0
2026-02-04 21:00:00,STATION_002,64.57
2026-02-04 22:00:00,STATION_002,71.13
2026-02-04 23:00:00,STATION_002,69.49
2026-02-05 00:00:00,STATION_002,60.44
2026-02-05 01:00:00,STATION_002,54.82
2026-02-05 02:00:00,STATION_002,89.36
2026-02-05 03:00:00,STATION_002,60.72
2026-02-05 04:00:00,STATION_002,58.91
2026-02-05 05:00:00,STATION_002,61.92
2026-02-05 06:00:00,STATION_002,56.86
2026-02-05 07:00:00,STATION_002,100.0
2026-02-05 08:00:00,STATION_002,71.16
2026-02-05 09:00:00,STATION_002,71.98
2026-02-05 10:00:00,STATION_002,100.0
2026-02-05 11:00:00,STATION_002,62.97
2026-02-05 12:00:00,STATION_002,75.51
2026-02-05 13:00:00,STATION_002,100.0
2026-02-05 14:00:00,STATION_002,72.13
2026-02-05 15:00:00,STATION_002,73.59
2026-02-05 16:00:00,STATION_002,71.86
2026-02-05 17:00:00,STATION_002,100.0
2026-02-05 18:00:00,STATION_002,90.45
2026-02-05 19:00:00,STATION_002,76.4
2026-02-05 20:00:00,STATION_002,77.45
2026-02-05 21:00:00,STATION_002,100.0
2026-02-05 22:00:00,STATION_002,74.77
2026-02-05 23:00:00,STATION_002,53.83
2026-02-06 00:00:00,STATION_002,59.02
2026-02-06 01:00:00,STATION_002,54.79
2026-02-06 02:00:00,STATION_002,57.41
2026-02-06 03:00:00,STATION_002,64.27
2026-02-06 04:00:00,STATION_002,84.98
2026-02-06 05:00:00,STATION_002,61.29
2026-02-06 06:00:00,STATION_002,95.38
2026-02-06 07:00:00,STATION_002,73.41
2026-02-06 08:00:00,STATION_002,76.03
2026-02-06 09:00:00,STATION_002,66.88
2026-02-06 10:00:00,STATION_002,78.49
2026-02-06 11:00:00,STATION_002,70.82
2026-02-06 12:00:00,STATION_002,77.26
2026-02-06 13:00:00,STATION_002,73.22
2026-02-06 14:00:00,STATION_002,68.84
2026-02-06 15:00:00,STATION_002,95.61
2026-02-06 16:00:00,STATION_002,78.39
2026-02-06 17:00:00,STATION_002,75.26
2026-02-06 18:00:00,STATION_002,89.08
2026-02-06 19:00:00,STATION_002,63.05
2026-02-06 20:00:00,STATION_002,84.26
2026-02-06 21:00:00,STATION_002,73.69
2026-02-06 22:00:00,STATION_002,74.98
2026-02-06 23:00:00,STATION_002,57.03
2026-02-07 00:00:00,STATION_002,56.89
2026-02-07 01:00:00,STATION_002,58.48
2026-02-07 02:00:00,STATION_002,54.66
2026-02-07 03:00:00,STATION_002,60.96
2026-02-07 04:00:00,STATION_002,48.54
2026-02-07 05:00:00,STATION_002,56.64
2026-02-07 06:00:00,STATION_002,51.09
2026-02-07 07:00:00,STATION_002,71.3
2026-02-07 08:00:00,STATION_002,79.0
2026-02-07 09:00:00,STATION_002,73.42
2026-02-07 10:00:00,STATION_002,100.0
2026-02-07 11:00:00,STATION_002,72.99
2026-02-07 12:00:00,STATION_002,100.0
2026-02-07 13:00:00,STATION_002,61.63
2026-02-07 14:00:00,STATION_002,93.33
2026-02-07 15:00:00,STATION_002,93.89
2026-02-07 16:00:00,STATION_002,64.48
2026-02-07 17:00:00,STATION_002,100.0
2026-02-07 18:00:00,STATION_002,61.41
2026-02-07 19:00:00,STATION_002,63.99
2026-02-07 20:00:00,STATION_002,62.72
2026-02-07 21:00:00,STATION_002,79.33
2026-02-07 22:00:00,STATION_002,69.7
2026-02-07 23:00:00,STATION_002,61.55
2026-02-08 00:00:00,STATION_002,50.55
2026-02-08 01:00:00,STATION_002,58.14
2026-02-08 02:00:00,STATION_002,50.5
2026-02-08 03:00:00,STATION_002,42.69
2026-02-08 04:00:00,STATION_002,85.86
2026-02-08 05:00:00,STATION_002,61.14
2026-02-08 06:00:00,STATION_002,52.17
2026-02-08 07:00:00,STATION_002,100.0
2026-02-08 08:00:00,STATION_002,66.25
2026-02-08 09:00:00,STATION_002,94.95
2026-02-08 10:00:00,STATION_002,85.21
2026-02-08 11:00:00,STATION_002,76.14
2026-02-08 12:00:00,STATION_002,73.92
2026-02-08 13:00:00,STATION_002,91.71
2026-02-08 14:00:00,STATION_002,73.36
2026-02-08 15:00:00,STATION_002,62.5
2026-02-08 16:00:00,STATION_002,62.61
2026-02-08 17:00:00,STATION_002,78.36
2026-02-08 18:00:00,STATION_002,58.67
2026-02-08 19:00:00,STATION_002,68.25
2026-02-08 20:00:00,STATION_002,63.0
2026-02-08 21:00:00,STATION_002,62.4
2026-02-08 22:00:00,STATION_002,62.14
2026-02-08 23:00:00,STATION_002,60.41
2026-02-09 00:00:00,STATION_002,80.57
2026-02-09 01:00:00,STATION_002,61.56
2026-02-09 02:00:00,STATION_002,50.05
2026-02-09 03:00:00,STATION_002,83.22
2026-02-09 04:00:00,STATION_002,68.36
2026-02-09 05:00:00,STATION_002,55.49
2026-02-09 06:00:00,STATION_002,66.29
2026-02-09 07:00:00,STATION_002,100.0
2026-02-09 08:00:00,STATION_002,80.44
2026-02-09 09:00:00,STATION_002,97.14
2026-02-09 10:00:00,STATION_002,78.23
2026-02-09 11:00:00,STATION_002,69.5
2026-02-09 12:00:00,STATION_002,78.22
2026-02-09 13:00:00,STATION_002,75.41
2026-02-09 14:00:00,STATION_002,78.36
2026-02-09 15:00:00,STATION_002,75.83
2026-02-09 16:00:00,STATION_002,80.9
2026-02-09 17:00:00,STATION_002,77.02
2026-02-09 18:00:00,STATION_002,75.51
2026-02-09 19:00:00,STATION_002,63.43
2026-02-09 20:00:00,STATION_002,81.14
2026-02-09 21:00:00,STATION_002,67.1
2026-02-09 22:00:00,STATION_002,68.4
2026-02-09 23:00:00,STATION_002,85.65
2026-02-10 00:00:00,STATION_002,66.2
2026-02-10 01:00:00,STATION_002,60.0
2026-02-10 02:00:00,STATION_002,54.51
2026-02-10 03:00:00,STATION_002,51.41
2026-02-10 04:00:00,STATION_002,60.67
2026-02-10 05:00:00,STATION_002,56.76
2026-02-10 06:00:00,STATION_002,63.52
2026-02-10 07:00:00,STATION_002,72.36
2026-02-10 08:00:00,STATION_002,83.67
2026-02-10 09:00:00,STATION_002,70.12
2026-02-10 10:00:00,STATION_002,68.3
2026-02-10 11:00:00,STATION_002,73.92
2026-02-10 12:00:00,STATION_002,78.01
2026-02-10 13:00:00,STATION_002,78.98
2026-02-10 14:00:00,STATION_002,100.0
2026-02-10 15:00:00,STATION_002,75.0
2026-02-10 16:00:00,STATION_002,100.0
2026-02-10 17:00:00,STATION_002,73.11
2026-02-10 18:00:00,STATION_002,100.0
2026-02-10 19:00:00,STATION_002,78.12
2026-02-10 20:00:00,STATION_002,70.01
2026-02-10 21:00:00,STATION_002,100.0
2026-02-10 22:00:00,STATION_002,70.85
2026-02-10 23:00:00,STATION_002,68.81
2026-02-11 00:00:00,STATION_002,62.49
2026-02-11 01:00:00,STATION_002,63.77
2026-02-11 02:00:00,STATION_002,89.86
2026-02-11 03:00:00,STATION_002,62.59
2026-02-11 04:00:00,STATION_002,65.76
2026-02-11 05:00:00,STATION_002,53.91
2026-02-11 06:00:00,STATION_002,54.43
2026-02-11 07:00:00,STATION_002,71.85
2026-02-11 08:00:00,STATION_002,73.93
2026-02-11 09:00:00,STATION_002,79.19
2026-02-11 10:00:00,STATION_002,80.7
2026-02-11 11:00:00,STATION_002,70.81
2026-02-11 12:00:00,STATION_002,76.0
2026-02-11 13:00:00,STATION_002,80.47
2026-02-11 14:00:00,STATION_002,85.89
2026-02-11 15:00:00,STATION_002,75.97
2026-02-11 16:00:00,STATION_002,76.25
2026-02-11 17:00:00,STATION_002,77.0
2026-02-11 18:00:00,STATION_002,73.41
2026-02-11 19:00:00,STATION_002,75.58
2026-02-11 20:00:00,STATION_002,65.17
2026-02-11 21:00:00,STATION_002,72.06
2026-02-11 22:00:00,STATION_002,77.51
2026-02-11 23:00:00,STATION_002,55.55
2026-02-12 00:00:00,STATION_002,64.31
2026-02-12 01:00:00,STATION_002,73.74
2026-02-12 02:00:00,STATION_002,96.29
2026-02-12 03:00:00,STATION_002,64.09
2026-02-12 04:00:00,STATION_002,71.01
2026-02-12 05:00:00,STATION_002,87.54
2026-02-12 06:00:00,STATION_002,48.8
2026-02-12 07:00:00,STATION_002,75.03
2026-02-12 08:00:00,STATION_002,78.75
2026-02-12 09:00:00,STATION_002,76.95
2026-02-12 10:00:00,STATION_002,79.98
2026-02-12 11:00:00,STATION_002,75.8
2026-02-12 12:00:00,STATION_002,82.69
2026-02-12 13:00:00,STATION_002,77.4
2026-02-12 14:00:00,STATION_002,96.05
2026-02-12 15:00:00,STATION_002,78.61
2026-02-12 16:00:00,STATION_002,75.9
2026-02-12 17:00:00,STATION_002,73.64
2026-02-12 18:00:00,STATION_002,79.34
2026-02-12 19:00:00,STATION_002,100.0
2026-02-12 20:00:00,STATION_002,78.31
2026-02-12 21:00:00,STATION_002,75.71
2026-02-12 22:00:00,STATION_002,69.64
2026-02-12 23:00:00,STATION_002,66.51
2026-02-13 00:00:00,STATION_002,63.69
2026-02-13 01:00:00,STATION_002,66.4
2026-02-13 02:00:00,STATION_002,88.21
2026-02-13 03:00:00,STATION_002,61.6
2026-02-13 04:00:00,STATION_002,59.52
2026-02-13 05:00:00,STATION_002,58.33
2026-02-13 06:00:00,STATION_002,61.32
2026-02-13 07:00:00,STATION_002,74.8
2026-02-13 08:00:00,STATION_002,74.19
2026-02-13 09:00:00,STATION_002,70.64
2026-02-13 10:00:00,STATION_002,69.28
2026-02-13 11:00:00,STATION_002,100.0
2026-02-13 12:00:00,STATION_002,100.0
2026-02-13 13:00:00,STATION_002,76.15
2026-02-13 14:00:00,STATION_002,70.52
2026-02-13 15:00:00,STATION_002,80.31
2026-02-13 16:00:00,STATION_002,77.67
2026-02-13 17:00:00,STATION_002,71.37
2026-02-13 18:00:00,STATION_002,77.4
2026-02-13 19:00:00,STATION_002,97.02
2026-02-13 20:00:00,STATION_002,70.77
2026-02-13 21:00:00,STATION_002,79.42
2026-02-13 22:00:00,STATION_002,77.31
2026-02-13 23:00:00,STATION_002,79.71
2026-02-14 00:00:00,STATION_002,60.86
2026-02-14 01:00:00,STATION_002,62.49
2026-02-14 02:00:00,STATION_002,56.51
2026-02-14 03:00:00,STATION_002,52.26
2026-02-14 04:00:00,STATION_002,50.99
2026-02-14 05:00:00,STATION_002,49.26
2026-02-14 06:00:00,STATION_002,80.26
2026-02-14 07:00:00,STATION_002,70.11
2026-02-14 08:00:00,STATION_002,59.3
2026-02-14 09:00:00,STATION_002,69.27
2026-02-14 10:00:00,STATION_002,91.33
2026-02-14 11:00:00,STATION_002,71.29
2026-02-14 12:00:00,STATION_002,66.13
2026-02-14 13:00:00,STATION_002,87.49
2026-02-14 14:00:00,STATION_002,66.41
2026-02-14 15:00:00,STATION_002,99.07
2026-02-14 16:00:00,STATION_002,69.21
2026-02-14 17:00:00,STATION_002,65.41
2026-02-14 18:00:00,STATION_002,70.72
2026-02-14 19:00:00,STATION_002,74.36
2026-02-14 20:00:00,STATION_002,77.9
2026-02-14 21:00:00,STATION_002,66.94
2026-02-14 22:00:00,STATION_002,69.19
2026-02-14 23:00:00,STATION_002,57.19
2026-02-15 00:00:00,STATION_002,71.29
2026-02-15 01:00:00,STATION_002,53.02
2026-02-15 02:00:00,STATION_002,66.19
2026-02-15 03:00:00,STATION_002,50.31
2026-02-15 04:00:00,STATION_002,55.97
2026-02-15 05:00:00,STATION_002,60.27
2026-02-15 06:00:00,STATION_002,84.05
2026-02-15 07:00:00,STATION_002,75.84
2026-02-15 08:00:00,STATION_002,75.41
2026-02-15 09:00:00,STATION_002,64.62
2026-02-15 10:00:00,STATION_002,56.44
2026-02-15 11:00:00,STATION_002,69.25
2026-02-15 12:00:00,STATION_002,68.51
2026-02-15 13:00:00,STATION_002,91.18
2026-02-15 14:00:00,STATION_002,96.65
2026-02-15 15:00:00,STATION_002,64.51
2026-02-15 16:00:00,STATION_002,100.0
2026-02-15 17:00:00,STATION_002,74.87
2026-02-15 18:00:00,STATION_002,77.9
2026-02-15 19:00:00,STATION_002,84.75
2026-02-15 20:00:00,STATION_002,74.92
2026-02-15 21:00:00,STATION_002,100.0
2026-02-15 22:00:00,STATION_002,61.97
2026-02-15 23:00:00,STATION_002,50.36
2026-02-16 00:00:00,STATION_002,67.11
2026-02-16 01:00:00,STATION_002,60.08
2026-02-16 02:00:00,STATION_002,62.33
2026-02-16 03:00:00,STATION_002,63.95
2026-02-16 04:00:00,STATION_002,60.97
2026-02-16 05:00:00,STATION_002,64.82
2026-02-16 07:00:00,STATION_002,81.42
2026-02-16 08:00:00,STATION_002,80.1
2026-02-16 09:00:00,STATION_002,83.19
2026-02-16 10:00:00,STATION_002,71.22
2026-02-16 11:00:00,STATION_002,100.0
2026-02-16 12:00:00,STATION_002,70.74
2026-02-16 13:00:00,STATION_002,100.0
2026-02-16 14:00:00,STATION_002,71.98
2026-02-16 15:00:00,STATION_002,77.49
2026-02-16 16:00:00,STATION_002,66.53
2026-02-16 17:00:00,STATION_002,80.03
2026-02-16 18:00:00,STATION_002,93.63
2026-02-16 19:00:00,STATION_002,80.47
2026-02-16 20:00:00,STATION_002,78.79
2026-02-16 21:00:00,STATION_002,76.33
2026-02-16 22:00:00,STATION_002,76.72
2026-02-16 23:00:00,STATION_002,55.06
2026-02-17 01:00:00,STATION_002,90.21
2026-02-17 02:00:00,STATION_002,64.84
2026-02-17 03:00:00,STATION_002,62.47
2026-02-17 04:00:00,STATION_002,89.31
2026-02-17 05:00:00,STATION_002,58.07
2026-02-17 06:00:00,STATION_002,59.61
2026-02-17 07:00:00,STATION_002,72.72
2026-02-17 08:00:00,STATION_002,69.8
2026-02-17 09:00:00,STATION_002,77.11
2026-02-17 10:00:00,STATION_002,79.05
2026-02-17 11:00:00,STATION_002,79.5
2026-02-17 12:00:00,STATION_002,78.33
2026-02-17 13:00:00,STATION_002,69.89
2026-02-17 14:00:00,STATION_002,78.35
2026-02-17 15:00:00,STATION_002,78.33
2026-02-17 16:00:00,STATION_002,77.26
2026-02-17 17:00:00,STATION_002,79.94
2026-02-17 18:00:00,STATION_002,71.39
2026-02-17 19:00:00,STATION_002,73.25
2026-02-17 20:00:00,STATION_002,79.4
2026-02-17 21:00:00,STATION_002,100.0
2026-02-17 22:00:00,STATION_002,65.26
2026-02-17 23:00:00,STATION_002,64.89
2026-02-18 00:00:00,STATION_002,59.66
2026-02-18 01:00:00,STATION_002,60.14
2026-02-18 02:00:00,STATION_002,53.8
2026-02-18 03:00:00,STATION_002,63.04
2026-02-18 04:00:00,STATION_002,71.62
2026-02-18 05:00:00,STATION_002,57.36
2026-02-18 06:00:00,STATION_002,66.17
2026-02-18 07:00:00,STATION_002,74.96
2026-02-18 08:00:00,STATION_002,72.54
2026-02-18 09:00:00,STATION_002,67.94
2026-02-18 10:00:00,STATION_002,81.96
2026-02-18 11:00:00,STATION_002,75.56
2026-02-18 12:00:00,STATION_002,72.78
2026-02-18 13:00:00,STATION_002,73.56
2026-02-18 14:00:00,STATION_002,97.06
2026-02-18 15:00:00,STATION_002,79.65
2026-02-18 16:00:00,STATION_002,72.84
2026-02-18 17:00:00,STATION_002,100.0
2026-02-18 18:00:00,STATION_002,100.0
2026-02-18 19:00:00,STATION_002,78.12
2026-02-18 21:00:00,STATION_002,67.08
2026-02-18 22:00:00,STATION_002,74.93
2026-02-18 23:00:00,STATION_002,58.29
2026-02-19 00:00:00,STATION_002,51.34
2026-02-19 01:00:00,STATION_002,69.51
2026-02-19 02:00:00,STATION_002,64.54
2026-02-19 03:00:00,STATION_002,62.53
2026-02-19 04:00:00,STATION_002,50.96
2026-02-19 05:00:00,STATION_002,65.91
2026-02-19 06:00:00,STATION_002,58.16
2026-02-19 07:00:00,STATION_002,100.0
2026-02-19 08:00:00,STATION_002,74.14
2026-02-19 09:00:00,STATION_002,80.49
2026-02-19 10:00:00,STATION_002,79.53
2026-02-19 11:00:00,STATION_002,98.23
2026-02-19 12:00:00,STATION_002,81.29
2026-02-19 13:00:00,STATION_002,76.68
2026-02-19 14:00:00,STATION_002,68.67
2026-02-19 15:00:00,STATION_002,77.19
2026-02-19 16:00:00,STATION_002,74.99
2026-02-19 17:00:00,STATION_002,82.84
2026-02-19 18:00:00,STATION_002,70.15
2026-02-19 19:00:00,STATION_002,83.64
2026-02-19 20:00:00,STATION_002,71.66
2026-02-19 21:00:00,STATION_002,72.38
2026-02-19 22:00:00,STATION_002,70.61
2026-02-19 23:00:00,STATION_002,61.48
2026-02-20 00:00:00,STATION_002,63.69
2026-02-20 01:00:00,STATION_002,56.47
2026-02-20 02:00:00,STATION_002,67.41
2026-02-20 03:00:00,STATION_002,80.78
2026-02-20 04:00:00,STATION_002,50.98
2026-02-20 05:00:00,STATION_002,92.21
2026-02-20 06:00:00,STATION_002,62.47
2026-02-20 07:00:00,STATION_002,98.87
2026-02-20 08:00:00,STATION_002,69.31
2026-02-20 09:00:00,STATION_002,70.89
2026-02-20 10:00:00,STATION_002,72.25
2026-02-20 11:00:00,STATION_002,77.55
2026-02-20 12:00:00,STATION_002,81.76
2026-02-20 13:00:00,STATION_002,72.67
2026-02-20 14:00:00,STATION_002,89.68
2026-02-20 15:00:00,STATION_002,73.21
2026-02-20 16:00:00,STATION_002,98.56
2026-02-20 17:00:00,STATION_002,73.59
2026-02-20 18:00:00,STATION_002,65.5
2026-02-20 19:00:00,STATION_002,74.36
2026-02-20 21:00:00,STATION_002,91.93
2026-02-20 22:00:00,STATION_002,93.46
2026-02-20 23:00:00,STATION_002,57.69
2026-02-21 00:00:00,STATION_002,43.74
2026-02-21 01:00:00,STATION_002,56.68
2026-02-21 02:00:00,STATION_002,49.51
2026-02-21 03:00:00,STATION_002,51.9
2026-02-21 04:00:00,STATION_002,49.09
2026-02-21 05:00:00,STATION_002,59.98
2026-02-21 06:00:00,STATION_002,81.16
2026-02-21 07:00:00,STATION_002,69.3
2026-02-21 08:00:00,STATION_002,67.18
2026-02-21 09:00:00,STATION_002,92.73
2026-02-21 10:00:00,STATION_002,72.65
2026-02-21 11:00:00,STATION_002,95.05
2026-02-21 12:00:00,STATION_002,84.31
2026-02-21 13:00:00,STATION_002,71.49
2026-02-21 14:00:00,STATION_002,73.07
2026-02-21 15:00:00,STATION_002,71.93
2026-02-21 16:00:00,STATION_002,100.0
2026-02-21 17:00:00,STATION_002,59.86
2026-02-21 18:00:00,STATION_002,91.67
2026-02-21 19:00:00,STATION_002,70.61
2026-02-21 20:00:00,STATION_002,65.74
2026-02-21 21:00:00,STATION_002,70.96
2026-02-21 22:00:00,STATION_002,72.7
2026-02-21 23:00:00,STATION_002,61.11
2026-02-22 00:00:00,STATION_002,46.28
2026-02-22 01:00:00,STATION_002,50.39
2026-02-22 02:00:00,STATION_002,58.99
2026-02-22 03:00:00,STATION_002,55.88
2026-02-22 04:00:00,STATION_002,48.66
2026-02-22 05:00:00,STATION_002,63.93
2026-02-22 06:00:00,STATION_002,55.25
2026-02-22 07:00:00,STATION_002,71.04
2026-02-22 08:00:00,STATION_002,86.64
2026-02-22 09:00:00,STATION_002,77.12
2026-02-22 10:00:00,STATION_002,66.19
2026-02-22 11:00:00,STATION_002,97.3
2026-02-22 12:00:00,STATION_002,70.34
2026-02-22 13:00:00,STATION_002,78.5
2026-02-22 14:00:00,STATION_002,74.48
2026-02-22 15:00:00,STATION_002,61.3
2026-02-22 16:00:00,STATION_002,72.51
2026-02-22 17:00:00,STATION_002,70.06
2026-02-22 18:00:00,STATION_002,95.74
2026-02-22 19:00:00,STATION_002,72.3
2026-02-22 20:00:00,STATION_002,66.57
2026-02-22 21:00:00,STATION_002,74.1
2026-02-22 22:00:00,STATION_002,67.42
2026-02-22 23:00:00,STATION_002,49.88
2026-02-23 00:00:00,STATION_002,51.25
2026-02-23 01:00:00,STATION_002,88.19
2026-02-23 02:00:00,STATION_002,63.7
2026-02-23 03:00:00,STATION_002,57.97
2026-02-23 04:00:00,STATION_002,54.49
2026-02-23 05:00:00,STATION_002,59.93
2026-02-23 06:00:00,STATION_002,56.42
2026-02-23 07:00:00,STATION_002,74.52
2026-02-23 08:00:00,STATION_002,100.0
2026-02-23 09:00:00,STATION_002,80.56
2026-02-23 10:00:00,STATION_002,73.49
2026-02-23 11:00:00,STATION_002,81.73
2026-02-23 12:00:00,STATION_002,74.89
2026-02-23 13:00:00,STATION_002,78.54
2026-02-23 14:00:00,STATION_002,76.09
2026-02-23 15:00:00,STATION_002,81.44
2026-02-23 16:00:00,STATION_002,85.72
2026-02-23 17:00:00,STATION_002,72.65
2026-02-23 18:00:00,STATION_002,100.0
2026-02-23 19:00:00,STATION_002,76.1
2026-02-23 21:00:00,STATION_002,75.22
2026-02-23 22:00:00,STATION_002,73.17
2026-02-23 23:00:00,STATION_002,57.48
2026-02-24 00:00:00,STATION_002,58.46
2026-02-24 01:00:00,STATION_002,67.72
2026-02-24 02:00:00,STATION_002,49.83
2026-02-24 03:00:00,STATION_002,53.79
2026-02-24 04:00:00,STATION_002,54.29
2026-02-24 05:00:00,STATION_002,58.06
2026-02-24 06:00:00,STATION_002,62.61
2026-02-24 07:00:00,STATION_002,61.62
2026-02-24 08:00:00,STATION_002,72.76
2026-02-24 09:00:00,STATION_002,78.26
2026-02-24 10:00:00,STATION_002,79.85
2026-02-24 11:00:00,STATION_002,95.59
2026-02-24 12:00:00,STATION_002,100.0
2026-02-24 13:00:00,STATION_002,78.44
2026-02-24 14:00:00,STATION_002,80.63
2026-02-24 15:00:00,STATION_002,74.21
2026-02-24 16:00:00,STATION_002,75.68
2026-02-24 17:00:00,STATION_002,78.53
2026-02-24 18:00:00,STATION_002,75.31
2026-02-24 19:00:00,STATION_002,66.89
2026-02-24 20:00:00,STATION_002,69.55
2026-02-24 21:00:00,STATION_002,100.0
2026-02-24 22:00:00,STATION_002,72.04
2026-02-24 23:00:00,STATION_002,62.2
2026-02-25 00:00:00,STATION_002,58.03
2026-02-25 01:00:00,STATION_002,90.98
2026-02-25 02:00:00,STATION_002,58.62
2026-02-25 03:00:00,STATION_002,58.3
2026-02-25 04:00:00,STATION_002,90.95
2026-02-25 05:00:00,STATION_002,59.79
2026-02-25 06:00:00,STATION_002,55.73
2026-02-25 07:00:00,STATION_002,71.65
2026-02-25 08:00:00,STATION_002,77.76
2026-02-25 09:00:00,STATION_002,70.32
2026-02-25 10:00:00,STATION_002,76.29
2026-02-25 11:00:00,STATION_002,73.28
2026-02-25 12:00:00,STATION_002,100.0
2026-02-25 13:00:00,STATION_002,100.0
2026-02-25 14:00:00,STATION_002,74.44
2026-02-25 15:00:00,STATION_002,76.5
2026-02-25 16:00:00,STATION_002,79.17
2026-02-25 17:00:00,STATION_002,71.85
2026-02-25 18:00:00,STATION_002,79.32
2026-02-25 19:00:00,STATION_002,61.46
2026-02-25 20:00:00,STATION_002,96.07
2026-02-25 21:00:00,STATION_002,66.35
2026-02-25 22:00:00,STATION_002,72.5
2026-02-25 23:00:00,STATION_002,61.23
2026-02-26 00:00:00,STATION_002,60.72
2026-02-26 01:00:00,STATION_002,59.58
2026-02-26 02:00:00,STATION_002,58.66
2026-02-26 03:00:00,STATION_002,60.87
2026-02-26 04:00:00,STATION_002,62.38
2026-02-26 05:00:00,STATION_002,84.58
2026-02-26 06:00:00,STATION_002,60.08
2026-02-26 07:00:00,STATION_002,75.72
2026-02-26 09:00:00,STATION_002,71.52
2026-02-26 10:00:00,STATION_002,77.37
2026-02-26 11:00:00,STATION_002,100.0
2026-02-26 12:00:00,STATION_002,70.64
2026-02-26 13:00:00,STATION_002,72.06
2026-02-26 14:00:00,STATION_002,69.41
2026-02-26 15:00:00,STATION_002,80.82
2026-02-26 16:00:00,STATION_002,74.6
2026-02-26 17:00:00,STATION_002,79.0
2026-02-26 18:00:00,STATION_002,69.2
2026-02-26 19:00:00,STATION_002,73.72
2026-02-26 20:00:00,STATION_002,74.77
2026-02-26 21:00:00,STATION_002,73.03
2026-02-26 22:00:00,STATION_002,78.65
2026-02-26 23:00:00,STATION_002,89.56
2026-02-27 01:00:00,STATION_002,95.62
2026-02-27 02:00:00,STATION_002,61.12
2026-02-27 03:00:00,STATION_002,64.92
2026-02-27 04:00:00,STATION_002,54.68
2026-02-27 05:00:00,STATION_002,68.31
2026-02-27 06:00:00,STATION_002,53.09
2026-02-27 07:00:00,STATION_002,100.0
2026-02-27 08:00:00,STATION_002,96.14
2026-02-27 09:00:00,STATION_002,67.1
2026-02-27 10:00:00,STATION_002,100.0
2026-02-27 11:00:00,STATION_002,77.55
2026-02-27 12:00:00,STATION_002,79.06
2026-02-27 13:00:00,STATION_002,76.66
2026-02-27 14:00:00,STATION_002,66.45
2026-02-27 15:00:00,STATION_002,73.03
2026-02-27 16:00:00,STATION_002,69.99
2026-02-27 17:00:00,STATION_002,70.39
2026-02-27 18:00:00,STATION_002,100.0
2026-02-27 19:00:00,STATION_002,93.92
2026-02-27 20:00:00,STATION_002,73.68
2026-02-27 21:00:00,STATION_002,76.83
2026-02-27 22:00:00,STATION_002,76.73
2026-02-27 23:00:00,STATION_002,62.46
2026-02-28 00:00:00,STATION_002,59.1
2026-02-28 01:00:00,STATION_002,54.02
2026-02-28 02:00:00,STATION_002,44.38
2026-02-28 03:00:00,STATION_002,57.07
2026-02-28 04:00:00,STATION_002,63.25
2026-02-28 05:00:00,STATION_002,51.85
2026-02-28 06:00:00,STATION_002,43.91
2026-02-28 07:00:00,STATION_002,64.16
2026-02-28 08:00:00,STATION_002,74.36
2026-02-28 09:00:00,STATION_002,71.62
2026-02-28 10:00:00,STATION_002,76.01
2026-02-28 11:00:00,STATION_002,99.11
2026-02-28 12:00:00,STATION_002,67.89
2026-02-28 13:00:00,STATION_002,73.53
2026-02-28 14:00:00,STATION_002,61.89
2026-02-28 15:00:00,STATION_002,66.51
2026-02-28 16:00:00,STATION_002,81.25
2026-02-28 17:00:00,STATION_002,65.46
2026-02-28 18:00:00,STATION_002,61.8
2026-02-28 19:00:00,STATION_002,67.26
2026-02-28 20:00:00,STATION_002,59.63
2026-02-28 21:00:00,STATION_002,91.97
2026-02-28 22:00:00,STATION_002,68.12
2026-02-28 23:00:00,STATION_002,48.48
2026-03-01 00:00:00,STATION_002,50.81
2026-03-01 01:00:00,STATION_002,44.47
2026-03-01 02:00:00,STATION_002,45.18
2026-03-01 03:00:00,STATION_002,75.06
2026-03-01 04:00:00,STATION_002,63.83
2026-03-01 05:00:00,STATION_002,57.51
2026-03-01 06:00:00,STATION_002,54.96
2026-03-01 07:00:00,STATION_002,64.37
2026-03-01 08:00:00,STATION_002,97.09
2026-03-01 09:00:00,STATION_002,66.25
2026-03-01 10:00:00,STATION_002,87.71
2026-03-01 11:00:00,STATION_002,72.31
2026-03-01 12:00:00,STATION_002,61.39
2026-03-01 13:00:00,STATION_002,97.34
2026-03-01 14:00:00,STATION_002,79.36
2026-03-01 15:00:00,STATION_002,65.75
2026-03-01 16:00:00,STATION_002,100.0
2026-03-01 17:00:00,STATION_002,70.51
2026-03-01 18:00:00,STATION_002,73.7
2026-03-01 19:00:00,STATION_002,70.64
2026-03-01 20:00:00,STATION_002,66.06
2026-03-01 21:00:00,STATION_002,65.64
2026-03-01 22:00:00,STATION_002,66.18
2026-03-01 23:00:00,STATION_002,55.03
2026-03-02 00:00:00,STATION_002,64.87
2026-03-02 01:00:00,STATION_002,53.75
2026-03-02 02:00:00,STATION_002,60.45
2026-03-02 03:00:00,STATION_002,66.05
2026-03-02 04:00:00,STATION_002,50.08
2026-03-02 05:00:00,STATION_002,59.77
2026-03-02 06:00:00,STATION_002,64.95
2026-03-02 07:00:00,STATION_002,73.49
2026-03-02 08:00:00,STATION_002,71.98
2026-03-02 09:00:00,STATION_002,69.03
2026-03-02 10:00:00,STATION_002,70.69
2026-03-02 11:00:00,STATION_002,79.23
2026-03-02 12:00:00,STATION_002,74.76
2026-03-02 13:00:00,STATION_002,97.4
2026-03-02 15:00:00,STATION_002,84.03
2026-03-02 16:00:00,STATION_002,96.79
2026-03-02 17:00:00,STATION_002,96.93
2026-03-02 18:00:00,STATION_002,100.0
2026-03-02 19:00:00,STATION_002,71.19
2026-03-02 20:00:00,STATION_002,72.94
2026-03-02 21:00:00,STATION_002,77.71
2026-03-02 22:00:00,STATION_002,73.0
2026-03-02 23:00:00,STATION_002,59.97
2026-03-03 00:00:00,STATION_002,62.86
2026-03-03 01:00:00,STATION_002,88.96
2026-03-03 02:00:00,STATION_002,55.7
2026-03-03 03:00:00,STATION_002,55.55
2026-03-03 04:00:00,STATION_002,56.57
2026-03-03 05:00:00,STATION_002,98.69
2026-03-03 06:00:00,STATION_002,63.98
2026-03-03 07:00:00,STATION_002,84.53
2026-03-03 08:00:00,STATION_002,72.95
2026-03-03 09:00:00,STATION_002,76.15
2026-03-03 10:00:00,STATION_002,72.52
2026-03-03 11:00:00,STATION_002,83.57
2026-03-03 12:00:00,STATION_002,100.0
2026-03-03 13:00:00,STATION_002,69.63
2026-03-03 14:00:00,STATION_002,76.24
2026-03-03 15:00:00,STATION_002,74.95
2026-03-03 17:00:00,STATION_002,94.54
2026-03-03 18:00:00,STATION_002,80.53
2026-03-03 19:00:00,STATION_002,73.43
2026-03-03 20:00:00,STATION_002,78.39
2026-03-03 21:00:00,STATION_002,83.23
2026-03-03 22:00:00,STATION_002,71.81
2026-03-03 23:00:00,STATION_002,58.79
2026-03-04 00:00:00,STATION_002,79.25
2026-03-04 01:00:00,STATION_002,63.51
2026-03-04 02:00:00,STATION_002,52.68
2026-03-04 03:00:00,STATION_002,56.66
2026-03-04 04:00:00,STATION_002,60.47
2026-03-04 05:00:00,STATION_002,69.03
2026-03-04 06:00:00,STATION_002,91.4
2026-03-04 07:00:00,STATION_002,100.0
2026-03-04 08:00:00,STATION_002,77.49
2026-03-04 09:00:00,STATION_002,100.0
2026-03-04 10:00:00,STATION_002,71.23
2026-03-04 11:00:00,STATION_002,100.0
2026-03-04 12:00:00,STATION_002,69.67
2026-03-04 13:00:00,STATION_002,74.74
2026-03-04 14:00:00,STATION_002,100.0
2026-03-04 15:00:00,STATION_002,86.86
2026-03-04 16:00:00,STATION_002,71.41
2026-03-04 17:00:00,STATION_002,83.55
2026-03-04 18:00:00,STATION_002,78.27
2026-03-04 19:00:00,STATION_002,100.0
2026-03-04 20:00:00,STATION_002,100.0
2026-03-04 21:00:00,STATION_002,67.56
2026-03-04 22:00:00,STATION_002,72.5
2026-03-04 23:00:00,STATION_002,59.69
2026-03-05 00:00:00,STATION_002,65.57
2026-03-05 02:00:00,STATION_002,58.58
2026-03-05 03:00:00,STATION_002,57.51
2026-03-05 04:00:00,STATION_002,58.6
2026-03-05 05:00:00,STATION_002,84.81
2026-03-05 06:00:00,STATION_002,63.57
2026-03-05 07:00:00,STATION_002,73.83
2026-03-05 08:00:00,STATION_002,83.04
2026-03-05 09:00:00,STATION_002,81.77
2026-03-05 10:00:00,STATION_002,76.46
2026-03-05 11:00:00,STATION_002,75.16
2026-03-05 12:00:00,STATION_002,73.45
2026-03-05 13:00:00,STATION_002,100.0
2026-03-05 14:00:00,STATION_002,73.93
2026-03-05 15:00:00,STATION_002,81.26
2026-03-05 16:00:00,STATION_002,75.54
2026-03-05 17:00:00,STATION_002,72.85
2026-03-05 18:00:00,STATION_002,83.11
2026-03-05 19:00:00,STATION_002,83.17
2026-03-05 20:00:00,STATION_002,100.0
2026-03-05 21:00:00,STATION_002,72.34
2026-03-05 22:00:00,STATION_002,83.03
2026-03-05 23:00:00,STATION_002,99.52
2026-03-06 00:00:00,STATION_002,58.06
2026-03-06 01:00:00,STATION_002,50.37
2026-03-06 02:00:00,STATION_002,59.0
2026-03-06 03:00:00,STATION_002,62.18
2026-03-06 04:00:00,STATION_002,51.85
2026-03-06 05:00:00,STATION_002,62.78
2026-03-06 06:00:00,STATION_002,82.11
2026-03-06 07:00:00,STATION_002,69.23
2026-03-06 08:00:00,STATION_002,80.25
2026-03-06 09:00:00,STATION_002,76.62
2026-03-06 10:00:00,STATION_002,73.65
2026-03-06 12:00:00,STATION_002,82.68
2026-03-06 13:00:00,STATION_002,77.99
2026-03-06 14:00:00,STATION_002,88.98
2026-03-06 15:00:00,STATION_002,100.0
2026-03-06 16:00:00,STATION_002,81.03
2026-03-06 17:00:00,STATION_002,70.32
2026-03-06 18:00:00,STATION_002,78.66
2026-03-06 19:00:00,STATION_002,81.27
2026-03-06 20:00:00,STATION_002,77.79
2026-03-06 21:00:00,STATION_002,74.22
2026-03-06 22:00:00,STATION_002,71.1
2026-03-06 23:00:00,STATION_002,56.74
2026-03-07 00:00:00,STATION_002,55.69
2026-03-07 01:00:00,STATION_002,45.57
2026-03-07 02:00:00,STATION_002,55.27
2026-03-07 03:00:00,STATION_002,59.33
2026-03-07 04:00:00,STATION_002,47.7
2026-03-07 05:00:00,STATION_002,60.96
2026-03-07 06:00:00,STATION_002,68.55
2026-03-07 07:00:00,STATION_002,69.68
2026-03-07 08:00:00,STATION_002,68.9
2026-03-07 09:00:00,STATION_002,100.0
2026-03-07 10:00:00,STATION_002,100.0
2026-03-07 11:00:00,STATION_002,68.06
2026-03-07 12:00:00,STATION_002,58.16
2026-03-07 13:00:00,STATION_002,71.77
2026-03-07 14:00:00,STATION_002,95.61
2026-03-07 15:00:00,STATION_002,65.41
2026-03-07 16:00:00,STATION_002,69.14
2026-03-07 17:00:00,STATION_002,76.24
2026-03-07 18:00:00,STATION_002,98.49
2026-03-07 19:00:00,STATION_002,98.18
2026-03-07 20:00:00,STATION_002,68.51
2026-03-07 21:00:00,STATION_002,87.7
2026-03-07 22:00:00,STATION_002,70.12
2026-03-07 23:00:00,STATION_002,58.12
2026-03-08 00:00:00,STATION_002,54.63
2026-03-08 01:00:00,STATION_002,54.08
2026-03-08 02:00:00,STATION_002,53.05
2026-03-08 03:00:00,STATION_002,57.58
2026-03-08 04:00:00,STATION_002,52.36
2026-03-08 05:00:00,STATION_002,61.77
2026-03-08 06:00:00,STATION_002,55.17
2026-03-08 07:00:00,STATION_002,83.57
2026-03-08 08:00:00,STATION_002,67.65
2026-03-08 09:00:00,STATION_002,77.66
2026-03-08 10:00:00,STATION_002,74.14
2026-03-08 11:00:00,STATION_002,73.51
2026-03-08 12:00:00,STATION_002,66.98
2026-03-08 13:00:00,STATION_002,64.49
2026-03-08 14:00:00,STATION_002,66.11
2026-03-08 15:00:00,STATION_002,100.0
2026-03-08 16:00:00,STATION_002,72.74
2026-03-08 17:00:00,STATION_002,63.3
2026-03-08 18:00:00,STATION_002,97.94
2026-03-08 19:00:00,STATION_002,79.48
2026-03-08 20:00:00,STATION_002,75.93
2026-03-08 21:00:00,STATION_002,60.54
2026-03-08 22:00:00,STATION_002,66.5
2026-03-08 23:00:00,STATION_002,57.07
2026-03-09 00:00:00,STATION_002,95.82
2026-03-09 01:00:00,STATION_002,55.34
2026-03-09 02:00:00,STATION_002,49.67
2026-03-09 03:00:00,STATION_002,70.61
2026-03-09 04:00:00,STATION_002,60.79
2026-03-09 05:00:00,STATION_002,60.17
2026-03-09 06:00:00,STATION_002,59.59
2026-03-09 07:00:00,STATION_002,79.96
2026-03-09 08:00:00,STATION_002,77.25
2026-03-09 09:00:00,STATION_002,74.48
2026-03-09 10:00:00,STATION_002,75.7
2026-03-09 11:00:00,STATION_002,75.33
2026-03-09 12:00:00,STATION_002,66.28
2026-03-09 13:00:00,STATION_002,75.78
2026-03-09 14:00:00,STATION_002,68.65
2026-03-09 15:00:00,STATION_002,80.77
2026-03-09 16:00:00,STATION_002,68.55
2026-03-09 17:00:00,STATION_002,72.97
2026-03-09 18:00:00,STATION_002,72.04
2026-03-09 19:00:00,STATION_002,82.78
2026-03-09 20:00:00,STATION_002,80.53
2026-03-09 21:00:00,STATION_002,63.63
2026-03-09 22:00:00,STATION_002,74.94
2026-03-09 23:00:00,STATION_002,54.4
2026-03-10 00:00:00,STATION_002,100.0
2026-03-10 01:00:00,STATION_002,65.39
2026-03-10 02:00:00,STATION_002,66.31
2026-03-10 03:00:00,STATION_002,63.23
2026-03-10 04:00:00,STATION_002,61.59
2026-03-10 05:00:00,STATION_002,61.44
2026-03-10 06:00:00,STATION_002,55.02
2026-03-10 07:00:00,STATION_002,70.34
2026-03-10 08:00:00,STATION_002,91.87
2026-03-10 10:00:00,STATION_002,74.41
2026-03-10 11:00:00,STATION_002,75.08
2026-03-10 12:00:00,STATION_002,76.68
2026-03-10 13:00:00,STATION_002,71.31
2026-03-10 14:00:00,STATION_002,78.6
2026-03-10 15:00:00,STATION_002,84.1
2026-03-10 16:00:00,STATION_002,72.08
2026-03-10 17:00:00,STATION_002,87.26
2026-03-10 18:00:00,STATION_002,100.0
2026-03-10 19:00:00,STATION_002,78.26
2026-03-10 20:00:00,STATION_002,73.38
2026-03-10 21:00:00,STATION_002,74.67
2026-03-10 22:00:00,STATION_002,79.36
2026-03-10 23:00:00,STATION_002,72.13
2026-03-11 00:00:00,STATION_002,59.19
2026-03-11 01:00:00,STATION_002,63.54
2026-03-11 02:00:00,STATION_002,59.13
2026-03-11 03:00:00,STATION_002,100.0
2026-03-11 04:00:00,STATION_002,56.13
2026-03-11 05:00:00,STATION_002,88.35
2026-03-11 06:00:00,STATION_002,54.56
2026-03-11 07:00:00,STATION_002,81.25
2026-03-11 08:00:00,STATION_002,74.65
2026-03-11 09:00:00,STATION_002,84.46
2026-03-11 10:00:00,STATION_002,68.06
2026-03-11 11:00:00,STATION_002,73.85
2026-03-11 12:00:00,STATION_002,100.0
2026-03-11 13:00:00,STATION_002,69.71
2026-03-11 15:00:00,STATION_002,72.43
2026-03-11 16:00:00,STATION_002,100.0
2026-03-11 17:00:00,STATION_002,75.37
2026-03-11 18:00:00,STATION_002,74.79
2026-03-11 19:00:00,STATION_002,74.53
2026-03-11 20:00:00,STATION_002,100.0
2026-03-11 21:00:00,STATION_002,65.27
2026-03-11 23:00:00,STATION_002,66.22
2026-03-12 00:00:00,STATION_002,63.18
2026-03-12 01:00:00,STATION_002,59.41
2026-03-12 02:00:00,STATION_002,96.21
2026-03-12 03:00:00,STATION_002,67.35
2026-03-12 04:00:00,STATION_002,60.33
2026-03-12 05:00:00,STATION_002,52.36
2026-03-12 07:00:00,STATION_002,75.45
2026-03-12 08:00:00,STATION_002,73.64
2026-03-12 09:00:00,STATION_002,72.68
2026-03-12 10:00:00,STATION_002,83.37
2026-03-12 11:00:00,STATION_002,98.96
2026-03-12 12:00:00,STATION_002,72.74
2026-03-12 13:00:00,STATION_002,69.91
2026-03-12 14:00:00,STATION_002,70.5
2026-03-12 15:00:00,STATION_002,82.1
2026-03-12 16:00:00,STATION_002,100.0
2026-03-12 17:00:00,STATION_002,68.65
2026-03-12 18:00:00,STATION_002,76.35
2026-03-12 19:00:00,STATION_002,79.47
2026-03-12 20:00:00,STATION_002,71.91
2026-03-12 21:00:00,STATION_002,69.45
2026-03-12 22:00:00,STATION_002,73.32
2026-03-12 23:00:00,STATION_002,67.61
2026-03-13 00:00:00,STATION_002,62.81
2026-03-13 01:00:00,STATION_002,53.88
2026-03-13 02:00:00,STATION_002,69.91
2026-03-13 03:00:00,STATION_002,57.78
2026-03-13 04:00:00,STATION_002,61.87
2026-03-13 05:00:00,STATION_002,64.51
2026-03-13 06:00:00,STATION_002,83.97
2026-03-13 07:00:00,STATION_002,100.0
2026-03-13 08:00:00,STATION_002,76.07
2026-03-13 09:00:00,STATION_002,73.98
2026-03-13 10:00:00,STATION_002,73.52
2026-03-13 11:00:00,STATION_002,81.03
2026-03-13 12:00:00,STATION_002,91.38
2026-03-13 13:00:00,STATION_002,77.7
2026-03-13 14:00:00,STATION_002,82.04
2026-03-13 15:00:00,STATION_002,77.04
2026-03-13 16:00:00,STATION_002,100.0
2026-03-13 17:00:00,STATION_002,74.08
2026-03-13 18:00:00,STATION_002,73.12
2026-03-13 19:00:00,STATION_002,100.0
2026-03-13 20:00:00,STATION_002,78.15
2026-03-13 21:00:00,STATION_002,63.79
2026-03-13 22:00:00,STATION_002,73.62
2026-03-13 23:00:00,STATION_002,51.47
2026-03-14 00:00:00,STATION_002,51.15
2026-03-14 01:00:00,STATION_002,82.31
2026-03-14 02:00:00,STATION_002,52.86
2026-03-14 03:00:00,STATION_002,54.95
2026-03-14 04:00:00,STATION_002,46.03
2026-03-14 05:00:00,STATION_002,57.7
2026-03-14 06:00:00,STATION_002,56.01
2026-03-14 07:00:00,STATION_002,62.22
2026-03-14 08:00:00,STATION_002,72.31
2026-03-14 09:00:00,STATION_002,65.38
2026-03-14 10:00:00,STATION_002,97.81
2026-03-14 11:00:00,STATION_002,66.52
2026-03-14 12:00:00,STATION_002,74.04
2026-03-14 13:00:00,STATION_002,70.17
2026-03-14 14:00:00,STATION_002,72.83
2026-03-14 15:00:00,STATION_002,69.38
2026-03-14 16:00:00,STATION_002,68.85
2026-03-14 17:00:00,STATION_002,75.84
2026-03-14 18:00:00,STATION_002,72.97
2026-03-14 19:00:00,STATION_002,65.4
2026-03-14 20:00:00,STATION_002,75.24
2026-03-14 21:00:00,STATION_002,65.27
2026-03-14 22:00:00,STATION_002,97.64
2026-03-14 23:00:00,STATION_002,48.26
2026-03-15 00:00:00,STATION_002,84.72
2026-03-15 01:00:00,STATION_002,60.91
2026-03-15 02:00:00,STATION_002,49.96
2026-03-15 03:00:00,STATION_002,56.8
2026-03-15 04:00:00,STATION_002,51.55
2026-03-15 05:00:00,STATION_002,47.99
2026-03-15 06:00:00,STATION_002,61.44
2026-03-15 07:00:00,STATION_002,95.48
2026-03-15 08:00:00,STATION_002,58.77
2026-03-15 09:00:00,STATION_002,70.98
2026-03-15 10:00:00,STATION_002,68.87
2026-03-15 11:00:00,STATION_002,71.48
2026-03-15 12:00:00,STATION_002,67.21
2026-03-15 14:00:00,STATION_002,70.11
2026-03-15 15:00:00,STATION_002,83.84
2026-03-15 16:00:00,STATION_002,67.42
2026-03-15 17:00:00,STATION_002,80.62
2026-03-15 18:00:00,STATION_002,78.63
2026-03-15 19:00:00,STATION_002,70.61
2026-03-15 20:00:00,STATION_002,66.66
2026-03-15 21:00:00,STATION_002,87.93
2026-03-15 22:00:00,STATION_002,70.8
2026-03-15 23:00:00,STATION_002,48.9
2026-03-16 00:00:00,STATION_002,84.59
2026-03-16 01:00:00,STATION_002,62.34
2026-03-16 02:00:00,STATION_002,48.11
2026-03-16 03:00:00,STATION_002,63.35
2026-03-16 04:00:00,STATION_002,60.88
2026-03-16 05:00:00,STATION_002,89.17
2026-03-16 06:00:00,STATION_002,59.07
2026-03-16 07:00:00,STATION_002,77.95
2026-03-16 08:00:00,STATION_002,85.13
2026-03-16 09:00:00,STATION_002,70.54
2026-03-16 10:00:00,STATION_002,100.0
2026-03-16 11:00:00,STATION_002,69.62
2026-03-16 12:00:00,STATION_002,71.32
2026-03-16 13:00:00,STATION_002,93.95
2026-03-16 14:00:00,STATION_002,81.95
2026-03-16 15:00:00,STATION_002,81.58
2026-03-16 16:00:00,STATION_002,100.0
2026-03-16 17:00:00,STATION_002,83.4
2026-03-16 18:00:00,STATION_002,94.04
2026-03-16 19:00:00,STATION_002,78.19
2026-03-16 20:00:00,STATION_002,74.95
2026-03-16 21:00:00,STATION_002,79.96
2026-03-16 22:00:00,STATION_002,74.3
2026-03-16 23:00:00,STATION_002,57.37
2026-03-17 00:00:00,STATION_002,56.38
2026-03-17 01:00:00,STATION_002,55.52
2026-03-17 02:00:00,STATION_002,80.22
2026-03-17 03:00:00,STATION_002,53.88
2026-03-17 04:00:00,STATION_002,54.57
2026-03-17 05:00:00,STATION_002,60.15
2026-03-17 06:00:00,STATION_002,56.33
2026-03-17 07:00:00,STATION_002,68.0
2026-03-17 08:00:00,STATION_002,72.19
2026-03-17 09:00:00,STATION_002,99.44
2026-03-17 10:00:00,STATION_002,75.62
2026-03-17 11:00:00,STATION_002,73.15
2026-03-17 12:00:00,STATION_002,67.73
2026-03-17 13:00:00,STATION_002,74.84
2026-03-17 14:00:00,STATION_002,76.85
2026-03-17 15:00:00,STATION_002,100.0
2026-03-17 16:00:00,STATION_002,76.98
2026-03-17 17:00:00,STATION_002,75.85
2026-03-17 18:00:00,STATION_002,71.22
2026-03-17 19:00:00,STATION_002,74.49
2026-03-17 20:00:00,STATION_002,67.14
2026-03-17 21:00:00,STATION_002,69.74
2026-03-17 22:00:00,STATION_002,74.36
2026-03-17 23:00:00,STATION_002,57.45
2026-03-18 00:00:00,STATION_002,61.53
2026-03-18 01:00:00,STATION_002,56.34
2026-03-18 02:00:00,STATION_002,58.12
2026-03-18 03:00:00,STATION_002,59.76
2026-03-18 04:00:00,STATION_002,55.96
2026-03-18 05:00:00,STATION_002,58.04
2026-03-18 06:00:00,STATION_002,60.81
2026-03-18 07:00:00,STATION_002,82.48
2026-03-18 08:00:00,STATION_002,70.99
2026-03-18 09:00:00,STATION_002,72.48
2026-03-18 10:00:00,STATION_002,88.61
2026-03-18 11:00:00,STATION_002,79.22
2026-03-18 12:00:00,STATION_002,80.51
2026-03-18 13:00:00,STATION_002,77.46
2026-03-18 14:00:00,STATION_002,80.36
2026-03-18 15:00:00,STATION_002,94.02
2026-03-18 16:00:00,STATION_002,73.83
2026-03-18 17:00:00,STATION_002,82.38
2026-03-18 18:00:00,STATION_002,73.32
2026-03-18 19:00:00,STATION_002,69.39
2026-03-18 20:00:00,STATION_002,75.07
2026-03-18 21:00:00,STATION_002,71.16
2026-03-18 22:00:00,STATION_002,76.09
2026-03-18 23:00:00,STATION_002,66.49
2026-03-19 00:00:00,STATION_002,55.63
2026-03-19 01:00:00,STATION_002,52.44
2026-03-19 02:00:00,STATION_002,49.74
2026-03-19 03:00:00,STATION_002,54.1
2026-03-19 04:00:00,STATION_002,52.39
2026-03-19 05:00:00,STATION_002,61.47
2026-03-19 06:00:00,STATION_002,62.86
2026-03-19 07:00:00,STATION_002,78.14
2026-03-19 08:00:00,STATION_002,72.14
2026-03-19 09:00:00,STATION_002,80.58
2026-03-19 10:00:00,STATION_002,100.0
2026-03-19 11:00:00,STATION_002,64.93
2026-03-19 12:00:00,STATION_002,70.81
2026-03-19 13:00:00,STATION_002,71.29
2026-03-19 14:00:00,STATION_002,71.49
2026-03-19 15:00:00,STATION_002,70.62
2026-03-19 16:00:00,STATION_002,73.92
2026-03-19 17:00:00,STATION_002,82.71
2026-03-19 18:00:00,STATION_002,72.5
2026-03-19 19:00:00,STATION_002,77.72
2026-03-19 20:00:00,STATION_002,96.07
2026-03-19 21:00:00,STATION_002,83.26
2026-03-19 22:00:00,STATION_002,83.04
2026-03-19 23:00:00,STATION_002,89.19
2026-03-20 00:00:00,STATION_002,62.22
2026-03-20 01:00:00,STATION_002,64.25
2026-03-20 03:00:00,STATION_002,98.96
2026-03-20 04:00:00,STATION_002,59.9
2026-03-20 05:00:00,STATION_002,55.11
2026-03-20 06:00:00,STATION_002,55.47
2026-03-20 07:00:00,STATION_002,70.94
2026-03-20 08:00:00,STATION_002,78.77
2026-03-20 09:00:00,STATION_002,100.0
2026-03-20 10:00:00,STATION_002,73.76
2026-03-20 11:00:00,STATION_002,76.67
2026-03-20 12:00:00,STATION_002,71.43
2026-03-20 13:00:00,STATION_002,80.89
2026-03-20 14:00:00,STATION_002,74.14
2026-03-20 15:00:00,STATION_002,82.19
2026-03-20 16:00:00,STATION_002,83.19
2026-03-20 17:00:00,STATION_002,67.84
2026-03-20 18:00:00,STATION_002,76.86
2026-03-20 19:00:00,STATION_002,75.83
2026-03-20 20:00:00,STATION_002,72.98
2026-03-20 21:00:00,STATION_002,75.01
2026-03-20 22:00:00,STATION_002,88.55
2026-03-20 23:00:00,STATION_002,62.6
2026-03-21 01:00:00,STATION_002,54.3
2026-03-21 02:00:00,STATION_002,56.93
2026-03-21 03:00:00,STATION_002,50.95
2026-03-21 04:00:00,STATION_002,58.65
2026-03-21 05:00:00,STATION_002,61.96
2026-03-21 06:00:00,STATION_002,59.05
2026-03-21 07:00:00,STATION_002,66.38
2026-03-21 08:00:00,STATION_002,65.22
2026-03-21 09:00:00,STATION_002,81.59
2026-03-21 10:00:00,STATION_002,76.57
2026-03-21 11:00:00,STATION_002,73.57
2026-03-21 12:00:00,STATION_002,77.34
2026-03-21 13:00:00,STATION_002,69.85
2026-03-21 14:00:00,STATION_002,73.47
2026-03-21 15:00:00,STATION_002,75.83
2026-03-21 16:00:00,STATION_002,68.55
2026-03-21 18:00:00,STATION_002,75.2
2026-03-21 19:00:00,STATION_002,91.01
2026-03-21 20:00:00,STATION_002,76.04
2026-03-21 21:00:00,STATION_002,61.22
2026-03-21 22:00:00,STATION_002,75.37
2026-03-21 23:00:00,STATION_002,56.09
2026-03-22 00:00:00,STATION_002,78.78
2026-03-22 01:00:00,STATION_002,52.75
2026-03-22 02:00:00,STATION_002,48.3
2026-03-22 03:00:00,STATION_002,53.4
2026-03-22 04:00:00,STATION_002,55.72
2026-03-22 05:00:00,STATION_002,45.83
2026-03-22 06:00:00,STATION_002,51.02
2026-03-22 07:00:00,STATION_002,96.54
2026-03-22 08:00:00,STATION_002,59.48
2026-03-22 09:00:00,STATION_002,77.47
2026-03-22 10:00:00,STATION_002,73.61
2026-03-22 11:00:00,STATION_002,71.6
2026-03-22 12:00:00,STATION_002,75.24
2026-03-22 13:00:00,STATION_002,97.25
2026-03-22 14:00:00,STATION_002,67.53
2026-03-22 15:00:00,STATION_002,71.42
2026-03-22 16:00:00,STATION_002,69.71
2026-03-22 17:00:00,STATION_002,97.27
2026-03-22 18:00:00,STATION_002,75.43
2026-03-22 19:00:00,STATION_002,90.82
2026-03-22 20:00:00,STATION_002,89.92
2026-03-22 21:00:00,STATION_002,80.97
2026-03-22 23:00:00,STATION_002,52.76
2026-03-23 00:00:00,STATION_002,67.96
2026-03-23 01:00:00,STATION_002,67.33
2026-03-23 02:00:00,STATION_002,85.58
2026-03-23 03:00:00,STATION_002,82.95
2026-03-23 04:00:00,STATION_002,91.01
2026-03-23 05:00:00,STATION_002,61.85
2026-03-23 06:00:00,STATION_002,53.68
2026-03-23 07:00:00,STATION_002,79.84
2026-03-23 08:00:00,STATION_002,75.44
2026-03-23 09:00:00,STATION_002,66.21
2026-03-23 10:00:00,STATION_002,69.85
2026-03-23 11:00:00,STATION_002,82.88
2026-03-23 12:00:00,STATION_002,81.37
2026-03-23 13:00:00,STATION_002,71.04
2026-03-23 14:00:00,STATION_002,77.39
2026-03-23 15:00:00,STATION_002,67.78
2026-03-23 16:00:00,STATION_002,72.55
2026-03-23 17:00:00,STATION_002,89.93
2026-03-23 18:00:00,STATION_002,76.49
2026-03-23 19:00:00,STATION_002,93.68
2026-03-23 20:00:00,STATION_002,68.4
2026-03-23 21:00:00,STATION_002,73.81
2026-03-23 22:00:00,STATION_002,75.71
2026-03-23 23:00:00,STATION_002,62.38
2026-03-24 00:00:00,STATION_002,62.92
2026-03-24 01:00:00,STATION_002,58.66
2026-03-24 02:00:00,STATION_002,54.03
2026-03-24 03:00:00,STATION_002,87.17
2026-03-24 04:00:00,STATION_002,58.34
2026-03-24 05:00:00,STATION_002,49.95
2026-03-24 06:00:00,STATION_002,86.16
2026-03-24 07:00:00,STATION_002,72.57
2026-03-24 08:00:00,STATION_002,76.94
2026-03-24 09:00:00,STATION_002,69.13
2026-03-24 10:00:00,STATION_002,75.43
2026-03-24 11:00:00,STATION_002,73.61
2026-03-24 12:00:00,STATION_002,76.68
2026-03-24 13:00:00,STATION_002,77.82
2026-03-24 14:00:00,STATION_002,73.31
2026-03-24 15:00:00,STATION_002,98.61
2026-03-24 16:00:00,STATION_002,95.46
2026-03-24 17:00:00,STATION_002,77.34
2026-03-24 18:00:00,STATION_002,81.55
2026-03-24 19:00:00,STATION_002,100.0
2026-03-24 20:00:00,STATION_002,76.5
2026-03-24 21:00:00,STATION_002,78.71
2026-03-24 22:00:00,STATION_002,77.63
2026-03-24 23:00:00,STATION_002,85.1
2026-03-25 00:00:00,STATION_002,91.03
2026-03-25 01:00:00,STATION_002,61.69
2026-03-25 02:00:00,STATION_002,64.55
2026-03-25 03:00:00,STATION_002,59.55
2026-03-25 04:00:00,STATION_002,46.5
2026-03-25 05:00:00,STATION_002,54.11
2026-03-25 06:00:00,STATION_002,54.37
2026-03-25 07:00:00,STATION_002,99.48
2026-03-25 08:00:00,STATION_002,77.06
2026-03-25 09:00:00,STATION_002,70.29
2026-03-25 10:00:00,STATION_002,79.88
2026-03-25 11:00:00,STATION_002,75.04
2026-03-25 12:00:00,STATION_002,67.92
2026-03-25 13:00:00,STATION_002,79.89
2026-03-25 14:00:00,STATION_002,73.65
2026-03-25 15:00:00,STATION_002,100.0
2026-03-25 16:00:00,STATION_002,84.87
2026-03-25 17:00:00,STATION_002,78.61
2026-03-25 18:00:00,STATION_002,100.0
2026-03-25 19:00:00,STATION_002,83.19
2026-03-25 20:00:00,STATION_002,72.2
2026-03-25 21:00:00,STATION_002,72.7
2026-03-25 22:00:00,STATION_002,72.98
2026-03-25 23:00:00,STATION_002,65.66
2026-03-26 00:00:00,STATION_002,56.73
2026-03-26 01:00:00,STATION_002,57.45
2026-03-26 03:00:00,STATION_002,63.62
2026-03-26 04:00:00,STATION_002,55.36
2026-03-26 06:00:00,STATION_002,86.0
2026-03-26 07:00:00,STATION_002,74.91
2026-03-26 08:00:00,STATION_002,100.0
2026-03-26 09:00:00,STATION_002,96.98
2026-03-26 10:00:00,STATION_002,73.19
2026-03-26 11:00:00,STATION_002,75.93
2026-03-26 12:00:00,STATION_002,76.59
2026-03-26 13:00:00,STATION_002,80.48
2026-03-26 15:00:00,STATION_002,68.41
2026-03-26 16:00:00,STATION_002,96.85
2026-03-26 17:00:00,STATION_002,70.82
2026-03-26 18:00:00,STATION_002,74.83
2026-03-26 19:00:00,STATION_002,72.48
2026-03-26 20:00:00,STATION_002,81.39
2026-03-26 21:00:00,STATION_002,77.85
2026-03-26 23:00:00,STATION_002,65.15
2026-03-27 00:00:00,STATION_002,59.43
2026-03-27 01:00:00,STATION_002,59.72
2026-03-27 02:00:00,STATION_002,56.34
2026-03-27 03:00:00,STATION_002,56.3
2026-03-27 04:00:00,STATION_002,70.6
2026-03-27 05:00:00,STATION_002,64.89
2026-03-27 06:00:00,STATION_002,50.94
2026-03-27 07:00:00,STATION_002,70.25
2026-03-27 08:00:00,STATION_002,69.29
2026-03-27 09:00:00,STATION_002,75.3
2026-03-27 10:00:00,STATION_002,72.93
2026-03-27 11:00:00,STATION_002,82.51
2026-03-27 12:00:00,STATION_002,73.37
2026-03-27 13:00:00,STATION_002,84.93
2026-03-27 14:00:00,STATION_002,74.58
2026-03-27 15:00:00,STATION_002,86.27
2026-03-27 16:00:00,STATION_002,73.99
2026-03-27 17:00:00,STATION_002,74.08
2026-03-27 18:00:00,STATION_002,79.77
2026-03-27 19:00:00,STATION_002,78.95
2026-03-27 20:00:00,STATION_002,68.53
2026-03-27 21:00:00,STATION_002,75.42
2026-03-27 22:00:00,STATION_002,72.88
2026-03-27 23:00:00,STATION_002,57.55
2026-03-28 00:00:00,STATION_002,55.4
2026-03-28 01:00:00,STATION_002,53.56
2026-03-28 02:00:00,STATION_002,55.92
2026-03-28 03:00:00,STATION_002,50.04
2026-03-28 04:00:00,STATION_002,47.48
2026-03-28 05:00:00,STATION_002,59.98
2026-03-28 06:00:00,STATION_002,94.24
2026-03-28 07:00:00,STATION_002,72.0
2026-03-28 08:00:00,STATION_002,70.45
2026-03-28 09:00:00,STATION_002,61.41
2026-03-28 10:00:00,STATION_002,77.1
2026-03-28 11:00:00,STATION_002,69.38
2026-03-28 12:00:00,STATION_002,74.87
2026-03-28 13:00:00,STATION_002,67.54
2026-03-28 14:00:00,STATION_002,69.36
2026-03-28 15:00:00,STATION_002,62.58
2026-03-28 16:00:00,STATION_002,73.3
2026-03-28 17:00:00,STATION_002,98.08
2026-03-28 18:00:00,STATION_002,75.77
2026-03-28 19:00:00,STATION_002,75.81
2026-03-28 20:00:00,STATION_002,58.02
2026-03-28 21:00:00,STATION_002,66.61
2026-03-28 22:00:00,STATION_002,64.21
2026-03-28 23:00:00,STATION_002,45.1
2026-03-29 00:00:00,STATION_002,100.0
2026-03-29 01:00:00,STATION_002,53.14
2026-03-29 02:00:00,STATION_002,45.37
2026-03-29 03:00:00,STATION_002,47.59
2026-03-29 04:00:00,STATION_002,54.14
2026-03-29 05:00:00,STATION_002,79.6
2026-03-29 06:00:00,STATION_002,81.92
2026-03-29 07:00:00,STATION_002,80.12
2026-03-29 08:00:00,STATION_002,67.88
2026-03-29 09:00:00,STATION_002,69.34
2026-03-29 10:00:00,STATION_002,68.99
2026-03-29 11:00:00,STATION_002,70.87
2026-03-29 12:00:00,STATION_002,72.34
2026-03-29 13:00:00,STATION_002,71.29
2026-03-29 14:00:00,STATION_002,70.5
2026-03-29 15:00:00,STATION_002,68.93
2026-03-29 16:00:00,STATION_002,73.64
2026-03-29 17:00:00,STATION_002,65.1
2026-03-29 18:00:00,STATION_002,67.53
2026-03-29 19:00:00,STATION_002,62.59
2026-03-29 20:00:00,STATION_002,71.94
2026-03-29 21:00:00,STATION_002,73.41
2026-03-29 22:00:00,STATION_002,100.0
2026-03-29 23:00:00,STATION_002,52.28
2026-03-30 00:00:00,STATION_002,64.63
2026-03-30 01:00:00,STATION_002,86.55
2026-03-30 02:00:00,STATION_002,89.86
2026-03-30 03:00:00,STATION_002,64.39
2026-03-30 04:00:00,STATION_002,51.16
2026-03-30 05:00:00,STATION_002,74.96
2026-03-30 06:00:00,STATION_002,56.23
2026-03-30 08:00:00,STATION_002,76.31
2026-03-30 09:00:00,STATION_002,71.08
2026-03-30 10:00:00,STATION_002,72.65
2026-03-30 11:00:00,STATION_002,80.61
2026-03-30 12:00:00,STATION_002,78.79
2026-03-30 13:00:00,STATION_002,73.74
2026-03-30 14:00:00,STATION_002,74.99
2026-03-30 16:00:00,STATION_002,77.79
2026-03-30 17:00:00,STATION_002,78.16
2026-03-30 18:00:00,STATION_002,78.02
2026-03-30 19:00:00,STATION_002,72.95
2026-03-30 20:00:00,STATION_002,75.54
2026-03-30 21:00:00,STATION_002,79.99
2026-03-30 22:00:00,STATION_002,86.03
2026-03-30 23:00:00,STATION_002,60.4
2026-03-31 00:00:00,STATION_002,57.3
2026-03-31 01:00:00,STATION_002,55.99
2026-03-31 02:00:00,STATION_002,63.06
2026-03-31 03:00:00,STATION_002,52.2
2026-03-31 04:00:00,STATION_002,63.11
2026-03-31 05:00:00,STATION_002,63.21
2026-03-31 06:00:00,STATION_002,57.47
2026-03-31 07:00:00,STATION_002,76.2
2026-03-31 08:00:00,STATION_002,73.9
2026-03-31 09:00:00,STATION_002,68.34
2026-03-31 10:00:00,STATION_002,77.72
2026-03-31 11:00:00,STATION_002,77.25
2026-03-31 12:00:00,STATION_002,72.84
2026-03-31 13:00:00,STATION_002,85.93
2026-03-31 14:00:00,STATION_002,75.03
2026-03-31 15:00:00,STATION_002,65.76
2026-03-31 16:00:00,STATION_002,80.28
2026-03-31 17:00:00,STATION_002,78.94
2026-03-31 18:00:00,STATION_002,79.57
2026-03-31 19:00:00,STATION_002,70.06
2026-03-31 20:00:00,STATION_002,76.06
2026-03-31 21:00:00,STATION_002,74.95
2026-03-31 22:00:00,STATION_002,74.13
2026-03-31 23:00:00,STATION_002,66.69
2026-01-01 00:00:00,STATION_003,60.1
2026-01-01 01:00:00,STATION_003,58.0
2026-01-01 02:00:00,STATION_003,57.95
2026-01-01 03:00:00,STATION_003,54.72
2026-01-01 04:00:00,STATION_003,60.57
2026-01-01 05:00:00,STATION_003,67.14
2026-01-01 06:00:00,STATION_003,58.38
2026-01-01 08:00:00,STATION_003,74.05
2026-01-01 09:00:00,STATION_003,74.57
2026-01-01 10:00:00,STATION_003,79.18
2026-01-01 11:00:00,STATION_003,69.66
2026-01-01 12:00:00,STATION_003,67.62
2026-01-01 13:00:00,STATION_003,80.29
2026-01-01 14:00:00,STATION_003,100.0
2026-01-01 15:00:00,STATION_003,69.98
2026-01-01 16:00:00,STATION_003,66.75
2026-01-01 17:00:00,STATION_003,99.24
2026-01-01 18:00:00,STATION_003,100.0
2026-01-01 19:00:00,STATION_003,71.85
2026-01-01 20:00:00,STATION_003,84.21
2026-01-01 21:00:00,STATION_003,75.56
2026-01-01 22:00:00,STATION_003,100.0
2026-01-01 23:00:00,STATION_003,50.47
2026-01-02 00:00:00,STATION_003,64.02
2026-01-02 01:00:00,STATION_003,70.95
2026-01-02 02:00:00,STATION_003,69.87
2026-01-02 03:00:00,STATION_003,61.89
2026-01-02 04:00:00,STATION_003,67.27
2026-01-02 05:00:00,STATION_003,57.6
2026-01-02 06:00:00,STATION_003,94.02
2026-01-02 07:00:00,STATION_003,72.04
2026-01-02 08:00:00,STATION_003,75.65
2026-01-02 09:00:00,STATION_003,70.72
2026-01-02 10:00:00,STATION_003,100.0
2026-01-02 11:00:00,STATION_003,78.85
2026-01-02 12:00:00,STATION_003,70.87
2026-01-02 13:00:00,STATION_003,72.54
2026-01-02 14:00:00,STATION_003,84.04
2026-01-02 15:00:00,STATION_003,83.21
2026-01-02 16:00:00,STATION_003,74.2
2026-01-02 17:00:00,STATION_003,100.0
2026-01-02 18:00:00,STATION_003,78.73
2026-01-02 19:00:00,STATION_003,74.43
2026-01-02 20:00:00,STATION_003,72.61
2026-01-02 21:00:00,STATION_003,79.05
2026-01-02 22:00:00,STATION_003,73.31
2026-01-02 23:00:00,STATION_003,66.07
2026-01-03 00:00:00,STATION_003,62.01
2026-01-03 01:00:00,STATION_003,67.67
2026-01-03 02:00:00,STATION_003,86.55
2026-01-03 03:00:00,STATION_003,56.58
2026-01-03 04:00:00,STATION_003,47.46
2026-01-03 05:00:00,STATION_003,52.22
2026-01-03 06:00:00,STATION_003,65.97
2026-01-03 07:00:00,STATION_003,100.0
2026-01-03 08:00:00,STATION_003,73.08
2026-01-03 09:00:00,STATION_003,64.43
2026-01-03 10:00:00,STATION_003,72.95
2026-01-03 11:00:00,STATION_003,64.21
2026-01-03 12:00:00,STATION_003,70.54
2026-01-03 13:00:00,STATION_003,75.45
2026-01-03 14:00:00,STATION_003,96.47
2026-01-03 15:00:00,STATION_003,57.8
2026-01-03 16:00:00,STATION_003,69.08
2026-01-03 17:00:00,STATION_003,68.97
2026-01-03 18:00:00,STATION_003,74.05
2026-01-03 19:00:00,STATION_003,71.15
2026-01-03 20:00:00,STATION_003,70.46
2026-01-03 21:00:00,STATION_003,76.21
2026-01-03 22:00:00,STATION_003,78.15
2026-01-03 23:00:00,STATION_003,56.85
2026-01-04 00:00:00,STATION_003,56.98
2026-01-04 01:00:00,STATION_003,54.41
2026-01-04 02:00:00,STATION_003,50.81
2026-01-04 03:00:00,STATION_003,59.48
2026-01-04 04:00:00,STATION_003,58.38
2026-01-04 05:00:00,STATION_003,54.81
2026-01-04 06:00:00,STATION_003,90.59
2026-01-04 07:00:00,STATION_003,70.91
2026-01-04 08:00:00,STATION_003,60.18
2026-01-04 09:00:00,STATION_003,75.77
2026-01-04 10:00:00,STATION_003,58.47
2026-01-04 11:00:00,STATION_003,78.3
2026-01-04 12:00:00,STATION_003,80.6
2026-01-04 13:00:00,STATION_003,83.43
2026-01-04 14:00:00,STATION_003,67.11
2026-01-04 15:00:00,STATION_003,71.48
2026-01-04 16:00:00,STATION_003,67.25
2026-01-04 17:00:00,STATION_003,99.03
2026-01-04 18:00:00,STATION_003,63.99
2026-01-04 19:00:00,STATION_003,72.2
2026-01-04 20:00:00,STATION_003,67.83
2026-01-04 21:00:00,STATION_003,78.3
2026-01-04 22:00:00,STATION_003,74.07
2026-01-04 23:00:00,STATION_003,84.69
2026-01-05 00:00:00,STATION_003,60.79
2026-01-05 01:00:00,STATION_003,60.97
2026-01-05 02:00:00,STATION_003,56.02
2026-01-05 03:00:00,STATION_003,67.0
2026-01-05 04:00:00,STATION_003,60.94
2026-01-05 05:00:00,STATION_003,55.74
2026-01-05 06:00:00,STATION_003,56.07
2026-01-05 07:00:00,STATION_003,76.66
2026-01-05 08:00:00,STATION_003,70.57
2026-01-05 10:00:00,STATION_003,75.26
2026-01-05 11:00:00,STATION_003,67.13
2026-01-05 12:00:00,STATION_003,66.89
2026-01-05 13:00:00,STATION_003,68.3
2026-01-05 14:00:00,STATION_003,68.01
2026-01-05 15:00:00,STATION_003,81.89
2026-01-05 16:00:00,STATION_003,67.05
2026-01-05 17:00:00,STATION_003,81.47
2026-01-05 18:00:00,STATION_003,67.29
2026-01-05 19:00:00,STATION_003,74.62
2026-01-05 20:00:00,STATION_003,71.47
2026-01-05 21:00:00,STATION_003,78.61
2026-01-05 22:00:00,STATION_003,79.99
2026-01-05 23:00:00,STATION_003,61.05
2026-01-06 00:00:00,STATION_003,59.79
2026-01-06 01:00:00,STATION_003,58.61
2026-01-06 02:00:00,STATION_003,55.14
2026-01-06 03:00:00,STATION_003,62.12
2026-01-06 04:00:00,STATION_003,56.11
2026-01-06 05:00:00,STATION_003,66.06
2026-01-06 07:00:00,STATION_003,78.71
2026-01-06 08:00:00,STATION_003,66.1
2026-01-06 09:00:00,STATION_003,80.32
2026-01-06 10:00:00,STATION_003,84.48
2026-01-06 11:00:00,STATION_003,73.68
2026-01-06 12:00:00,STATION_003,80.24
2026-01-06 13:00:00,STATION_003,70.81
2026-01-06 14:00:00,STATION_003,75.02
2026-01-06 15:00:00,STATION_003,77.92
2026-01-06 16:00:00,STATION_003,72.84
2026-01-06 17:00:00,STATION_003,76.16
2026-01-06 18:00:00,STATION_003,100.0
2026-01-06 19:00:00,STATION_003,71.88
2026-01-06 20:00:00,STATION_003,74.21
2026-01-06 21:00:00,STATION_003,74.11
2026-01-06 22:00:00,STATION_003,81.12
2026-01-06 23:00:00,STATION_003,81.76
2026-01-07 00:00:00,STATION_003,55.59
2026-01-07 01:00:00,STATION_003,52.79
2026-01-07 02:00:00,STATION_003,66.33
2026-01-07 03:00:00,STATION_003,96.05
2026-01-07 04:00:00,STATION_003,64.7
2026-01-07 05:00:00,STATION_003,60.93
2026-01-07 06:00:00,STATION_003,58.82
2026-01-07 07:00:00,STATION_003,95.37
2026-01-07 08:00:00,STATION_003,100.0
2026-01-07 09:00:00,STATION_003,75.03
2026-01-07 10:00:00,STATION_003,67.23
2026-01-07 11:00:00,STATION_003,100.0
2026-01-07 12:00:00,STATION_003,77.63
2026-01-07 13:00:00,STATION_003,75.04
2026-01-07 14:00:00,STATION_003,73.24
2026-01-07 15:00:00,STATION_003,85.74
2026-01-07 16:00:00,STATION_003,72.99
2026-01-07 17:00:00,STATION_003,100.0
2026-01-07 18:00:00,STATION_003,75.01
2026-01-07 19:00:00,STATION_003,71.63
2026-01-07 20:00:00,STATION_003,71.66
2026-01-07 21:00:00,STATION_003,79.46
2026-01-07 22:00:00,STATION_003,76.25
2026-01-07 23:00:00,STATION_003,58.55
2026-01-08 00:00:00,STATION_003,56.23
2026-01-08 01:00:00,STATION_003,58.46
2026-01-08 02:00:00,STATION_003,83.26
2026-01-08 03:00:00,STATION_003,91.49
2026-01-08 04:00:00,STATION_003,62.37
2026-01-08 05:00:00,STATION_003,58.73
2026-01-08 06:00:00,STATION_003,55.36
2026-01-08 07:00:00,STATION_003,75.51
2026-01-08 08:00:00,STATION_003,74.02
2026-01-08 09:00:00,STATION_003,71.37
2026-01-08 11:00:00,STATION_003,75.69
2026-01-08 12:00:00,STATION_003,81.36
2026-01-08 13:00:00,STATION_003,67.1
2026-01-08 14:00:00,STATION_003,96.32
2026-01-08 15:00:00,STATION_003,71.19
2026-01-08 16:00:00,STATION_003,78.07
2026-01-08 17:00:00,STATION_003,80.69
2026-01-08 18:00:00,STATION_003,62.46
2026-01-08 19:00:00,STATION_003,71.16
2026-01-08 20:00:00,STATION_003,76.09
2026-01-08 21:00:00,STATION_003,74.17
2026-01-08 22:00:00,STATION_003,100.0
2026-01-08 23:00:00,STATION_003,59.46
2026-01-09 00:00:00,STATION_003,51.57
2026-01-09 01:00:00,STATION_003,95.82
2026-01-09 02:00:00,STATION_003,58.58
2026-01-09 03:00:00,STATION_003,65.95
2026-01-09 04:00:00,STATION_003,58.3
2026-01-09 05:00:00,STATION_003,64.8
2026-01-09 06:00:00,STATION_003,53.36
2026-01-09 07:00:00,STATION_003,73.56
2026-01-09 08:00:00,STATION_003,82.58
2026-01-09 09:00:00,STATION_003,80.73
2026-01-09 10:00:00,STATION_003,81.37
2026-01-09 11:00:00,STATION_003,100.0
2026-01-09 12:00:00,STATION_003,71.4
2026-01-09 13:00:00,STATION_003,100.0
2026-01-09 14:00:00,STATION_003,83.09
2026-01-09 15:00:00,STATION_003,71.15
2026-01-09 16:00:00,STATION_003,76.26
2026-01-09 17:00:00,STATION_003,65.15
2026-01-09 18:00:00,STATION_003,76.23
2026-01-09 19:00:00,STATION_003,69.37
2026-01-09 20:00:00,STATION_003,77.81
2026-01-09 21:00:00,STATION_003,74.31
2026-01-09 22:00:00,STATION_003,73.22
2026-01-09 23:00:00,STATION_003,68.24
2026-01-10 00:00:00,STATION_003,66.53
2026-01-10 01:00:00,STATION_003,48.0
2026-01-10 02:00:00,STATION_003,53.38
2026-01-10 03:00:00,STATION_003,59.3
2026-01-10 04:00:00,STATION_003,56.92
2026-01-10 05:00:00,STATION_003,58.99
2026-01-10 06:00:00,STATION_003,54.66
2026-01-10 07:00:00,STATION_003,75.97
2026-01-10 08:00:00,STATION_003,71.04
2026-01-10 09:00:00,STATION_003,72.23
2026-01-10 10:00:00,STATION_003,64.38
2026-01-10 11:00:00,STATION_003,70.51
2026-01-10 12:00:00,STATION_003,74.36
2026-01-10 13:00:00,STATION_003,71.64
2026-01-10 14:00:00,STATION_003,80.19
2026-01-10 15:00:00,STATION_003,70.74
2026-01-10 17:00:00,STATION_003,71.01
2026-01-10 18:00:00,STATION_003,69.83
2026-01-10 19:00:00,STATION_003,74.53
2026-01-10 20:00:00,STATION_003,69.48
2026-01-10 21:00:00,STATION_003,64.1
2026-01-10 22:00:00,STATION_003,98.34
2026-01-10 23:00:00,STATION_003,58.24
2026-01-11 00:00:00,STATION_003,56.23
2026-01-11 01:00:00,STATION_003,54.29
2026-01-11 02:00:00,STATION_003,57.36
2026-01-11 03:00:00,STATION_003,56.09
2026-01-11 04:00:00,STATION_003,47.96
2026-01-11 05:00:00,STATION_003,46.47
2026-01-11 06:00:00,STATION_003,82.54
2026-01-11 07:00:00,STATION_003,72.83
2026-01-11 08:00:00,STATION_003,73.22
2026-01-11 09:00:00,STATION_003,70.73
2026-01-11 10:00:00,STATION_003,68.45
2026-01-11 11:00:00,STATION_003,70.96
2026-01-11 12:00:00,STATION_003,69.31
2026-01-11 13:00:00,STATION_003,68.11
2026-01-11 14:00:00,STATION_003,72.07
2026-01-11 15:00:00,STATION_003,68.83
2026-01-11 16:00:00,STATION_003,82.37
2026-01-11 17:00:00,STATION_003,74.11
2026-01-11 18:00:00,STATION_003,100.0
2026-01-11 19:00:00,STATION_003,62.59
2026-01-11 20:00:00,STATION_003,70.66
2026-01-11 21:00:00,STATION_003,74.42
2026-01-11 22:00:00,STATION_003,69.5
2026-01-11 23:00:00,STATION_003,53.64
2026-01-12 00:00:00,STATION_003,64.41
2026-01-12 01:00:00,STATION_003,62.7
2026-01-12 02:00:00,STATION_003,63.1
2026-01-12 03:00:00,STATION_003,58.12
2026-01-12 04:00:00,STATION_003,57.51
2026-01-12 05:00:00,STATION_003,61.47
2026-01-12 06:00:00,STATION_003,64.86
2026-01-12 07:00:00,STATION_003,68.52
2026-01-12 08:00:00,STATION_003,74.68
2026-01-12 09:00:00,STATION_003,72.72
2026-01-12 10:00:00,STATION_003,75.26
2026-01-12 11:00:00,STATION_003,78.9
2026-01-12 12:00:00,STATION_003,71.06
2026-01-12 13:00:00,STATION_003,78.28
2026-01-12 14:00:00,STATION_003,73.28
2026-01-12 15:00:00,STATION_003,80.71
2026-01-12 16:00:00,STATION_003,71.33
2026-01-12 17:00:00,STATION_003,79.78
2026-01-12 18:00:00,STATION_003,68.98
2026-01-12 19:00:00,STATION_003,76.13
2026-01-12 20:00:00,STATION_003,78.4
2026-01-12 21:00:00,STATION_003,100.0
2026-01-12 22:00:00,STATION_003,79.51
2026-01-12 23:00:00,STATION_003,58.09
2026-01-13 00:00:00,STATION_003,83.35
2026-01-13 01:00:00,STATION_003,50.92
2026-01-13 02:00:00,STATION_003,66.28
2026-01-13 03:00:00,STATION_003,65.94
2026-01-13 04:00:00,STATION_003,62.48
2026-01-13 05:00:00,STATION_003,63.18
2026-01-13 06:00:00,STATION_003,55.67
2026-01-13 07:00:00,STATION_003,74.85
2026-01-13 08:00:00,STATION_003,75.72
2026-01-13 09:00:00,STATION_003,76.65
2026-01-13 10:00:00,STATION_003,76.56
2026-01-13 11:00:00,STATION_003,75.33
2026-01-13 12:00:00,STATION_003,100.0
2026-01-13 13:00:00,STATION_003,79.32
2026-01-13 14:00:00,STATION_003,100.0
2026-01-13 15:00:00,STATION_003,68.17
2026-01-13 16:00:00,STATION_003,77.58
2026-01-13 17:00:00,STATION_003,92.75
2026-01-13 18:00:00,STATION_003,74.29
2026-01-13 19:00:00,STATION_003,64.73
2026-01-13 20:00:00,STATION_003,82.55
2026-01-13 21:00:00,STATION_003,67.18
2026-01-13 22:00:00,STATION_003,75.23
2026-01-13 23:00:00,STATION_003,60.34
2026-01-14 01:00:00,STATION_003,56.29
2026-01-14 02:00:00,STATION_003,90.44
2026-01-14 03:00:00,STATION_003,52.2
2026-01-14 04:00:00,STATION_003,56.4
2026-01-14 05:00:00,STATION_003,59.51
2026-01-14 06:00:00,STATION_003,59.17
2026-01-14 07:00:00,STATION_003,78.97
2026-01-14 08:00:00,STATION_003,81.96
2026-01-14 09:00:00,STATION_003,73.59
2026-01-14 10:00:00,STATION_003,100.0
2026-01-14 11:00:00,STATION_003,68.17
2026-01-14 12:00:00,STATION_003,66.16
2026-01-14 13:00:00,STATION_003,73.5
2026-01-14 14:00:00,STATION_003,73.62
2026-01-14 15:00:00,STATION_003,68.88
2026-01-14 16:00:00,STATION_003,64.22
2026-01-14 17:00:00,STATION_003,73.14
2026-01-14 18:00:00,STATION_003,83.69
2026-01-14 19:00:00,STATION_003,77.14
2026-01-14 20:00:00,STATION_003,76.69
2026-01-14 21:00:00,STATION_003,100.0
2026-01-14 22:00:00,STATION_003,70.26
2026-01-14 23:00:00,STATION_003,55.29
2026-01-15 00:00:00,STATION_003,68.39
2026-01-15 01:00:00,STATION_003,57.72
2026-01-15 02:00:00,STATION_003,56.58
2026-01-15 05:00:00,STATION_003,55.11
2026-01-15 06:00:00,STATION_003,56.03
2026-01-15 07:00:00,STATION_003,79.36
2026-01-15 08:00:00,STATION_003,71.31
2026-01-15 09:00:00,STATION_003,65.25
2026-01-15 10:00:00,STATION_003,77.79
2026-01-15 11:00:00,STATION_003,65.56
2026-01-15 12:00:00,STATION_003,89.73
2026-01-15 13:00:00,STATION_003,74.38
2026-01-15 14:00:00,STATION_003,68.24
2026-01-15 15:00:00,STATION_003,73.5
2026-01-15 16:00:00,STATION_003,97.53
2026-01-15 17:00:00,STATION_003,92.87
2026-01-15 18:00:00,STATION_003,78.13
2026-01-15 19:00:00,STATION_003,74.76
2026-01-15 20:00:00,STATION_003,70.06
2026-01-15 21:00:00,STATION_003,86.2
2026-01-15 22:00:00,STATION_003,82.08
2026-01-15 23:00:00,STATION_003,69.21
2026-01-16 00:00:00,STATION_003,91.32
2026-01-16 01:00:00,STATION_003,83.28
2026-01-16 02:00:00,STATION_003,88.76
2026-01-16 03:00:00,STATION_003,62.57
2026-01-16 04:00:00,STATION_003,61.42
2026-01-16 05:00:00,STATION_003,58.73
2026-01-16 06:00:00,STATION_003,58.01
2026-01-16 07:00:00,STATION_003,69.38
2026-01-16 08:00:00,STATION_003,73.63
2026-01-16 09:00:00,STATION_003,73.5
2026-01-16 10:00:00,STATION_003,81.47
2026-01-16 11:00:00,STATION_003,98.77
2026-01-16 12:00:00,STATION_003,77.67
2026-01-16 13:00:00,STATION_003,82.46
2026-01-16 14:00:00,STATION_003,71.7
2026-01-16 15:00:00,STATION_003,81.64
2026-01-16 16:00:00,STATION_003,76.54
2026-01-16 17:00:00,STATION_003,74.74
2026-01-16 18:00:00,STATION_003,73.46
2026-01-16 19:00:00,STATION_003,81.85
2026-01-16 20:00:00,STATION_003,73.87
2026-01-16 21:00:00,STATION_003,83.33
2026-01-16 22:00:00,STATION_003,82.62
2026-01-16 23:00:00,STATION_003,57.78
2026-01-17 00:00:00,STATION_003,54.23
2026-01-17 01:00:00,STATION_003,78.2
2026-01-17 02:00:00,STATION_003,54.35
2026-01-17 03:00:00,STATION_003,54.88
2026-01-17 04:00:00,STATION_003,61.47
2026-01-17 05:00:00,STATION_003,57.52
2026-01-17 06:00:00,STATION_003,49.43
2026-01-17 07:00:00,STATION_003,75.91
2026-01-17 08:00:00,STATION_003,95.78
2026-01-17 09:00:00,STATION_003,74.9
2026-01-17 10:00:00,STATION_003,71.71
2026-01-17 11:00:00,STATION_003,63.51
2026-01-17 12:00:00,STATION_003,68.93
2026-01-17 13:00:00,STATION_003,86.6
2026-01-17 14:00:00,STATION_003,72.34
2026-01-17 15:00:00,STATION_003,68.93
2026-01-17 16:00:00,STATION_003,79.31
2026-01-17 17:00:00,STATION_003,71.38
2026-01-17 18:00:00,STATION_003,76.36
2026-01-17 19:00:00,STATION_003,70.58
2026-01-17 20:00:00,STATION_003,100.0
2026-01-17 21:00:00,STATION_003,68.8
2026-01-17 22:00:00,STATION_003,69.85
2026-01-17 23:00:00,STATION_003,56.98
2026-01-18 00:00:00,STATION_003,58.87
2026-01-18 02:00:00,STATION_003,57.02
2026-01-18 03:00:00,STATION_003,45.87
2026-01-18 04:00:00,STATION_003,61.39
2026-01-18 05:00:00,STATION_003,54.7
2026-01-18 06:00:00,STATION_003,57.11
2026-01-18 07:00:00,STATION_003,90.35
2026-01-18 08:00:00,STATION_003,69.15
2026-01-18 09:00:00,STATION_003,65.53
2026-01-18 10:00:00,STATION_003,68.18
2026-01-18 11:00:00,STATION_003,100.0
2026-01-18 12:00:00,STATION_003,69.49
2026-01-18 13:00:00,STATION_003,100.0
2026-01-18 14:00:00,STATION_003,78.76
2026-01-18 15:00:00,STATION_003,67.11
2026-01-18 16:00:00,STATION_003,65.36
2026-01-18 17:00:00,STATION_003,75.66
2026-01-18 18:00:00,STATION_003,75.43
2026-01-18 19:00:00,STATION_003,59.55
2026-01-18 20:00:00,STATION_003,61.51
2026-01-18 21:00:00,STATION_003,64.73
2026-01-18 22:00:00,STATION_003,73.55
2026-01-18 23:00:00,STATION_003,54.86
2026-01-19 00:00:00,STATION_003,61.17
2026-01-19 01:00:00,STATION_003,67.27
2026-01-19 02:00:00,STATION_003,89.47
2026-01-19 03:00:00,STATION_003,58.26
2026-01-19 04:00:00,STATION_003,66.08
2026-01-19 05:00:00,STATION_003,60.78
2026-01-19 06:00:00,STATION_003,53.69
2026-01-19 07:00:00,STATION_003,97.83
2026-01-19 08:00:00,STATION_003,82.09
2026-01-19 09:00:00,STATION_003,71.5
2026-01-19 10:00:00,STATION_003,77.17
2026-01-19 11:00:00,STATION_003,71.28
2026-01-19 12:00:00,STATION_003,75.6
2026-01-19 13:00:00,STATION_003,71.35
2026-01-19 14:00:00,STATION_003,100.0
2026-01-19 15:00:00,STATION_003,77.7
2026-01-19 16:00:00,STATION_003,100.0
2026-01-19 17:00:00,STATION_003,70.18
2026-01-19 18:00:00,STATION_003,87.89
2026-01-19 19:00:00,STATION_003,75.87
2026-01-19 21:00:00,STATION_003,73.86
2026-01-19 22:00:00,STATION_003,76.65
2026-01-19 23:00:00,STATION_003,46.41
2026-01-20 00:00:00,STATION_003,64.17
2026-01-20 01:00:00,STATION_003,62.99
2026-01-20 02:00:00,STATION_003,65.48
2026-01-20 03:00:00,STATION_003,60.98
2026-01-20 04:00:00,STATION_003,85.11
2026-01-20 05:00:00,STATION_003,57.34
2026-01-20 06:00:00,STATION_003,56.94
2026-01-20 07:00:00,STATION_003,100.0
2026-01-20 08:00:00,STATION_003,100.0
2026-01-20 09:00:00,STATION_003,90.78
2026-01-20 10:00:00,STATION_003,77.06
2026-01-20 11:00:00,STATION_003,70.13
2026-01-20 12:00:00,STATION_003,74.79
2026-01-20 13:00:00,STATION_003,75.17
2026-01-20 14:00:00,STATION_003,79.45
2026-01-20 15:00:00,STATION_003,81.86
2026-01-20 16:00:00,STATION_003,73.48
2026-01-20 17:00:00,STATION_003,84.97
2026-01-20 18:00:00,STATION_003,78.51
2026-01-20 19:00:00,STATION_003,73.06
2026-01-20 20:00:00,STATION_003,73.39
2026-01-20 21:00:00,STATION_003,72.91
2026-01-20 22:00:00,STATION_003,72.6
2026-01-20 23:00:00,STATION_003,66.0
2026-01-21 00:00:00,STATION_003,64.03
2026-01-21 01:00:00,STATION_003,58.86
2026-01-21 02:00:00,STATION_003,56.67
2026-01-21 03:00:00,STATION_003,99.09
2026-01-21 04:00:00,STATION_003,87.02
2026-01-21 05:00:00,STATION_003,81.08
2026-01-21 06:00:00,STATION_003,80.71
2026-01-21 07:00:00,STATION_003,74.02
2026-01-21 08:00:00,STATION_003,76.27
2026-01-21 09:00:00,STATION_003,77.42
2026-01-21 10:00:00,STATION_003,82.29
2026-01-21 11:00:00,STATION_003,67.38
2026-01-21 12:00:00,STATION_003,75.85
2026-01-21 13:00:00,STATION_003,74.83
2026-01-21 14:00:00,STATION_003,70.31
2026-01-21 15:00:00,STATION_003,100.0
2026-01-21 16:00:00,STATION_003,80.26
2026-01-21 17:00:00,STATION_003,88.41
2026-01-21 18:00:00,STATION_003,77.69
2026-01-21 19:00:00,STATION_003,75.65
2026-01-21 20:00:00,STATION_003,78.86
2026-01-21 21:00:00,STATION_003,72.83
2026-01-21 22:00:00,STATION_003,78.11
2026-01-22 00:00:00,STATION_003,62.55
2026-01-22 01:00:00,STATION_003,89.56
2026-01-22 02:00:00,STATION_003,79.99
2026-01-22 03:00:00,STATION_003,54.84
2026-01-22 04:00:00,STATION_003,57.22
2026-01-22 05:00:00,STATION_003,57.67
2026-01-22 06:00:00,STATION_003,56.52
2026-01-22 07:00:00,STATION_003,74.72
2026-01-22 08:00:00,STATION_003,68.53
2026-01-22 09:00:00,STATION_003,79.51
2026-01-22 10:00:00,STATION_003,74.31
2026-01-22 11:00:00,STATION_003,76.23
2026-01-22 12:00:00,STATION_003,70.1
2026-01-22 13:00:00,STATION_003,74.94
2026-01-22 14:00:00,STATION_003,100.0
2026-01-22 15:00:00,STATION_003,66.62
2026-01-22 16:00:00,STATION_003,98.69
2026-01-22 17:00:00,STATION_003,72.94
2026-01-22 18:00:00,STATION_003,100.0
2026-01-22 19:00:00,STATION_003,100.0
2026-01-22 20:00:00,STATION_003,83.79
2026-01-22 21:00:00,STATION_003,84.14
2026-01-22 22:00:00,STATION_003,72.18
2026-01-22 23:00:00,STATION_003,92.5
2026-01-23 00:00:00,STATION_003,58.77
2026-01-23 01:00:00,STATION_003,50.37
2026-01-23 02:00:00,STATION_003,67.48
2026-01-23 03:00:00,STATION_003,66.39
2026-01-23 04:00:00,STATION_003,56.74
2026-01-23 05:00:00,STATION_003,50.67
2026-01-23 06:00:00,STATION_003,57.88
2026-01-23 07:00:00,STATION_003,97.63
2026-01-23 09:00:00,STATION_003,69.96
2026-01-23 10:00:00,STATION_003,72.63
2026-01-23 11:00:00,STATION_003,68.3
2026-01-23 12:00:00,STATION_003,84.71
2026-01-23 13:00:00,STATION_003,100.0
2026-01-23 14:00:00,STATION_003,84.77
2026-01-23 15:00:00,STATION_003,70.03
2026-01-23 16:00:00,STATION_003,93.74
2026-01-23 17:00:00,STATION_003,72.89
2026-01-23 18:00:00,STATION_003,71.3
2026-01-23 19:00:00,STATION_003,73.07
2026-01-23 20:00:00,STATION_003,69.1
2026-01-23 21:00:00,STATION_003,80.15
2026-01-23 22:00:00,STATION_003,79.46
2026-01-23 23:00:00,STATION_003,66.1
2026-01-24 00:00:00,STATION_003,46.72
2026-01-24 01:00:00,STATION_003,64.32
2026-01-24 02:00:00,STATION_003,54.37
2026-01-24 03:00:00,STATION_003,48.31
2026-01-24 04:00:00,STATION_003,49.48
2026-01-24 05:00:00,STATION_003,54.65
2026-01-24 06:00:00,STATION_003,48.24
2026-01-24 07:00:00,STATION_003,62.71
2026-01-24 08:00:00,STATION_003,71.7
2026-01-24 09:00:00,STATION_003,87.55
2026-01-24 10:00:00,STATION_003,100.0
2026-01-24 11:00:00,STATION_003,66.83
2026-01-24 12:00:00,STATION_003,73.57
2026-01-24 13:00:00,STATION_003,66.12
2026-01-24 14:00:00,STATION_003,66.08
2026-01-24 15:00:00,STATION_003,79.65
2026-01-24 16:00:00,STATION_003,65.14
2026-01-24 17:00:00,STATION_003,63.65
2026-01-24 18:00:00,STATION_003,69.71
2026-01-24 19:00:00,STATION_003,67.13
2026-01-24 20:00:00,STATION_003,70.33
2026-01-24 21:00:00,STATION_003,100.0
2026-01-24 22:00:00,STATION_003,70.16
2026-01-24 23:00:00,STATION_003,54.19
2026-01-25 00:00:00,STATION_003,58.05
2026-01-25 01:00:00,STATION_003,53.34
2026-01-25 02:00:00,STATION_003,49.96
2026-01-25 03:00:00,STATION_003,55.84
2026-01-25 04:00:00,STATION_003,58.3
2026-01-25 05:00:00,STATION_003,58.74
2026-01-25 06:00:00,STATION_003,87.36
2026-01-25 07:00:00,STATION_003,69.15
2026-01-25 08:00:00,STATION_003,61.74
2026-01-25 09:00:00,STATION_003,64.99
2026-01-25 10:00:00,STATION_003,79.55
2026-01-25 11:00:00,STATION_003,64.81
2026-01-25 12:00:00,STATION_003,67.17
2026-01-25 13:00:00,STATION_003,98.35
2026-01-25 14:00:00,STATION_003,96.32
2026-01-25 15:00:00,STATION_003,61.1
2026-01-25 16:00:00,STATION_003,59.41
2026-01-25 17:00:00,STATION_003,69.95
2026-01-25 18:00:00,STATION_003,99.82
2026-01-25 19:00:00,STATION_003,100.0
2026-01-25 20:00:00,STATION_003,78.43
2026-01-25 21:00:00,STATION_003,66.55
2026-01-25 22:00:00,STATION_003,56.8
2026-01-25 23:00:00,STATION_003,84.73
2026-01-26 00:00:00,STATION_003,63.18
2026-01-26 01:00:00,STATION_003,57.62
2026-01-26 02:00:00,STATION_003,63.58
2026-01-26 03:00:00,STATION_003,78.35
2026-01-26 04:00:00,STATION_003,63.89
2026-01-26 05:00:00,STATION_003,54.65
2026-01-26 06:00:00,STATION_003,76.45
2026-01-26 07:00:00,STATION_003,72.87
2026-01-26 08:00:00,STATION_003,74.83
2026-01-26 09:00:00,STATION_003,92.4
2026-01-26 10:00:00,STATION_003,72.47
2026-01-26 11:00:00,STATION_003,79.98
2026-01-26 12:00:00,STATION_003,79.41
2026-01-26 13:00:00,STATION_003,77.58
2026-01-26 14:00:00,STATION_003,75.08
2026-01-26 15:00:00,STATION_003,78.1
2026-01-26 16:00:00,STATION_003,72.68
2026-01-26 17:00:00,STATION_003,79.24
2026-01-26 18:00:00,STATION_003,80.18
2026-01-26 19:00:00,STATION_003,98.22
2026-01-26 20:00:00,STATION_003,73.59
2026-01-26 21:00:00,STATION_003,71.82
2026-01-26 22:00:00,STATION_003,75.57
2026-01-26 23:00:00,STATION_003,59.46
2026-01-27 00:00:00,STATION_003,51.21
2026-01-27 01:00:00,STATION_003,78.8
2026-01-27 02:00:00,STATION_003,58.8
2026-01-27 03:00:00,STATION_003,55.64
2026-01-27 04:00:00,STATION_003,62.6
2026-01-27 05:00:00,STATION_003,56.93
2026-01-27 06:00:00,STATION_003,80.43
2026-01-27 07:00:00,STATION_003,78.7
2026-01-27 08:00:00,STATION_003,71.87
2026-01-27 09:00:00,STATION_003,76.15
2026-01-27 10:00:00,STATION_003,78.91
2026-01-27 11:00:00,STATION_003,75.26
2026-01-27 12:00:00,STATION_003,76.91
2026-01-27 13:00:00,STATION_003,74.8
2026-01-27 14:00:00,STATION_003,77.68
2026-01-27 15:00:00,STATION_003,100.0
2026-01-27 16:00:00,STATION_003,74.19
2026-01-27 17:00:00,STATION_003,71.54
2026-01-27 18:00:00,STATION_003,74.73
2026-01-27 19:00:00,STATION_003,100.0
2026-01-27 20:00:00,STATION_003,65.71
2026-01-27 21:00:00,STATION_003,72.46
2026-01-27 22:00:00,STATION_003,76.36
2026-01-27 23:00:00,STATION_003,67.95
2026-01-28 00:00:00,STATION_003,62.92
2026-01-28 01:00:00,STATION_003,57.82
2026-01-28 02:00:00,STATION_003,52.54
2026-01-28 03:00:00,STATION_003,66.48
2026-01-28 04:00:00,STATION_003,57.6
2026-01-28 05:00:00,STATION_003,61.34
2026-01-28 06:00:00,STATION_003,57.84
2026-01-28 07:00:00,STATION_003,76.96
2026-01-28 08:00:00,STATION_003,81.21
2026-01-28 09:00:00,STATION_003,78.64
2026-01-28 10:00:00,STATION_003,73.66
2026-01-28 11:00:00,STATION_003,100.0
2026-01-28 12:00:00,STATION_003,76.83
2026-01-28 13:00:00,STATION_003,81.83
2026-01-28 14:00:00,STATION_003,65.78
2026-01-28 15:00:00,STATION_003,71.08
2026-01-28 16:00:00,STATION_003,72.98
2026-01-28 17:00:00,STATION_003,65.11
2026-01-28 18:00:00,STATION_003,100.0
2026-01-28 19:00:00,STATION_003,73.75
2026-01-28 20:00:00,STATION_003,84.24
2026-01-28 21:00:00,STATION_003,100.0
2026-01-28 23:00:00,STATION_003,69.91
2026-01-29 00:00:00,STATION_003,55.39
2026-01-29 01:00:00,STATION_003,88.64
2026-01-29 02:00:00,STATION_003,57.67
2026-01-29 03:00:00,STATION_003,57.74
2026-01-29 04:00:00,STATION_003,54.96
2026-01-29 05:00:00,STATION_003,68.62
2026-01-29 06:00:00,STATION_003,56.78
2026-01-29 07:00:00,STATION_003,79.82
2026-01-29 08:00:00,STATION_003,71.88
2026-01-29 09:00:00,STATION_003,66.38
2026-01-29 10:00:00,STATION_003,100.0
2026-01-29 11:00:00,STATION_003,72.16
2026-01-29 12:00:00,STATION_003,100.0
2026-01-29 13:00:00,STATION_003,78.06
2026-01-29 14:00:00,STATION_003,86.22
2026-01-29 15:00:00,STATION_003,69.55
2026-01-29 16:00:00,STATION_003,74.08
2026-01-29 17:00:00,STATION_003,76.69
2026-01-29 18:00:00,STATION_003,86.4
2026-01-29 19:00:00,STATION_003,71.33
2026-01-29 20:00:00,STATION_003,81.11
2026-01-29 21:00:00,STATION_003,71.46
2026-01-29 23:00:00,STATION_003,60.52
2026-01-30 00:00:00,STATION_003,70.78
2026-01-30 01:00:00,STATION_003,78.32
2026-01-30 02:00:00,STATION_003,81.33
2026-01-30 03:00:00,STATION_003,76.37
2026-01-30 04:00:00,STATION_003,59.08
2026-01-30 05:00:00,STATION_003,56.42
2026-01-30 06:00:00,STATION_003,63.94
2026-01-30 07:00:00,STATION_003,85.69
2026-01-30 08:00:00,STATION_003,80.03
2026-01-30 09:00:00,STATION_003,76.59
2026-01-30 10:00:00,STATION_003,68.17
2026-01-30 11:00:00,STATION_003,68.03
2026-01-30 12:00:00,STATION_003,100.0
2026-01-30 13:00:00,STATION_003,100.0
2026-01-30 14:00:00,STATION_003,73.45
2026-01-30 15:00:00,STATION_003,72.25
2026-01-30 16:00:00,STATION_003,71.37
2026-01-30 17:00:00,STATION_003,74.27
2026-01-30 18:00:00,STATION_003,76.09
2026-01-30 19:00:00,STATION_003,87.09
2026-01-30 20:00:00,STATION_003,66.54
2026-01-30 21:00:00,STATION_003,78.98
2026-01-30 22:00:00,STATION_003,72.49
2026-01-31 00:00:00,STATION_003,53.09
2026-01-31 01:00:00,STATION_003,56.51
2026-01-31 02:00:00,STATION_003,76.1
2026-01-31 03:00:00,STATION_003,59.46
2026-01-31 04:00:00,STATION_003,55.92
2026-01-31 05:00:00,STATION_003,67.01
2026-01-31 06:00:00,STATION_003,50.68
2026-01-31 08:00:00,STATION_003,68.51
2026-01-31 09:00:00,STATION_003,87.64
2026-01-31 10:00:00,STATION_003,77.48
2026-01-31 11:00:00,STATION_003,69.61
2026-01-31 12:00:00,STATION_003,70.5
2026-01-31 13:00:00,STATION_003,65.87
2026-01-31 15:00:00,STATION_003,62.63
2026-01-31 17:00:00,STATION_003,73.54
2026-01-31 19:00:00,STATION_003,73.38
2026-01-31 20:00:00,STATION_003,72.1
2026-01-31 21:00:00,STATION_003,76.52
2026-01-31 22:00:00,STATION_003,76.52
2026-01-31 23:00:00,STATION_003,55.68
2026-02-01 00:00:00,STATION_003,53.28
2026-02-01 01:00:00,STATION_003,56.14
2026-02-01 02:00:00,STATION_003,54.43
2026-02-01 03:00:00,STATION_003,53.09
2026-02-01 04:00:00,STATION_003,83.85
2026-02-01 05:00:00,STATION_003,61.1
2026-02-01 06:00:00,STATION_003,63.25
2026-02-01 07:00:00,STATION_003,74.88
2026-02-01 08:00:00,STATION_003,61.66
2026-02-01 09:00:00,STATION_003,66.71
2026-02-01 10:00:00,STATION_003,67.67
2026-02-01 11:00:00,STATION_003,95.26
2026-02-01 12:00:00,STATION_003,69.91
2026-02-01 13:00:00,STATION_003,71.47
2026-02-01 14:00:00,STATION_003,82.65
2026-02-01 15:00:00,STATION_003,94.6
2026-02-01 16:00:00,STATION_003,61.23
2026-02-01 17:00:00,STATION_003,75.05
2026-02-01 18:00:00,STATION_003,70.2
2026-02-01 19:00:00,STATION_003,61.09
2026-02-01 20:00:00,STATION_003,73.87
2026-02-01 21:00:00,STATION_003,77.43
2026-02-01 22:00:00,STATION_003,75.66
2026-02-01 23:00:00,STATION_003,49.28
2026-02-02 00:00:00,STATION_003,59.67
2026-02-02 01:00:00,STATION_003,62.24
2026-02-02 02:00:00,STATION_003,91.78
2026-02-02 03:00:00,STATION_003,56.93
2026-02-02 04:00:00,STATION_003,95.95
2026-02-02 05:00:00,STATION_003,53.86
2026-02-02 06:00:00,STATION_003,59.39
2026-02-02 07:00:00,STATION_003,99.59
2026-02-02 08:00:00,STATION_003,72.69
2026-02-02 09:00:00,STATION_003,76.94
2026-02-02 10:00:00,STATION_003,81.35
2026-02-02 11:00:00,STATION_003,68.77
2026-02-02 12:00:00,STATION_003,77.09
2026-02-02 13:00:00,STATION_003,95.43
2026-02-02 14:00:00,STATION_003,72.82
2026-02-02 15:00:00,STATION_003,78.12
2026-02-02 16:00:00,STATION_003,77.97
2026-02-02 17:00:00,STATION_003,72.25
2026-02-02 18:00:00,STATION_003,98.55
2026-02-02 19:00:00,STATION_003,80.76
2026-02-02 20:00:00,STATION_003,100.0
2026-02-02 21:00:00,STATION_003,73.52
2026-02-02 22:00:00,STATION_003,66.78
2026-02-02 23:00:00,STATION_003,53.47
2026-02-03 00:00:00,STATION_003,61.15
2026-02-03 01:00:00,STATION_003,69.08
2026-02-03 02:00:00,STATION_003,60.14
2026-02-03 03:00:00,STATION_003,73.81
2026-02-03 04:00:00,STATION_003,63.27
2026-02-03 05:00:00,STATION_003,56.24
2026-02-03 06:00:00,STATION_003,64.32
2026-02-03 07:00:00,STATION_003,69.34
2026-02-03 08:00:00,STATION_003,75.66
2026-02-03 09:00:00,STATION_003,75.75
2026-02-03 10:00:00,STATION_003,75.62
2026-02-03 11:00:00,STATION_003,68.95
2026-02-03 12:00:00,STATION_003,62.64
2026-02-03 13:00:00,STATION_003,78.91
2026-02-03 14:00:00,STATION_003,73.66
2026-02-03 15:00:00,STATION_003,76.78
2026-02-03 16:00:00,STATION_003,97.42
2026-02-03 17:00:00,STATION_003,70.22
2026-02-03 18:00:00,STATION_003,74.74
2026-02-03 19:00:00,STATION_003,76.88
2026-02-03 20:00:00,STATION_003,79.67
2026-02-03 21:00:00,STATION_003,77.52
2026-02-03 22:00:00,STATION_003,79.11
2026-02-03 23:00:00,STATION_003,53.44
2026-02-04 00:00:00,STATION_003,85.35
2026-02-04 01:00:00,STATION_003,62.0
2026-02-04 02:00:00,STATION_003,54.94
2026-02-04 03:00:00,STATION_003,57.32
2026-02-04 04:00:00,STATION_003,63.78
2026-02-04 05:00:00,STATION_003,61.05
2026-02-04 06:00:00,STATION_003,80.66
2026-02-04 07:00:00,STATION_003,75.01
2026-02-04 08:00:00,STATION_003,76.48
2026-02-04 09:00:00,STATION_003,100.0
2026-02-04 11:00:00,STATION_003,72.3
2026-02-04 12:00:00,STATION_003,70.81
2026-02-04 13:00:00,STATION_003,72.3
2026-02-04 14:00:00,STATION_003,71.39
2026-02-04 15:00:00,STATION_003,79.92
2026-02-04 16:00:00,STATION_003,75.78
2026-02-04 17:00:00,STATION_003,69.49
2026-02-04 18:00:00,STATION_003,69.16
2026-02-04 19:00:00,STATION_003,80.07
2026-02-04 20:00:00,STATION_003,69.17
2026-02-04 21:00:00,STATION_003,71.95
2026-02-04 22:00:00,STATION_003,73.0
2026-02-04 23:00:00,STATION_003,93.6
2026-02-05 00:00:00,STATION_003,56.8
2026-02-05 01:00:00,STATION_003,59.22
2026-02-05 02:00:00,STATION_003,57.15
2026-02-05 03:00:00,STATION_003,62.96
2026-02-05 04:00:00,STATION_003,88.89
2026-02-05 05:00:00,STATION_003,61.23
2026-02-05 06:00:00,STATION_003,53.99
2026-02-05 07:00:00,STATION_003,82.5
2026-02-05 09:00:00,STATION_003,79.11
2026-02-05 10:00:00,STATION_003,82.29
2026-02-05 11:00:00,STATION_003,75.41
2026-02-05 12:00:00,STATION_003,74.81
2026-02-05 13:00:00,STATION_003,76.25
2026-02-05 14:00:00,STATION_003,100.0
2026-02-05 15:00:00,STATION_003,100.0
2026-02-05 16:00:00,STATION_003,89.02
2026-02-05 17:00:00,STATION_003,77.24
2026-02-05 18:00:00,STATION_003,74.3
2026-02-05 19:00:00,STATION_003,100.0
2026-02-05 20:00:00,STATION_003,70.21
2026-02-05 21:00:00,STATION_003,100.0
2026-02-05 22:00:00,STATION_003,72.78
2026-02-05 23:00:00,STATION_003,58.65
2026-02-06 00:00:00,STATION_003,64.67
2026-02-06 01:00:00,STATION_003,61.85
2026-02-06 02:00:00,STATION_003,89.84
2026-02-06 03:00:00,STATION_003,67.9
2026-02-06 04:00:00,STATION_003,64.31
2026-02-06 05:00:00,STATION_003,61.55
2026-02-06 06:00:00,STATION_003,64.03
2026-02-06 07:00:00,STATION_003,69.32
2026-02-06 08:00:00,STATION_003,78.62
2026-02-06 09:00:00,STATION_003,100.0
2026-02-06 10:00:00,STATION_003,100.0
2026-02-06 11:00:00,STATION_003,100.0
2026-02-06 12:00:00,STATION_003,75.23
2026-02-06 13:00:00,STATION_003,72.4
2026-02-06 14:00:00,STATION_003,100.0
2026-02-06 15:00:00,STATION_003,76.33
2026-02-06 16:00:00,STATION_003,70.84
2026-02-06 17:00:00,STATION_003,71.63
2026-02-06 18:00:00,STATION_003,78.14
2026-02-06 20:00:00,STATION_003,71.21
2026-02-06 21:00:00,STATION_003,100.0
2026-02-06 22:00:00,STATION_003,85.11
2026-02-06 23:00:00,STATION_003,69.16
2026-02-07 00:00:00,STATION_003,43.28
2026-02-07 01:00:00,STATION_003,51.93
2026-02-07 02:00:00,STATION_003,59.34
2026-02-07 03:00:00,STATION_003,56.14
2026-02-07 04:00:00,STATION_003,50.55
2026-02-07 05:00:00,STATION_003,50.2
2026-02-07 06:00:00,STATION_003,56.96
2026-02-07 07:00:00,STATION_003,64.83
2026-02-07 08:00:00,STATION_003,64.65
2026-02-07 09:00:00,STATION_003,66.08
2026-02-07 10:00:00,STATION_003,77.95
2026-02-07 11:00:00,STATION_003,72.51
2026-02-07 12:00:00,STATION_003,99.84
2026-02-07 13:00:00,STATION_003,71.54
2026-02-07 14:00:00,STATION_003,68.2
2026-02-07 15:00:00,STATION_003,76.36
2026-02-07 16:00:00,STATION_003,75.56
2026-02-07 17:00:00,STATION_003,73.76
2026-02-07 18:00:00,STATION_003,64.14
2026-02-07 20:00:00,STATION_003,69.05
2026-02-07 21:00:00,STATION_003,73.76
2026-02-07 22:00:00,STATION_003,61.0
2026-02-07 23:00:00,STATION_003,53.07
2026-02-08 00:00:00,STATION_003,55.09
2026-02-08 01:00:00,STATION_003,53.88
2026-02-08 02:00:00,STATION_003,63.21
2026-02-08 03:00:00,STATION_003,60.02
2026-02-08 04:00:00,STATION_003,60.01
2026-02-08 05:00:00,STATION_003,52.71
2026-02-08 06:00:00,STATION_003,55.87
2026-02-08 07:00:00,STATION_003,90.8
2026-02-08 08:00:00,STATION_003,75.0
2026-02-08 10:00:00,STATION_003,74.61
2026-02-08 11:00:00,STATION_003,74.26
2026-02-08 12:00:00,STATION_003,74.11
2026-02-08 13:00:00,STATION_003,70.21
2026-02-08 14:00:00,STATION_003,66.43
2026-02-08 15:00:00,STATION_003,78.97
2026-02-08 16:00:00,STATION_003,76.81
2026-02-08 17:00:00,STATION_003,70.32
2026-02-08 18:00:00,STATION_003,71.23
2026-02-08 19:00:00,STATION_003,68.72
2026-02-08 20:00:00,STATION_003,100.0
2026-02-08 21:00:00,STATION_003,65.9
2026-02-08 22:00:00,STATION_003,100.0
2026-02-08 23:00:00,STATION_003,52.29
2026-02-09 00:00:00,STATION_003,58.48
2026-02-09 01:00:00,STATION_003,58.44
2026-02-09 02:00:00,STATION_003,60.62
2026-02-09 03:00:00,STATION_003,58.92
2026-02-09 04:00:00,STATION_003,89.78
2026-02-09 05:00:00,STATION_003,62.83
2026-02-09 06:00:00,STATION_003,61.31
2026-02-09 07:00:00,STATION_003,81.17
2026-02-09 08:00:00,STATION_003,80.48
2026-02-09 09:00:00,STATION_003,67.63
2026-02-09 10:00:00,STATION_003,67.18
2026-02-09 11:00:00,STATION_003,74.06
2026-02-09 12:00:00,STATION_003,79.0
2026-02-09 13:00:00,STATION_003,80.96
2026-02-09 14:00:00,STATION_003,73.27
2026-02-09 15:00:00,STATION_003,73.94
2026-02-09 16:00:00,STATION_003,73.55
2026-02-09 17:00:00,STATION_003,97.2
2026-02-09 18:00:00,STATION_003,100.0
2026-02-09 19:00:00,STATION_003,80.36
2026-02-09 20:00:00,STATION_003,70.55
2026-02-09 21:00:00,STATION_003,72.78
2026-02-09 22:00:00,STATION_003,81.88
2026-02-09 23:00:00,STATION_003,62.98
2026-02-10 00:00:00,STATION_003,59.14
2026-02-10 01:00:00,STATION_003,61.86
2026-02-10 02:00:00,STATION_003,54.14
2026-02-10 03:00:00,STATION_003,62.03
2026-02-10 04:00:00,STATION_003,53.79
2026-02-10 05:00:00,STATION_003,58.44
2026-02-10 06:00:00,STATION_003,70.03
2026-02-10 07:00:00,STATION_003,73.96
2026-02-10 08:00:00,STATION_003,100.0
2026-02-10 09:00:00,STATION_003,100.0
2026-02-10 10:00:00,STATION_003,68.12
2026-02-10 11:00:00,STATION_003,70.33
2026-02-10 12:00:00,STATION_003,74.49
2026-02-10 13:00:00,STATION_003,77.7
2026-02-10 14:00:00,STATION_003,85.18
2026-02-10 15:00:00,STATION_003,73.89
2026-02-10 16:00:00,STATION_003,75.74
2026-02-10 17:00:00,STATION_003,100.0
2026-02-10 18:00:00,STATION_003,71.23
2026-02-10 19:00:00,STATION_003,69.39
2026-02-10 20:00:00,STATION_003,78.5
2026-02-10 21:00:00,STATION_003,66.96
2026-02-10 22:00:00,STATION_003,95.66
2026-02-10 23:00:00,STATION_003,59.15
2026-02-11 00:00:00,STATION_003,54.11
2026-02-11 01:00:00,STATION_003,60.21
2026-02-11 02:00:00,STATION_003,84.89
2026-02-11 03:00:00,STATION_003,58.63
2026-02-11 04:00:00,STATION_003,54.03
2026-02-11 05:00:00,STATION_003,50.83
2026-02-11 06:00:00,STATION_003,59.11
2026-02-11 07:00:00,STATION_003,78.76
2026-02-11 08:00:00,STATION_003,76.13
2026-02-11 09:00:00,STATION_003,80.59
2026-02-11 10:00:00,STATION_003,100.0
2026-02-11 11:00:00,STATION_003,74.57
2026-02-11 12:00:00,STATION_003,100.0
2026-02-11 13:00:00,STATION_003,67.96
2026-02-11 14:00:00,STATION_003,69.51
2026-02-11 15:00:00,STATION_003,71.89
2026-02-11 16:00:00,STATION_003,67.53
2026-02-11 17:00:00,STATION_003,74.16
2026-02-11 18:00:00,STATION_003,62.62
2026-02-11 19:00:00,STATION_003,77.51
2026-02-11 20:00:00,STATION_003,69.84
2026-02-11 21:00:00,STATION_003,72.43
2026-02-11 22:00:00,STATION_003,78.2
2026-02-11 23:00:00,STATION_003,61.78
2026-02-12 00:00:00,STATION_003,100.0
2026-02-12 01:00:00,STATION_003,54.73
2026-02-12 02:00:00,STATION_003,63.27
2026-02-12 03:00:00,STATION_003,56.23
2026-02-12 04:00:00,STATION_003,54.92
2026-02-12 05:00:00,STATION_003,84.94
2026-02-12 06:00:00,STATION_003,61.17
2026-02-12 07:00:00,STATION_003,85.58
2026-02-12 08:00:00,STATION_003,70.82
2026-02-12 10:00:00,STATION_003,73.33
2026-02-12 11:00:00,STATION_003,100.0
2026-02-12 12:00:00,STATION_003,82.27
2026-02-12 13:00:00,STATION_003,84.4
2026-02-12 14:00:00,STATION_003,75.66
2026-02-12 15:00:00,STATION_003,79.85
2026-02-12 16:00:00,STATION_003,62.78
2026-02-12 17:00:00,STATION_003,74.98
2026-02-12 18:00:00,STATION_003,100.0
2026-02-12 19:00:00,STATION_003,77.01
2026-02-12 20:00:00,STATION_003,65.43
2026-02-12 21:00:00,STATION_003,70.17
2026-02-12 22:00:00,STATION_003,80.94
2026-02-12 23:00:00,STATION_003,62.61
2026-02-13 00:00:00,STATION_003,49.69
2026-02-13 01:00:00,STATION_003,62.15
2026-02-13 02:00:00,STATION_003,56.69
2026-02-13 03:00:00,STATION_003,60.43
2026-02-13 05:00:00,STATION_003,85.35
2026-02-13 06:00:00,STATION_003,61.42
2026-02-13 07:00:00,STATION_003,65.32
2026-02-13 08:00:00,STATION_003,74.44
2026-02-13 09:00:00,STATION_003,70.81
2026-02-13 10:00:00,STATION_003,71.79
2026-02-13 11:00:00,STATION_003,66.59
2026-02-13 12:00:00,STATION_003,73.48
2026-02-13 13:00:00,STATION_003,78.78
2026-02-13 14:00:00,STATION_003,93.02
2026-02-13 15:00:00,STATION_003,100.0
2026-02-13 16:00:00,STATION_003,78.82
2026-02-13 17:00:00,STATION_003,82.08
2026-02-13 18:00:00,STATION_003,73.41
2026-02-13 19:00:00,STATION_003,98.28
2026-02-13 20:00:00,STATION_003,75.25
2026-02-13 21:00:00,STATION_003,100.0
2026-02-13 22:00:00,STATION_003,74.93
2026-02-13 23:00:00,STATION_003,92.65
2026-02-14 00:00:00,STATION_003,57.96
2026-02-14 01:00:00,STATION_003,54.22
2026-02-14 02:00:00,STATION_003,52.87
2026-02-14 03:00:00,STATION_003,54.38
2026-02-14 04:00:00,STATION_003,90.53
2026-02-14 05:00:00,STATION_003,48.58
2026-02-14 06:00:00,STATION_003,60.01
2026-02-14 07:00:00,STATION_003,72.0
2026-02-14 08:00:00,STATION_003,70.3
2026-02-14 09:00:00,STATION_003,71.77
2026-02-14 10:00:00,STATION_003,72.7
2026-02-14 11:00:00,STATION_003,100.0
2026-02-14 12:00:00,STATION_003,67.07
2026-02-14 13:00:00,STATION_003,66.24
2026-02-14 14:00:00,STATION_003,65.6
2026-02-14 15:00:00,STATION_003,99.24
2026-02-14 16:00:00,STATION_003,80.26
2026-02-14 17:00:00,STATION_003,65.74
2026-02-14 18:00:00,STATION_003,72.16
2026-02-14 19:00:00,STATION_003,70.67
2026-02-14 20:00:00,STATION_003,64.63
2026-02-14 21:00:00,STATION_003,72.4
2026-02-14 22:00:00,STATION_003,73.94
2026-02-14 23:00:00,STATION_003,55.17
2026-02-15 00:00:00,STATION_003,52.33
2026-02-15 01:00:00,STATION_003,55.46
2026-02-15 02:00:00,STATION_003,59.34
2026-02-15 04:00:00,STATION_003,54.68
2026-02-15 05:00:00,STATION_003,56.08
2026-02-15 06:00:00,STATION_003,59.16
2026-02-15 07:00:00,STATION_003,70.61
2026-02-15 08:00:00,STATION_003,68.76
2026-02-15 09:00:00,STATION_003,71.41
2026-02-15 10:00:00,STATION_003,75.76
2026-02-15 11:00:00,STATION_003,72.28
2026-02-15 12:00:00,STATION_003,69.81
2026-02-15 13:00:00,STATION_003,70.37
2026-02-15 14:00:00,STATION_003,65.0
2026-02-15 15:00:00,STATION_003,98.85
2026-02-15 16:00:00,STATION_003,65.89
2026-02-15 17:00:00,STATION_003,78.12
2026-02-15 18:00:00,STATION_003,67.75
2026-02-15 19:00:00,STATION_003,59.99
2026-02-15 20:00:00,STATION_003,73.09
2026-02-15 21:00:00,STATION_003,66.63
2026-02-15 22:00:00,STATION_003,73.91
2026-02-15 23:00:00,STATION_003,53.92
2026-02-16 00:00:00,STATION_003,60.71
2026-02-16 01:00:00,STATION_003,78.92
2026-02-16 02:00:00,STATION_003,49.72
2026-02-16 03:00:00,STATION_003,61.34
2026-02-16 05:00:00,STATION_003,75.34
2026-02-16 06:00:00,STATION_003,61.23
2026-02-16 07:00:00,STATION_003,68.79
2026-02-16 08:00:00,STATION_003,69.92
2026-02-16 09:00:00,STATION_003,77.69
2026-02-16 10:00:00,STATION_003,71.13
2026-02-16 11:00:00,STATION_003,100.0
2026-02-16 12:00:00,STATION_003,82.57
2026-02-16 14:00:00,STATION_003,68.78
2026-02-16 15:00:00,STATION_003,94.1
2026-02-16 16:00:00,STATION_003,100.0
2026-02-16 17:00:00,STATION_003,69.34
2026-02-16 18:00:00,STATION_003,73.53
2026-02-16 19:00:00,STATION_003,97.68
2026-02-16 21:00:00,STATION_003,77.9
2026-02-16 22:00:00,STATION_003,80.45
2026-02-16 23:00:00,STATION_003,58.2
2026-02-17 00:00:00,STATION_003,57.65
2026-02-17 01:00:00,STATION_003,67.49
2026-02-17 02:00:00,STATION_003,59.68
2026-02-17 03:00:00,STATION_003,59.61
2026-02-17 04:00:00,STATION_003,57.89
2026-02-17 05:00:00,STATION_003,93.76
2026-02-17 06:00:00,STATION_003,49.19
2026-02-17 07:00:00,STATION_003,75.57
2026-02-17 08:00:00,STATION_003,100.0
2026-02-17 09:00:00,STATION_003,76.09
2026-02-17 10:00:00,STATION_003,80.28
2026-02-17 11:00:00,STATION_003,100.0
2026-02-17 12:00:00,STATION_003,72.84
2026-02-17 13:00:00,STATION_003,72.71
2026-02-17 14:00:00,STATION_003,100.0
2026-02-17 15:00:00,STATION_003,68.75
2026-02-17 16:00:00,STATION_003,76.58
2026-02-17 17:00:00,STATION_003,74.76
2026-02-17 18:00:00,STATION_003,67.42
2026-02-17 19:00:00,STATION_003,73.25
2026-02-17 20:00:00,STATION_003,73.41
2026-02-17 21:00:00,STATION_003,98.78
2026-02-17 22:00:00,STATION_003,80.27
2026-02-17 23:00:00,STATION_003,64.72
2026-02-18 00:00:00,STATION_003,61.48
2026-02-18 01:00:00,STATION_003,53.97
2026-02-18 02:00:00,STATION_003,50.28
2026-02-18 03:00:00,STATION_003,56.47
2026-02-18 04:00:00,STATION_003,57.77
2026-02-18 05:00:00,STATION_003,58.71
2026-02-18 06:00:00,STATION_003,78.7
2026-02-18 07:00:00,STATION_003,80.79
2026-02-18 08:00:00,STATION_003,77.62
2026-02-18 09:00:00,STATION_003,100.0
2026-02-18 10:00:00,STATION_003,74.11
2026-02-18 11:00:00,STATION_003,75.97
2026-02-18 12:00:00,STATION_003,82.84
2026-02-18 13:00:00,STATION_003,78.74
2026-02-18 14:00:00,STATION_003,71.42
2026-02-18 15:00:00,STATION_003,83.69
2026-02-18 16:00:00,STATION_003,75.85
2026-02-18 17:00:00,STATION_003,71.94
2026-02-18 18:00:00,STATION_003,66.97
2026-02-18 19:00:00,STATION_003,71.32
2026-02-18 20:00:00,STATION_003,75.64
2026-02-18 21:00:00,STATION_003,94.88
2026-02-18 22:00:00,STATION_003,71.47
2026-02-18 23:00:00,STATION_003,58.7
2026-02-19 00:00:00,STATION_003,66.24
2026-02-19 01:00:00,STATION_003,60.68
2026-02-19 02:00:00,STATION_003,63.89
2026-02-19 03:00:00,STATION_003,60.37
2026-02-19 04:00:00,STATION_003,58.04
2026-02-19 05:00:00,STATION_003,50.59
2026-02-19 06:00:00,STATION_003,55.19
2026-02-19 07:00:00,STATION_003,75.0
2026-02-19 08:00:00,STATION_003,75.83
2026-02-19 09:00:00,STATION_003,79.83
2026-02-19 10:00:00,STATION_003,67.2
2026-02-19 11:00:00,STATION_003,85.59
2026-02-19 12:00:00,STATION_003,97.28
2026-02-19 13:00:00,STATION_003,68.99
2026-02-19 14:00:00,STATION_003,75.52
2026-02-19 15:00:00,STATION_003,65.15
2026-02-19 16:00:00,STATION_003,78.16
2026-02-19 17:00:00,STATION_003,77.16
2026-02-19 18:00:00,STATION_003,80.21
2026-02-19 19:00:00,STATION_003,97.38
2026-02-19 20:00:00,STATION_003,65.9
2026-02-19 21:00:00,STATION_003,84.34
2026-02-19 22:00:00,STATION_003,75.35
2026-02-19 23:00:00,STATION_003,45.95
2026-02-20 00:00:00,STATION_003,61.77
2026-02-20 01:00:00,STATION_003,95.39
2026-02-20 02:00:00,STATION_003,93.02
2026-02-20 03:00:00,STATION_003,63.56
2026-02-20 04:00:00,STATION_003,53.51
2026-02-20 05:00:00,STATION_003,52.69
2026-02-20 06:00:00,STATION_003,61.37
2026-02-20 07:00:00,STATION_003,73.67
2026-02-20 08:00:00,STATION_003,72.81
2026-02-20 09:00:00,STATION_003,100.0
2026-02-20 10:00:00,STATION_003,79.53
2026-02-20 11:00:00,STATION_003,75.76
2026-02-20 12:00:00,STATION_003,73.99
2026-02-20 13:00:00,STATION_003,75.64
2026-02-20 14:00:00,STATION_003,66.83
2026-02-20 15:00:00,STATION_003,64.62
2026-02-20 16:00:00,STATION_003,77.33
2026-02-20 17:00:00,STATION_003,69.23
2026-02-20 18:00:00,STATION_003,100.0
2026-02-20 19:00:00,STATION_003,96.31
2026-02-20 21:00:00,STATION_003,100.0
2026-02-20 22:00:00,STATION_003,72.56
2026-02-20 23:00:00,STATION_003,48.91
2026-02-21 00:00:00,STATION_003,59.13
2026-02-21 01:00:00,STATION_003,56.61
2026-02-21 02:00:00,STATION_003,53.6
2026-02-21 03:00:00,STATION_003,75.26
2026-02-21 04:00:00,STATION_003,50.97
2026-02-21 05:00:00,STATION_003,54.61
2026-02-21 06:00:00,STATION_003,57.81
2026-02-21 07:00:00,STATION_003,67.66
2026-02-21 08:00:00,STATION_003,67.09
2026-02-21 09:00:00,STATION_003,75.64
2026-02-21 10:00:00,STATION_003,66.38
2026-02-21 11:00:00,STATION_003,68.42
2026-02-21 12:00:00,STATION_003,57.93
2026-02-21 13:00:00,STATION_003,72.29
2026-02-21 14:00:00,STATION_003,72.51
2026-02-21 15:00:00,STATION_003,71.97
2026-02-21 16:00:00,STATION_003,71.66
2026-02-21 17:00:00,STATION_003,71.0
2026-02-21 18:00:00,STATION_003,68.72
2026-02-21 19:00:00,STATION_003,74.43
2026-02-21 20:00:00,STATION_003,72.78
2026-02-21 21:00:00,STATION_003,66.96
2026-02-21 22:00:00,STATION_003,68.53
2026-02-22 00:00:00,STATION_003,83.18
2026-02-22 01:00:00,STATION_003,51.43
2026-02-22 02:00:00,STATION_003,61.07
2026-02-22 03:00:00,STATION_003,55.53
2026-02-22 04:00:00,STATION_003,56.55
2026-02-22 05:00:00,STATION_003,49.42
2026-02-22 06:00:00,STATION_003,52.7
2026-02-22 07:00:00,STATION_003,100.0
2026-02-22 08:00:00,STATION_003,72.05
2026-02-22 09:00:00,STATION_003,100.0
2026-02-22 10:00:00,STATION_003,100.0
2026-02-22 11:00:00,STATION_003,71.23
2026-02-22 12:00:00,STATION_003,75.61
2026-02-22 13:00:00,STATION_003,69.02
2026-02-22 14:00:00,STATION_003,78.8
2026-02-22 15:00:00,STATION_003,67.74
2026-02-22 16:00:00,STATION_003,68.78
2026-02-22 17:00:00,STATION_003,66.18
2026-02-22 18:00:00,STATION_003,65.04
2026-02-22 19:00:00,STATION_003,94.13
2026-02-22 20:00:00,STATION_003,77.02
2026-02-22 21:00:00,STATION_003,71.23
2026-02-22 22:00:00,STATION_003,73.39
2026-02-22 23:00:00,STATION_003,54.96
2026-02-23 00:00:00,STATION_003,60.33
2026-02-23 02:00:00,STATION_003,55.64
2026-02-23 03:00:00,STATION_003,55.4
2026-02-23 04:00:00,STATION_003,65.51
2026-02-23 05:00:00,STATION_003,60.89
2026-02-23 06:00:00,STATION_003,55.84
2026-02-23 07:00:00,STATION_003,75.48
2026-02-23 08:00:00,STATION_003,67.11
2026-02-23 09:00:00,STATION_003,70.75
2026-02-23 10:00:00,STATION_003,81.06
2026-02-23 11:00:00,STATION_003,72.47
2026-02-23 12:00:00,STATION_003,80.34
2026-02-23 13:00:00,STATION_003,100.0
2026-02-23 14:00:00,STATION_003,79.05
2026-02-23 15:00:00,STATION_003,83.77
2026-02-23 16:00:00,STATION_003,73.57
2026-02-23 17:00:00,STATION_003,71.29
2026-02-23 18:00:00,STATION_003,78.15
2026-02-23 19:00:00,STATION_003,72.05
2026-02-23 20:00:00,STATION_003,73.49
2026-02-23 21:00:00,STATION_003,75.96
2026-02-23 22:00:00,STATION_003,100.0
2026-02-23 23:00:00,STATION_003,70.58
2026-02-24 00:00:00,STATION_003,58.77
2026-02-24 02:00:00,STATION_003,60.23
2026-02-24 03:00:00,STATION_003,63.74
2026-02-24 04:00:00,STATION_003,59.03
2026-02-24 05:00:00,STATION_003,50.11
2026-02-24 06:00:00,STATION_003,63.19
2026-02-24 07:00:00,STATION_003,71.46
2026-02-24 08:00:00,STATION_003,100.0
2026-02-24 09:00:00,STATION_003,71.19
2026-02-24 10:00:00,STATION_003,74.41
2026-02-24 11:00:00,STATION_003,80.16
2026-02-24 12:00:00,STATION_003,74.36
2026-02-24 13:00:00,STATION_003,67.95
2026-02-24 14:00:00,STATION_003,100.0
2026-02-24 15:00:00,STATION_003,70.0
2026-02-24 16:00:00,STATION_003,79.86
2026-02-24 17:00:00,STATION_003,75.72
2026-02-24 18:00:00,STATION_003,99.95
2026-02-24 19:00:00,STATION_003,76.51
2026-02-24 20:00:00,STATION_003,86.03
2026-02-24 21:00:00,STATION_003,74.2
2026-02-24 22:00:00,STATION_003,63.76
2026-02-24 23:00:00,STATION_003,54.37
2026-02-25 00:00:00,STATION_003,99.67
2026-02-25 01:00:00,STATION_003,66.26
2026-02-25 02:00:00,STATION_003,70.8
2026-02-25 03:00:00,STATION_003,55.19
2026-02-25 04:00:00,STATION_003,70.91
2026-02-25 05:00:00,STATION_003,58.17
2026-02-25 06:00:00,STATION_003,67.48
2026-02-25 07:00:00,STATION_003,78.85
2026-02-25 08:00:00,STATION_003,72.36
2026-02-25 09:00:00,STATION_003,84.51
2026-02-25 10:00:00,STATION_003,100.0
2026-02-25 11:00:00,STATION_003,75.37
2026-02-25 12:00:00,STATION_003,71.29
2026-02-25 13:00:00,STATION_003,79.04
2026-02-25 14:00:00,STATION_003,80.29
2026-02-25 15:00:00,STATION_003,74.6
2026-02-25 16:00:00,STATION_003,73.71
2026-02-25 17:00:00,STATION_003,72.51
2026-02-25 18:00:00,STATION_003,79.27
2026-02-25 19:00:00,STATION_003,73.61
2026-02-25 20:00:00,STATION_003,75.22
2026-02-25 21:00:00,STATION_003,81.11
2026-02-25 22:00:00,STATION_003,76.45
2026-02-25 23:00:00,STATION_003,60.22
2026-02-26 00:00:00,STATION_003,57.12
2026-02-26 01:00:00,STATION_003,59.94
2026-02-26 02:00:00,STATION_003,56.43
2026-02-26 03:00:00,STATION_003,61.13
2026-02-26 04:00:00,STATION_003,57.7
2026-02-26 05:00:00,STATION_003,58.3
2026-02-26 06:00:00,STATION_003,59.98
2026-02-26 07:00:00,STATION_003,83.53
2026-02-26 08:00:00,STATION_003,100.0
2026-02-26 09:00:00,STATION_003,81.65
2026-02-26 10:00:00,STATION_003,74.06
2026-02-26 11:00:00,STATION_003,73.86
2026-02-26 12:00:00,STATION_003,71.65
2026-02-26 13:00:00,STATION_003,100.0
2026-02-26 14:00:00,STATION_003,71.55
2026-02-26 15:00:00,STATION_003,71.58
2026-02-26 16:00:00,STATION_003,72.25
2026-02-26 17:00:00,STATION_003,72.03
2026-02-26 18:00:00,STATION_003,70.85
2026-02-26 19:00:00,STATION_003,77.96
2026-02-26 20:00:00,STATION_003,73.09
2026-02-26 21:00:00,STATION_003,73.96
2026-02-26 22:00:00,STATION_003,73.59
2026-02-26 23:00:00,STATION_003,56.85
2026-02-27 00:00:00,STATION_003,55.68
2026-02-27 01:00:00,STATION_003,87.62
2026-02-27 02:00:00,STATION_003,56.55
2026-02-27 03:00:00,STATION_003,57.02
2026-02-27 04:00:00,STATION_003,57.72
2026-02-27 05:00:00,STATION_003,62.31
2026-02-27 06:00:00,STATION_003,86.97
2026-02-27 07:00:00,STATION_003,100.0
2026-02-27 08:00:00,STATION_003,76.46
2026-02-27 09:00:00,STATION_003,68.4
2026-02-27 10:00:00,STATION_003,76.34
2026-02-27 11:00:00,STATION_003,76.07
2026-02-27 12:00:00,STATION_003,81.99
2026-02-27 13:00:00,STATION_003,76.65
2026-02-27 14:00:00,STATION_003,70.14
2026-02-27 15:00:00,STATION_003,70.52
2026-02-27 16:00:00,STATION_003,76.01
2026-02-27 17:00:00,STATION_003,73.27
2026-02-27 18:00:00,STATION_003,78.53
2026-02-27 19:00:00,STATION_003,68.22
2026-02-27 20:00:00,STATION_003,79.19
2026-02-27 21:00:00,STATION_003,75.83
2026-02-27 22:00:00,STATION_003,82.13
2026-02-27 23:00:00,STATION_003,85.31
2026-02-28 00:00:00,STATION_003,51.61
2026-02-28 01:00:00,STATION_003,53.13
2026-02-28 02:00:00,STATION_003,81.34
2026-02-28 03:00:00,STATION_003,48.95
2026-02-28 04:00:00,STATION_003,65.85
2026-02-28 05:00:00,STATION_003,76.8
2026-02-28 06:00:00,STATION_003,54.63
2026-02-28 07:00:00,STATION_003,71.72
2026-02-28 08:00:00,STATION_003,66.0
2026-02-28 09:00:00,STATION_003,96.94
2026-02-28 10:00:00,STATION_003,72.06
2026-02-28 11:00:00,STATION_003,66.01
2026-02-28 13:00:00,STATION_003,70.53
2026-02-28 14:00:00,STATION_003,67.02
2026-02-28 15:00:00,STATION_003,71.9
2026-02-28 16:00:00,STATION_003,68.71
2026-02-28 17:00:00,STATION_003,94.57
2026-02-28 18:00:00,STATION_003,64.17
2026-02-28 19:00:00,STATION_003,99.26
2026-02-28 20:00:00,STATION_003,68.6
2026-02-28 21:00:00,STATION_003,67.35
2026-02-28 22:00:00,STATION_003,90.68
2026-02-28 23:00:00,STATION_003,58.3
2026-03-01 00:00:00,STATION_003,58.44
2026-03-01 01:00:00,STATION_003,53.26
2026-03-01 02:00:00,STATION_003,51.78
2026-03-01 03:00:00,STATION_003,58.97
2026-03-01 04:00:00,STATION_003,51.54
2026-03-01 05:00:00,STATION_003,60.13
2026-03-01 06:00:00,STATION_003,51.65
2026-03-01 07:00:00,STATION_003,69.24
2026-03-01 08:00:00,STATION_003,71.75
2026-03-01 09:00:00,STATION_003,70.67
2026-03-01 10:00:00,STATION_003,66.26
2026-03-01 11:00:00,STATION_003,71.46
2026-03-01 12:00:00,STATION_003,73.18
2026-03-01 13:00:00,STATION_003,64.87
2026-03-01 14:00:00,STATION_003,71.89
2026-03-01 15:00:00,STATION_003,69.09
2026-03-01 16:00:00,STATION_003,65.16
2026-03-01 17:00:00,STATION_003,71.24
2026-03-01 18:00:00,STATION_003,96.06
2026-03-01 19:00:00,STATION_003,75.91
2026-03-01 20:00:00,STATION_003,73.45
2026-03-01 21:00:00,STATION_003,100.0
2026-03-01 22:00:00,STATION_003,74.72
2026-03-01 23:00:00,STATION_003,55.98
2026-03-02 00:00:00,STATION_003,63.12
2026-03-02 01:00:00,STATION_003,64.02
2026-03-02 02:00:00,STATION_003,57.03
2026-03-02 03:00:00,STATION_003,57.89
2026-03-02 04:00:00,STATION_003,61.63
2026-03-02 05:00:00,STATION_003,65.9
2026-03-02 06:00:00,STATION_003,54.11
2026-03-02 07:00:00,STATION_003,77.16
2026-03-02 08:00:00,STATION_003,80.42
2026-03-02 09:00:00,STATION_003,73.94
2026-03-02 10:00:00,STATION_003,74.72
2026-03-02 11:00:00,STATION_003,74.61
2026-03-02 12:00:00,STATION_003,74.33
2026-03-02 13:00:00,STATION_003,71.12
2026-03-02 14:00:00,STATION_003,74.13
2026-03-02 15:00:00,STATION_003,71.26
2026-03-02 16:00:00,STATION_003,77.77
2026-03-02 18:00:00,STATION_003,99.33
2026-03-02 19:00:00,STATION_003,75.5
2026-03-02 20:00:00,STATION_003,75.82
2026-03-02 21:00:00,STATION_003,76.12
2026-03-02 22:00:00,STATION_003,73.84
2026-03-02 23:00:00,STATION_003,59.1
2026-03-03 00:00:00,STATION_003,56.83
2026-03-03 01:00:00,STATION_003,79.36
2026-03-03 02:00:00,STATION_003,57.47
2026-03-03 03:00:00,STATION_003,54.33
2026-03-03 04:00:00,STATION_003,59.98
2026-03-03 05:00:00,STATION_003,64.3
2026-03-03 06:00:00,STATION_003,59.07
2026-03-03 07:00:00,STATION_003,85.86
2026-03-03 08:00:00,STATION_003,82.22
2026-03-03 09:00:00,STATION_003,66.64
2026-03-03 10:00:00,STATION_003,79.13
2026-03-03 11:00:00,STATION_003,71.28
2026-03-03 12:00:00,STATION_003,72.14
2026-03-03 13:00:00,STATION_003,79.08
2026-03-03 14:00:00,STATION_003,66.05
2026-03-03 15:00:00,STATION_003,80.04
2026-03-03 16:00:00,STATION_003,95.07
2026-03-03 17:00:00,STATION_003,70.59
2026-03-03 18:00:00,STATION_003,77.22
2026-03-03 19:00:00,STATION_003,67.37
2026-03-03 20:00:00,STATION_003,78.29
2026-03-03 21:00:00,STATION_003,82.89
2026-03-03 22:00:00,STATION_003,71.72
2026-03-03 23:00:00,STATION_003,60.97
2026-03-04 00:00:00,STATION_003,54.11
2026-03-04 01:00:00,STATION_003,67.81
2026-03-04 02:00:00,STATION_003,62.7
2026-03-04 03:00:00,STATION_003,57.85
2026-03-04 04:00:00,STATION_003,61.1
2026-03-04 05:00:00,STATION_003,59.79
2026-03-04 06:00:00,STATION_003,45.27
2026-03-04 07:00:00,STATION_003,83.02
2026-03-04 08:00:00,STATION_003,74.69
2026-03-04 09:00:00,STATION_003,75.82
2026-03-04 10:00:00,STATION_003,68.46
2026-03-04 11:00:00,STATION_003,75.93
2026-03-04 12:00:00,STATION_003,76.85
2026-03-04 13:00:00,STATION_003,70.04
2026-03-04 14:00:00,STATION_003,93.32
2026-03-04 15:00:00,STATION_003,76.32
2026-03-04 16:00:00,STATION_003,71.99
2026-03-04 17:00:00,STATION_003,72.26
2026-03-04 18:00:00,STATION_003,77.93
2026-03-04 19:00:00,STATION_003,75.26
2026-03-04 20:00:00,STATION_003,77.44
2026-03-04 21:00:00,STATION_003,83.52
2026-03-04 22:00:00,STATION_003,76.57
2026-03-04 23:00:00,STATION_003,63.12
2026-03-05 00:00:00,STATION_003,65.01
2026-03-05 01:00:00,STATION_003,56.52
2026-03-05 02:00:00,STATION_003,63.62
2026-03-05 03:00:00,STATION_003,89.58
2026-03-05 04:00:00,STATION_003,60.9
2026-03-05 05:00:00,STATION_003,53.28
2026-03-05 06:00:00,STATION_003,57.31
2026-03-05 07:00:00,STATION_003,74.09
2026-03-05 08:00:00,STATION_003,100.0
2026-03-05 09:00:00,STATION_003,68.58
2026-03-05 10:00:00,STATION_003,79.6
2026-03-05 11:00:00,STATION_003,100.0
2026-03-05 12:00:00,STATION_003,74.63
2026-03-05 13:00:00,STATION_003,72.95
2026-03-05 14:00:00,STATION_003,69.81
2026-03-05 15:00:00,STATION_003,80.56
2026-03-05 16:00:00,STATION_003,95.71
2026-03-05 17:00:00,STATION_003,79.32
2026-03-05 18:00:00,STATION_003,80.7
2026-03-05 19:00:00,STATION_003,59.51
2026-03-05 20:00:00,STATION_003,71.32
2026-03-05 21:00:00,STATION_003,72.84
2026-03-05 22:00:00,STATION_003,73.79
2026-03-05 23:00:00,STATION_003,65.0
2026-03-06 00:00:00,STATION_003,65.11
2026-03-06 01:00:00,STATION_003,83.12
2026-03-06 02:00:00,STATION_003,90.66
2026-03-06 03:00:00,STATION_003,56.13
2026-03-06 04:00:00,STATION_003,59.39
2026-03-06 05:00:00,STATION_003,60.69
2026-03-06 06:00:00,STATION_003,58.16
2026-03-06 08:00:00,STATION_003,97.47
2026-03-06 09:00:00,STATION_003,71.92
2026-03-06 10:00:00,STATION_003,65.44
2026-03-06 11:00:00,STATION_003,83.89
2026-03-06 12:00:00,STATION_003,79.53
2026-03-06 13:00:00,STATION_003,67.74
2026-03-06 14:00:00,STATION_003,100.0
2026-03-06 15:00:00,STATION_003,79.62
2026-03-06 16:00:00,STATION_003,76.38
2026-03-06 17:00:00,STATION_003,77.01
2026-03-06 18:00:00,STATION_003,71.89
2026-03-06 19:00:00,STATION_003,85.56
2026-03-06 20:00:00,STATION_003,73.57
2026-03-06 21:00:00,STATION_003,100.0
2026-03-06 22:00:00,STATION_003,74.62
2026-03-06 23:00:00,STATION_003,51.69
2026-03-07 00:00:00,STATION_003,59.3
2026-03-07 01:00:00,STATION_003,41.16
2026-03-07 02:00:00,STATION_003,53.69
2026-03-07 03:00:00,STATION_003,76.51
2026-03-07 04:00:00,STATION_003,86.54
2026-03-07 05:00:00,STATION_003,54.28
2026-03-07 06:00:00,STATION_003,54.53
2026-03-07 07:00:00,STATION_003,70.91
2026-03-07 08:00:00,STATION_003,70.82
2026-03-07 09:00:00,STATION_003,70.64
2026-03-07 10:00:00,STATION_003,68.23
2026-03-07 11:00:00,STATION_003,100.0
2026-03-07 12:00:00,STATION_003,69.67
2026-03-07 13:00:00,STATION_003,75.81
2026-03-07 14:00:00,STATION_003,68.78
2026-03-07 15:00:00,STATION_003,72.51
2026-03-07 16:00:00,STATION_003,69.34
2026-03-07 17:00:00,STATION_003,65.98
2026-03-07 18:00:00,STATION_003,72.68
2026-03-07 19:00:00,STATION_003,73.84
2026-03-07 20:00:00,STATION_003,70.01
2026-03-07 21:00:00,STATION_003,60.31
2026-03-07 22:00:00,STATION_003,64.32
2026-03-07 23:00:00,STATION_003,52.38
2026-03-08 00:00:00,STATION_003,62.19
2026-03-08 01:00:00,STATION_003,54.74
2026-03-08 02:00:00,STATION_003,62.08
2026-03-08 03:00:00,STATION_003,60.1
2026-03-08 04:00:00,STATION_003,52.73
2026-03-08 05:00:00,STATION_003,56.0
2026-03-08 06:00:00,STATION_003,58.98
2026-03-08 07:00:00,STATION_003,89.47
2026-03-08 08:00:00,STATION_003,100.0
2026-03-08 10:00:00,STATION_003,72.13
2026-03-08 11:00:00,STATION_003,87.82
2026-03-08 12:00:00,STATION_003,65.33
2026-03-08 13:00:00,STATION_003,72.02
2026-03-08 14:00:00,STATION_003,66.18
2026-03-08 15:00:00,STATION_003,66.35
2026-03-08 16:00:00,STATION_003,77.36
2026-03-08 17:00:00,STATION_003,68.35
2026-03-08 18:00:00,STATION_003,96.62
2026-03-08 19:00:00,STATION_003,79.17
2026-03-08 20:00:00,STATION_003,61.14
2026-03-08 21:00:00,STATION_003,63.85
2026-03-08 22:00:00,STATION_003,68.5
2026-03-08 23:00:00,STATION_003,52.77
2026-03-09 00:00:00,STATION_003,61.1
2026-03-09 01:00:00,STATION_003,60.18
2026-03-09 02:00:00,STATION_003,55.04
2026-03-09 03:00:00,STATION_003,91.43
2026-03-09 04:00:00,STATION_003,53.57
2026-03-09 05:00:00,STATION_003,58.43
2026-03-09 06:00:00,STATION_003,82.6
2026-03-09 07:00:00,STATION_003,94.88
2026-03-09 08:00:00,STATION_003,78.97
2026-03-09 09:00:00,STATION_003,73.2
2026-03-09 10:00:00,STATION_003,78.09
2026-03-09 11:00:00,STATION_003,80.62
2026-03-09 12:00:00,STATION_003,100.0
2026-03-09 13:00:00,STATION_003,78.45
2026-03-09 14:00:00,STATION_003,77.3
2026-03-09 15:00:00,STATION_003,79.57
2026-03-09 16:00:00,STATION_003,100.0
2026-03-09 17:00:00,STATION_003,100.0
2026-03-09 18:00:00,STATION_003,77.54
2026-03-09 19:00:00,STATION_003,80.5
2026-03-09 20:00:00,STATION_003,76.15
2026-03-09 21:00:00,STATION_003,71.38
2026-03-09 22:00:00,STATION_003,74.61
2026-03-09 23:00:00,STATION_003,89.26
2026-03-10 00:00:00,STATION_003,66.13
2026-03-10 01:00:00,STATION_003,62.26
2026-03-10 02:00:00,STATION_003,62.31
2026-03-10 03:00:00,STATION_003,66.28
2026-03-10 04:00:00,STATION_003,66.95
2026-03-10 05:00:00,STATION_003,63.81
2026-03-10 06:00:00,STATION_003,69.97
2026-03-10 07:00:00,STATION_003,100.0
2026-03-10 08:00:00,STATION_003,70.69
2026-03-10 09:00:00,STATION_003,75.49
2026-03-10 10:00:00,STATION_003,73.87
2026-03-10 11:00:00,STATION_003,78.25
2026-03-10 12:00:00,STATION_003,68.55
2026-03-10 13:00:00,STATION_003,81.27
2026-03-10 14:00:00,STATION_003,76.19
2026-03-10 15:00:00,STATION_003,73.73
2026-03-10 16:00:00,STATION_003,74.96
2026-03-10 17:00:00,STATION_003,79.88
2026-03-10 18:00:00,STATION_003,77.39
2026-03-10 19:00:00,STATION_003,74.86
2026-03-10 20:00:00,STATION_003,73.98
2026-03-10 21:00:00,STATION_003,74.2
2026-03-10 22:00:00,STATION_003,78.03
2026-03-10 23:00:00,STATION_003,58.6
2026-03-11 00:00:00,STATION_003,62.63
2026-03-11 01:00:00,STATION_003,48.06
2026-03-11 02:00:00,STATION_003,55.83
2026-03-11 03:00:00,STATION_003,84.97
2026-03-11 04:00:00,STATION_003,85.38
2026-03-11 05:00:00,STATION_003,88.95
2026-03-11 06:00:00,STATION_003,64.09
2026-03-11 07:00:00,STATION_003,73.1
2026-03-11 08:00:00,STATION_003,75.92
2026-03-11 09:00:00,STATION_003,73.17
2026-03-11 10:00:00,STATION_003,65.04
2026-03-11 11:00:00,STATION_003,71.46
2026-03-11 12:00:00,STATION_003,72.42
2026-03-11 13:00:00,STATION_003,75.13
2026-03-11 14:00:00,STATION_003,77.96
2026-03-11 15:00:00,STATION_003,74.05
2026-03-11 16:00:00,STATION_003,73.01
2026-03-11 17:00:00,STATION_003,76.29
2026-03-11 18:00:00,STATION_003,74.9
2026-03-11 19:00:00,STATION_003,68.55
2026-03-11 20:00:00,STATION_003,82.12
2026-03-11 21:00:00,STATION_003,73.35
2026-03-11 22:00:00,STATION_003,74.9
2026-03-11 23:00:00,STATION_003,52.65
2026-03-12 00:00:00,STATION_003,65.39
2026-03-12 01:00:00,STATION_003,57.7
2026-03-12 02:00:00,STATION_003,67.74
2026-03-12 03:00:00,STATION_003,59.66
2026-03-12 04:00:00,STATION_003,62.64
2026-03-12 05:00:00,STATION_003,58.13
2026-03-12 06:00:00,STATION_003,53.87
2026-03-12 07:00:00,STATION_003,76.9
2026-03-12 08:00:00,STATION_003,76.85
2026-03-12 09:00:00,STATION_003,64.14
2026-03-12 10:00:00,STATION_003,68.44
2026-03-12 11:00:00,STATION_003,100.0
2026-03-12 12:00:00,STATION_003,72.11
2026-03-12 13:00:00,STATION_003,67.45
2026-03-12 14:00:00,STATION_003,73.37
2026-03-12 15:00:00,STATION_003,75.57
2026-03-12 16:00:00,STATION_003,100.0
2026-03-12 17:00:00,STATION_003,100.0
2026-03-12 18:00:00,STATION_003,72.68
2026-03-12 19:00:00,STATION_003,82.12
2026-03-12 20:00:00,STATION_003,80.86
2026-03-12 21:00:00,STATION_003,75.54
2026-03-12 22:00:00,STATION_003,75.08
2026-03-12 23:00:00,STATION_003,84.98
2026-03-13 00:00:00,STATION_003,59.76
2026-03-13 01:00:00,STATION_003,57.09
2026-03-13 02:00:00,STATION_003,61.75
2026-03-13 03:00:00,STATION_003,84.85
2026-03-13 04:00:00,STATION_003,61.13
2026-03-13 05:00:00,STATION_003,66.49
2026-03-13 06:00:00,STATION_003,57.62
2026-03-13 07:00:00,STATION_003,95.76
2026-03-13 08:00:00,STATION_003,77.02
2026-03-13 09:00:00,STATION_003,77.55
2026-03-13 10:00:00,STATION_003,70.98
2026-03-13 11:00:00,STATION_003,82.69
2026-03-13 12:00:00,STATION_003,76.71
2026-03-13 13:00:00,STATION_003,84.39
2026-03-13 14:00:00,STATION_003,81.53
2026-03-13 15:00:00,STATION_003,72.21
2026-03-13 16:00:00,STATION_003,68.83
2026-03-13 17:00:00,STATION_003,67.74
2026-03-13 18:00:00,STATION_003,64.61
2026-03-13 19:00:00,STATION_003,76.0
2026-03-13 20:00:00,STATION_003,71.83
2026-03-13 21:00:00,STATION_003,77.86
2026-03-13 22:00:00,STATION_003,72.07
2026-03-13 23:00:00,STATION_003,55.92
2026-03-14 00:00:00,STATION_003,57.54
2026-03-14 01:00:00,STATION_003,65.92
2026-03-14 02:00:00,STATION_003,61.39
2026-03-14 03:00:00,STATION_003,57.62
2026-03-14 04:00:00,STATION_003,60.8
2026-03-14 05:00:00,STATION_003,57.07
2026-03-14 06:00:00,STATION_003,44.15
2026-03-14 07:00:00,STATION_003,73.57
2026-03-14 08:00:00,STATION_003,72.45
2026-03-14 09:00:00,STATION_003,74.62
2026-03-14 10:00:00,STATION_003,66.8
2026-03-14 11:00:00,STATION_003,75.45
2026-03-14 12:00:00,STATION_003,98.93
2026-03-14 13:00:00,STATION_003,64.29
2026-03-14 14:00:00,STATION_003,75.35
2026-03-14 15:00:00,STATION_003,100.0
2026-03-14 16:00:00,STATION_003,67.45
2026-03-14 17:00:00,STATION_003,77.14
2026-03-14 18:00:00,STATION_003,71.02
2026-03-14 19:00:00,STATION_003,68.62
2026-03-14 20:00:00,STATION_003,75.48
2026-03-14 21:00:00,STATION_003,67.86
2026-03-14 22:00:00,STATION_003,64.58
2026-03-14 23:00:00,STATION_003,57.78
2026-03-15 00:00:00,STATION_003,83.57
2026-03-15 01:00:00,STATION_003,49.19
2026-03-15 02:00:00,STATION_003,87.2
2026-03-15 03:00:00,STATION_003,55.73
2026-03-15 04:00:00,STATION_003,46.32
2026-03-15 05:00:00,STATION_003,80.07
2026-03-15 06:00:00,STATION_003,84.92
2026-03-15 07:00:00,STATION_003,94.45
2026-03-15 08:00:00,STATION_003,67.28
2026-03-15 09:00:00,STATION_003,64.61
2026-03-15 10:00:00,STATION_003,96.85
2026-03-15 11:00:00,STATION_003,69.08
2026-03-15 12:00:00,STATION_003,73.84
2026-03-15 13:00:00,STATION_003,70.18
2026-03-15 14:00:00,STATION_003,72.3
2026-03-15 15:00:00,STATION_003,100.0
2026-03-15 16:00:00,STATION_003,68.25
2026-03-15 17:00:00,STATION_003,74.52
2026-03-15 18:00:00,STATION_003,68.43
2026-03-15 19:00:00,STATION_003,100.0
2026-03-15 20:00:00,STATION_003,65.25
2026-03-15 21:00:00,STATION_003,70.61
2026-03-15 22:00:00,STATION_003,70.63
2026-03-15 23:00:00,STATION_003,47.94
2026-03-16 01:00:00,STATION_003,67.78
2026-03-16 02:00:00,STATION_003,60.3
2026-03-16 03:00:00,STATION_003,58.01
2026-03-16 04:00:00,STATION_003,85.03
2026-03-16 05:00:00,STATION_003,63.04
2026-03-16 06:00:00,STATION_003,67.55
2026-03-16 07:00:00,STATION_003,60.17
2026-03-16 08:00:00,STATION_003,80.73
2026-03-16 09:00:00,STATION_003,74.68
2026-03-16 10:00:00,STATION_003,76.04
2026-03-16 11:00:00,STATION_003,79.93
2026-03-16 12:00:00,STATION_003,76.33
2026-03-16 13:00:00,STATION_003,100.0
2026-03-16 14:00:00,STATION_003,81.8
2026-03-16 16:00:00,STATION_003,72.46
2026-03-16 17:00:00,STATION_003,79.07
2026-03-16 19:00:00,STATION_003,77.42
2026-03-16 20:00:00,STATION_003,76.64
2026-03-16 21:00:00,STATION_003,56.21
2026-03-16 22:00:00,STATION_003,65.66
2026-03-16 23:00:00,STATION_003,50.06
2026-03-17 00:00:00,STATION_003,82.31
2026-03-17 01:00:00,STATION_003,55.21
2026-03-17 02:00:00,STATION_003,92.52
2026-03-17 03:00:00,STATION_003,67.25
2026-03-17 04:00:00,STATION_003,66.88
2026-03-17 05:00:00,STATION_003,60.42
2026-03-17 06:00:00,STATION_003,50.22
2026-03-17 07:00:00,STATION_003,67.23
2026-03-17 08:00:00,STATION_003,69.23
2026-03-17 09:00:00,STATION_003,71.62
2026-03-17 10:00:00,STATION_003,81.71
2026-03-17 11:00:00,STATION_003,76.79
2026-03-17 12:00:00,STATION_003,75.13
2026-03-17 13:00:00,STATION_003,75.67
2026-03-17 14:00:00,STATION_003,79.58
2026-03-17 15:00:00,STATION_003,79.22
2026-03-17 16:00:00,STATION_003,75.06
2026-03-17 17:00:00,STATION_003,80.69
2026-03-17 18:00:00,STATION_003,72.55
2026-03-17 19:00:00,STATION_003,78.9
2026-03-17 20:00:00,STATION_003,100.0
2026-03-17 21:00:00,STATION_003,100.0
2026-03-17 22:00:00,STATION_003,65.97
2026-03-17 23:00:00,STATION_003,53.41
2026-03-18 00:00:00,STATION_003,58.56
2026-03-18 01:00:00,STATION_003,60.32
2026-03-18 02:00:00,STATION_003,61.77
2026-03-18 03:00:00,STATION_003,53.32
2026-03-18 04:00:00,STATION_003,59.23
2026-03-18 05:00:00,STATION_003,99.0
2026-03-18 06:00:00,STATION_003,58.3
2026-03-18 07:00:00,STATION_003,100.0
2026-03-18 08:00:00,STATION_003,89.9
2026-03-18 09:00:00,STATION_003,100.0
2026-03-18 10:00:00,STATION_003,100.0
2026-03-18 11:00:00,STATION_003,78.04
2026-03-18 12:00:00,STATION_003,76.5
2026-03-18 13:00:00,STATION_003,66.72
2026-03-18 14:00:00,STATION_003,70.37
2026-03-18 15:00:00,STATION_003,73.69
2026-03-18 16:00:00,STATION_003,75.48
2026-03-18 17:00:00,STATION_003,83.64
2026-03-18 18:00:00,STATION_003,75.34
2026-03-18 19:00:00,STATION_003,79.09
2026-03-18 20:00:00,STATION_003,74.65
2026-03-18 21:00:00,STATION_003,100.0
2026-03-18 22:00:00,STATION_003,92.91
2026-03-18 23:00:00,STATION_003,97.79
2026-03-19 00:00:00,STATION_003,57.94
2026-03-19 01:00:00,STATION_003,65.24
2026-03-19 02:00:00,STATION_003,58.42
2026-03-19 03:00:00,STATION_003,58.74
2026-03-19 04:00:00,STATION_003,94.57
2026-03-19 05:00:00,STATION_003,56.94
2026-03-19 06:00:00,STATION_003,54.32
2026-03-19 07:00:00,STATION_003,76.16
2026-03-19 08:00:00,STATION_003,83.02
2026-03-19 09:00:00,STATION_003,78.4
2026-03-19 10:00:00,STATION_003,67.24
2026-03-19 11:00:00,STATION_003,82.53
2026-03-19 12:00:00,STATION_003,81.61
2026-03-19 13:00:00,STATION_003,72.24
2026-03-19 14:00:00,STATION_003,83.65
2026-03-19 15:00:00,STATION_003,67.54
2026-03-19 16:00:00,STATION_003,72.44
2026-03-19 17:00:00,STATION_003,100.0
2026-03-19 18:00:00,STATION_003,78.25
2026-03-19 19:00:00,STATION_003,70.09
2026-03-19 20:00:00,STATION_003,81.66
2026-03-19 21:00:00,STATION_003,71.79
2026-03-19 22:00:00,STATION_003,78.57
2026-03-19 23:00:00,STATION_003,65.73
2026-03-20 00:00:00,STATION_003,52.59
2026-03-20 01:00:00,STATION_003,62.26
2026-03-20 02:00:00,STATION_003,54.72
2026-03-20 03:00:00,STATION_003,92.72
2026-03-20 04:00:00,STATION_003,68.4
2026-03-20 05:00:00,STATION_003,59.99
2026-03-20 06:00:00,STATION_003,79.21
2026-03-20 07:00:00,STATION_003,70.86
2026-03-20 08:00:00,STATION_003,80.5
2026-03-20 09:00:00,STATION_003,74.53
2026-03-20 10:00:00,STATION_003,70.45
2026-03-20 11:00:00,STATION_003,78.06
2026-03-20 12:00:00,STATION_003,73.53
2026-03-20 13:00:00,STATION_003,76.0
2026-03-20 14:00:00,STATION_003,74.13
2026-03-20 15:00:00,STATION_003,85.79
2026-03-20 16:00:00,STATION_003,75.96
2026-03-20 17:00:00,STATION_003,78.68
2026-03-20 18:00:00,STATION_003,80.47
2026-03-20 19:00:00,STATION_003,74.58
2026-03-20 20:00:00,STATION_003,81.79
2026-03-20 21:00:00,STATION_003,79.43
2026-03-20 22:00:00,STATION_003,100.0
2026-03-20 23:00:00,STATION_003,48.88
2026-03-21 00:00:00,STATION_003,63.38
2026-03-21 01:00:00,STATION_003,84.09
2026-03-21 02:00:00,STATION_003,53.39
2026-03-21 03:00:00,STATION_003,54.8
2026-03-21 04:00:00,STATION_003,80.09
2026-03-21 05:00:00,STATION_003,81.15
2026-03-21 06:00:00,STATION_003,87.52
2026-03-21 07:00:00,STATION_003,70.4
2026-03-21 08:00:00,STATION_003,69.4
2026-03-21 09:00:00,STATION_003,94.14
2026-03-21 10:00:00,STATION_003,58.44
2026-03-21 11:00:00,STATION_003,90.68
2026-03-21 12:00:00,STATION_003,100.0
2026-03-21 13:00:00,STATION_003,64.86
2026-03-21 14:00:00,STATION_003,66.73
2026-03-21 15:00:00,STATION_003,80.6
2026-03-21 16:00:00,STATION_003,60.35
2026-03-21 17:00:00,STATION_003,69.57
2026-03-21 18:00:00,STATION_003,69.84
2026-03-21 19:00:00,STATION_003,90.52
2026-03-21 20:00:00,STATION_003,69.33
2026-03-21 21:00:00,STATION_003,66.41
2026-03-21 22:00:00,STATION_003,100.0
2026-03-21 23:00:00,STATION_003,79.5
2026-03-22 00:00:00,STATION_003,58.57
2026-03-22 01:00:00,STATION_003,85.5
2026-03-22 02:00:00,STATION_003,55.08
2026-03-22 03:00:00,STATION_003,52.29
2026-03-22 04:00:00,STATION_003,59.17
2026-03-22 05:00:00,STATION_003,48.26
2026-03-22 06:00:00,STATION_003,48.72
2026-03-22 07:00:00,STATION_003,65.76
2026-03-22 08:00:00,STATION_003,65.28
2026-03-22 09:00:00,STATION_003,65.37
2026-03-22 10:00:00,STATION_003,78.5
2026-03-22 11:00:00,STATION_003,66.51
2026-03-22 12:00:00,STATION_003,71.71
2026-03-22 13:00:00,STATION_003,66.76
2026-03-22 14:00:00,STATION_003,70.1
2026-03-22 15:00:00,STATION_003,62.6
2026-03-22 16:00:00,STATION_003,62.58
2026-03-22 17:00:00,STATION_003,73.07
2026-03-22 18:00:00,STATION_003,57.31
2026-03-22 19:00:00,STATION_003,77.32
2026-03-22 20:00:00,STATION_003,71.77
2026-03-22 21:00:00,STATION_003,63.43
2026-03-22 22:00:00,STATION_003,71.47
2026-03-22 23:00:00,STATION_003,52.7
2026-03-23 00:00:00,STATION_003,55.15
2026-03-23 01:00:00,STATION_003,66.0
2026-03-23 02:00:00,STATION_003,62.61
2026-03-23 03:00:00,STATION_003,56.92
2026-03-23 04:00:00,STATION_003,92.03
2026-03-23 05:00:00,STATION_003,46.46
2026-03-23 06:00:00,STATION_003,55.17
2026-03-23 07:00:00,STATION_003,70.94
2026-03-23 08:00:00,STATION_003,76.02
2026-03-23 09:00:00,STATION_003,67.95
2026-03-23 10:00:00,STATION_003,68.35
2026-03-23 11:00:00,STATION_003,73.58
2026-03-23 12:00:00,STATION_003,78.21
2026-03-23 13:00:00,STATION_003,99.93
2026-03-23 14:00:00,STATION_003,80.71
2026-03-23 15:00:00,STATION_003,100.0
2026-03-23 16:00:00,STATION_003,72.39
2026-03-23 17:00:00,STATION_003,67.74
2026-03-23 18:00:00,STATION_003,72.97
2026-03-23 19:00:00,STATION_003,70.27
2026-03-23 20:00:00,STATION_003,77.26
2026-03-23 21:00:00,STATION_003,69.09
2026-03-23 22:00:00,STATION_003,74.5
2026-03-23 23:00:00,STATION_003,55.27
2026-03-24 00:00:00,STATION_003,58.36
2026-03-24 01:00:00,STATION_003,59.79
2026-03-24 02:00:00,STATION_003,63.05
2026-03-24 03:00:00,STATION_003,59.82
2026-03-24 04:00:00,STATION_003,56.94
2026-03-24 05:00:00,STATION_003,63.94
2026-03-24 06:00:00,STATION_003,60.09
2026-03-24 07:00:00,STATION_003,72.39
2026-03-24 08:00:00,STATION_003,78.19
2026-03-24 09:00:00,STATION_003,76.06
2026-03-24 10:00:00,STATION_003,77.73
2026-03-24 11:00:00,STATION_003,80.79
2026-03-24 12:00:00,STATION_003,69.36
2026-03-24 13:00:00,STATION_003,87.24
2026-03-24 14:00:00,STATION_003,77.16
2026-03-24 15:00:00,STATION_003,69.13
2026-03-24 16:00:00,STATION_003,86.96
2026-03-24 17:00:00,STATION_003,81.33
2026-03-24 18:00:00,STATION_003,62.21
2026-03-24 19:00:00,STATION_003,73.07
2026-03-24 20:00:00,STATION_003,83.4
2026-03-24 21:00:00,STATION_003,63.28
2026-03-24 22:00:00,STATION_003,76.63
2026-03-24 23:00:00,STATION_003,62.94
2026-03-25 00:00:00,STATION_003,62.58
2026-03-25 01:00:00,STATION_003,64.35
2026-03-25 02:00:00,STATION_003,61.05
2026-03-25 03:00:00,STATION_003,60.75
2026-03-25 04:00:00,STATION_003,52.23
2026-03-25 05:00:00,STATION_003,59.39
2026-03-25 06:00:00,STATION_003,60.88
2026-03-25 07:00:00,STATION_003,71.42
2026-03-25 08:00:00,STATION_003,70.75
2026-03-25 09:00:00,STATION_003,100.0
2026-03-25 10:00:00,STATION_003,77.48
2026-03-25 11:00:00,STATION_003,82.41
2026-03-25 12:00:00,STATION_003,76.47
2026-03-25 13:00:00,STATION_003,67.48
2026-03-25 14:00:00,STATION_003,74.95
2026-03-25 15:00:00,STATION_003,100.0
2026-03-25 16:00:00,STATION_003,76.2
2026-03-25 17:00:00,STATION_003,84.48
2026-03-25 18:00:00,STATION_003,94.99
2026-03-25 19:00:00,STATION_003,74.71
2026-03-25 20:00:00,STATION_003,78.95
2026-03-25 21:00:00,STATION_003,77.6
2026-03-25 22:00:00,STATION_003,77.94
2026-03-25 23:00:00,STATION_003,80.78
2026-03-26 00:00:00,STATION_003,58.98
2026-03-26 01:00:00,STATION_003,63.6
2026-03-26 02:00:00,STATION_003,59.16
2026-03-26 03:00:00,STATION_003,63.51
2026-03-26 04:00:00,STATION_003,59.43
2026-03-26 05:00:00,STATION_003,59.94
2026-03-26 06:00:00,STATION_003,67.48
2026-03-26 07:00:00,STATION_003,80.19
2026-03-26 08:00:00,STATION_003,100.0
2026-03-26 09:00:00,STATION_003,78.82
2026-03-26 10:00:00,STATION_003,73.36
2026-03-26 11:00:00,STATION_003,100.0
2026-03-26 12:00:00,STATION_003,69.02
2026-03-26 13:00:00,STATION_003,78.46
2026-03-26 14:00:00,STATION_003,72.27
2026-03-26 15:00:00,STATION_003,79.26
2026-03-26 16:00:00,STATION_003,65.42
2026-03-26 17:00:00,STATION_003,69.85
2026-03-26 18:00:00,STATION_003,80.0
2026-03-26 19:00:00,STATION_003,82.51
2026-03-26 20:00:00,STATION_003,79.22
2026-03-26 21:00:00,STATION_003,70.5
2026-03-26 22:00:00,STATION_003,80.44
2026-03-26 23:00:00,STATION_003,55.83
2026-03-27 00:00:00,STATION_003,65.51
2026-03-27 01:00:00,STATION_003,54.47
2026-03-27 02:00:00,STATION_003,57.85
2026-03-27 03:00:00,STATION_003,47.53
2026-03-27 04:00:00,STATION_003,54.8
2026-03-27 05:00:00,STATION_003,63.41
2026-03-27 06:00:00,STATION_003,70.04
2026-03-27 07:00:00,STATION_003,100.0
2026-03-27 08:00:00,STATION_003,76.18
2026-03-27 09:00:00,STATION_003,75.28
2026-03-27 10:00:00,STATION_003,71.55
2026-03-27 11:00:00,STATION_003,74.57
2026-03-27 12:00:00,STATION_003,100.0
2026-03-27 13:00:00,STATION_003,68.86
2026-03-27 14:00:00,STATION_003,72.9
2026-03-27 15:00:00,STATION_003,64.61
2026-03-27 16:00:00,STATION_003,79.59
2026-03-27 17:00:00,STATION_003,65.23
2026-03-27 18:00:00,STATION_003,67.99
2026-03-27 19:00:00,STATION_003,75.02
2026-03-27 20:00:00,STATION_003,68.71
2026-03-27 21:00:00,STATION_003,75.91
2026-03-27 22:00:00,STATION_003,79.27
2026-03-27 23:00:00,STATION_003,57.31
2026-03-28 00:00:00,STATION_003,61.83
2026-03-28 01:00:00,STATION_003,58.69
2026-03-28 02:00:00,STATION_003,83.35
2026-03-28 03:00:00,STATION_003,55.87
2026-03-28 04:00:00,STATION_003,89.06
2026-03-28 05:00:00,STATION_003,55.31
2026-03-28 06:00:00,STATION_003,57.54
2026-03-28 07:00:00,STATION_003,63.57
2026-03-28 08:00:00,STATION_003,71.74
2026-03-28 09:00:00,STATION_003,96.7
2026-03-28 10:00:00,STATION_003,63.07
2026-03-28 11:00:00,STATION_003,69.97
2026-03-28 12:00:00,STATION_003,76.1
2026-03-28 13:00:00,STATION_003,67.83
2026-03-28 14:00:00,STATION_003,85.75
2026-03-28 16:00:00,STATION_003,72.28
2026-03-28 17:00:00,STATION_003,72.95
2026-03-28 18:00:00,STATION_003,67.06
2026-03-28 19:00:00,STATION_003,65.56
2026-03-28 20:00:00,STATION_003,68.64
2026-03-28 21:00:00,STATION_003,99.63
2026-03-28 22:00:00,STATION_003,81.51
2026-03-28 23:00:00,STATION_003,86.03
2026-03-29 00:00:00,STATION_003,55.6
2026-03-29 01:00:00,STATION_003,92.91
2026-03-29 02:00:00,STATION_003,62.81
2026-03-29 04:00:00,STATION_003,53.76
2026-03-29 05:00:00,STATION_003,52.87
2026-03-29 06:00:00,STATION_003,57.37
2026-03-29 07:00:00,STATION_003,80.47
2026-03-29 08:00:00,STATION_003,68.98
2026-03-29 09:00:00,STATION_003,69.55
2026-03-29 10:00:00,STATION_003,75.78
2026-03-29 11:00:00,STATION_003,76.87
2026-03-29 12:00:00,STATION_003,92.39
2026-03-29 13:00:00,STATION_003,90.49
2026-03-29 14:00:00,STATION_003,70.3
2026-03-29 15:00:00,STATION_003,74.48
2026-03-29 16:00:00,STATION_003,66.52
2026-03-29 17:00:00,STATION_003,65.72
2026-03-29 18:00:00,STATION_003,65.55
2026-03-29 19:00:00,STATION_003,67.71
2026-03-29 20:00:00,STATION_003,75.03
2026-03-29 21:00:00,STATION_003,70.94
2026-03-29 22:00:00,STATION_003,64.17
2026-03-29 23:00:00,STATION_003,67.02
2026-03-30 00:00:00,STATION_003,53.48
2026-03-30 01:00:00,STATION_003,57.74
2026-03-30 02:00:00,STATION_003,82.02
2026-03-30 03:00:00,STATION_003,73.96
2026-03-30 04:00:00,STATION_003,67.66
2026-03-30 05:00:00,STATION_003,64.06
2026-03-30 06:00:00,STATION_003,80.47
2026-03-30 07:00:00,STATION_003,78.22
2026-03-30 08:00:00,STATION_003,81.48
2026-03-30 09:00:00,STATION_003,77.02
2026-03-30 10:00:00,STATION_003,78.41
2026-03-30 11:00:00,STATION_003,80.21
2026-03-30 12:00:00,STATION_003,83.18
2026-03-30 13:00:00,STATION_003,77.21
2026-03-30 14:00:00,STATION_003,73.06
2026-03-30 15:00:00,STATION_003,78.77
2026-03-30 16:00:00,STATION_003,80.84
2026-03-30 17:00:00,STATION_003,73.77
2026-03-30 18:00:00,STATION_003,65.1
2026-03-30 19:00:00,STATION_003,72.93
2026-03-30 20:00:00,STATION_003,69.02
2026-03-30 21:00:00,STATION_003,62.85
2026-03-30 22:00:00,STATION_003,73.17
2026-03-30 23:00:00,STATION_003,59.64
2026-03-31 00:00:00,STATION_003,91.25
2026-03-31 01:00:00,STATION_003,68.09
2026-03-31 02:00:00,STATION_003,55.04
2026-03-31 03:00:00,STATION_003,55.82
2026-03-31 04:00:00,STATION_003,57.59
2026-03-31 05:00:00,STATION_003,82.93
2026-03-31 06:00:00,STATION_003,56.36
2026-03-31 07:00:00,STATION_003,78.84
2026-03-31 08:00:00,STATION_003,76.04
2026-03-31 09:00:00,STATION_003,74.77
2026-03-31 10:00:00,STATION_003,71.76
2026-03-31 11:00:00,STATION_003,73.35
2026-03-31 12:00:00,STATION_003,79.62
2026-03-31 13:00:00,STATION_003,77.84
2026-03-31 14:00:00,STATION_003,100.0
2026-03-31 15:00:00,STATION_003,72.19
2026-03-31 16:00:00,STATION_003,72.08
2026-03-31 17:00:00,STATION_003,79.68
2026-03-31 18:00:00,STATION_003,79.85
2026-03-31 19:00:00,STATION_003,92.33
2026-03-31 20:00:00,STATION_003,78.7
2026-03-31 21:00:00,STATION_003,78.35
2026-03-31 22:00:00,STATION_003,100.0
2026-03-31 23:00:00,STATION_003,94.12
