timestamp,complaint_count,complaint_ids
2026-02-15 01:00:00,3,"67994440,67992166,67999060"
2026-02-15 03:00:00,2,"68005576,68000108"
2026-02-15 04:00:00,2,"68006713,68000150"
2026-02-15 05:00:00,1,68007740
2026-02-15 06:00:00,1,68000103
2026-02-15 07:00:00,4,"68002227,68006705,68007739,68005564"
2026-02-15 08:00:00,12,"68000102,68001172,68005483,68001241,68004326"
2026-02-15 09:00:00,17,"68000164,68002233,68005493,68006710,68005484"
2026-02-15 10:00:00,10,"68007751,68002226,68002231,68002234,68002293"
2026-02-15 11:00:00,18,"68007833,68005492,68006693,68000098,68001184"
2026-02-15 12:00:00,9,"68000099,68006614,68007837,68005485,68007832"
2026-02-15 13:00:00,16,"68003343,68000107,68006610,68006709,68005487"
2026-02-15 14:00:00,15,"68001235,68004398,68004401,68001170,68001181"
2026-02-15 15:00:00,20,"68007746,68007834,68004402,68007749,68000105"
2026-02-15 16:00:00,19,"68000100,68006603,68000165,68005566,68006708"
2026-02-15 17:00:00,13,"68000163,68001236,68004410,68000097,68001183"
2026-02-15 18:00:00,9,"68000166,68003341,68001175,68003282,68003289"
2026-02-15 19:00:00,6,"68001179,68004331,68005486,68006617,68006607"
2026-02-15 20:00:00,6,"68005489,68004396,68005563,68002225,68006615"
2026-02-15 21:00:00,2,"68003342,68006618"
2026-02-15 22:00:00,4,"68001180,68006712,68007835,68005480"
2026-02-15 23:00:00,6,"68001173,68006711,68004329,68004397,68004320"
2026-02-16 00:00:00,2,"68004403,68003288"
2026-02-16 01:00:00,3,"68007845,68007824,68004387"
2026-02-16 06:00:00,2,"68008971,68010284"
2026-02-16 07:00:00,5,"68012597,68017275,68010250,68013775,68010252"
2026-02-16 08:00:00,7,"68012594,68016136,68014959,68011422,68016140"
2026-02-16 09:00:00,9,"68012656,68014992,68010255,68011377,68011415"
2026-02-16 10:00:00,8,"68008976,68009024,68010246,68012648,68010247"
2026-02-16 11:00:00,18,"68012650,68012651,68010298,68012655,68014917"
2026-02-16 12:00:00,20,"68008975,68008986,68012605,68014918,68014914"
2026-02-16 13:00:00,18,"68008981,68008972,68010248,68010254,68011379"
2026-02-16 14:00:00,12,"68008987,68010245,68012601,68012603,68012608"
2026-02-16 15:00:00,14,"68016082,68017268,68010296,68017269,68011424"
2026-02-16 16:00:00,17,"68010303,68008982,68011374,68011376,68013773"
2026-02-16 17:00:00,11,"68017271,68013822,68016142,68010249,68010299"
2026-02-16 18:00:00,17,"68012658,68013774,68013824,68014915,68017332"
2026-02-16 19:00:00,2,"68017277,68016138"
2026-02-16 20:00:00,6,"68012592,68013789,68014920,68014921,68017340"
2026-02-16 21:00:00,8,"68014913,68016133,68008985,68012598,68014916"
2026-02-16 22:00:00,6,"68008979,68010251,68011421,68014963,68010297"
2026-02-16 23:00:00,2,"68016116,68016080"
2026-02-17 00:00:00,3,"68012593,68012647,68017339"
2026-02-17 01:00:00,2,"68014962,68013826"
2026-02-17 02:00:00,3,"68019938,68026847,68008984"
2026-02-17 03:00:00,3,"68022660,68021255,68028120"
2026-02-17 06:00:00,4,"68021256,68019919,68019926,68021316"
2026-02-17 07:00:00,24,"68018606,68025405,68018636,68019922,68023994"
2026-02-17 08:00:00,26,"68024063,68028124,68021348,68025397,68026755"
2026-02-17 09:00:00,22,"68024060,68019920,68019921,68023992,68025469"
2026-02-17 10:00:00,13,"68022677,68025445,68026753,68018660,68021257"
2026-02-17 11:00:00,17,"68020007,68026838,68024069,68020001,68020003"
2026-02-17 12:00:00,15,"68024008,68024043,68024067,68025474,68021342"
2026-02-17 13:00:00,25,"68028125,68019928,68025444,68024057,68019999"
2026-02-17 14:00:00,18,"68022608,68022596,68026796,68019939,68021260"
2026-02-17 15:00:00,18,"68026773,68028198,68022610,68026754,68021259"
2026-02-17 16:00:00,12,"68018657,68028189,68020008,68021340,68022601"
2026-02-17 17:00:00,25,"68026844,68021267,68024061,68022667,68023999"
2026-02-17 18:00:00,8,"68019942,68019944,68025472,68019931,68022604"
2026-02-17 19:00:00,14,"68023995,68026795,68026843,68024072,68021336"
2026-02-17 20:00:00,12,"68026840,68025415,68025483,68021334,68018576"
2026-02-17 21:00:00,9,"68018654,68028187,68026834,68019985,68025467"
2026-02-17 22:00:00,7,"68019941,68022609,68024062,68018656,68024009"
2026-02-17 23:00:00,2,"68028129,68024000"
2026-02-18 00:00:00,12,"68021335,68021339,68026841,68021274,68022670"
2026-02-18 01:00:00,4,"68028188,68022605,68024018,68024071"
2026-02-18 02:00:00,5,"68025438,68036891,68029394,68035571,68021290"
2026-02-18 03:00:00,2,"68036770,68029419"
2026-02-18 06:00:00,7,"68033071,68031905,68033124,68034336,68035593"
2026-02-18 07:00:00,22,"68031904,68031867,68035530,68038081,68033067"
2026-02-18 08:00:00,34,"68031939,68029330,68030701,68031861,68031865"
2026-02-18 09:00:00,44,"68033070,68033077,68035631,68036777,68031902"
2026-02-18 10:00:00,29,"68030606,68031938,68031962,68029318,68034330"
2026-02-18 11:00:00,28,"68029343,68031847,68031868,68035532,68029332"
2026-02-18 12:00:00,23,"68030698,68031872,68034409,68038096,68038097"
2026-02-18 13:00:00,21,"68031950,68034339,68035524,68036769,68038071"
2026-02-18 14:00:00,35,"68029344,68035611,68036863,68029406,68030686"
2026-02-18 15:00:00,36,"68033089,68033157,68029335,68030685,68031942"
2026-02-18 16:00:00,25,"68030617,68033086,68036764,68036783,68038084"
2026-02-18 17:00:00,22,"68031856,68031953,68035608,68031845,68031846"
2026-02-18 18:00:00,26,"68036860,68029327,68035535,68034340,68035557"
2026-02-18 19:00:00,14,"68033078,68034401,68038089,68038093,68036789"
2026-02-18 20:00:00,23,"68029405,68030604,68038094,68035617,68029334"
2026-02-18 21:00:00,8,"68031934,68038082,68038170,68030610,68035623"
2026-02-18 22:00:00,16,"68038076,68034405,68035548,68033153,68031850"
2026-02-18 23:00:00,6,"68036804,68031933,68030603,68033085,68036894"
2026-02-19 00:00:00,4,"68029339,68036784,68031947,68033151"
2026-02-19 01:00:00,2,"68038160,68038169"
2026-02-19 02:00:00,3,"68050154,68039529,68048737"
2026-02-19 03:00:00,3,"68048637,68039494,68047176"
2026-02-19 04:00:00,3,"68041087,68044187,68048666"
2026-02-19 05:00:00,5,"68045660,68041025,68044061,68041078,68050153"
2026-02-19 06:00:00,12,"68039524,68045537,68050125,68039492,68040993"
2026-02-19 07:00:00,40,"68041013,68041014,68042545,68042573,68044175"
2026-02-19 08:00:00,45,"68045659,68039504,68050196,68039499,68039609"
2026-02-19 09:00:00,51,"68039515,68039521,68039522,68039527,68042641"
2026-02-19 10:00:00,50,"68039503,68039511,68039526,68041011,68042649"
2026-02-19 11:00:00,30,"68042547,68042555,68042642,68044129,68044170"
2026-02-19 12:00:00,44,"68039535,68041115,68044160,68047219,68048634"
2026-02-19 13:00:00,39,"68039523,68039532,68039614,68042532,68042614"
2026-02-19 14:00:00,43,"68039493,68039530,68041002,68041000,68041022"
2026-02-19 15:00:00,32,"68039601,68041024,68042656,68044069,68044166"
2026-02-19 16:00:00,37,"68039500,68039508,68039516,68042531,68042640"
2026-02-19 17:00:00,29,"68039512,68042543,68045548,68048729,68039531"
2026-02-19 18:00:00,28,"68039525,68039621,68045564,68045566,68045609"
2026-02-19 19:00:00,13,"68039496,68041004,68044050,68044066,68047231"
2026-02-19 20:00:00,16,"68042657,68044065,68047124,68047234,68048642"
2026-02-19 21:00:00,18,"68039498,68041012,68042538,68042572,68042574"
2026-02-19 22:00:00,7,"68045540,68045662,68050114,68050136,68050230"
2026-02-19 23:00:00,8,"68044060,68041110,68044097,68041010,68050112"
2026-02-20 01:00:00,1,68050106
2026-02-20 02:00:00,3,"68057192,68058537,68054310"
2026-02-20 03:00:00,2,"68052920,68054317"
2026-02-20 04:00:00,3,"68058495,68052958,68052919"
2026-02-20 05:00:00,2,"68057197,68054402"
2026-02-20 06:00:00,8,"68051575,68052883,68054337,68061285,68051595"
2026-02-20 07:00:00,18,"68051594,68052884,68054334,68054404,68058440"
2026-02-20 08:00:00,29,"68054302,68054304,68054306,68054335,68057096"
2026-02-20 09:00:00,22,"68059940,68052882,68057160,68058523,68059870"
2026-02-20 10:00:00,24,"68051605,68051528,68051533,68052881,68052904"
2026-02-20 11:00:00,28,"68052978,68051530,68054301,68055692,68055689"
2026-02-20 12:00:00,20,"68051592,68054313,68051529,68052890,68058493"
2026-02-20 13:00:00,26,"68054403,68058475,68059868,68054366,68057187"
2026-02-20 14:00:00,30,"68061303,68051526,68052961,68055685,68055696"
2026-02-20 15:00:00,21,"68054395,68052880,68055712,68057177,68057186"
2026-02-20 16:00:00,18,"68052959,68052902,68052941,68051598,68061373"
2026-02-20 17:00:00,16,"68054300,68052895,68055705,68061342,68052957"
2026-02-20 18:00:00,19,"68058522,68059948,68051535,68055698,68055710"
2026-02-20 19:00:00,8,"68051534,68061294,68057108,68057114,68059878"
2026-02-20 20:00:00,21,"68052967,68052973,68052896,68052974,68054322"
2026-02-20 21:00:00,7,"68051607,68052889,68052969,68054398,68051600"
2026-02-20 22:00:00,4,"68055789,68052979,68058526,68057196"
2026-02-20 23:00:00,6,"68057179,68051532,68061307,68061320,68052891"
2026-02-21 00:00:00,7,"68055783,68051538,68051539,68052894,68057097"
2026-02-21 02:00:00,7,"68069993,68062610,68065007,68068738,68070019"
2026-02-21 03:00:00,1,68063753
2026-02-21 05:00:00,6,"68071140,68063752,68071205,68064965,68071147"
2026-02-21 06:00:00,6,"68071182,68068694,68067542,68071122,68067562"
2026-02-21 07:00:00,11,"68067481,68071216,68071223,68062537,68063749"
2026-02-21 08:00:00,17,"68063777,68071135,68067487,68062539,68063838"
2026-02-21 09:00:00,26,"68068786,68065005,68066216,68067557,68069947"
2026-02-21 10:00:00,32,"68063870,68067495,68070015,68065045,68066164"
2026-02-21 11:00:00,35,"68063771,68071227,68063762,68063774,68066182"
2026-02-21 12:00:00,33,"68065035,68066185,68070033,68071233,68068787"
2026-02-21 13:00:00,44,"68063770,68063857,68071222,68071128,68062543"
2026-02-21 14:00:00,29,"68063764,68067493,68070016,68071149,68064949"
2026-02-21 15:00:00,34,"68062562,68062597,68063772,68068782,68062553"
2026-02-21 16:00:00,19,"68068785,68071217,68064963,68066175,68067524"
2026-02-21 17:00:00,18,"68070013,68070014,68064962,68067486,68067496"
2026-02-21 18:00:00,5,"68067482,68068696,68071145,68065039,68063859"
2026-02-21 19:00:00,14,"68067556,68062546,68066190,68071132,68071224"
2026-02-21 20:00:00,4,"68068779,68071146,68071127,68066188"
2026-02-21 21:00:00,6,"68062630,68066178,68070017,68071139,68071131"
2026-02-21 22:00:00,7,"68064960,68065032,68068693,68069943,68068781"
2026-02-21 23:00:00,5,"68067566,68063778,68064967,68066183,68067567"
2026-02-22 00:00:00,2,"68066274,68065043"
2026-02-22 02:00:00,2,"68072272,68075494"
2026-02-22 03:00:00,4,"68072311,68075475,68074398,68072313"
2026-02-22 04:00:00,2,"68072310,68079791"
2026-02-22 05:00:00,3,"68078716,68072286,68075438"
2026-02-22 06:00:00,3,"68072287,68078760,68074402"
2026-02-22 07:00:00,6,"68078735,68078746,68073355,68074405,68079784"
2026-02-22 08:00:00,6,"68076512,68079787,68075474,68078713,68079831"
2026-02-22 09:00:00,19,"68078718,68078717,68078720,68079790,68073315"
2026-02-22 10:00:00,30,"68075444,68073368,68079788,68075490,68076514"
2026-02-22 11:00:00,22,"68073370,68076563,68077664,68072268,68073317"
2026-02-22 12:00:00,15,"68075441,68078719,68075443,68077629,68073314"
2026-02-22 13:00:00,13,"68073324,68078723,68073326,68078722,68077630"
2026-02-22 14:00:00,5,"68076532,68075439,68079830,68075486,68076516"
2026-02-22 15:00:00,5,"68075476,68073369,68072299,68075473,68078751"
2026-02-22 16:00:00,10,"68073327,68076509,68078721,68075489,68076502"
2026-02-22 17:00:00,6,"68075442,68072273,68077673,68073366,68076391"
2026-02-22 18:00:00,4,"68076513,68078724,68079833,68074416"
2026-02-22 19:00:00,3,"68072312,68078734,68073320"
2026-02-22 22:00:00,5,"68076507,68077672,68074415,68077632,68075329"
2026-02-22 23:00:00,1,68077517
2026-02-23 00:00:00,2,"68078759,68077631"
2026-02-23 03:00:00,1,68095003
2026-02-23 08:00:00,3,"68088884,68092972,68084935"
2026-02-23 09:00:00,1,68081028
2026-02-23 10:00:00,2,"68092578,68084934"
2026-02-23 11:00:00,2,"68090933,68092981"
2026-02-23 12:00:00,5,"68081014,68086901,68090934,68092576,68088874"
2026-02-23 13:00:00,7,"68095019,68082978,68086888,68095020,68082966"
2026-02-23 14:00:00,1,68092968
2026-02-23 15:00:00,5,"68082587,68082968,68090944,68080684,68086542"
2026-02-23 16:00:00,2,"68086543,68092577"
2026-02-23 17:00:00,5,"68081013,68084558,68086902,68088872,68092970"
2026-02-23 18:00:00,6,"68092967,68084556,68084947,68086887,68092579"
2026-02-23 19:00:00,5,"68084933,68094997,68088873,68092575,68090951"
2026-02-23 20:00:00,9,"68084932,68088882,68094996,68081029,68086885"
2026-02-23 21:00:00,3,"68081027,68090950,68092969"
2026-02-23 22:00:00,4,"68082965,68084557,68090952,68082589"
2026-02-23 23:00:00,3,"68086884,68086898,68092971"
2026-02-24 02:00:00,2,"68106734,68106685"
2026-02-24 03:00:00,1,68109509
2026-02-24 04:00:00,1,68109567
2026-02-24 06:00:00,4,"68118179,68112398,68106684,68112393"
2026-02-24 07:00:00,15,"68097899,68106680,68106683,68118178,68118240"
2026-02-24 08:00:00,15,"68100824,68103786,68106678,68100826,68111476"
2026-02-24 09:00:00,14,"68103729,68118174,68112457,68112399,68097910"
2026-02-24 10:00:00,7,"68115238,68112400,68112390,68112458,68100819"
2026-02-24 11:00:00,6,"68106679,68112456,68097907,68106689,68109570"
2026-02-24 12:00:00,17,"68097900,68103735,68106735,68115237,68115241"
2026-02-24 13:00:00,9,"68100823,68112408,68097905,68115269,68117216"
2026-02-24 14:00:00,8,"68103727,68112455,68103742,68097959,68112396"
2026-02-24 15:00:00,7,"68112388,68103736,68118181,68103726,68109517"
2026-02-24 16:00:00,9,"68100817,68097904,68115264,68117215,68103732"
2026-02-24 17:00:00,7,"68100825,68115240,68106690,68115242,68109510"
2026-02-24 18:00:00,3,"68106738,68105778,68112397"
2026-02-24 19:00:00,2,"68103728,68109514"
2026-02-24 20:00:00,4,"68112461,68103787,68100818,68097960"
2026-02-24 21:00:00,1,68115239
2026-02-24 22:00:00,7,"68108592,68115236,68106681,68106682,68112389"
2026-02-24 23:00:00,1,68100820
2026-02-25 01:00:00,4,"68109568,68111474,68106737,68100828"
2026-02-25 02:00:00,1,68122295
2026-02-25 03:00:00,1,68127376
2026-02-25 04:00:00,4,"68127374,68129054,68120527,68127348"
2026-02-25 07:00:00,4,"68125591,68125592,68128999,68127326"
2026-02-25 08:00:00,5,"68120504,68122263,68127317,68129001,68130732"
2026-02-25 09:00:00,2,"68120506,68132427"
2026-02-25 10:00:00,12,"68120502,68125594,68127372,68130735,68122315"
2026-02-25 11:00:00,5,"68122265,68120531,68127316,68130744,68132430"
2026-02-25 12:00:00,10,"68130787,68123896,68123897,68123956,68127378"
2026-02-25 13:00:00,5,"68130736,68132422,68122264,68127371,68129000"
2026-02-25 14:00:00,5,"68125596,68125132,68122268,68125588,68129052"
2026-02-25 15:00:00,6,"68123901,68129004,68120500,68125597,68122327"
2026-02-25 16:00:00,7,"68122269,68132425,68129051,68125130,68125590"
2026-02-25 17:00:00,13,"68123900,68125593,68122273,68132475,68120555"
2026-02-25 18:00:00,6,"68120503,68132426,68132476,68120557,68127370"
2026-02-25 19:00:00,5,"68125654,68120501,68120507,68125131,68123452"
2026-02-25 20:00:00,6,"68123952,68120562,68132429,68125589,68125644"
2026-02-25 21:00:00,2,"68132428,68130786"
2026-02-25 22:00:00,1,68123898
2026-02-25 23:00:00,2,"68125655,68123911"
2026-02-26 00:00:00,5,"68120526,68130734,68123955,68129003,68125595"
2026-02-26 01:00:00,1,68127373
2026-02-26 04:00:00,2,"68137353,68142206"
2026-02-26 06:00:00,2,"68140561,68135864"
2026-02-26 07:00:00,6,"68135781,68140568,68142209,68134177,68134176"
2026-02-26 08:00:00,20,"68143970,68137357,68137359,68137363,68140560"
2026-02-26 09:00:00,10,"68135784,68138957,68137358,68140564,68143895"
2026-02-26 10:00:00,12,"68135872,68135873,68142216,68137361,68137442"
2026-02-26 11:00:00,11,"68142211,68138954,68145176,68140655,68143927"
2026-02-26 12:00:00,9,"68137017,68137362,68138958,68143840,68145639"
2026-02-26 13:00:00,5,"68137438,68140559,68137440,68142294,68134145"
2026-02-26 14:00:00,5,"68140618,68145643,68135865,68135783,68143838"
2026-02-26 15:00:00,4,"68135776,68138972,68140565,68142210"
2026-02-26 16:00:00,7,"68137364,68135780,68135863,68140582,68135794"
2026-02-26 17:00:00,14,"68138955,68137437,68140570,68140656,68137356"
2026-02-26 18:00:00,7,"68138953,68135777,68139005,68140571,68145568"
2026-02-26 19:00:00,4,"68143896,68135782,68140567,68134100"
2026-02-26 20:00:00,3,"68142215,68145562,68145565"
2026-02-26 21:00:00,6,"68135862,68140657,68140562,68139045,68143839"
2026-02-26 22:00:00,4,"68138956,68135779,68143834,68134103"
2026-02-26 23:00:00,1,68145600
2026-02-27 00:00:00,2,"68135778,68135828"
2026-02-27 01:00:00,2,"68137016,68145567"
2026-02-27 03:00:00,3,"68151368,68154010,68147057"
2026-02-27 04:00:00,1,68149896
2026-02-27 05:00:00,2,"68146702,68157207"
2026-02-27 06:00:00,1,68157123
2026-02-27 07:00:00,5,"68155758,68149890,68149889,68149888,68149964"
2026-02-27 08:00:00,13,"68152766,68152765,68155834,68154283,68148487"
2026-02-27 09:00:00,20,"68154349,68146975,68151340,68157127,68148448"
2026-02-27 10:00:00,15,"68147053,68151347,68151348,68154380,68149885"
2026-02-27 11:00:00,12,"68149931,68151346,68155757,68151442,68154289"
2026-02-27 12:00:00,14,"68149932,68149933,68151352,68157122,68152768"
2026-02-27 13:00:00,10,"68149891,68157126,68152771,68146979,68148530"
2026-02-27 14:00:00,8,"68157124,68154292,68149886,68149936,68151450"
2026-02-27 15:00:00,17,"68147054,68146973,68151400,68154333,68157179"
2026-02-27 16:00:00,10,"68151429,68149963,68152773,68154294,68155828"
2026-02-27 17:00:00,12,"68155759,68146976,68148520,68156827,68148524"
2026-02-27 18:00:00,1,68151350
2026-02-27 19:00:00,2,"68149894,68155762"
2026-02-27 20:00:00,2,"68157220,68148450"
2026-02-27 21:00:00,8,"68151431,68148451,68149965,68148522,68148523"
2026-02-27 22:00:00,3,"68152770,68149884,68155761"
2026-02-27 23:00:00,2,"68148525,68147063"
2026-02-28 00:00:00,2,"68146971,68154296"
2026-02-28 01:00:00,1,68152767
2026-02-28 02:00:00,2,"68163933,68162719"
2026-02-28 03:00:00,4,"68158367,68161779,68164167,68164214"
2026-02-28 05:00:00,3,"68165334,68166548,68158128"
2026-02-28 06:00:00,2,"68160603,68158296"
2026-02-28 07:00:00,4,"68159504,68165385,68163008,68159450"
2026-02-28 08:00:00,10,"68158308,68163015,68158366,68160598,68165310"
2026-02-28 09:00:00,18,"68160606,68161770,68159490,68158368,68162939"
2026-02-28 10:00:00,12,"68164207,68159512,68159444,68158298,68164158"
2026-02-28 11:00:00,5,"68161825,68162941,68165377,68161773,68159447"
2026-02-28 12:00:00,6,"68162943,68159452,68161769,68159442,68164154"
2026-02-28 13:00:00,15,"68160601,68164208,68165355,68166489,68158322"
2026-02-28 14:00:00,15,"68158304,68159489,68158306,68158309,68164159"
2026-02-28 15:00:00,9,"68158363,68158295,68165311,68159453,68160656"
2026-02-28 16:00:00,9,"68158302,68158307,68159511,68158303,68162905"
2026-02-28 17:00:00,14,"68158313,68166297,68160654,68166490,68158300"
2026-02-28 18:00:00,1,68162940
2026-02-28 19:00:00,6,"68161771,68158305,68159509,68165379,68166550"
2026-02-28 20:00:00,7,"68162942,68165315,68158372,68159510,68166495"
2026-02-28 21:00:00,7,"68161798,68163009,68166549,68163010,68165314"
2026-02-28 22:00:00,6,"68166493,68164160,68166492,68163014,68158344"
2026-02-28 23:00:00,3,"68160602,68158365,68165317"
2026-03-01 00:00:00,4,"68159445,68160409,68160604,68161817"
2026-03-01 01:00:00,2,"68165316,68163013"
2026-03-01 02:00:00,8,"68162959,68166497,68174514,68173408,68174353"
2026-03-01 04:00:00,3,"68172276,68173407,68172335"
2026-03-01 05:00:00,1,68173380
2026-03-01 06:00:00,2,"68171131,68168906"
2026-03-01 07:00:00,4,"68174526,68170103,68172332,68172315"
2026-03-01 08:00:00,9,"68170036,68174525,68174534,68174533,68173375"
2026-03-01 09:00:00,14,"68175722,68170072,68171213,68173368,68170027"
2026-03-01 10:00:00,11,"68175699,68170051,68173381,68168865,68167720"
2026-03-01 11:00:00,20,"68170038,68167780,68173406,68174524,68175706"
2026-03-01 12:00:00,16,"68171143,68172316,68172280,68168883,68174539"
2026-03-01 13:00:00,13,"68175701,68173428,68173429,68167715,68167724"
2026-03-01 14:00:00,8,"68173431,68175700,68173379,68171138,68167534"
2026-03-01 15:00:00,10,"68171136,68174532,68171126,68171133,68172274"
2026-03-01 16:00:00,8,"68174537,68171129,68170031,68167722,68171199"
2026-03-01 17:00:00,15,"68171134,68172284,68174531,68174536,68172285"
2026-03-01 18:00:00,11,"68174543,68175693,68173377,68171198,68170097"
2026-03-01 19:00:00,5,"68175703,68168871,68173438,68175765,68167788"
2026-03-01 20:00:00,10,"68171203,68172283,68174530,68175702,68167721"
2026-03-01 21:00:00,5,"68174542,68171127,68172282,68172331,68173370"
2026-03-01 22:00:00,4,"68168866,68172281,68171197,68174603"
2026-03-01 23:00:00,4,"68171141,68171144,68170035,68170032"
2026-03-02 00:00:00,3,"68168870,68167726,68175704"
2026-03-02 01:00:00,2,"68175705,68168867"
2026-03-02 02:00:00,1,68183099
2026-03-02 03:00:00,7,"68186048,68181640,68187523,68181573,68178573"
2026-03-02 05:00:00,1,68186025
2026-03-02 06:00:00,4,"68177134,68186014,68186016,68178525"
2026-03-02 07:00:00,14,"68180079,68180082,68187488,68177135,68183027"
2026-03-02 08:00:00,25,"68177126,68178528,68186013,68177129,68180032"
2026-03-02 09:00:00,16,"68177217,68186068,68177144,68181569,68187507"
2026-03-02 10:00:00,16,"68187481,68187482,68180029,68177137,68184532"
2026-03-02 11:00:00,13,"68186017,68180042,68180109,68183092,68187483"
2026-03-02 12:00:00,10,"68178533,68187480,68184600,68184517,68180107"
2026-03-02 13:00:00,17,"68177183,68181584,68177141,68178532,68178595"
2026-03-02 14:00:00,17,"68180028,68184572,68186031,68184598,68186019"
2026-03-02 15:00:00,7,"68181568,68187489,68180041,68186026,68180040"
2026-03-02 16:00:00,11,"68177127,68184596,68178535,68180102,68187478"
2026-03-02 17:00:00,7,"68180030,68180103,68184526,68184597,68178530"
2026-03-02 18:00:00,5,"68177143,68178531,68180108,68180106,68184525"
2026-03-02 19:00:00,9,"68177133,68180110,68187486,68180036,68180063"
2026-03-02 20:00:00,13,"68181585,68186028,68186069,68186030,68184530"
2026-03-02 21:00:00,2,"68184523,68186024"
2026-03-02 22:00:00,4,"68177215,68178596,68184611,68180120"
2026-03-03 00:00:00,6,"68177138,68177142,68187485,68187484,68177136"
2026-03-03 01:00:00,7,"68178590,68184607,68184527,68180074,68178587"
2026-03-03 02:00:00,2,"68198526,68198522"
2026-03-03 03:00:00,2,"68197136,68197213"
2026-03-03 04:00:00,1,68190278
2026-03-03 05:00:00,1,68192984
2026-03-03 06:00:00,5,"68190277,68191688,68192994,68191608,68191609"
2026-03-03 07:00:00,27,"68190281,68192978,68190285,68190294,68192979"
2026-03-03 08:00:00,22,"68194456,68188881,68190287,68190293,68191610"
2026-03-03 09:00:00,17,"68188901,68190280,68190307,68193027,68195749"
2026-03-03 10:00:00,17,"68198524,68188878,68188879,68188883,68192991"
2026-03-03 11:00:00,11,"68190286,68192985,68195756,68188882,68194402"
2026-03-03 12:00:00,10,"68193026,68198523,68190354,68194414,68195789"
2026-03-03 13:00:00,18,"68188952,68190297,68191613,68198566,68191684"
2026-03-03 14:00:00,13,"68191606,68191611,68191632,68197132,68197135"
2026-03-03 15:00:00,8,"68194415,68195758,68197188,68194450,68197143"
2026-03-03 16:00:00,6,"68193047,68197134,68195750,68190283,68194436"
2026-03-03 17:00:00,8,"68197164,68198533,68188950,68194398,68194391"
2026-03-03 18:00:00,8,"68190292,68194393,68197140,68188884,68188951"
2026-03-03 19:00:00,7,"68195753,68190276,68188960,68190295,68190363"
2026-03-03 20:00:00,5,"68192989,68192986,68197210,68194438,68188954"
2026-03-03 21:00:00,7,"68190296,68194401,68195790,68190291,68191687"
2026-03-03 22:00:00,3,"68190356,68197139,68197209"
2026-03-03 23:00:00,2,"68188887,68192992"
2026-03-04 00:00:00,1,68194390
2026-03-04 02:00:00,3,"68201576,68209030,68195815"
2026-03-04 04:00:00,1,68207482
2026-03-04 05:00:00,1,68201579
2026-03-04 06:00:00,5,"68199955,68201501,68207478,68201498,68201485"
2026-03-04 07:00:00,18,"68200081,68204526,68207553,68209079,68210494"
2026-03-04 08:00:00,27,"68199994,68200015,68204500,68205981,68207545"
2026-03-04 09:00:00,17,"68199963,68199961,68199962,68201473,68205977"
2026-03-04 10:00:00,16,"68201499,68206006,68209021,68209046,68201572"
2026-03-04 11:00:00,29,"68209016,68199974,68203009,68204499,68204561"
2026-03-04 12:00:00,19,"68202962,68199958,68199995,68202954,68205985"
2026-03-04 13:00:00,26,"68199972,68199996,68201500,68205978,68209006"
2026-03-04 14:00:00,20,"68199957,68204493,68204495,68205980,68206029"
2026-03-04 15:00:00,13,"68204497,68207477,68209020,68209082,68200047"
2026-03-04 16:00:00,28,"68199959,68199971,68201475,68201571,68204494"
2026-03-04 17:00:00,24,"68201487,68201570,68207487,68206008,68210582"
2026-03-04 18:00:00,12,"68199967,68201574,68201575,68202965,68203049"
2026-03-04 19:00:00,7,"68201480,68206071,68210504,68202968,68209010"
2026-03-04 20:00:00,3,"68202969,68204586,68209105"
2026-03-04 21:00:00,5,"68209018,68199975,68209015,68209009,68209028"
2026-03-04 22:00:00,8,"68199970,68202961,68200042,68207579,68201479"
2026-03-04 23:00:00,5,"68202960,68207590,68204506,68204587,68209114"
2026-03-05 00:00:00,2,"68199978,68204565"
2026-03-05 02:00:00,3,"68220419,68220444,68220367"
2026-03-05 04:00:00,3,"68216206,68214730,68214801"
2026-03-05 06:00:00,5,"68213312,68214710,68216165,68211899,68216129"
2026-03-05 07:00:00,20,"68217607,68214709,68214711,68214764,68214820"
2026-03-05 08:00:00,27,"68217524,68213370,68213371,68214765,68214766"
2026-03-05 09:00:00,14,"68213404,68213405,68221862,68217513,68217563"
2026-03-05 10:00:00,21,"68217606,68213354,68213350,68213369,68217566"
2026-03-05 11:00:00,19,"68214729,68216198,68211965,68214707,68217608"
2026-03-05 12:00:00,20,"68218915,68217604,68221872,68220348,68216126"
2026-03-05 13:00:00,10,"68213352,68214720,68216116,68216166,68217514"
2026-03-05 14:00:00,17,"68213378,68221819,68214767,68220349,68213317"
2026-03-05 15:00:00,12,"68211888,68213372,68220350,68220363,68211974"
2026-03-05 16:00:00,14,"68216199,68221912,68211885,68221822,68212000"
2026-03-05 17:00:00,26,"68220360,68220443,68219008,68220412,68213402"
2026-03-05 18:00:00,11,"68218926,68214724,68212001,68214716,68217512"
2026-03-05 19:00:00,10,"68211973,68214810,68211886,68211887,68212010"
2026-03-05 20:00:00,6,"68214813,68214714,68212002,68218921,68214715"
2026-03-05 21:00:00,6,"68213408,68213325,68217520,68213316,68216123"
2026-03-05 22:00:00,11,"68217515,68221831,68211889,68213318,68214726"
2026-03-05 23:00:00,4,"68213323,68214713,68217518,68221827"
2026-03-06 00:00:00,4,"68219009,68211897,68213322,68217523"
2026-03-06 03:00:00,5,"68225129,68223538,68231772,68235073,68223593"
2026-03-06 04:00:00,3,"68233440,68225167,68231885"
2026-03-06 05:00:00,2,"68233476,68230094"
2026-03-06 06:00:00,5,"68231886,68223490,68235063,68225180,68228570"
2026-03-06 07:00:00,33,"68226897,68228504,68223466,68223495,68223521"
2026-03-06 08:00:00,52,"68230129,68225070,68223439,68223440,68223445"
2026-03-06 09:00:00,41,"68226768,68225066,68230231,68231880,68223438"
2026-03-06 10:00:00,37,"68231879,68235065,68235072,68225059,68223520"
2026-03-06 11:00:00,38,"68226772,68233443,68235001,68225060,68225121"
2026-03-06 12:00:00,18,"68223436,68223441,68228585,68228583,68231752"
2026-03-06 13:00:00,21,"68234994,68226733,68228437,68228440,68228441"
2026-03-06 14:00:00,24,"68226898,68231776,68230233,68235130,68234995"
2026-03-06 15:00:00,18,"68235144,68226771,68230109,68225057,68225068"
2026-03-06 16:00:00,28,"68225064,68223449,68225220,68228469,68228582"
2026-03-06 17:00:00,34,"68235143,68226761,68226756,68230114,68235060"
2026-03-06 18:00:00,11,"68228470,68225072,68223603,68230090,68230128"
2026-03-06 19:00:00,10,"68226755,68231779,68228567,68226753,68226893"
2026-03-06 20:00:00,2,"68228462,68231775"
2026-03-06 21:00:00,11,"68225095,68228465,68230122,68225077,68225182"
2026-03-06 22:00:00,4,"68233445,68223454,68230119,68231766"
2026-03-06 23:00:00,1,68228455
2026-03-07 00:00:00,2,"68230228,68223602"
2026-03-07 01:00:00,4,"68230120,68231764,68230121,68233458"
2026-03-07 02:00:00,1,68236322
2026-03-07 03:00:00,3,"68237548,68242319,68242257"
2026-03-07 04:00:00,1,68244709
2026-03-07 05:00:00,2,"68239978,68241155"
2026-03-07 06:00:00,2,"68239957,68242346"
2026-03-07 07:00:00,11,"68241109,68236245,68236319,68237490,68238724"
2026-03-07 08:00:00,17,"68244720,68236355,68237580,68242315,68239956"
2026-03-07 09:00:00,21,"68236354,68243492,68236272,68238727,68237489"
2026-03-07 10:00:00,36,"68241092,68239939,68243505,68244712,68236289"
2026-03-07 11:00:00,30,"68236269,68237499,68239943,68244771,68236246"
2026-03-07 12:00:00,27,"68241105,68238711,68241101,68244802,68241179"
2026-03-07 13:00:00,34,"68237484,68241110,68242264,68236266,68237502"
2026-03-07 14:00:00,24,"68237573,68240007,68243524,68243574,68236321"
2026-03-07 15:00:00,24,"68242271,68236252,68236262,68243573,68236248"
2026-03-07 16:00:00,12,"68236251,68242253,68242261,68242256,68243506"
2026-03-07 17:00:00,13,"68236257,68238723,68241121,68237543,68238728"
2026-03-07 18:00:00,10,"68242274,68237546,68244723,68237491,68244710"
2026-03-07 19:00:00,14,"68237527,68240009,68243509,68237497,68241094"
2026-03-07 20:00:00,5,"68241181,68244744,68238713,68237500,68243487"
2026-03-07 21:00:00,8,"68242272,68244728,68236350,68236270,68237506"
2026-03-07 22:00:00,6,"68237577,68236250,68236259,68243503,68238716"
2026-03-07 23:00:00,14,"68241111,68236263,68238726,68243491,68237508"
2026-03-08 00:00:00,4,"68236267,68241118,68243568,68244801"
2026-03-08 01:00:00,1,68251499
2026-03-08 05:00:00,1,68255652
2026-03-08 06:00:00,2,"68252854,68255571"
2026-03-08 07:00:00,13,"68250112,68246087,68247479,68255550,68247460"
2026-03-08 08:00:00,18,"68246119,68254188,68251469,68246196,68247562"
2026-03-08 09:00:00,15,"68252831,68246099,68254215,68246096,68251561"
2026-03-08 10:00:00,31,"68246091,68250134,68254201,68246109,68252845"
2026-03-08 11:00:00,35,"68248777,68251496,68252863,68248779,68246108"
2026-03-08 12:00:00,40,"68250107,68246113,68247472,68251476,68251471"
2026-03-08 13:00:00,31,"68251494,68252869,68247493,68246086,68250188"
2026-03-08 14:00:00,37,"68252838,68252840,68252868,68252941,68254189"
2026-03-08 15:00:00,35,"68254196,68255570,68250110,68248865,68246184"
2026-03-08 16:00:00,21,"68250122,68254212,68254191,68247554,68255574"
2026-03-08 17:00:00,30,"68255558,68246094,68255623,68251560,68255647"
2026-03-08 18:00:00,27,"68246085,68247463,68247488,68246107,68246195"
2026-03-08 19:00:00,19,"68255567,68246187,68250185,68248853,68246106"
2026-03-08 20:00:00,13,"68252834,68250114,68248863,68254234,68255573"
2026-03-08 21:00:00,13,"68248757,68246115,68246110,68246121,68247462"
2026-03-08 22:00:00,8,"68247486,68247489,68254198,68255578,68250130"
2026-03-08 23:00:00,5,"68246101,68246193,68248770,68255562,68251484"
2026-03-09 00:00:00,2,"68252830,68250131"
2026-03-09 01:00:00,1,68252847
2026-03-09 02:00:00,2,"68265546,68247553"
2026-03-09 03:00:00,4,"68261469,68261617,68263493,68265599"
2026-03-09 05:00:00,3,"68259542,68263588,68269575"
2026-03-09 06:00:00,9,"68267487,68269581,68271762,68269589,68263492"
2026-03-09 07:00:00,36,"68257613,68261478,68261479,68271631,68271636"
2026-03-09 08:00:00,50,"68257466,68257473,68257490,68259516,68259520"
2026-03-09 09:00:00,45,"68259514,68259518,68259649,68261503,68263515"
2026-03-09 10:00:00,43,"68259497,68261493,68263527,68265505,68265639"
2026-03-09 11:00:00,28,"68257494,68257500,68267516,68269611,68271638"
2026-03-09 12:00:00,23,"68259634,68263530,68263518,68271652,68271651"
2026-03-09 13:00:00,19,"68259638,68263502,68263532,68265633,68269613"
2026-03-09 14:00:00,22,"68257476,68261501,68263521,68265638,68263627"
2026-03-09 15:00:00,34,"68259503,68261496,68263536,68265524,68271628"
2026-03-09 16:00:00,30,"68259543,68261494,68263524,68267507,68269601"
2026-03-09 17:00:00,29,"68259486,68261609,68265525,68267503,68267518"
2026-03-09 18:00:00,44,"68259485,68259490,68261504,68263500,68265506"
2026-03-09 19:00:00,26,"68257487,68259495,68267622,68267627,68269580"
2026-03-09 20:00:00,11,"68261485,68261505,68263505,68265513,68267492"
2026-03-09 21:00:00,7,"68263634,68267513,68271653,68267499,68267512"
2026-03-09 22:00:00,9,"68263529,68265516,68265517,68267623,68269595"
2026-03-09 23:00:00,7,"68259635,68263514,68265636,68267484,68269591"
2026-03-10 00:00:00,1,68265648
2026-03-10 01:00:00,2,"68267620,68263579"
2026-03-10 02:00:00,2,"68279701,68283035"
2026-03-10 04:00:00,4,"68276553,68279820,68273234,68281322"
2026-03-10 05:00:00,1,68278202
2026-03-10 06:00:00,14,"68273206,68274939,68278065,68278194,68281336"
2026-03-10 07:00:00,28,"68273229,68273303,68273355,68276456,68278045"
2026-03-10 08:00:00,46,"68274828,68274827,68276462,68276499,68278047"
2026-03-10 09:00:00,33,"68273216,68274821,68274942,68276428,68276435"
2026-03-10 10:00:00,21,"68276457,68278196,68279662,68279684,68281347"
2026-03-10 11:00:00,23,"68273200,68273201,68273223,68274801,68276461"
2026-03-10 12:00:00,20,"68273213,68274820,68276437,68276442,68276448"
2026-03-10 13:00:00,40,"68273203,68273225,68273235,68273236,68273237"
2026-03-10 14:00:00,24,"68276453,68276459,68276557,68276562,68278053"
2026-03-10 15:00:00,28,"68273222,68273238,68273352,68274822,68274830"
2026-03-10 16:00:00,29,"68273217,68273304,68276455,68276559,68278056"
2026-03-10 17:00:00,33,"68273221,68274809,68274825,68274831,68274945"
2026-03-10 18:00:00,22,"68273220,68274808,68274814,68274819,68274823"
2026-03-10 19:00:00,21,"68273205,68273224,68274798,68278043,68279698"
2026-03-10 20:00:00,15,"68273354,68274811,68274815,68274943,68276447"
2026-03-10 21:00:00,17,"68273209,68273214,68273227,68276443,68276556"
2026-03-10 22:00:00,10,"68274947,68276449,68279668,68282966,68284585"
2026-03-10 23:00:00,4,"68276560,68278069,68279695,68281355"
2026-03-11 00:00:00,5,"68273230,68273350,68279680,68284735,68276433"
2026-03-11 01:00:00,1,68283112
2026-03-11 02:00:00,5,"68286313,68289519,68289521,68288010,68294396"
2026-03-11 04:00:00,1,68296099
2026-03-11 06:00:00,8,"68289595,68292880,68289643,68291152,68295944"
2026-03-11 07:00:00,28,"68286244,68286246,68289509,68291184,68296043"
2026-03-11 08:00:00,36,"68287925,68289609,68291064,68292704,68292828"
2026-03-11 09:00:00,35,"68286343,68287862,68287961,68287963,68289495"
2026-03-11 10:00:00,26,"68287962,68291185,68292864,68294320,68294324"
2026-03-11 11:00:00,17,"68291068,68289597,68289644,68292866,68287869"
2026-03-11 12:00:00,28,"68286265,68287861,68289667,68291225,68292707"
2026-03-11 13:00:00,30,"68289507,68292861,68296010,68296011,68286249"
2026-03-11 14:00:00,36,"68291087,68291186,68291187,68292712,68296007"
2026-03-11 15:00:00,26,"68291067,68286245,68286398,68287872,68287873"
2026-03-11 16:00:00,27,"68291235,68292865,68296045,68297573,68289515"
2026-03-11 17:00:00,31,"68286263,68291066,68291090,68297579,68286252"
2026-03-11 18:00:00,16,"68286260,68286267,68286271,68291097,68292725"
2026-03-11 19:00:00,9,"68294326,68286247,68292718,68294336,68286261"
2026-03-11 20:00:00,19,"68286270,68287965,68289520,68291095,68291098"
2026-03-11 21:00:00,14,"68295923,68286269,68287874,68289498,68289648"
2026-03-11 22:00:00,11,"68292721,68291083,68291086,68292737,68295922"
2026-03-11 23:00:00,5,"68286250,68289508,68287875,68289506,68289501"
2026-03-12 00:00:00,2,"68289645,68287865"
2026-03-12 01:00:00,5,"68289524,68294395,68294485,68296097,68291151"
2026-03-12 02:00:00,6,"68289647,68300582,68302067,68303588,68309362"
2026-03-12 04:00:00,1,68309381
2026-03-12 05:00:00,4,"68301986,68303475,68309507,68303539"
2026-03-12 06:00:00,3,"68303474,68304946,68304949"
2026-03-12 07:00:00,11,"68299152,68300584,68304935,68304937,68306475"
2026-03-12 08:00:00,19,"68299068,68308058,68300583,68301987,68302058"
2026-03-12 09:00:00,23,"68302101,68304980,68306488,68303583,68306477"
2026-03-12 10:00:00,22,"68306575,68309375,68303582,68299203,68299204"
2026-03-12 11:00:00,23,"68302099,68299069,68300639,68299070,68299090"
2026-03-12 12:00:00,22,"68303581,68302003,68305004,68309454,68309510"
2026-03-12 13:00:00,22,"68306576,68300591,68302100,68302095,68303482"
2026-03-12 14:00:00,16,"68304950,68299077,68299081,68301998,68308031"
2026-03-12 15:00:00,15,"68299071,68301988,68303528,68304936,68309423"
2026-03-12 16:00:00,10,"68300590,68309368,68299086,68302002,68303485"
2026-03-12 17:00:00,11,"68299087,68309506,68299082,68301999,68303490"
2026-03-12 18:00:00,17,"68299079,68299085,68303479,68303489,68303585"
2026-03-12 19:00:00,10,"68301989,68300594,68301993,68306483,68309382"
2026-03-12 20:00:00,3,"68306481,68299074,68303496"
2026-03-12 21:00:00,5,"68309509,68304983,68306577,68300668,68306487"
2026-03-12 22:00:00,2,"68299091,68305048"
2026-03-12 23:00:00,3,"68300665,68304944,68308041"
2026-03-13 00:00:00,4,"68306579,68309373,68301992,68309469"
2026-03-13 01:00:00,2,"68305059,68304982"
2026-03-13 02:00:00,2,"68312643,68320520"
2026-03-13 03:00:00,3,"68314272,68320465,68322115"
2026-03-13 04:00:00,5,"68314170,68314171,68315704,68314176,68318910"
2026-03-13 05:00:00,1,68321989
2026-03-13 06:00:00,10,"68312667,68320469,68311032,68314196,68318973"
2026-03-13 07:00:00,21,"68312560,68310975,68311075,68312550,68312552"
2026-03-13 08:00:00,28,"68320471,68314236,68320523,68312629,68312630"
2026-03-13 09:00:00,19,"68322002,68315837,68320522,68310962,68311035"
2026-03-13 10:00:00,12,"68322031,68312670,68312672,68315715,68315724"
2026-03-13 11:00:00,13,"68318911,68320468,68315779,68320462,68314187"
2026-03-13 12:00:00,15,"68320470,68314166,68322114,68311036,68314303"
2026-03-13 13:00:00,23,"68315839,68321992,68312549,68312551,68312556"
2026-03-13 14:00:00,19,"68320585,68322107,68314181,68312631,68317382"
2026-03-13 15:00:00,15,"68314180,68311034,68314305,68317312,68312548"
2026-03-13 16:00:00,26,"68312553,68318986,68320589,68314169,68312554"
2026-03-13 17:00:00,18,"68320472,68310973,68312668,68315716,68315720"
2026-03-13 18:00:00,7,"68317311,68321993,68314182,68310971,68317306"
2026-03-13 19:00:00,5,"68317292,68310970,68320478,68320588,68312665"
2026-03-13 20:00:00,11,"68312567,68315709,68317294,68312628,68314178"
2026-03-13 21:00:00,3,"68320480,68311078,68321998"
2026-03-13 22:00:00,5,"68315710,68312671,68317300,68318913,68318914"
2026-03-13 23:00:00,4,"68317310,68311076,68314193,68315718"
2026-03-14 00:00:00,3,"68314237,68318901,68315719"
2026-03-14 01:00:00,2,"68319011,68320475"
2026-03-14 02:00:00,1,68332232
2026-03-14 03:00:00,2,"68328353,68330971"
2026-03-14 04:00:00,1,68324522
2026-03-14 05:00:00,5,"68329616,68330912,68327125,68329661,68327035"
2026-03-14 06:00:00,6,"68327077,68329651,68325844,68332202,68332262"
2026-03-14 07:00:00,2,"68329618,68323377"
2026-03-14 08:00:00,8,"68328352,68330924,68332249,68327037,68324521"
2026-03-14 09:00:00,20,"68324557,68323344,68328351,68330913,68324572"
2026-03-14 10:00:00,16,"68325841,68332254,68324556,68327051,68327052"
2026-03-14 11:00:00,23,"68324520,68325786,68324605,68330922,68330926"
2026-03-14 12:00:00,14,"68325795,68332253,68332230,68332231,68327038"
2026-03-14 13:00:00,18,"68327048,68330923,68332255,68325782,68325823"
2026-03-14 14:00:00,7,"68328375,68327055,68329625,68324600,68324519"
2026-03-14 15:00:00,13,"68325792,68327050,68332199,68323373,68327054"
2026-03-14 16:00:00,7,"68325791,68328129,68323291,68328347,68330921"
2026-03-14 17:00:00,14,"68327053,68324594,68332198,68323296,68323297"
2026-03-14 18:00:00,13,"68330925,68324534,68329623,68332303,68323299"
2026-03-14 19:00:00,10,"68327128,68329626,68327120,68324532,68332192"
2026-03-14 20:00:00,5,"68329621,68329622,68323372,68325793,68328350"
2026-03-14 21:00:00,3,"68325787,68327040,68328411"
2026-03-14 22:00:00,8,"68325794,68324523,68327042,68328344,68328349"
2026-03-14 23:00:00,1,68332191
2026-03-15 00:00:00,2,"68325789,68328412"
2026-03-15 02:00:00,2,"68336903,68333346"
2026-03-15 03:00:00,5,"68340589,68336981,68333352,68341717,68339351"
2026-03-15 04:00:00,4,"68341720,68340593,68335772,68341780"
2026-03-15 05:00:00,1,68338154
2026-03-15 06:00:00,2,"68341760,68340591"
2026-03-15 07:00:00,1,68335773
2026-03-15 08:00:00,9,"68339308,68339294,68340515,68333350,68334538"
2026-03-15 09:00:00,20,"68335691,68336971,68338113,68335687,68336911"
2026-03-15 10:00:00,15,"68333348,68336976,68338112,68338116,68333349"
2026-03-15 11:00:00,14,"68335774,68335685,68333344,68333345,68333347"
2026-03-15 12:00:00,24,"68333353,68335776,68333426,68335694,68336899"
2026-03-15 13:00:00,19,"68336968,68334533,68338189,68338190,68339304"
2026-03-15 14:00:00,11,"68333354,68339301,68334537,68335701,68335775"
2026-03-15 15:00:00,5,"68336896,68335688,68338188,68335702,68335693"
2026-03-15 16:00:00,13,"68341708,68336973,68340517,68334539,68334590"
2026-03-15 17:00:00,5,"68336902,68339300,68334567,68336975,68341714"
2026-03-15 18:00:00,9,"68335703,68338109,68335698,68338120,68339303"
2026-03-15 19:00:00,8,"68334534,68334536,68339314,68339317,68340531"
2026-03-15 20:00:00,6,"68333355,68333356,68338123,68339305,68335700"
2026-03-15 21:00:00,5,"68338118,68339309,68340526,68338122,68338115"
2026-03-15 22:00:00,2,"68340590,68336906"
2026-03-15 23:00:00,17,"68336900,68334530,68333424,68334532,68335689"
2026-03-16 00:00:00,3,"68338191,68336977,68335683"
2026-03-16 01:00:00,1,68335761
2026-03-16 02:00:00,1,68353274
2026-03-16 04:00:00,1,68343106
2026-03-16 05:00:00,1,68343057
2026-03-16 06:00:00,10,"68350283,68344554,68343066,68344535,68347369"
2026-03-16 07:00:00,12,"68350245,68344492,68345990,68346014,68347361"
2026-03-16 08:00:00,16,"68353179,68350262,68350243,68343059,68343095"
2026-03-16 09:00:00,20,"68344501,68347365,68351680,68353212,68351737"
2026-03-16 10:00:00,15,"68351686,68350248,68353215,68345949,68343138"
2026-03-16 11:00:00,23,"68350338,68350267,68351683,68350299,68351697"
2026-03-16 12:00:00,16,"68346012,68346011,68350298,68351682,68351681"
2026-03-16 13:00:00,16,"68350337,68351691,68353177,68348787,68348803"
2026-03-16 14:00:00,10,"68353258,68353262,68350240,68345946,68347370"
2026-03-16 15:00:00,8,"68353261,68344566,68353213,68344507,68348834"
2026-03-16 16:00:00,9,"68344498,68347363,68348792,68348793,68343139"
2026-03-16 17:00:00,6,"68350251,68350266,68344590,68346015,68348796"
2026-03-16 18:00:00,13,"68344499,68345948,68353230,68343064,68348799"
2026-03-16 19:00:00,2,"68350247,68351685"
2026-03-16 20:00:00,14,"68343141,68348889,68347367,68348899,68347442"
2026-03-16 21:00:00,7,"68343067,68345945,68346013,68347439,68347441"
2026-03-16 22:00:00,4,"68343062,68350256,68350257,68353263"
2026-03-16 23:00:00,3,"68348861,68353176,68350249"
2026-03-17 00:00:00,2,"68343061,68343060"
2026-03-17 01:00:00,2,"68350295,68347447"
2026-03-17 02:00:00,4,"68354915,68366299,68354812,68345950"
2026-03-17 04:00:00,2,"68364633,68361351"
2026-03-17 06:00:00,7,"68354799,68356494,68358132,68366255,68364647"
2026-03-17 07:00:00,13,"68354798,68356492,68358064,68361344,68361346"
2026-03-17 08:00:00,21,"68354835,68358068,68362984,68362985,68366269"
2026-03-17 09:00:00,33,"68356416,68354806,68356499,68356405,68359735"
2026-03-17 10:00:00,13,"68361352,68356401,68356423,68354811,68356552"
2026-03-17 11:00:00,12,"68366359,68359659,68362979,68364635,68366265"
2026-03-17 12:00:00,16,"68354802,68356455,68359705,68364675,68354803"
2026-03-17 13:00:00,12,"68354810,68361455,68358061,68358133,68354801"
2026-03-17 14:00:00,11,"68354809,68356406,68354800,68361427,68364674"
2026-03-17 15:00:00,21,"68354924,68359655,68354909,68354834,68362991"
2026-03-17 16:00:00,8,"68359662,68361354,68354875,68358174,68361345"
2026-03-17 17:00:00,12,"68359658,68362992,68364747,68356414,68356454"
2026-03-17 18:00:00,16,"68356517,68354805,68362998,68358066,68366272"
2026-03-17 19:00:00,8,"68364738,68359660,68359668,68364748,68362995"
2026-03-17 20:00:00,9,"68366370,68359656,68364737,68361343,68362993"
2026-03-17 21:00:00,5,"68359670,68361456,68363093,68363097,68363099"
2026-03-17 22:00:00,2,"68366268,68359667"
2026-03-17 23:00:00,5,"68363069,68354923,68354912,68366371,68361356"
2026-03-18 00:00:00,2,"68359663,68359665"
2026-03-18 01:00:00,1,68356415
2026-03-18 02:00:00,5,"68370659,68372189,68376548,68372221,68378028"
2026-03-18 03:00:00,1,68375071
2026-03-18 04:00:00,3,"68367833,68372230,68373655"
2026-03-18 05:00:00,1,68376547
2026-03-18 06:00:00,3,"68370647,68370683,68373641"
2026-03-18 07:00:00,12,"68377965,68369323,68367733,68367732,68369213"
2026-03-18 08:00:00,31,"68370732,68370737,68372134,68369262,68370649"
2026-03-18 09:00:00,17,"68369270,68375139,68370703,68369212,68367735"
2026-03-18 10:00:00,17,"68376550,68375187,68375182,68377946,68372191"
2026-03-18 11:00:00,8,"68369268,68367736,68372129,68373643,68373648"
2026-03-18 12:00:00,19,"68367830,68369261,68369311,68372142,68367739"
2026-03-18 13:00:00,8,"68369209,68372136,68378031,68372190,68367793"
2026-03-18 14:00:00,22,"68370651,68373650,68375075,68375068,68367744"
2026-03-18 15:00:00,14,"68367842,68367843,68372218,68373647,68377952"
2026-03-18 16:00:00,11,"68367834,68376596,68376595,68376521,68369214"
2026-03-18 17:00:00,12,"68372137,68373651,68372132,68375142,68378029"
2026-03-18 18:00:00,14,"68370652,68367742,68375172,68375173,68367740"
2026-03-18 19:00:00,9,"68369324,68370734,68367831,68372219,68375188"
2026-03-18 20:00:00,7,"68372141,68378030,68375171,68378041,68370735"
2026-03-18 21:00:00,7,"68375073,68367743,68370650,68377962,68372133"
2026-03-18 22:00:00,6,"68367741,68367832,68369304,68369310,68370656"
2026-03-18 23:00:00,3,"68367745,68369309,68377944"
2026-03-19 00:00:00,1,68376516
2026-03-19 02:00:00,4,"68389071,68381335,68384433,68389162"
2026-03-19 04:00:00,2,"68384318,68379523"
2026-03-19 05:00:00,3,"68382782,68379577,68389047"
2026-03-19 06:00:00,5,"68379534,68384316,68389142,68382817,68385835"
2026-03-19 07:00:00,21,"68379664,68381220,68385854,68385856,68387526"
2026-03-19 08:00:00,23,"68379521,68381218,68381224,68385847,68385859"
2026-03-19 09:00:00,27,"68379536,68381215,68382784,68382888,68384386"
2026-03-19 10:00:00,16,"68379539,68379544,68381223,68384419,68385839"
2026-03-19 11:00:00,13,"68379653,68379658,68381216,68384422,68384424"
2026-03-19 12:00:00,12,"68384418,68387451,68389054,68390632,68390648"
2026-03-19 13:00:00,17,"68379531,68379533,68379547,68384322,68384416"
2026-03-19 14:00:00,15,"68379540,68379650,68387445,68389056,68390639"
2026-03-19 15:00:00,14,"68379537,68385852,68387438,68387555,68389063"
2026-03-19 16:00:00,11,"68379546,68382875,68387449,68390641,68382786"
2026-03-19 17:00:00,12,"68379535,68379651,68382780,68385848,68385858"
2026-03-19 18:00:00,8,"68381222,68385855,68389060,68385845,68390747"
2026-03-19 19:00:00,9,"68381292,68385843,68385850,68382876,68387447"
2026-03-19 20:00:00,21,"68382792,68382793,68382816,68382880,68384325"
2026-03-19 21:00:00,10,"68379545,68379655,68384324,68385841,68385851"
2026-03-19 22:00:00,9,"68384323,68384330,68389048,68389068,68389069"
2026-03-19 23:00:00,9,"68390743,68382789,68384326,68387446,68390645"
2026-03-20 00:00:00,3,"68385857,68390638,68382790"
2026-03-20 01:00:00,2,"68381345,68389053"
2026-03-20 02:00:00,2,"68397740,68393490"
2026-03-20 03:00:00,6,"68392032,68392090,68393566,68396421,68399161"
2026-03-20 04:00:00,1,68396317
2026-03-20 05:00:00,2,"68396322,68396387"
2026-03-20 06:00:00,4,"68397679,68400490,68392027,68399178"
2026-03-20 07:00:00,11,"68393482,68394937,68396321,68399078,68393494"
2026-03-20 08:00:00,12,"68392062,68393475,68393480,68396320,68396386"
2026-03-20 09:00:00,25,"68392014,68393481,68394974,68394975,68397668"
2026-03-20 10:00:00,23,"68393487,68394894,68399194,68400483,68401856"
2026-03-20 11:00:00,16,"68392012,68392085,68393479,68393484,68394895"
2026-03-20 12:00:00,14,"68392011,68396319,68397670,68400584,68393592"
2026-03-20 13:00:00,23,"68393561,68396427,68400489,68393495,68393501"
2026-03-20 14:00:00,14,"68394898,68394973,68396388,68397720,68400549"
2026-03-20 15:00:00,12,"68395012,68401854,68393500,68396333,68400492"
2026-03-20 16:00:00,14,"68394892,68393499,68392015,68399094,68401862"
2026-03-20 17:00:00,13,"68394896,68397777,68400487,68401959,68394900"
2026-03-20 18:00:00,15,"68394897,68393486,68393489,68392029,68394899"
2026-03-20 19:00:00,10,"68393485,68393502,68392118,68394907,68399083"
2026-03-20 20:00:00,14,"68396325,68401905,68397687,68397773,68400495"
2026-03-20 21:00:00,6,"68392016,68392025,68397680,68399082,68397676"
2026-03-20 22:00:00,6,"68393593,68392113,68396334,68397772,68401871"
2026-03-20 23:00:00,1,68392013
2026-03-21 00:00:00,2,"68396323,68401863"
2026-03-21 02:00:00,4,"68404149,68405155,68402980,68409608"
2026-03-21 03:00:00,5,"68405204,68406271,68409642,68409682,68410800"
2026-03-21 04:00:00,1,68409609
2026-03-21 05:00:00,2,"68409569,68403011"
2026-03-21 06:00:00,5,"68406313,68407417,68409637,68406328,68404151"
2026-03-21 07:00:00,4,"68405203,68407415,68404128,68409686"
2026-03-21 08:00:00,12,"68404121,68406262,68406267,68407420,68408464"
2026-03-21 09:00:00,15,"68404120,68402972,68404170,68409641,68410743"
2026-03-21 10:00:00,9,"68405164,68409636,68407380,68409574,68409607"
2026-03-21 11:00:00,14,"68404119,68404187,68404148,68405154,68406263"
2026-03-21 12:00:00,14,"68402971,68405153,68406260,68407372,68407414"
2026-03-21 13:00:00,10,"68402970,68407379,68407416,68408463,68409573"
2026-03-21 14:00:00,9,"68404123,68407371,68402977,68402982,68403045"
2026-03-21 15:00:00,9,"68407378,68402984,68404190,68405158,68406268"
2026-03-21 16:00:00,5,"68410820,68402986,68406266,68407374,68408471"
2026-03-21 17:00:00,14,"68410745,68402975,68402978,68402979,68402983"
2026-03-21 18:00:00,23,"68403022,68404193,68408470,68408468,68409610"
2026-03-21 19:00:00,7,"68407440,68408494,68406270,68409640,68410818"
2026-03-21 20:00:00,5,"68407438,68409577,68409580,68409670,68409576"
2026-03-21 21:00:00,7,"68405157,68409667,68403046,68404129,68405217"
2026-03-21 22:00:00,2,"68402973,68406269"
2026-03-21 23:00:00,2,"68407376,68408466"
2026-03-22 00:00:00,2,"68405218,68403049"
2026-03-22 01:00:00,1,68409666
2026-03-22 02:00:00,3,"68420318,68417598,68419021"
2026-03-22 03:00:00,3,"68413523,68413490,68421679"
2026-03-22 04:00:00,5,"68412132,68420316,68414812,68418986,68419027"
2026-03-22 06:00:00,1,68417579
2026-03-22 07:00:00,5,"68414904,68416163,68416170,68421597,68416172"
2026-03-22 08:00:00,6,"68417577,68417587,68421611,68416184,68412057"
2026-03-22 09:00:00,12,"68413525,68420293,68412066,68414910,68416259"
2026-03-22 10:00:00,10,"68416178,68413446,68418940,68418944,68420248"
2026-03-22 11:00:00,16,"68414803,68414804,68417583,68417599,68418932"
2026-03-22 12:00:00,14,"68413456,68421594,68413524,68416175,68420244"
2026-03-22 13:00:00,24,"68417575,68421607,68412061,68412070,68417584"
2026-03-22 14:00:00,11,"68413462,68419019,68420315,68413461,68412069"
2026-03-22 15:00:00,12,"68418934,68412068,68416211,68417586,68417591"
2026-03-22 16:00:00,17,"68421606,68417660,68413454,68414801,68416164"
2026-03-22 17:00:00,20,"68419034,68412063,68412064,68412102,68414800"
2026-03-22 18:00:00,23,"68412062,68414908,68412054,68414805,68414806"
2026-03-22 19:00:00,12,"68413448,68412131,68418949,68421654,68413449"
2026-03-22 20:00:00,3,"68413451,68414811,68418935"
2026-03-22 21:00:00,6,"68417662,68418950,68419020,68420294,68421677"
2026-03-22 22:00:00,2,"68412071,68418951"
2026-03-22 23:00:00,5,"68413459,68414810,68414909,68416162,68417596"
2026-03-23 02:00:00,1,68427705
2026-03-23 03:00:00,4,"68423180,68426157,68427675,68427704"
2026-03-23 04:00:00,1,68429129
2026-03-23 05:00:00,1,68430640
2026-03-23 07:00:00,9,"68424690,68427674,68429130,68430727,68423133"
2026-03-23 08:00:00,17,"68426245,68427645,68424685,68427673,68429131"
2026-03-23 09:00:00,10,"68423213,68424683,68429134,68433570,68424693"
2026-03-23 10:00:00,13,"68433575,68423152,68426153,68426155,68426156"
2026-03-23 11:00:00,12,"68423182,68429132,68424696,68432162,68423125"
2026-03-23 12:00:00,7,"68427649,68426246,68426190,68430728,68430736"
2026-03-23 13:00:00,8,"68424684,68432160,68423128,68427646,68427652"
2026-03-23 14:00:00,13,"68424692,68432161,68424686,68429164,68432255"
2026-03-23 15:00:00,7,"68427644,68427725,68430632,68426215,68427729"
2026-03-23 16:00:00,8,"68424695,68430633,68423135,68429145,68432169"
2026-03-23 17:00:00,15,"68433574,68433620,68430635,68426158,68426169"
2026-03-23 18:00:00,14,"68432259,68432263,68433571,68429141,68430729"
2026-03-23 19:00:00,9,"68423209,68423207,68427647,68432167,68432172"
2026-03-23 20:00:00,7,"68430731,68427653,68429139,68432171,68433653"
2026-03-23 21:00:00,14,"68423181,68427730,68433576,68423136,68424694"
2026-03-23 22:00:00,2,"68427654,68429136"
2026-03-23 23:00:00,2,"68430634,68432170"
2026-03-24 01:00:00,4,"68426202,68426248,68432164,68433650"
2026-03-24 02:00:00,1,68435192
2026-03-24 03:00:00,3,"68436614,68438172,68442808"
2026-03-24 05:00:00,1,68435090
2026-03-24 06:00:00,4,"68435169,68435088,68441393,68436662"
2026-03-24 07:00:00,19,"68438171,68445905,68445971,68435097,68441300"
2026-03-24 08:00:00,26,"68442903,68442932,68444496,68435089,68445902"
2026-03-24 09:00:00,21,"68441298,68438182,68446023,68442819,68445938"
2026-03-24 10:00:00,12,"68438168,68439799,68435166,68436608,68436612"
2026-03-24 11:00:00,12,"68442934,68435087,68439704,68439800,68439767"
2026-03-24 12:00:00,8,"68438181,68441362,68442806,68444431,68438285"
2026-03-24 13:00:00,9,"68445972,68438183,68441338,68436609,68445898"
2026-03-24 14:00:00,13,"68445903,68438185,68445896,68442807,68444462"
2026-03-24 15:00:00,10,"68438186,68441306,68438250,68435191,68438178"
2026-03-24 16:00:00,12,"68436678,68441313,68441363,68439701,68441299"
2026-03-24 17:00:00,13,"68444398,68438176,68441311,68446018,68435100"
2026-03-24 18:00:00,12,"68435137,68444390,68438174,68445906,68436713"
2026-03-24 19:00:00,10,"68444396,68444404,68439703,68435094,68435102"
2026-03-24 20:00:00,6,"68441312,68446022,68438184,68438289,68442818"
2026-03-24 21:00:00,11,"68442812,68444432,68444497,68441361,68442937"
2026-03-24 22:00:00,9,"68435188,68445904,68435096,68442897,68446031"
2026-03-24 23:00:00,7,"68441309,68444394,68444389,68441360,68439706"
2026-03-25 00:00:00,2,"68436661,68446021"
2026-03-25 01:00:00,2,"68436692,68435098"
2026-03-25 04:00:00,2,"68456057,68447344"
2026-03-25 05:00:00,2,"68456042,68453033"
2026-03-25 06:00:00,3,"68454642,68447439,68453047"
2026-03-25 07:00:00,8,"68450211,68451704,68448881,68457429,68453037"
2026-03-25 08:00:00,28,"68450210,68450213,68448762,68448771,68451605"
2026-03-25 09:00:00,12,"68453108,68451597,68447438,68448758,68450208"
2026-03-25 10:00:00,17,"68455976,68454529,68450209,68457434,68451643"
2026-03-25 11:00:00,18,"68450307,68454648,68457428,68455974,68453038"
2026-03-25 12:00:00,7,"68453084,68456025,68451679,68450305,68457427"
2026-03-25 13:00:00,4,"68456075,68451599,68453129,68457432"
2026-03-25 14:00:00,11,"68454537,68447440,68448774,68454530,68457438"
2026-03-25 15:00:00,16,"68451609,68447331,68451705,68453032,68454528"
2026-03-25 16:00:00,15,"68448883,68448882,68448884,68451603,68454534"
2026-03-25 17:00:00,18,"68453042,68454652,68457524,68448768,68451606"
2026-03-25 18:00:00,13,"68447342,68454531,68453044,68447340,68453128"
2026-03-25 19:00:00,9,"68455987,68447343,68450306,68456077,68450214"
2026-03-25 20:00:00,7,"68447334,68448770,68450308,68456079,68457433"
2026-03-25 21:00:00,16,"68453046,68456041,68448761,68448812,68456078"
2026-03-25 22:00:00,4,"68447341,68451703,68456076,68454645"
2026-03-25 23:00:00,5,"68448764,68457435,68447442,68450220,68451600"
2026-03-26 00:00:00,5,"68455989,68453045,68447346,68448769,68453040"
2026-03-26 04:00:00,1,68460411
2026-03-26 05:00:00,3,"68469604,68469686,68469715"
2026-03-26 06:00:00,3,"68461982,68468047,68462110"
2026-03-26 07:00:00,16,"68462063,68458841,68468175,68458900,68463588"
2026-03-26 08:00:00,29,"68460425,68466530,68458853,68468163,68463695"
2026-03-26 09:00:00,26,"68465181,68461981,68468051,68466526,68466633"
2026-03-26 10:00:00,25,"68460422,68461992,68463696,68468060,68463649"
2026-03-26 11:00:00,22,"68458984,68466562,68465072,68465067,68465179"
2026-03-26 12:00:00,10,"68458855,68463601,68465077,68462001,68463602"
2026-03-26 13:00:00,14,"68463600,68465081,68462107,68460415,68462108"
2026-03-26 14:00:00,16,"68465083,68469627,68469662,68463653,68460493"
2026-03-26 15:00:00,11,"68460424,68460492,68463587,68469605,68458842"
2026-03-26 16:00:00,10,"68468052,68466522,68463598,68460417,68468057"
2026-03-26 17:00:00,15,"68468053,68458849,68461991,68458850,68468050"
2026-03-26 18:00:00,21,"68460530,68469607,68463593,68468048,68465183"
2026-03-26 19:00:00,14,"68465080,68461996,68466521,68466523,68468058"
2026-03-26 20:00:00,7,"68460418,68469606,68461999,68465079,68465082"
2026-03-26 21:00:00,18,"68465182,68463590,68460535,68460533,68462000"
2026-03-26 22:00:00,4,"68461994,68458845,68458854,68465085"
2026-03-26 23:00:00,1,68465122
2026-03-27 00:00:00,4,"68461986,68465180,68466529,68468059"
2026-03-27 01:00:00,2,"68460545,68462112"
2026-03-27 02:00:00,2,"68480923,68475301"
2026-03-27 03:00:00,1,68480892
2026-03-27 04:00:00,1,68470938
2026-03-27 05:00:00,4,"68478142,68476675,68478098,68480934"
2026-03-27 06:00:00,8,"68479572,68475228,68479505,68478100,68479462"
2026-03-27 07:00:00,20,"68472400,68470941,68476612,68478109,68476624"
2026-03-27 08:00:00,21,"68475237,68472465,68479468,68480968,68470935"
2026-03-27 09:00:00,25,"68476622,68473782,68476618,68476710,68480846"
2026-03-27 10:00:00,19,"68479460,68480850,68473783,68471055,68476616"
2026-03-27 11:00:00,12,"68475272,68480849,68480895,68480848,68475240"
2026-03-27 12:00:00,14,"68472360,68472468,68470942,68479465,68475241"
2026-03-27 13:00:00,9,"68478214,68470934,68475312,68476704,68478113"
2026-03-27 14:00:00,15,"68473785,68478213,68472466,68476701,68472365"
2026-03-27 15:00:00,17,"68480852,68473791,68475233,68479464,68480958"
2026-03-27 16:00:00,5,"68471050,68476615,68480896,68475244,68480838"
2026-03-27 17:00:00,8,"68473877,68473789,68470944,68472358,68473781"
2026-03-27 18:00:00,9,"68476617,68471053,68475239,68473787,68473879"
2026-03-27 19:00:00,6,"68480841,68475242,68476700,68470937,68478215"
2026-03-27 20:00:00,12,"68478241,68472469,68473888,68475243,68476611"
2026-03-27 21:00:00,5,"68478111,68471056,68472366,68478112,68479475"
2026-03-27 22:00:00,3,"68480844,68478103,68475230"
2026-03-27 23:00:00,8,"68478211,68471052,68480957,68475231,68475232"
2026-03-28 00:00:00,1,68479458
2026-03-28 01:00:00,7,"68476702,68480897,68471062,68479506,68476614"
2026-03-28 04:00:00,5,"68488479,68484695,68484646,68483431,68484696"
2026-03-28 05:00:00,3,"68483435,68484662,68489768"
2026-03-28 06:00:00,3,"68483363,68484664,68490991"
2026-03-28 07:00:00,6,"68487129,68488408,68485922,68485972,68482137"
2026-03-28 08:00:00,9,"68482140,68490997,68484627,68489766,68487121"
2026-03-28 09:00:00,15,"68487200,68485885,68485890,68488411,68489801"
2026-03-28 10:00:00,21,"68485888,68485887,68485892,68487207,68489704"
2026-03-28 11:00:00,7,"68487206,68483364,68485953,68488402,68491062"
2026-03-28 12:00:00,16,"68488401,68489705,68489710,68489793,68488414"
2026-03-28 13:00:00,8,"68484693,68485971,68489706,68489707,68484622"
2026-03-28 14:00:00,9,"68485886,68483424,68485893,68487208,68483360"
2026-03-28 15:00:00,15,"68484620,68489699,68484689,68485924,68488412"
2026-03-28 16:00:00,5,"68484692,68488478,68483357,68488409,68483459"
2026-03-28 17:00:00,7,"68482142,68484688,68483355,68483426,68488410"
2026-03-28 18:00:00,14,"68483356,68483362,68485891,68487205,68488481"
2026-03-28 19:00:00,5,"68482202,68482200,68484624,68484626,68491054"
2026-03-28 20:00:00,2,"68487126,68491051"
2026-03-28 21:00:00,6,"68488406,68488407,68488480,68489709,68491052"
2026-03-28 22:00:00,6,"68483358,68488403,68487201,68483428,68490995"
2026-03-28 23:00:00,3,"68483423,68482199,68487203"
2026-03-29 00:00:00,3,"68487127,68489702,68483422"
2026-03-29 01:00:00,3,"68490996,68482141,68483359"
2026-03-29 03:00:00,2,"68493430,68494608"
2026-03-29 04:00:00,2,"68492145,68495826"
2026-03-29 06:00:00,8,"68495825,68492220,68498210,68500677,68495848"
2026-03-29 07:00:00,6,"68500597,68497034,68498197,68499380,68498267"
2026-03-29 08:00:00,14,"68492140,68494591,68492127,68494601,68498211"
2026-03-29 09:00:00,12,"68494607,68492131,68494671,68499466,68499467"
2026-03-29 10:00:00,11,"68493361,68493362,68494604,68497102,68500601"
2026-03-29 11:00:00,16,"68492139,68493352,68493420,68494593,68495784"
2026-03-29 12:00:00,9,"68493360,68493367,68494595,68494600,68493359"
2026-03-29 13:00:00,14,"68494599,68492142,68493363,68494592,68494598"
2026-03-29 14:00:00,19,"68494609,68500606,68492135,68493351,68497101"
2026-03-29 15:00:00,12,"68498266,68500600,68494610,68499381,68499391"
2026-03-29 16:00:00,17,"68498214,68493364,68493425,68494597,68494692"
2026-03-29 17:00:00,9,"68495788,68492137,68492143,68493353,68498264"
2026-03-29 18:00:00,8,"68493422,68498205,68499383,68500604,68494666"
2026-03-29 19:00:00,12,"68497041,68500613,68492136,68494606,68497029"
2026-03-29 20:00:00,10,"68492133,68494596,68495789,68499387,68499390"
2026-03-29 21:00:00,6,"68493423,68499382,68498209,68497039,68494668"
2026-03-29 22:00:00,4,"68497037,68498231,68500665,68498263"
2026-03-29 23:00:00,1,68500611
2026-03-30 01:00:00,1,68500684
2026-03-30 02:00:00,4,"68508370,68505145,68508332,68502043"
2026-03-30 04:00:00,2,"68503600,68506729"
2026-03-30 06:00:00,2,"68503560,68511452"
2026-03-30 07:00:00,12,"68509939,68503663,68505078,68508343,68503572"
2026-03-30 08:00:00,27,"68505146,68506657,68508266,68509869,68511401"
2026-03-30 09:00:00,13,"68502061,68509856,68511419,68509855,68511418"
2026-03-30 10:00:00,10,"68502062,68505144,68506678,68509913,68513036"
2026-03-30 11:00:00,15,"68512951,68506664,68508268,68512942,68503571"
2026-03-30 12:00:00,24,"68509940,68509947,68511480,68506667,68506703"
2026-03-30 13:00:00,17,"68505066,68502035,68502042,68505081,68505084"
2026-03-30 14:00:00,20,"68508288,68511402,68511415,68503576,68506765"
2026-03-30 15:00:00,14,"68503569,68512939,68503578,68505073,68505087"
2026-03-30 16:00:00,18,"68502041,68503564,68503566,68503626,68506768"
2026-03-30 17:00:00,20,"68509970,68512938,68502032,68503574,68503657"
2026-03-30 18:00:00,11,"68505074,68505079,68505085,68505086,68506672"
2026-03-30 19:00:00,12,"68503558,68503559,68508281,68508283,68508285"
2026-03-30 20:00:00,13,"68503573,68503654,68505067,68506673,68506676"
2026-03-30 21:00:00,9,"68511417,68502039,68505175,68508287,68508369"
2026-03-30 22:00:00,6,"68503567,68508277,68509866,68502127,68512945"
2026-03-30 23:00:00,7,"68505083,68506674,68506764,68511410,68508276"
2026-03-31 00:00:00,2,"68502130,68511511"
2026-03-31 01:00:00,1,68503562
2026-03-31 03:00:00,6,"68517651,68514434,68517666,68525570,68514490"
2026-03-31 04:00:00,1,68522488
2026-03-31 05:00:00,2,"68519201,68520815"
2026-03-31 06:00:00,9,"68514491,68516182,68522537,68524060,68517659"
2026-03-31 07:00:00,14,"68522412,68514527,68514485,68514486,68516048"
2026-03-31 08:00:00,40,"68517643,68519212,68522401,68514517,68520814"
2026-03-31 09:00:00,26,"68516049,68520813,68525561,68525563,68516054"
2026-03-31 10:00:00,24,"68517661,68520844,68525646,68514487,68514516"
2026-03-31 11:00:00,18,"68517671,68523960,68516177,68517645,68517646"
2026-03-31 12:00:00,20,"68522524,68519218,68517653,68517676,68519216"
2026-03-31 13:00:00,7,"68522415,68517652,68516181,68525572,68517779"
2026-03-31 14:00:00,11,"68517674,68516176,68516179,68517649,68519320"
2026-03-31 15:00:00,19,"68517650,68520878,68524059,68516067,68517675"
2026-03-31 16:00:00,15,"68516052,68516051,68516053,68516062,68514435"
2026-03-31 17:00:00,23,"68516059,68524057,68524058,68514453,68516068"
2026-03-31 18:00:00,16,"68517662,68522543,68520810,68525674,68525675"
2026-03-31 19:00:00,16,"68525565,68517647,68522527,68525604,68514455"
2026-03-31 20:00:00,8,"68520811,68516066,68517672,68522424,68523961"
2026-03-31 21:00:00,5,"68519215,68525575,68514438,68519207,68523965"
2026-03-31 22:00:00,7,"68525676,68522408,68514446,68522425,68517669"
2026-03-31 23:00:00,4,"68519282,68514559,68522420,68525671"
2026-04-01 00:00:00,4,"68514454,68517648,68516186,68522427"
2026-04-01 01:00:00,5,"68514489,68519325,68523955,68519270,68520920"
2026-04-01 02:00:00,1,68532749
2026-04-01 03:00:00,4,"68528443,68529864,68532812,68528431"
2026-04-01 04:00:00,1,68534222
2026-04-01 05:00:00,1,68528439
2026-04-01 06:00:00,4,"68532728,68535639,68537123,68537132"
2026-04-01 07:00:00,21,"68532720,68528557,68534330,68531390,68534217"
2026-04-01 08:00:00,28,"68532844,68527094,68528440,68529961,68531333"
2026-04-01 09:00:00,26,"68527126,68531272,68537118,68532729,68527017"
2026-04-01 10:00:00,21,"68527012,68527010,68527092,68528432,68537119"
2026-04-01 11:00:00,17,"68528448,68529926,68528430,68529863,68529866"
2026-04-01 12:00:00,22,"68527011,68537122,68535750,68535748,68534327"
2026-04-01 13:00:00,10,"68534329,68528442,68529960,68534220,68534223"
2026-04-01 14:00:00,23,"68527020,68528444,68532742,68531389,68532743"
2026-04-01 15:00:00,22,"68532731,68534328,68529865,68529922,68532717"
2026-04-01 16:00:00,11,"68529873,68529872,68529880,68529883,68532740"
2026-04-01 17:00:00,24,"68532746,68531373,68535754,68535755,68537224"
2026-04-01 18:00:00,14,"68528447,68532727,68537130,68528435,68528437"
2026-04-01 19:00:00,14,"68532744,68531274,68527130,68528427,68528544"
2026-04-01 20:00:00,7,"68531275,68531380,68532723,68531266,68534221"
2026-04-01 21:00:00,2,"68534325,68534258"
2026-04-01 22:00:00,6,"68531370,68527014,68531379,68532724,68529867"
2026-04-01 23:00:00,5,"68531264,68532738,68532745,68534229,68535651"
2026-04-02 00:00:00,1,68535640
2026-04-02 02:00:00,1,68542297
2026-04-02 03:00:00,4,"68546265,68538442,68539835,68546233"
2026-04-02 06:00:00,1,68543538
2026-04-02 07:00:00,15,"68538490,68539830,68544900,68538438,68544884"
2026-04-02 08:00:00,16,"68539761,68541087,68543531,68543533,68544883"
2026-04-02 09:00:00,27,"68544848,68544849,68538541,68539810,68543529"
2026-04-02 10:00:00,12,"68538440,68539757,68539840,68547478,68547480"
2026-04-02 11:00:00,11,"68544915,68539756,68539811,68541043,68541072"
2026-04-02 12:00:00,7,"68543572,68542366,68539833,68541047,68547482"
2026-04-02 13:00:00,9,"68538451,68538498,68539764,68544846,68546179"
2026-04-02 14:00:00,15,"68543593,68544847,68542298,68546171,68546176"
2026-04-02 15:00:00,8,"68542310,68543614,68538445,68538526,68546180"
2026-04-02 16:00:00,11,"68543534,68539831,68538439,68538527,68539762"
2026-04-02 17:00:00,13,"68541049,68538453,68539759,68542305,68544843"
2026-04-02 18:00:00,6,"68538444,68547488,68539832,68541117,68544852"
2026-04-02 19:00:00,3,"68547566,68547605,68541116"
2026-04-02 20:00:00,3,"68543536,68539834,68547568"
2026-04-02 21:00:00,5,"68541041,68541046,68542299,68546261,68546209"
2026-04-02 22:00:00,4,"68542300,68542302,68542303,68541118"
2026-04-02 23:00:00,2,"68541050,68542306"
2026-04-03 00:00:00,1,68546210
2026-04-03 01:00:00,3,"68541120,68543535,68554153"
2026-04-03 02:00:00,6,"68552738,68552750,68552783,68552807,68555394"
2026-04-03 03:00:00,3,"68550209,68552806,68554089"
2026-04-03 04:00:00,1,68552808
2026-04-03 05:00:00,1,68551416
2026-04-03 06:00:00,3,"68556683,68548946,68558023"
2026-04-03 07:00:00,6,"68550162,68551426,68550160,68556682,68550163"
2026-04-03 08:00:00,15,"68548844,68558118,68548841,68548840,68550151"
2026-04-03 09:00:00,12,"68554112,68558110,68548843,68554043,68554048"
2026-04-03 10:00:00,13,"68548933,68550227,68555397,68552742,68548894"
2026-04-03 11:00:00,12,"68551427,68558032,68555427,68548875,68551481"
2026-04-03 12:00:00,10,"68555376,68548893,68556675,68548848,68550154"
2026-04-03 13:00:00,16,"68550226,68551508,68551415,68551414,68558030"
2026-04-03 14:00:00,10,"68548845,68550153,68550225,68551418,68554145"
2026-04-03 15:00:00,15,"68556732,68556687,68558114,68548842,68556677"
2026-04-03 16:00:00,7,"68550159,68548934,68550152,68551417,68551425"
2026-04-03 17:00:00,15,"68548849,68550229,68556679,68552749,68554148"
2026-04-03 18:00:00,15,"68555343,68558109,68551421,68556684,68556686"
2026-04-03 19:00:00,11,"68556763,68551420,68555351,68554149,68555340"
2026-04-03 20:00:00,8,"68551511,68552743,68550228,68552741,68554147"
2026-04-03 21:00:00,4,"68551510,68552748,68555349,68558113"
2026-04-03 22:00:00,2,"68548935,68548850"
2026-04-03 23:00:00,8,"68548945,68556678,68558028,68554039,68552747"
2026-04-04 00:00:00,4,"68551422,68550161,68555348,68551423"
2026-04-04 05:00:00,1,68559217
2026-04-04 06:00:00,6,"68561326,68563418,68559145,68560233,68563428"
2026-04-04 07:00:00,5,"68559143,68561312,68561394,68563473,68563495"
2026-04-04 08:00:00,20,"68559168,68562390,68559216,68562442,68559165"
2026-04-04 09:00:00,22,"68559139,68562440,68560264,68563423,68563422"
2026-04-04 10:00:00,16,"68560246,68564566,68561356,68561324,68561321"
2026-04-04 11:00:00,13,"68562391,68559141,68566797,68564567,68559136"
2026-04-04 12:00:00,10,"68561323,68562387,68565697,68560234,68564653"
2026-04-04 13:00:00,22,"68563491,68560289,68563421,68561328,68563494"
2026-04-04 14:00:00,14,"68562396,68560245,68562456,68563432,68562455"
2026-04-04 15:00:00,14,"68565702,68565701,68564588,68561315,68561314"
2026-04-04 16:00:00,3,"68566849,68560243,68565735"
2026-04-04 17:00:00,9,"68559135,68564643,68561327,68565708,68559209"
2026-04-04 18:00:00,13,"68564565,68565751,68566807,68560242,68565699"
2026-04-04 19:00:00,7,"68560241,68566802,68560291,68561319,68562457"
2026-04-04 20:00:00,3,"68561392,68566795,68561320"
2026-04-04 21:00:00,3,"68564563,68560237,68566806"
2026-04-04 22:00:00,2,"68561317,68562486"
2026-04-04 23:00:00,4,"68566799,68560290,68566804,68566790"
2026-04-05 00:00:00,1,68564646
2026-04-05 01:00:00,3,"68562398,68562397,68566798"
2026-04-05 02:00:00,4,"68573279,68568754,68570549,68574253"
2026-04-05 03:00:00,2,"68572436,68568730"
2026-04-05 04:00:00,3,"68568697,68568698,68570470"
2026-04-05 05:00:00,2,"68571473,68574256"
2026-04-05 06:00:00,1,68573275
2026-04-05 07:00:00,5,"68573282,68572392,68574198,68570480,68571416"
2026-04-05 08:00:00,5,"68568752,68570481,68567732,68570485,68568681"
2026-04-05 09:00:00,18,"68567726,68567734,68572400,68573284,68573286"
2026-04-05 10:00:00,10,"68572398,68567731,68568692,68569638,68573277"
2026-04-05 11:00:00,13,"68570543,68568695,68568690,68573337,68570478"
2026-04-05 12:00:00,14,"68570471,68571414,68569578,68574197,68569593"
2026-04-05 13:00:00,6,"68572395,68569636,68569580,68569590,68569637"
2026-04-05 14:00:00,12,"68568751,68571471,68567735,68570482,68570483"
2026-04-05 15:00:00,9,"68571418,68570477,68572401,68573276,68569595"
2026-04-05 16:00:00,10,"68573336,68570540,68569591,68572435,68568682"
2026-04-05 17:00:00,16,"68572394,68567727,68571415,68569596,68568687"
2026-04-05 18:00:00,14,"68567736,68570541,68572433,68568679,68572434"
2026-04-05 19:00:00,9,"68571425,68574204,68569582,68569583,68573281"
2026-04-05 20:00:00,7,"68568684,68572391,68573283,68568685,68569592"
2026-04-05 21:00:00,4,"68568694,68571423,68568693,68573335"
2026-04-05 23:00:00,5,"68571470,68568689,68569617,68568678,68571420"
2026-04-06 02:00:00,1,68585624
2026-04-06 03:00:00,2,"68575552,68582710"
2026-04-06 06:00:00,10,"68581255,68575556,68576995,68581302,68585623"
2026-04-06 07:00:00,14,"68577037,68585581,68576940,68575573,68578386"
2026-04-06 08:00:00,16,"68582800,68575572,68575575,68578382,68579852"
2026-04-06 09:00:00,13,"68582730,68584221,68579771,68578466,68584168"
2026-04-06 10:00:00,15,"68582728,68578390,68581303,68577038,68581258"
2026-04-06 11:00:00,16,"68581267,68582813,68575594,68575648,68581329"
2026-04-06 12:00:00,15,"68576943,68581263,68575649,68578384,68581328"
2026-04-06 13:00:00,23,"68575567,68581265,68584188,68581300,68584118"
2026-04-06 14:00:00,18,"68579768,68579851,68584220,68585580,68575554"
2026-04-06 15:00:00,10,"68575560,68575566,68584128,68575574,68579772"
2026-04-06 16:00:00,20,"68581363,68576942,68582723,68576951,68578394"
2026-04-06 17:00:00,6,"68585582,68579757,68578458,68578456,68578460"
2026-04-06 18:00:00,10,"68582714,68576974,68585651,68576948,68582716"
2026-04-06 19:00:00,16,"68576945,68581358,68582802,68584222,68582718"
2026-04-06 20:00:00,7,"68575570,68575646,68584116,68581262,68584132"
2026-04-06 21:00:00,12,"68582801,68579760,68575647,68578463,68581361"
2026-04-06 22:00:00,4,"68579849,68582717,68575568,68579847"
2026-04-06 23:00:00,2,"68578385,68582722"
2026-04-07 00:00:00,1,68578391
2026-04-07 01:00:00,5,"68577024,68585611,68579762,68581268,68581366"
2026-04-07 03:00:00,2,"68593979,68593993"
2026-04-07 04:00:00,1,68592620
2026-04-07 05:00:00,2,"68586931,68589763"
2026-04-07 06:00:00,9,"68592520,68589721,68596690,68596689,68588342"
2026-04-07 07:00:00,21,"68588460,68589723,68589726,68591159,68596782"
2026-04-07 08:00:00,13,"68586930,68586989,68591165,68593924,68586927"
2026-04-07 09:00:00,17,"68587015,68588347,68588356,68588512,68595322"
2026-04-07 10:00:00,15,"68587014,68591167,68595366,68596783,68586922"
2026-04-07 11:00:00,17,"68587016,68588346,68595394,68596775,68586932"
2026-04-07 12:00:00,16,"68588459,68591158,68595318,68595430,68595433"
2026-04-07 13:00:00,23,"68586918,68588355,68588458,68591175,68595319"
2026-04-07 14:00:00,9,"68586939,68594008,68586933,68592606,68595429"
2026-04-07 15:00:00,8,"68588457,68592526,68595320,68595428,68586938"
2026-04-07 16:00:00,15,"68586941,68588358,68589728,68591172,68592525"
2026-04-07 17:00:00,16,"68586935,68588350,68589727,68588351,68592605"
2026-04-07 18:00:00,11,"68589724,68589725,68592515,68595316,68596692"
2026-04-07 19:00:00,6,"68591174,68592522,68592609,68588348,68591176"
2026-04-07 20:00:00,4,"68589729,68594007,68588461,68589811"
2026-04-07 21:00:00,4,"68591171,68586936,68588352,68593917"
2026-04-07 22:00:00,4,"68588357,68589823,68595325,68586923"
2026-04-07 23:00:00,1,68595317
2026-04-08 00:00:00,2,"68595367,68593923"
2026-04-08 01:00:00,2,"68593927,68593929"
2026-04-08 02:00:00,1,68599436
2026-04-08 04:00:00,1,68607407
2026-04-08 05:00:00,3,"68603444,68600768,68604707"
2026-04-08 06:00:00,5,"68600776,68606062,68602149,68603405,68607438"
2026-04-08 07:00:00,13,"68602120,68603412,68603406,68607340,68598060"
2026-04-08 08:00:00,17,"68604692,68604726,68604744,68605999,68607411"
2026-04-08 09:00:00,14,"68600767,68605998,68607336,68602071,68602067"
2026-04-08 10:00:00,10,"68599437,68599495,68606002,68600770,68602073"
2026-04-08 11:00:00,14,"68602122,68604693,68607337,68607406,68603418"
2026-04-08 12:00:00,9,"68599498,68602121,68606097,68603466,68604694"
2026-04-08 13:00:00,14,"68604745,68599439,68602079,68603404,68603491"
2026-04-08 14:00:00,9,"68602069,68602070,68602125,68606008,68598149"
2026-04-08 15:00:00,12,"68599496,68602074,68606035,68607338,68598068"
2026-04-08 16:00:00,16,"68599521,68598065,68599449,68599450,68599451"
2026-04-08 17:00:00,17,"68606061,68598066,68598098,68599448,68599497"
2026-04-08 18:00:00,11,"68598146,68603407,68603416,68604702,68606006"
2026-04-08 19:00:00,11,"68600773,68603417,68606009,68607437,68598145"
2026-04-08 20:00:00,4,"68598064,68606016,68603485,68604706"
2026-04-08 21:00:00,4,"68598067,68599440,68600835,68599444"
2026-04-08 22:00:00,1,68604703
2026-04-08 23:00:00,5,"68598148,68599446,68602076,68604699,68603486"
2026-04-09 00:00:00,1,68599441
2026-04-09 01:00:00,1,68607341
2026-04-09 02:00:00,2,"68612619,68615292"
2026-04-09 05:00:00,1,68612669
2026-04-09 06:00:00,10,"68613970,68608693,68610052,68612667,68613968"
2026-04-09 07:00:00,8,"68609993,68611313,68612613,68612616,68615258"
2026-04-09 08:00:00,16,"68618020,68608690,68610034,68618017,68608696"
2026-04-09 09:00:00,18,"68611312,68611352,68615317,68617946,68608702"
2026-04-09 10:00:00,7,"68610054,68612615,68613975,68615339,68617950"
2026-04-09 11:00:00,10,"68617947,68608701,68608711,68608712,68615251"
2026-04-09 12:00:00,5,"68612666,68608705,68608713,68609997,68608779"
2026-04-09 13:00:00,6,"68618038,68610000,68615253,68608700,68610057"
2026-04-09 14:00:00,13,"68608710,68613971,68612617,68608695,68608707"
2026-04-09 15:00:00,11,"68616614,68618037,68612706,68616610,68617952"
2026-04-09 16:00:00,9,"68613973,68612679,68614039,68616639,68616641"
2026-04-09 17:00:00,9,"68615257,68618036,68609998,68608703,68615338"
2026-04-09 18:00:00,11,"68610078,68612614,68615259,68609999,68610001"
2026-04-09 19:00:00,10,"68616613,68616616,68610053,68611314,68614023"
2026-04-09 20:00:00,5,"68612704,68617993,68611410,68617959,68616603"
2026-04-09 21:00:00,3,"68616615,68615255,68611315"
2026-04-09 22:00:00,3,"68617963,68611318,68611435"
2026-04-09 23:00:00,1,68610005
2026-04-10 01:00:00,2,"68616611,68616612"
2026-04-10 06:00:00,3,"68621971,68621870,68627087"
2026-04-10 07:00:00,7,"68623301,68621874,68621877,68625797,68619269"
2026-04-10 08:00:00,20,"68621981,68627078,68628385,68628411,68628467"
2026-04-10 09:00:00,18,"68625800,68627076,68619321,68621869,68623206"
2026-04-10 10:00:00,12,"68623300,68625785,68620642,68623273,68624600"
2026-04-10 11:00:00,14,"68628412,68623207,68628376,68619261,68619345"
2026-04-10 12:00:00,11,"68620557,68621881,68619344,68619346,68621880"
2026-04-10 13:00:00,15,"68625791,68621882,68627168,68619322,68621904"
2026-04-10 14:00:00,13,"68628380,68628437,68620640,68623275,68623278"
2026-04-10 15:00:00,13,"68624546,68624525,68624573,68624601,68628413"
2026-04-10 16:00:00,7,"68621871,68625856,68619319,68624540,68628377"
2026-04-10 17:00:00,15,"68621968,68620675,68620677,68621875,68623215"
2026-04-10 18:00:00,9,"68619292,68627077,68628384,68621876,68623212"
2026-04-10 19:00:00,11,"68619264,68619267,68619343,68620556,68621872"
2026-04-10 20:00:00,18,"68621878,68625799,68628386,68623303,68627075"
2026-04-10 21:00:00,8,"68621879,68621970,68628444,68619262,68620562"
2026-04-10 22:00:00,4,"68624532,68627173,68625790,68625887"
2026-04-10 23:00:00,3,"68620555,68619260,68625789"
2026-04-11 01:00:00,2,"68621969,68630883"
2026-04-11 02:00:00,2,"68632034,68634559"
2026-04-11 05:00:00,1,68630823
2026-04-11 06:00:00,2,"68629645,68630825"
2026-04-11 07:00:00,3,"68634556,68635820,68635825"
2026-04-11 08:00:00,16,"68629632,68629633,68629634,68629635,68630824"
2026-04-11 09:00:00,8,"68632031,68635816,68630836,68633287,68635871"
2026-04-11 10:00:00,7,"68632102,68629667,68630826,68632037,68635868"
2026-04-11 11:00:00,13,"68630882,68632036,68632032,68633293,68637060"
2026-04-11 12:00:00,10,"68637061,68638321,68637108,68638301,68635815"
2026-04-11 13:00:00,14,"68632029,68632039,68632086,68633327,68635814"
2026-04-11 14:00:00,9,"68635817,68638274,68629683,68634560,68634567"
2026-04-11 15:00:00,8,"68629665,68630835,68630886,68634561,68630832"
2026-04-11 16:00:00,5,"68635891,68633292,68629639,68633289,68633291"
2026-04-11 17:00:00,7,"68632099,68635823,68637054,68630837,68629643"
2026-04-11 18:00:00,13,"68634566,68629642,68633286,68630834,68630831"
2026-04-11 19:00:00,8,"68633297,68630901,68634564,68635818,68638240"
2026-04-11 20:00:00,3,"68632035,68633296,68634563"
2026-04-11 21:00:00,5,"68632065,68629637,68630830,68629641,68638242"
2026-04-11 22:00:00,4,"68638319,68632038,68634568,68630900"
2026-04-11 23:00:00,3,"68635819,68633299,68629636"
2026-04-12 00:00:00,1,68635826
2026-04-12 02:00:00,2,"68632109,68635890"
2026-04-12 03:00:00,2,"68641748,68644103"
2026-04-12 04:00:00,1,68642871
2026-04-12 06:00:00,1,68644075
2026-04-12 07:00:00,3,"68646425,68646366,68646371"
2026-04-12 08:00:00,14,"68641723,68640524,68642863,68639365,68641728"
2026-04-12 09:00:00,10,"68646372,68647481,68639369,68640525,68641782"
2026-04-12 10:00:00,12,"68641785,68642918,68639430,68647476,68639409"
2026-04-12 11:00:00,14,"68639466,68639429,68647483,68639372,68640527"
2026-04-12 12:00:00,7,"68647487,68639431,68640529,68644071,68644074"
2026-04-12 13:00:00,9,"68647484,68645314,68642869,68642942,68645327"
2026-04-12 14:00:00,11,"68642867,68642944,68640576,68642864,68647480"
2026-04-12 15:00:00,6,"68645326,68641732,68644073,68645266,68645267"
2026-04-12 16:00:00,6,"68642868,68646424,68642862,68639370,68640528"
2026-04-12 17:00:00,12,"68641724,68642861,68642943,68644079,68644145"
2026-04-12 18:00:00,14,"68639368,68647477,68647482,68640523,68640593"
2026-04-12 19:00:00,12,"68641722,68642866,68639371,68639374,68640526"
2026-04-12 20:00:00,7,"68647486,68640521,68641717,68641719,68644076"
2026-04-12 21:00:00,3,"68641730,68639366,68640517"
2026-04-12 22:00:00,8,"68647485,68639373,68639432,68641790,68644072"
2026-04-12 23:00:00,1,68641786
2026-04-13 02:00:00,1,68650450
2026-04-13 03:00:00,1,68650372
2026-04-13 04:00:00,1,68653366
2026-04-13 05:00:00,3,"68650479,68651855,68656323"
2026-04-13 06:00:00,7,"68657925,68650373,68651850,68654808,68656313"
2026-04-13 07:00:00,12,"68651856,68656316,68653434,68650490,68648903"
2026-04-13 08:00:00,16,"68648899,68648893,68656343,68650374,68656344"
2026-04-13 09:00:00,22,"68650438,68650370,68650439,68654807,68656451"
2026-04-13 10:00:00,21,"68653370,68653379,68650386,68654810,68651854"
2026-04-13 11:00:00,17,"68649003,68648934,68656342,68656334,68659518"
2026-04-13 12:00:00,11,"68653466,68651869,68657899,68653411,68648890"
2026-04-13 13:00:00,16,"68659475,68656329,68659422,68651971,68656333"
2026-04-13 14:00:00,31,"68649001,68650382,68650477,68654815,68648902"
2026-04-13 15:00:00,13,"68653375,68650383,68653374,68656341,68651857"
2026-04-13 16:00:00,27,"68651970,68656340,68653368,68657896,68657881"
2026-04-13 17:00:00,13,"68654825,68656439,68648896,68654882,68653378"
2026-04-13 18:00:00,14,"68650381,68656337,68650380,68657897,68657894"
2026-04-13 19:00:00,14,"68651852,68653376,68653408,68656326,68653409"
2026-04-13 20:00:00,9,"68654826,68657957,68649000,68650482,68657884"
2026-04-13 21:00:00,6,"68650473,68657895,68653450,68648969,68651967"
2026-04-13 22:00:00,6,"68653373,68656330,68656438,68651930,68648997"
2026-04-13 23:00:00,2,"68653377,68651858"
2026-04-14 00:00:00,3,"68656336,68656448,68651871"
2026-04-14 01:00:00,2,"68648898,68650411"
2026-04-14 02:00:00,1,68670671
2026-04-14 03:00:00,2,"68662740,68662719"
2026-04-14 05:00:00,10,"68672263,68662678,68669136,68670622,68672384"
2026-04-14 06:00:00,9,"68665891,68665893,68662775,68664375,68661069"
2026-04-14 07:00:00,11,"68669098,68667571,68665996,68661029,68667458"
2026-04-14 08:00:00,33,"68669111,68669155,68670743,68672375,68664292"
2026-04-14 09:00:00,16,"68661031,68667459,68661036,68670617,68661022"
2026-04-14 10:00:00,19,"68672376,68662674,68667445,68665995,68669135"
2026-04-14 11:00:00,12,"68672268,68670694,68672344,68661027,68665965"
2026-04-14 12:00:00,12,"68664343,68670667,68669097,68661026,68670635"
2026-04-14 13:00:00,12,"68662716,68661028,68661032,68669137,68662717"
2026-04-14 14:00:00,11,"68670669,68670719,68661024,68664279,68662675"
2026-04-14 15:00:00,12,"68669138,68669101,68670630,68670636,68670722"
2026-04-14 16:00:00,16,"68664286,68669100,68667452,68664287,68665934"
2026-04-14 17:00:00,8,"68664374,68664378,68672265,68672273,68669102"
2026-04-14 18:00:00,16,"68662684,68665998,68667455,68667567,68662676"
2026-04-14 19:00:00,10,"68666000,68665897,68661025,68661038,68672378"
2026-04-14 20:00:00,6,"68672380,68670624,68661131,68662773,68664376"
2026-04-14 21:00:00,9,"68670628,68665935,68664293,68661030,68667454"
2026-04-14 22:00:00,4,"68661037,68662677,68665899,68669107"
2026-04-14 23:00:00,3,"68667457,68672275,68664290"
2026-04-15 00:00:00,3,"68662681,68664377,68669105"
2026-04-15 02:00:00,1,68676771
2026-04-15 03:00:00,2,"68679887,68681322"
2026-04-15 04:00:00,1,68684225
2026-04-15 05:00:00,1,68681319
2026-04-15 06:00:00,8,"68679788,68673896,68678242,68682832,68673783"
2026-04-15 07:00:00,14,"68678356,68682771,68678253,68673883,68673787"
2026-04-15 08:00:00,26,"68682779,68682872,68681305,68679781,68673788"
2026-04-15 09:00:00,29,"68684236,68681301,68682831,68682874,68675272"
2026-04-15 10:00:00,18,"68676796,68673882,68684243,68684244,68678260"
2026-04-15 11:00:00,24,"68681421,68679850,68678259,68684222,68684242"
2026-04-15 12:00:00,17,"68676852,68681433,68673792,68673786,68681420"
2026-04-15 13:00:00,12,"68676767,68676854,68676764,68684229,68675318"
2026-04-15 14:00:00,14,"68673884,68675317,68681309,68678247,68684245"
2026-04-15 15:00:00,10,"68673784,68681308,68681312,68676769,68684237"
2026-04-15 16:00:00,15,"68681432,68682767,68684320,68684241,68675283"
2026-04-15 17:00:00,20,"68675361,68679795,68678255,68681317,68682873"
2026-04-15 18:00:00,16,"68678250,68682764,68675275,68679787,68678245"
2026-04-15 19:00:00,10,"68673885,68673886,68681310,68679891,68673956"
2026-04-15 20:00:00,6,"68682877,68675360,68679783,68679785,68679792"
2026-04-15 21:00:00,9,"68676855,68684235,68679878,68676828,68681419"
2026-04-15 22:00:00,4,"68682763,68676757,68678357,68678251"
2026-04-15 23:00:00,5,"68675278,68679879,68676763,68676766,68682762"
2026-04-16 00:00:00,3,"68679789,68673790,68673791"
2026-04-16 01:00:00,1,68684325
2026-04-16 03:00:00,1,68696115
2026-04-16 04:00:00,2,"68685874,68685770"
2026-04-16 05:00:00,4,"68688818,68696212,68688757,68688792"
2026-04-16 06:00:00,4,"68696109,68688756,68691779,68688753"
2026-04-16 07:00:00,15,"68694581,68687254,68690222,68691689,68690214"
2026-04-16 08:00:00,19,"68690217,68687286,68691702,68696211,68691690"
2026-04-16 09:00:00,22,"68688758,68688768,68688862,68691691,68694595"
2026-04-16 10:00:00,11,"68694597,68685768,68694692,68687259,68690325"
2026-04-16 11:00:00,11,"68690267,68696096,68691688,68696095,68693093"
2026-04-16 12:00:00,8,"68685765,68688863,68687252,68687257,68687314"
2026-04-16 13:00:00,12,"68685759,68688819,68687260,68694694,68693217"
2026-04-16 14:00:00,14,"68696106,68688828,68688861,68690324,68691770"
2026-04-16 15:00:00,15,"68687262,68685769,68688766,68693094,68694594"
2026-04-16 16:00:00,17,"68685758,68688765,68694571,68685870,68687287"
2026-04-16 17:00:00,24,"68685760,68685762,68691700,68691701,68691772"
2026-04-16 18:00:00,18,"68691775,68693098,68690221,68691694,68693095"
2026-04-16 19:00:00,11,"68685761,68688860,68694583,68696107,68685763"
2026-04-16 20:00:00,2,"68693110,68694574"
2026-04-16 21:00:00,4,"68696102,68685767,68694700,68687419"
2026-04-16 22:00:00,4,"68693102,68696197,68694596,68691699"
2026-04-16 23:00:00,3,"68696110,68685764,68691698"
2026-04-17 00:00:00,3,"68691703,68687253,68694591"
2026-04-17 01:00:00,1,68687352
2026-04-17 03:00:00,1,68703410
2026-04-17 05:00:00,1,68700585
2026-04-17 06:00:00,7,"68699098,68697571,68697653,68697707,68704868"
2026-04-17 07:00:00,21,"68699062,68703411,68703479,68704973,68707749"
2026-04-17 08:00:00,17,"68697572,68699070,68706283,68706396,68707747"
2026-04-17 09:00:00,17,"68701955,68701957,68703409,68706281,68706282"
2026-04-17 10:00:00,19,"68704876,68699063,68699069,68701952,68701953"
2026-04-17 11:00:00,21,"68700625,68697570,68697580,68699156,68701958"
2026-04-17 12:00:00,9,"68699068,68700624,68704861,68706285,68706393"
2026-04-17 13:00:00,7,"68701959,68707821,68699066,68700520,68706395"
2026-04-17 14:00:00,3,"68704873,68706284,68701988"
2026-04-17 15:00:00,10,"68700515,68701987,68706292,68700511,68699064"
2026-04-17 16:00:00,8,"68701961,68703412,68697654,68707755,68704974"
2026-04-17 17:00:00,10,"68697576,68697578,68700626,68703513,68699065"
2026-04-17 18:00:00,10,"68702056,68706397,68702067,68704867,68706287"
2026-04-17 19:00:00,5,"68697574,68697579,68700519,68707745,68707746"
2026-04-17 20:00:00,5,"68702059,68707754,68700517,68700518,68703413"
2026-04-17 21:00:00,3,"68699067,68699155,68699158"
2026-04-18 00:00:00,1,68706294
2026-04-18 01:00:00,1,68706296
2026-04-18 02:00:00,2,"68714143,68712768"
2026-04-18 05:00:00,1,68716554
2026-04-18 06:00:00,3,"68710304,68710309,68714076"
2026-04-18 07:00:00,7,"68716605,68712843,68715354,68711530,68712767"
2026-04-18 08:00:00,15,"68709059,68712792,68716642,68717751,68711534"
2026-04-18 09:00:00,11,"68710303,68712814,68715428,68717752,68710306"
2026-04-18 10:00:00,13,"68712795,68712752,68717802,68709060,68716560"
2026-04-18 11:00:00,13,"68711532,68717756,68712841,68712755,68709122"
2026-04-18 12:00:00,15,"68712793,68714140,68715352,68716555,68714071"
2026-04-18 13:00:00,3,"68715406,68712764,68716559"
2026-04-18 14:00:00,3,"68712762,68712766,68712813"
2026-04-18 15:00:00,7,"68715353,68717801,68709067,68715358,68714075"
2026-04-18 16:00:00,7,"68714146,68712758,68709063,68711533,68712753"
2026-04-18 17:00:00,4,"68711528,68714073,68717758,68717826"
2026-04-18 18:00:00,7,"68710372,68716627,68714072,68714120,68709065"
2026-04-18 19:00:00,8,"68716556,68711607,68709064,68714078,68717754"
2026-04-18 20:00:00,6,"68717800,68712757,68712761,68715361,68717757"
2026-04-18 21:00:00,1,68712835
2026-04-18 22:00:00,1,68716558
2026-04-19 00:00:00,2,"68710308,68712759"
2026-04-19 01:00:00,1,68716632
2026-04-19 02:00:00,1,68718801
2026-04-19 03:00:00,1,68722022
2026-04-19 04:00:00,2,"68724145,68718797"
2026-04-19 05:00:00,1,68722023
2026-04-19 07:00:00,4,"68718790,68718804,68722015,68725127"
2026-04-19 08:00:00,6,"68720962,68718858,68720957,68724093,68724099"
2026-04-19 09:00:00,11,"68719922,68722019,68723034,68723038,68723040"
2026-04-19 10:00:00,8,"68722016,68720963,68722024,68723033,68723044"
2026-04-19 11:00:00,13,"68722020,68726180,68718802,68718803,68720964"
2026-04-19 12:00:00,7,"68725130,68722014,68720959,68723036,68723100"
2026-04-19 13:00:00,10,"68725134,68718885,68719972,68718795,68720961"
2026-04-19 14:00:00,6,"68718791,68723086,68719923,68726184,68718800"
2026-04-19 15:00:00,3,"68718794,68723099,68720953"
2026-04-19 16:00:00,9,"68726178,68718793,68723059,68718792,68720955"
2026-04-19 17:00:00,8,"68726231,68719920,68718796,68722062,68723031"
2026-04-19 18:00:00,12,"68726175,68726233,68719919,68723103,68723104"
2026-04-19 19:00:00,12,"68725183,68725128,68719918,68719921,68719943"
2026-04-19 20:00:00,6,"68720966,68720965,68724096,68725132,68726183"
2026-04-19 21:00:00,4,"68721000,68723035,68723096,68718857"
2026-04-19 22:00:00,1,68726232
2026-04-19 23:00:00,3,"68718799,68722044,68725135"
2026-04-20 00:00:00,2,"68723105,68723101"
2026-04-20 05:00:00,3,"68728994,68736388,68732092"
2026-04-20 06:00:00,7,"68734897,68737872,68727640,68729036,68733440"
2026-04-20 07:00:00,12,"68733447,68734898,68734899,68736433,68727565"
2026-04-20 08:00:00,29,"68737958,68727567,68732139,68734900,68727614"
2026-04-20 09:00:00,18,"68730634,68736471,68737874,68734901,68729061"
2026-04-20 10:00:00,18,"68727650,68736407,68737880,68729033,68729057"
2026-04-20 11:00:00,9,"68730627,68732137,68736404,68736431,68734987"
2026-04-20 12:00:00,8,"68730558,68727573,68733531,68732138,68727641"
2026-04-20 13:00:00,14,"68737949,68729092,68730602,68736392,68727574"
2026-04-20 14:00:00,14,"68729004,68730629,68736400,68737877,68732089"
2026-04-20 15:00:00,8,"68736475,68733445,68737883,68737948,68727569"
2026-04-20 16:00:00,14,"68732062,68733444,68737947,68729002,68730556"
2026-04-20 17:00:00,9,"68734985,68729001,68733448,68729067,68729000"
2026-04-20 18:00:00,9,"68733534,68730555,68737886,68729091,68730579"
2026-04-20 19:00:00,10,"68736397,68733441,68737887,68732061,68732135"
2026-04-20 20:00:00,5,"68733454,68727642,68729090,68733535,68729062"
2026-04-20 21:00:00,5,"68737881,68730554,68734890,68736389,68736390"
2026-04-20 22:00:00,2,"68732058,68736403"
2026-04-20 23:00:00,1,68736394
2026-04-21 00:00:00,2,"68736477,68732140"
2026-04-21 02:00:00,1,68749761
2026-04-21 03:00:00,1,68748378
2026-04-21 05:00:00,2,"68745239,68739332"
2026-04-21 06:00:00,4,"68746774,68749762,68745349,68749765"
2026-04-21 07:00:00,14,"68739345,68739430,68740884,68742280,68743727"
2026-04-21 08:00:00,17,"68743832,68746778,68746870,68745241,68745245"
2026-04-21 09:00:00,14,"68748370,68739338,68740881,68746880,68748280"
2026-04-21 10:00:00,9,"68742370,68746775,68745243,68746881,68739344"
2026-04-21 11:00:00,10,"68739434,68743731,68748287,68748371,68746808"
2026-04-21 12:00:00,8,"68745242,68745251,68746865,68749767,68739435"
2026-04-21 13:00:00,11,"68743797,68739342,68740892,68748276,68749768"
2026-04-21 14:00:00,2,"68745248,68743721"
2026-04-21 15:00:00,8,"68740883,68742286,68742372,68745342,68748285"
2026-04-21 16:00:00,9,"68739337,68742283,68745340,68748281,68748284"
2026-04-21 17:00:00,9,"68740809,68742285,68746776,68745246,68745341"
2026-04-21 18:00:00,19,"68743818,68739336,68739340,68740808,68742284"
2026-04-21 19:00:00,7,"68748372,68739431,68748282,68749775,68749856"
2026-04-21 20:00:00,6,"68746868,68749857,68746805,68743722,68740810"
2026-04-21 21:00:00,5,"68749770,68740865,68748283,68739433,68739341"
2026-04-21 22:00:00,1,68740878
2026-04-21 23:00:00,1,68742282
2026-04-22 00:00:00,1,68739335
2026-04-22 01:00:00,1,68749772
2026-04-22 02:00:00,3,"68760361,68749801,68740882"
2026-04-22 03:00:00,1,68755191
2026-04-22 04:00:00,1,68752594
2026-04-22 05:00:00,2,"68759087,68753852"
2026-04-22 06:00:00,4,"68756508,68755185,68760364,68756401"
2026-04-22 07:00:00,10,"68757752,68751131,68755184,68759086,68751142"
2026-04-22 08:00:00,10,"68751134,68751197,68753857,68759085,68759088"
2026-04-22 09:00:00,9,"68759173,68755187,68752503,68759111,68755217"
2026-04-22 10:00:00,7,"68755259,68759096,68753856,68756503,68757748"
2026-04-22 11:00:00,10,"68753853,68756500,68753848,68756405,68757743"
2026-04-22 12:00:00,10,"68757812,68753844,68759176,68760387,68753855"
2026-04-22 13:00:00,14,"68753915,68757834,68760406,68757827,68752502"
2026-04-22 14:00:00,9,"68760365,68751130,68752589,68753851,68753914"
2026-04-22 15:00:00,7,"68752562,68753845,68755180,68756406,68757744"
2026-04-22 16:00:00,8,"68759175,68755193,68751136,68751141,68753847"
2026-04-22 17:00:00,10,"68753938,68756499,68759174,68752507,68753940"
2026-04-22 18:00:00,14,"68753846,68759089,68752505,68752506,68756504"
2026-04-22 19:00:00,8,"68755192,68751140,68757745,68757749,68759094"
2026-04-22 20:00:00,3,"68751218,68755181,68751226"
2026-04-22 21:00:00,3,"68755186,68751138,68756409"
2026-04-22 22:00:00,5,"68757747,68752500,68752501,68755189,68755261"
2026-04-22 23:00:00,2,"68751137,68755263"
2026-04-23 01:00:00,1,68757751
2026-04-23 02:00:00,1,68769040
2026-04-23 03:00:00,4,"68768987,68766212,68766211,68768982"
2026-04-23 05:00:00,2,"68769039,68771851"
2026-04-23 06:00:00,6,"68770445,68763230,68764624,68767637,68770410"
2026-04-23 07:00:00,15,"68764620,68763361,68768972,68764614,68770413"
2026-04-23 08:00:00,11,"68761899,68761825,68767542,68767603,68770396"
2026-04-23 09:00:00,12,"68770411,68770505,68771945,68771885,68769038"
2026-04-23 10:00:00,12,"68766237,68763312,68766126,68766128,68770399"
2026-04-23 11:00:00,8,"68763237,68763353,68764715,68767543,68761887"
2026-04-23 12:00:00,15,"68763350,68771853,68767610,68763236,68766210"
2026-04-23 13:00:00,18,"68766139,68763311,68768976,68766143,68770412"
2026-04-23 14:00:00,9,"68767548,68766132,68767544,68764714,68767604"
2026-04-23 15:00:00,12,"68761793,68767639,68763351,68770481,68771850"
2026-04-23 16:00:00,8,"68768986,68763231,68766131,68771946,68770400"
2026-04-23 17:00:00,10,"68766130,68770398,68771859,68761796,68764686"
2026-04-23 18:00:00,12,"68763232,68764619,68766129,68770504,68771858"
2026-04-23 19:00:00,6,"68766138,68764618,68764621,68766137,68767638"
2026-04-23 20:00:00,6,"68770415,68761891,68763240,68761890,68770401"
2026-04-23 21:00:00,5,"68768984,68767545,68764687,68766134,68761886"
2026-04-23 22:00:00,5,"68761795,68768985,68764610,68764615,68766236"
2026-04-23 23:00:00,2,"68770414,68761860"
2026-04-24 00:00:00,2,"68771860,68761888"
2026-04-24 01:00:00,2,"68766144,68763356"
2026-04-24 04:00:00,5,"68773234,68776066,68776161,68781548,68781612"
2026-04-24 05:00:00,1,68782968
2026-04-24 06:00:00,7,"68774616,68773265,68774608,68782965,68777447"
2026-04-24 07:00:00,21,"68776095,68777417,68778775,68780178,68776174"
2026-04-24 08:00:00,9,"68778768,68782975,68782983,68778774,68781563"
2026-04-24 09:00:00,20,"68774615,68774710,68778869,68780192,68781568"
2026-04-24 10:00:00,12,"68774611,68782969,68773298,68780247,68781543"
2026-04-24 11:00:00,11,"68773246,68781566,68781676,68781561,68774641"
2026-04-24 12:00:00,14,"68774709,68774642,68774706,68777413,68777419"
2026-04-24 13:00:00,7,"68781555,68773267,68778773,68780286,68781547"
2026-04-24 14:00:00,10,"68773239,68776063,68781565,68777522,68773240"
2026-04-24 15:00:00,13,"68774717,68783031,68781560,68782964,68774613"
2026-04-24 16:00:00,12,"68773247,68776163,68782980,68777531,68778873"
2026-04-24 17:00:00,5,"68778870,68774609,68774610,68781559,68780288"
2026-04-24 18:00:00,8,"68777415,68780185,68780285,68781554,68781556"
2026-04-24 19:00:00,13,"68780183,68780283,68773241,68773245,68778872"
2026-04-24 20:00:00,8,"68774617,68774620,68780287,68782982,68783030"
2026-04-24 21:00:00,4,"68780246,68781637,68774614,68776057"
2026-04-24 22:00:00,2,"68776162,68776065"
2026-04-24 23:00:00,4,"68777451,68781552,68777412,68781553"
2026-04-25 01:00:00,3,"68773266,68777450,68780189"
2026-04-25 02:00:00,1,68784068
2026-04-25 03:00:00,1,68785129
2026-04-25 06:00:00,3,"68789313,68791522,68785178"
2026-04-25 07:00:00,10,"68784092,68786205,68791521,68790484,68787205"
2026-04-25 08:00:00,15,"68789312,68789315,68791496,68786166,68787211"
2026-04-25 09:00:00,15,"68784071,68785131,68788232,68789355,68784125"
2026-04-25 10:00:00,4,"68791567,68789309,68791501,68785130"
2026-04-25 11:00:00,12,"68791549,68788228,68788264,68784093,68788229"
2026-04-25 12:00:00,6,"68789310,68785133,68784120,68787203,68791568"
2026-04-25 13:00:00,1,68790476
2026-04-25 14:00:00,3,"68788250,68786163,68787206"
2026-04-25 15:00:00,4,"68791551,68791503,68785177,68786218"
2026-04-25 16:00:00,3,"68789311,68784074,68784119"
2026-04-25 17:00:00,7,"68790440,68791498,68784072,68785170,68790444"
2026-04-25 18:00:00,6,"68789316,68790486,68790439,68790441,68790443"
2026-04-25 19:00:00,7,"68790475,68789401,68791573,68784070,68786162"
2026-04-25 20:00:00,2,"68788233,68787210"
2026-04-25 21:00:00,1,68784121
2026-04-25 22:00:00,1,68788280
2026-04-25 23:00:00,2,"68790438,68786164"
2026-04-26 00:00:00,2,"68785152,68787208"
2026-04-26 01:00:00,1,68786220
2026-04-26 02:00:00,2,"68792662,68792684"
2026-04-26 04:00:00,1,68800761
2026-04-26 06:00:00,3,"68796150,68800823,68800753"
2026-04-26 07:00:00,5,"68798440,68792657,68792598,68800763,68799620"
2026-04-26 08:00:00,5,"68792602,68796148,68796147,68796212,68793777"
2026-04-26 09:00:00,6,"68798429,68793778,68796152,68800757,68798430"
2026-04-26 10:00:00,6,"68794946,68793774,68799566,68792595,68794945"
2026-04-26 11:00:00,10,"68798492,68799619,68792600,68792589,68793780"
2026-04-26 12:00:00,8,"68792592,68796144,68798439,68799563,68799564"
2026-04-26 13:00:00,11,"68793776,68794941,68800821,68800756,68792594"
2026-04-26 14:00:00,16,"68798493,68792590,68792591,68793783,68794942"
2026-04-26 15:00:00,13,"68794950,68798438,68798434,68798444,68794939"
2026-04-26 16:00:00,10,"68794940,68800855,68798431,68795011,68796146"
2026-04-26 17:00:00,5,"68797272,68793779,68795010,68796145,68797267"
2026-04-26 18:00:00,13,"68794949,68798435,68796151,68799559,68795009"
2026-04-26 19:00:00,9,"68799557,68797333,68792658,68799562,68792597"
2026-04-26 20:00:00,7,"68797330,68798476,68800810,68796142,68799567"
2026-04-26 21:00:00,3,"68798437,68793857,68798442"
2026-04-26 22:00:00,7,"68792601,68797332,68796211,68800758,68798441"
2026-04-26 23:00:00,3,"68792599,68794948,68796153"
2026-04-27 00:00:00,3,"68798433,68792659,68793784"
2026-04-27 03:00:00,2,"68812357,68806565"
2026-04-27 04:00:00,1,68803674
2026-04-27 05:00:00,1,68808048
2026-04-27 06:00:00,12,"68803623,68808044,68808132,68809490,68812360"
2026-04-27 07:00:00,16,"68808043,68809492,68810929,68803703,68810934"
2026-04-27 08:00:00,11,"68809592,68802153,68803673,68810935,68811038"
2026-04-27 09:00:00,20,"68805116,68806619,68806623,68808051,68810930"
2026-04-27 10:00:00,20,"68802159,68805127,68806571,68806657,68809495"
2026-04-27 11:00:00,10,"68802149,68809494,68803706,68803621,68812365"
2026-04-27 12:00:00,11,"68805119,68805210,68806566,68808047,68809484"
2026-04-27 13:00:00,6,"68802218,68808050,68812370,68812395,68805179"
2026-04-27 14:00:00,8,"68805128,68808045,68809491,68810931,68811039"
2026-04-27 15:00:00,7,"68805124,68805211,68808145,68802157,68808133"
2026-04-27 16:00:00,14,"68812359,68805121,68809493,68809551,68809582"
2026-04-27 17:00:00,11,"68802156,68802162,68805117,68805125,68808042"
2026-04-27 18:00:00,10,"68803624,68808041,68809487,68808049,68808146"
2026-04-27 19:00:00,17,"68802152,68803617,68803672,68805126,68805209"
2026-04-27 20:00:00,4,"68806624,68810942,68812460,68805123"
2026-04-27 21:00:00,5,"68802260,68805120,68810937,68805122,68802160"
2026-04-27 22:00:00,3,"68806574,68806573,68809577"
2026-04-28 00:00:00,1,68811034
2026-04-28 01:00:00,2,"68812362,68808131"
2026-04-28 04:00:00,2,"68816665,68818059"
2026-04-28 05:00:00,3,"68819510,68818165,68815314"
2026-04-28 06:00:00,8,"68813761,68813765,68820917,68815216,68816712"
2026-04-28 07:00:00,8,"68815210,68816674,68818116,68819433,68820932"
2026-04-28 08:00:00,27,"68818121,68813841,68818118,68818171,68819501"
2026-04-28 09:00:00,17,"68823726,68813840,68822343,68813764,68823760"
2026-04-28 10:00:00,11,"68813763,68822416,68823716,68815313,68813780"
2026-04-28 11:00:00,13,"68815247,68818050,68823717,68823785,68813767"
2026-04-28 12:00:00,18,"68818119,68813877,68816672,68816676,68819511"
2026-04-28 13:00:00,11,"68822342,68823718,68813883,68820921,68822349"
2026-04-28 14:00:00,16,"68822339,68815204,68816670,68819441,68819541"
2026-04-28 15:00:00,9,"68819440,68822358,68816671,68819434,68819537"
2026-04-28 16:00:00,10,"68818055,68815205,68815215,68822347,68813776"
2026-04-28 17:00:00,17,"68823844,68816666,68813775,68815201,68816675"
2026-04-28 18:00:00,12,"68819432,68813783,68815200,68816667,68816679"
2026-04-28 19:00:00,13,"68815202,68815208,68819435,68820930,68820931"
2026-04-28 20:00:00,19,"68813782,68815304,68819539,68822350,68813768"
2026-04-28 21:00:00,10,"68815209,68813779,68813879,68819430,68820918"
2026-04-28 22:00:00,5,"68816783,68820916,68823725,68823730,68821044"
2026-04-28 23:00:00,5,"68820929,68815203,68820933,68818052,68820942"
2026-04-29 00:00:00,3,"68815213,68819443,68820934"
2026-04-29 01:00:00,1,68813784
2026-04-29 02:00:00,4,"68825238,68825208,68831971,68829180"
2026-04-29 03:00:00,1,68827854
2026-04-29 04:00:00,2,"68834480,68825227"
2026-04-29 06:00:00,7,"68825116,68825117,68826456,68827812,68833197"
2026-04-29 07:00:00,23,"68833198,68825196,68825241,68826443,68826508"
2026-04-29 08:00:00,13,"68826441,68827884,68830584,68830636,68826444"
2026-04-29 09:00:00,16,"68831965,68827801,68834571,68826449,68829237"
2026-04-29 10:00:00,18,"68833187,68825127,68827806,68833182,68834484"
2026-04-29 11:00:00,15,"68827919,68830583,68833196,68834481,68834572"
2026-04-29 12:00:00,13,"68831966,68831870,68834494,68825120,68826442"
2026-04-29 13:00:00,10,"68826446,68833185,68833190,68834485,68827809"
2026-04-29 14:00:00,12,"68825123,68829268,68830585,68834492,68834576"
2026-04-29 15:00:00,15,"68825129,68833266,68830565,68825160,68829171"
2026-04-29 16:00:00,13,"68826452,68833287,68834593,68826447,68827819"
2026-04-29 17:00:00,11,"68826445,68831873,68834493,68827811,68826460"
2026-04-29 18:00:00,10,"68834592,68834595,68831884,68831875,68831878"
2026-04-29 19:00:00,11,"68827816,68826558,68833195,68833286,68827822"
2026-04-29 20:00:00,6,"68834487,68831877,68833202,68830493,68831882"
2026-04-29 21:00:00,4,"68834488,68825228,68827810,68830542"
2026-04-29 22:00:00,5,"68825128,68826569,68834496,68834489,68833189"
2026-04-29 23:00:00,1,68826557
2026-04-30 01:00:00,1,68833193
2026-04-30 02:00:00,1,68839953
2026-04-30 03:00:00,1,68842729
2026-04-30 04:00:00,1,68840033
2026-04-30 05:00:00,1,68841306
2026-04-30 06:00:00,8,"68837222,68843976,68835851,68839961,68844017"
2026-04-30 07:00:00,11,"68838614,68845405,68842674,68835861,68841406"
2026-04-30 08:00:00,24,"68835850,68835855,68837217,68837227,68839966"
2026-04-30 09:00:00,10,"68841319,68843980,68844085,68838612,68838705"
2026-04-30 10:00:00,11,"68841309,68841323,68843981,68837295,68837218"
2026-04-30 11:00:00,14,"68835894,68835957,68845404,68841407,68838696"
2026-04-30 12:00:00,10,"68835972,68839962,68842665,68843983,68840032"
2026-04-30 13:00:00,12,"68839969,68835866,68837225,68841308,68841314"
2026-04-30 14:00:00,8,"68835962,68839959,68840067,68835956,68842666"
2026-04-30 15:00:00,16,"68837221,68835955,68841325,68845413,68835852"
2026-04-30 16:00:00,10,"68840062,68845411,68845412,68835867,68840061"
2026-04-30 17:00:00,21,"68837223,68839955,68842768,68843972,68843978"
2026-04-30 18:00:00,14,"68839957,68843979,68837226,68838616,68839968"
2026-04-30 19:00:00,10,"68845420,68839967,68840035,68841322,68835857"
2026-04-30 20:00:00,9,"68835958,68838617,68835961,68842675,68835853"
2026-04-30 21:00:00,7,"68837220,68837224,68838604,68841310,68843970"
2026-04-30 22:00:00,3,"68844081,68842668,68841327"
2026-04-30 23:00:00,1,68835858
2026-05-01 00:00:00,1,68842669
2026-05-01 01:00:00,3,"68841328,68837327,68835854"
2026-05-01 02:00:00,2,"68846904,68849754"
2026-05-01 04:00:00,1,68852544
2026-05-01 05:00:00,1,68848426
2026-05-01 06:00:00,4,"68851105,68849826,68852615,68849823"
2026-05-01 07:00:00,8,"68848327,68848329,68852504,68856850,68856965"
2026-05-01 08:00:00,11,"68846873,68853958,68849715,68852505,68855394"
2026-05-01 09:00:00,14,"68846905,68853959,68855452,68846829,68848323"
2026-05-01 10:00:00,16,"68849716,68851090,68855390,68849717,68855451"
2026-05-01 11:00:00,7,"68856966,68852574,68856968,68856858,68851200"
2026-05-01 12:00:00,4,"68855422,68856843,68848357,68846834"
2026-05-01 13:00:00,10,"68851165,68855398,68852573,68849781,68846835"
2026-05-01 14:00:00,8,"68846832,68848324,68854004,68851100,68846836"
2026-05-01 15:00:00,15,"68852613,68848322,68853964,68852512,68854078"
2026-05-01 16:00:00,6,"68851106,68851101,68855399,68856844,68856859"
2026-05-01 17:00:00,6,"68852507,68849721,68852617,68856845,68848425"
2026-05-01 18:00:00,12,"68854003,68849788,68846831,68846839,68846930"
2026-05-01 19:00:00,8,"68852508,68848330,68848331,68849725,68851192"
2026-05-01 20:00:00,8,"68846833,68848332,68849723,68851098,68852511"
2026-05-01 21:00:00,7,"68856928,68855450,68849726,68851194,68852503"
2026-05-01 22:00:00,6,"68848325,68848417,68853961,68856848,68851195"
2026-05-01 23:00:00,4,"68853962,68855397,68856856,68848326"
2026-05-02 00:00:00,6,"68852510,68852513,68846929,68846838,68852621"
2026-05-02 02:00:00,2,"68858188,68861994"
2026-05-02 06:00:00,2,"68864476,68861997"
2026-05-02 07:00:00,5,"68864459,68863213,68865787,68859539,68862002"
2026-05-02 08:00:00,10,"68859461,68859463,68866976,68858187,68866980"
2026-05-02 09:00:00,9,"68861998,68863220,68859465,68864452,68864457"
2026-05-02 10:00:00,15,"68860720,68862008,68860717,68864529,68865752"
2026-05-02 11:00:00,12,"68859460,68859533,68860725,68863219,68865750"
2026-05-02 12:00:00,10,"68866982,68864460,68865753,68865788,68860769"
2026-05-02 13:00:00,14,"68864453,68858189,68859459,68859466,68859467"
2026-05-02 14:00:00,3,"68858185,68862005,68863284"
2026-05-02 15:00:00,5,"68858192,68859458,68865748,68859462,68862006"
2026-05-02 16:00:00,7,"68860722,68859464,68860723,68858198,68858190"
2026-05-02 17:00:00,8,"68858191,68858200,68859468,68862009,68865755"
2026-05-02 18:00:00,4,"68858194,68866981,68858199,68867045"
2026-05-02 19:00:00,8,"68861999,68860724,68864456,68860719,68864451"
2026-05-02 20:00:00,2,"68858193,68862000"
2026-05-02 21:00:00,3,"68862007,68867044,68866978"
2026-05-02 22:00:00,1,68864454
2026-05-02 23:00:00,1,68864455
2026-05-03 00:00:00,5,"68867043,68867046,68866979,68863218,68863285"
2026-05-03 05:00:00,2,"68875728,68870166"
2026-05-03 06:00:00,3,"68869183,68873557,68870159"
2026-05-03 07:00:00,2,"68871249,68874694"
2026-05-03 08:00:00,2,"68873546,68869067"
2026-05-03 09:00:00,12,"68869083,68869150,68871246,68873563,68874635"
2026-05-03 10:00:00,19,"68869074,68869078,68872482,68873552,68873615"
2026-05-03 11:00:00,10,"68869065,68870156,68873543,68875734,68871253"
2026-05-03 12:00:00,11,"68868014,68869068,68869072,68869080,68869149"
2026-05-03 13:00:00,9,"68870158,68872483,68872409,68874631,68869148"
2026-05-03 14:00:00,8,"68869063,68870226,68872416,68875733,68871250"
2026-05-03 15:00:00,6,"68875730,68871251,68875736,68873554,68870163"
2026-05-03 16:00:00,13,"68869066,68869071,68869076,68872419,68873555"
2026-05-03 17:00:00,7,"68872413,68874634,68870162,68872407,68873550"
2026-05-03 18:00:00,10,"68872414,68875735,68872412,68873556,68874632"
2026-05-03 19:00:00,6,"68869151,68868016,68873560,68869070,68868015"
2026-05-03 20:00:00,12,"68868084,68872408,68875732,68875794,68869079"
2026-05-03 21:00:00,8,"68872417,68875726,68868085,68875737,68870165"
2026-05-03 22:00:00,3,"68868059,68872418,68868018"
2026-05-03 23:00:00,1,68868082
2026-05-04 02:00:00,3,"68869075,68872415,68880174"
2026-05-04 03:00:00,2,"68887806,68886250"
2026-05-04 04:00:00,1,68880181
2026-05-04 05:00:00,1,68884697
2026-05-04 06:00:00,6,"68886248,68880180,68887743,68887747,68878669"
2026-05-04 07:00:00,14,"68881696,68886240,68886242,68887733,68886243"
2026-05-04 08:00:00,24,"68877150,68877250,68880168,68881735,68883178"
2026-05-04 09:00:00,20,"68880240,68881850,68883179,68884694,68886305"
2026-05-04 10:00:00,7,"68887808,68880210,68881706,68886254,68878671"
2026-05-04 11:00:00,13,"68881697,68887774,68877145,68877153,68877156"
2026-05-04 12:00:00,11,"68886258,68877149,68884710,68884709,68884712"
2026-05-04 13:00:00,7,"68887859,68877140,68880283,68884706,68887852"
2026-05-04 14:00:00,8,"68877202,68880169,68880211,68887810,68884692"
2026-05-04 15:00:00,16,"68877142,68881797,68883187,68883272,68887737"
2026-05-04 16:00:00,10,"68881796,68878681,68884713,68884762,68884788"
2026-05-04 17:00:00,14,"68886244,68886257,68878675,68881799,68887739"
2026-05-04 18:00:00,20,"68881708,68884699,68887740,68877155,68878673"
2026-05-04 19:00:00,7,"68886245,68886251,68887742,68887741,68881800"
2026-05-04 20:00:00,4,"68883185,68887744,68884703,68884696"
2026-05-04 21:00:00,7,"68881698,68883186,68883181,68878680,68880179"
2026-05-04 22:00:00,4,"68886259,68877147,68880173,68878670"
2026-05-04 23:00:00,2,"68886253,68887736"
2026-05-05 00:00:00,4,"68884707,68878677,68877154,68880172"
2026-05-05 01:00:00,3,"68883285,68883280,68881710"
2026-05-05 03:00:00,1,68892491
2026-05-05 04:00:00,2,"68894012,68890893"
2026-05-05 05:00:00,2,"68894002,68898729"
2026-05-05 06:00:00,4,"68900271,68892407,68895650,68898828"
2026-05-05 07:00:00,13,"68890881,68889304,68889412,68894079,68894153"
2026-05-05 08:00:00,19,"68889311,68900372,68890960,68892448,68894000"
2026-05-05 09:00:00,21,"68898728,68892493,68894077,68889302,68890961"
2026-05-05 10:00:00,9,"68897351,68898742,68889307,68897256,68892408"
2026-05-05 11:00:00,14,"68895657,68895667,68900272,68900371,68892531"
2026-05-05 12:00:00,7,"68897331,68894013,68895655,68890988,68900370"
2026-05-05 13:00:00,11,"68894003,68898829,68900273,68897295,68898833"
2026-05-05 14:00:00,18,"68890884,68900333,68900332,68897263,68890890"
2026-05-05 15:00:00,9,"68892416,68895664,68897254,68894009,68900265"
2026-05-05 16:00:00,9,"68898735,68889291,68898731,68897255,68897259"
2026-05-05 17:00:00,17,"68897253,68897265,68898745,68895656,68895661"
2026-05-05 18:00:00,12,"68897261,68895666,68898831,68892414,68894005"
2026-05-05 19:00:00,10,"68889303,68895662,68898769,68890889,68892410"
2026-05-05 20:00:00,7,"68890990,68889294,68895654,68898739,68898737"
2026-05-05 21:00:00,6,"68890959,68890886,68898830,68895663,68900269"
2026-05-05 22:00:00,6,"68898732,68895660,68897293,68900262,68889301"
2026-05-05 23:00:00,4,"68889306,68892415,68898734,68892405"
2026-05-06 00:00:00,3,"68892412,68897262,68900274"
2026-05-06 01:00:00,1,68890895
2026-05-06 02:00:00,1,68911105
2026-05-06 04:00:00,1,68904402
2026-05-06 06:00:00,11,"68902990,68901615,68906933,68905701,68905674"
2026-05-06 07:00:00,12,"68902997,68904311,68901612,68905643,68909668"
2026-05-06 08:00:00,18,"68901708,68905641,68905652,68908355,68909702"
2026-05-06 09:00:00,17,"68902994,68905645,68908324,68908329,68901602"
2026-05-06 10:00:00,9,"68906930,68902995,68905654,68911040,68909766"
2026-05-06 11:00:00,12,"68904404,68908424,68911008,68904315,68902988"
2026-05-06 12:00:00,7,"68906921,68908317,68904308,68902982,68905637"
2026-05-06 13:00:00,8,"68901616,68901709,68902996,68907045,68911098"
2026-05-06 14:00:00,6,"68902986,68908326,68901614,68902983,68907041"
2026-05-06 15:00:00,10,"68901611,68908391,68908426,68911007,68911101"
2026-05-06 16:00:00,22,"68901604,68901606,68901710,68906935,68902991"
2026-05-06 17:00:00,17,"68901607,68901610,68901712,68907046,68909672"
2026-05-06 18:00:00,9,"68908425,68911010,68911074,68911099,68906940"
2026-05-06 19:00:00,15,"68901711,68906934,68903068,68905644,68905649"
2026-05-06 20:00:00,3,"68903067,68904312,68906937"
2026-05-06 21:00:00,4,"68902992,68909667,68906936,68908328"
2026-05-06 22:00:00,4,"68909673,68909676,68905732,68907042"
2026-05-06 23:00:00,2,"68906929,68906932"
2026-05-07 00:00:00,3,"68905738,68909754,68911042"
2026-05-07 02:00:00,4,"68919327,68920774,68913798,68920681"
2026-05-07 05:00:00,1,68919288
2026-05-07 06:00:00,8,"68912406,68913801,68919285,68922168,68915245"
2026-05-07 07:00:00,8,"68916562,68919255,68922165,68920675,68912375"
2026-05-07 08:00:00,16,"68912378,68920667,68922207,68913803,68915208"
2026-05-07 09:00:00,12,"68913865,68922099,68922100,68922101,68916533"
2026-05-07 10:00:00,13,"68912380,68915199,68915287,68920668,68919360"
2026-05-07 11:00:00,3,"68915288,68920673,68913807"
2026-05-07 12:00:00,7,"68915203,68915207,68916529,68920773,68917876"
2026-05-07 13:00:00,8,"68912377,68915286,68915209,68915313,68920736"
2026-05-07 14:00:00,8,"68913808,68912379,68912470,68916527,68916534"
2026-05-07 15:00:00,7,"68916525,68917879,68920775,68922209,68919261"
2026-05-07 16:00:00,9,"68916645,68919260,68912374,68916635,68919256"
2026-05-07 17:00:00,14,"68917980,68912472,68913802,68915205,68915200"
2026-05-07 18:00:00,10,"68920745,68920676,68912384,68916636,68913805"
2026-05-07 19:00:00,7,"68922104,68913804,68916528,68922103,68920669"
2026-05-07 20:00:00,6,"68915309,68917966,68912471,68916536,68916532"
2026-05-07 21:00:00,2,"68922107,68912442"
2026-05-07 22:00:00,4,"68920680,68912381,68917969,68917871"
2026-05-07 23:00:00,3,"68913832,68915201,68913888"
2026-05-08 00:00:00,2,"68917938,68920682"
2026-05-08 02:00:00,1,68924894
2026-05-08 03:00:00,1,68929112
2026-05-08 05:00:00,1,68929114
2026-05-08 06:00:00,5,"68933509,68930496,68924832,68927706,68923482"
2026-05-08 07:00:00,13,"68929227,68924821,68926386,68923473,68929231"
2026-05-08 08:00:00,16,"68933497,68924925,68932075,68927700,68931968"
2026-05-08 09:00:00,14,"68931971,68924820,68926284,68924953,68933393"
2026-05-08 10:00:00,17,"68923475,68929118,68924920,68927708,68926394"
2026-05-08 11:00:00,8,"68930500,68929115,68929228,68926286,68924826"
2026-05-08 12:00:00,13,"68927792,68923549,68930630,68926289,68924921"
2026-05-08 13:00:00,6,"68926285,68931974,68933384,68924840,68933385"
2026-05-08 14:00:00,10,"68929121,68929119,68926280,68923479,68930495"
2026-05-08 15:00:00,5,"68933508,68926354,68932066,68926292,68929120"
2026-05-08 16:00:00,15,"68929229,68923481,68926282,68926288,68933392"
2026-05-08 17:00:00,2,"68926283,68924828"
2026-05-08 18:00:00,11,"68933496,68923484,68933391,68924922,68927793"
2026-05-08 19:00:00,7,"68926387,68927791,68930503,68924827,68923581"
2026-05-08 20:00:00,2,"68926291,68929116"
2026-05-08 21:00:00,7,"68926384,68926385,68927703,68926395,68923480"
2026-05-08 22:00:00,3,"68929225,68933386,68924924"
2026-05-08 23:00:00,2,"68933388,68927702"
2026-05-09 02:00:00,1,68940555
2026-05-09 04:00:00,2,"68941731,68934672"
2026-05-09 05:00:00,1,68939317
2026-05-09 06:00:00,1,68942920
2026-05-09 07:00:00,8,"68942922,68938196,68938223,68941769,68935807"
2026-05-09 08:00:00,11,"68934668,68942919,68937006,68937068,68934713"
2026-05-09 09:00:00,10,"68937004,68937003,68939381,68942944,68934735"
2026-05-09 10:00:00,14,"68937005,68937063,68935829,68940551,68940497"
2026-05-09 11:00:00,14,"68938195,68939361,68942943,68940501,68940496"
2026-05-09 12:00:00,9,"68934667,68939389,68941801,68940549,68935871"
2026-05-09 13:00:00,8,"68939384,68935810,68935813,68939319,68935812"
2026-05-09 14:00:00,5,"68940572,68942913,68934731,68934674,68940495"
2026-05-09 15:00:00,3,"68937025,68939323,68934673"
2026-05-09 16:00:00,7,"68939318,68939322,68934670,68934675,68940502"
2026-05-09 17:00:00,11,"68938217,68942921,68937064,68938215,68934671"
2026-05-09 18:00:00,2,"68939324,68939383"
2026-05-09 19:00:00,5,"68941729,68941733,68940499,68942986,68937001"
2026-05-09 20:00:00,2,"68941728,68935809"
2026-05-09 21:00:00,3,"68940500,68940498,68937002"
2026-05-09 22:00:00,3,"68934669,68935811,68939320"
2026-05-10 00:00:00,2,"68934718,68941734"
2026-05-10 01:00:00,1,68937065
2026-05-10 06:00:00,4,"68945168,68946257,68950768,68949641"
2026-05-10 07:00:00,6,"68945162,68949741,68945170,68945207,68948467"
2026-05-10 08:00:00,6,"68947377,68948475,68950775,68945167,68944034"
2026-05-10 09:00:00,7,"68951859,68945219,68948473,68950773,68946261"
2026-05-10 10:00:00,12,"68946264,68944041,68945163,68951839,68944028"
2026-05-10 11:00:00,12,"68948533,68948534,68949702,68947438,68947442"
2026-05-10 12:00:00,5,"68946260,68947366,68949679,68948460,68947367"
2026-05-10 13:00:00,11,"68945174,68948470,68951844,68951846,68951898"
2026-05-10 14:00:00,11,"68947443,68948463,68948474,68949640,68944035"
2026-05-10 15:00:00,13,"68948465,68944040,68946322,68947365,68947369"
2026-05-10 16:00:00,7,"68951837,68945171,68946263,68948476,68950832"
2026-05-10 17:00:00,8,"68946323,68951841,68944030,68945164,68945169"
2026-05-10 18:00:00,3,"68950772,68949646,68949664"
2026-05-10 19:00:00,5,"68947368,68947417,68948461,68950769,68948464"
2026-05-10 20:00:00,12,"68950771,68946256,68951843,68944031,68944042"
2026-05-10 21:00:00,8,"68947440,68944095,68947441,68948471,68948477"
2026-05-10 22:00:00,5,"68947364,68950778,68944094,68945218,68944039"
2026-05-10 23:00:00,3,"68944038,68950766,68947376"
2026-05-11 01:00:00,2,"68950765,68944036"
2026-05-11 02:00:00,2,"68960746,68956258"
2026-05-11 03:00:00,1,68956282
2026-05-11 05:00:00,4,"68962170,68953299,68959224,68957687"
2026-05-11 06:00:00,7,"68960711,68960742,68962253,68957775,68956234"
2026-05-11 07:00:00,18,"68959194,68963686,68962173,68954833,68956283"
2026-05-11 08:00:00,19,"68962181,68962187,68959188,68953301,68953302"
2026-05-11 09:00:00,21,"68960719,68960721,68963682,68959226,68962174"
2026-05-11 10:00:00,17,"68953275,68953274,68960710,68960744,68963678"
2026-05-11 11:00:00,9,"68962185,68962191,68962240,68959253,68954775"
2026-05-11 12:00:00,17,"68954774,68959196,68960717,68960815,68953251"
2026-05-11 13:00:00,12,"68956233,68962190,68959191,68954782,68954772"
2026-05-11 14:00:00,14,"68953249,68960860,68963771,68953339,68963787"
2026-05-11 15:00:00,7,"68954770,68956257,68962184,68962215,68953245"
2026-05-11 16:00:00,15,"68954858,68957700,68963774,68957792,68962183"
2026-05-11 17:00:00,18,"68960801,68962186,68959195,68954798,68954860"
2026-05-11 18:00:00,10,"68957685,68954783,68959198,68960716,68953401"
2026-05-11 19:00:00,11,"68963690,68959301,68957697,68962279,68962182"
2026-05-11 20:00:00,3,"68953340,68963773,68953247"
2026-05-11 21:00:00,9,"68963775,68953343,68957690,68957695,68960715"
2026-05-11 22:00:00,3,"68953300,68954776,68962180"
2026-05-11 23:00:00,2,"68963680,68960741"
2026-05-12 00:00:00,1,68953258
2026-05-12 01:00:00,2,"68953276,68957773"
2026-05-12 02:00:00,1,68968029
2026-05-12 03:00:00,1,68966589
2026-05-12 05:00:00,3,"68968003,68970923,68965143"
2026-05-12 06:00:00,6,"68975509,68967998,68970924,68966595,68966623"
2026-05-12 07:00:00,25,"68966692,68970919,68972380,68973882,68973885"
2026-05-12 08:00:00,19,"68965152,68966652,68970921,68972499,68973879"
2026-05-12 09:00:00,17,"68966690,68968002,68970913,68970931,68972485"
2026-05-12 10:00:00,7,"68969478,68973888,68973952,68975407,68975448"
2026-05-12 11:00:00,11,"68968099,68970917,68970930,68972386,68973973"
2026-05-12 12:00:00,20,"68965157,68969484,68972486,68972487,68972488"
2026-05-12 13:00:00,17,"68965156,68970914,68970925,68970927,68970928"
2026-05-12 14:00:00,9,"68969482,68975334,68975340,68967996,68967997"
2026-05-12 15:00:00,11,"68969477,68969480,68970922,68972385,68975451"
2026-05-12 16:00:00,10,"68966693,68971027,68973881,68975329,68965150"
2026-05-12 17:00:00,10,"68972382,68972387,68975325,68966600,68966594"
2026-05-12 18:00:00,11,"68965151,68965159,68965160,68966590,68968090"
2026-05-12 19:00:00,5,"68975323,68970926,68969485,68966689,68965270"
2026-05-12 20:00:00,3,"68969479,68966591,68966585"
2026-05-12 21:00:00,4,"68966688,68968001,68975333,68975335"
2026-05-12 22:00:00,4,"68970915,68975330,68975450,68966596"
2026-05-12 23:00:00,2,"68970918,68969526"
2026-05-13 01:00:00,2,"68975320,68972388"
2026-05-13 05:00:00,4,"68978353,68978237,68985437,68981225"
2026-05-13 06:00:00,6,"68978235,68979656,68983960,68976785,68984024"
2026-05-13 07:00:00,23,"68976778,68978234,68978314,68979658,68979659"
2026-05-13 08:00:00,15,"68976776,68976864,68976888,68979655,68982547"
2026-05-13 09:00:00,14,"68976889,68978233,68981210,68982632,68983962"
2026-05-13 10:00:00,11,"68978230,68979662,68981170,68984056,68985436"
2026-05-13 11:00:00,18,"68978231,68979653,68981096,68983956,68985389"
2026-05-13 12:00:00,24,"68976788,68978240,68981087,68981090,68981091"
2026-05-13 13:00:00,10,"68982631,68985398,68978238,68986850,68979737"
2026-05-13 14:00:00,16,"68976890,68982544,68985401,68985501,68986964"
2026-05-13 15:00:00,8,"68982552,68985394,68986835,68986852,68979739"
2026-05-13 16:00:00,12,"68976779,68976789,68979749,68981095,68982543"
2026-05-13 17:00:00,11,"68979660,68979738,68981092,68982554,68982636"
2026-05-13 18:00:00,10,"68976793,68983965,68985395,68986844,68986846"
2026-05-13 19:00:00,6,"68976781,68982634,68985400,68986851,68985399"
2026-05-13 20:00:00,9,"68976780,68978244,68981103,68982633,68983963"
2026-05-13 21:00:00,8,"68978236,68978337,68979657,68981093,68981169"
2026-05-13 22:00:00,4,"68985393,68978245,68981098,68983961"
2026-05-13 23:00:00,4,"68986849,68986857,68976790,68981102"
2026-05-14 00:00:00,2,"68982545,68978232"
2026-05-14 01:00:00,1,68982553
2026-05-14 05:00:00,1,68992555
2026-05-14 06:00:00,6,"68988348,68988356,68991077,68991089,68995190"
2026-05-14 07:00:00,10,"68988241,68991076,68991151,68995158,68997977"
2026-05-14 08:00:00,20,"68988249,68988255,68996551,68996553,68989676"
2026-05-14 09:00:00,19,"68996543,68989756,68989789,68991083,68993801"
2026-05-14 10:00:00,9,"68988243,68991114,68993886,68993913,68988253"
2026-05-14 11:00:00,14,"68991081,68993843,68993914,68995169,68995241"
2026-05-14 12:00:00,8,"68988244,68991090,68998078,68995166,68989783"
2026-05-14 13:00:00,8,"68993803,68995242,68998069,68991087,68989684"
2026-05-14 14:00:00,7,"68989689,68991182,68998075,68991088,68989681"
2026-05-14 15:00:00,16,"68988250,68989677,68989779,68992557,68995170"
2026-05-14 16:00:00,13,"68996552,68996559,68991080,68991093,68991181"
2026-05-14 17:00:00,17,"68988245,68988251,68989679,68991084,68992553"
2026-05-14 18:00:00,9,"68996555,68991079,68995165,68991086,68996622"
2026-05-14 19:00:00,10,"68988252,68996550,68996558,68991091,68993885"
2026-05-14 20:00:00,8,"68991082,68993813,68997985,68998068,68988246"
2026-05-14 21:00:00,1,68998046
2026-05-14 22:00:00,4,"68996554,68996560,68991183,68995154"
2026-05-14 23:00:00,5,"68993809,68995161,68988247,68996644,68993840"
2026-05-15 00:00:00,2,"68996556,68989685"
2026-05-15 01:00:00,4,"68993921,68997990,68996645,68991092"
2026-05-15 04:00:00,2,"69007027,69008615"
2026-05-15 05:00:00,1,69002494
2026-05-15 06:00:00,8,"68999501,69001120,69002544,69002478,69008582"
2026-05-15 07:00:00,16,"68999500,68999579,69001008,69001010,69002486"
2026-05-15 08:00:00,10,"68999506,69001013,69002482,69005638,69008669"
2026-05-15 09:00:00,12,"69002492,69002579,69002586,69003948,69005635"
2026-05-15 10:00:00,11,"68999608,69001009,69002483,69003949,69007119"
2026-05-15 11:00:00,12,"68999538,68999612,69005518,69005595,69005634"
2026-05-15 12:00:00,8,"69001020,69010072,69005520,69002577,69005596"
2026-05-15 13:00:00,4,"68999505,69001014,69004053,68999611"
2026-05-15 14:00:00,9,"69005527,69005535,69005594,69010015,69002580"
2026-05-15 15:00:00,8,"69001019,69002480,69002487,69003952,69010010"
2026-05-15 16:00:00,15,"68999610,69001012,69002484,69002488,69002489"
2026-05-15 17:00:00,12,"68999504,69001015,69005526,69007120,69008585"
2026-05-15 18:00:00,9,"69001021,69001022,69002485,69003953,69007121"
2026-05-15 19:00:00,3,"68999609,69005637,69008589"
2026-05-15 20:00:00,4,"68999502,69003957,69010013,69005532"
2026-05-15 21:00:00,6,"69001018,69010078,69002479,69008668,68999503"
2026-05-15 22:00:00,3,"69005633,69010009,69005525"
2026-05-15 23:00:00,1,69003954
2026-05-16 01:00:00,1,69007029
2026-05-16 04:00:00,1,69018994
2026-05-16 05:00:00,3,"69011591,69015904,69011527"
2026-05-16 06:00:00,7,"69011592,69012948,69012973,69018939,69021906"
2026-05-16 07:00:00,2,"69015947,69021891"
2026-05-16 08:00:00,12,"69011525,69011526,69017436,69020436,69020437"
2026-05-16 09:00:00,12,"69011523,69012944,69012983,69013026,69017423"
2026-05-16 10:00:00,11,"69011524,69012943,69012946,69012947,69012950"
2026-05-16 11:00:00,5,"69015917,69015920,69018938,69018989,69021892"
2026-05-16 12:00:00,10,"69013019,69014421,69017425,69018945,69018970"
2026-05-16 13:00:00,15,"69014420,69014457,69015921,69017457,69018942"
2026-05-16 14:00:00,7,"69012945,69012951,69017435,69020441,69021875"
2026-05-16 15:00:00,6,"69012984,69013025,69019016,69015910,69018990"
2026-05-16 16:00:00,13,"69011532,69011564,69014423,69015919,69015986"
2026-05-16 17:00:00,14,"69014486,69015907,69015911,69015923,69017431"
2026-05-16 18:00:00,6,"69014422,69015918,69015988,69020510,69014417"
2026-05-16 19:00:00,10,"69015916,69015946,69017429,69020424,69021884"
2026-05-16 20:00:00,6,"69013018,69017504,69020426,69020434,69020512"
2026-05-16 21:00:00,6,"69014485,69015922,69018943,69021881,69021955"
2026-05-16 22:00:00,4,"69017507,69019017,69020433,69015906"
2026-05-16 23:00:00,3,"69017503,69014418,69014419"
2026-05-17 00:00:00,3,"69011529,69020431,69021877"
2026-05-17 01:00:00,7,"69014426,69017432,69017456,69017506,69020428"
2026-05-17 03:00:00,2,"69030276,69024711"
2026-05-17 06:00:00,8,"69027400,69027408,69027414,69031603,69031610"
2026-05-17 07:00:00,4,"69024635,69028794,69030208,69031605"
2026-05-17 08:00:00,9,"69024651,69026049,69026051,69027399,69028788"
2026-05-17 09:00:00,11,"69023311,69024650,69026041,69027404,69030200"
2026-05-17 10:00:00,15,"69023249,69026047,69026117,69026119,69027409"
2026-05-17 11:00:00,16,"69023248,69023272,69026043,69026118,69028863"
2026-05-17 12:00:00,11,"69024643,69024644,69027401,69028800,69030190"
2026-05-17 13:00:00,10,"69026040,69028795,69028799,69030201,69031613"
2026-05-17 14:00:00,11,"69023340,69024646,69024649,69026038,69027406"
2026-05-17 15:00:00,11,"69026048,69027402,69027405,69027488,69030199"
2026-05-17 16:00:00,10,"69023306,69028798,69028804,69028864,69031616"
2026-05-17 17:00:00,17,"69024637,69024641,69024713,69027487,69028793"
2026-05-17 18:00:00,7,"69026120,69028801,69028805,69031604,69031606"
2026-05-17 19:00:00,11,"69024642,69027403,69027462,69028797,69031618"
2026-05-17 20:00:00,6,"69024652,69027417,69030196,69024645,69024712"
2026-05-17 21:00:00,7,"69024638,69024714,69028792,69030281,69031601"
2026-05-17 23:00:00,4,"69030209,69033037,69023245,69033031"
