timestamp,complaint_count,complaint_ids
2026-02-15 00:00:00,226,67993797;67996047;67993703
2026-02-15 01:00:00,188,67995402;67997770;67996002
2026-02-15 02:00:00,126,67995408;67995421;67990805
2026-02-15 03:00:00,82,68000632;68004912;68004972
2026-02-15 04:00:00,42,68001728;68006067;68001616
2026-02-15 05:00:00,47,68006077;68002725;68007232
2026-02-15 06:00:00,40,68007143;68000626;68007205
2026-02-15 07:00:00,24,68002789;68007152;68000648
2026-02-15 08:00:00,27,68006091;68006042;68002675
2026-02-15 09:00:00,63,68001662;68002764;68007137
2026-02-15 10:00:00,55,68004988;68007647;68006980
2026-02-15 11:00:00,62,68007210;68007642;68002345
2026-02-15 12:00:00,55,68000700;68004909;68000590
2026-02-15 13:00:00,92,68000652;67999322;68000233
2026-02-15 14:00:00,66,68002705;67999476;68000677
2026-02-15 15:00:00,63,68006024;68004475;68002740
2026-02-15 16:00:00,79,68004971;68001754;68006112
2026-02-15 17:00:00,74,68006034;68003851;68003848
2026-02-15 18:00:00,59,68003744;67999519;68000025
2026-02-15 19:00:00,73,68001083;68002689;67999466
2026-02-15 20:00:00,82,68001712;68007668;68004264
2026-02-15 21:00:00,103,68000697;68006531;68005410
2026-02-15 22:00:00,137,68001741;68000676;68002805
2026-02-15 23:00:00,115,68004860;68003805;68001705
2026-02-16 00:00:00,102,68004235;67999543;68005411
2026-02-16 01:00:00,82,68001098;68006543;68004929
2026-02-16 02:00:00,53,68006547;68005417;68001107
2026-02-16 03:00:00,43,68014091;68011968;68008336
2026-02-16 04:00:00,16,68011966;68011496;68009326
2026-02-16 05:00:00,27,68014300;68011983;68009508
2026-02-16 06:00:00,25,68015447;68011991;68008339
2026-02-16 07:00:00,19,68011719;68016585;68008266
2026-02-16 08:00:00,34,68013092;68013117;68013171
2026-02-16 09:00:00,49,68010368;68010383;68011500
2026-02-16 10:00:00,38,68008264;68016220;68016589
2026-02-16 11:00:00,57,68009589;68013907;68015441
2026-02-16 12:00:00,40,68014294;68014331;68008358
2026-02-16 13:00:00,48,68016618;68016609;68016578
2026-02-16 14:00:00,52,68011938;68015449;68012521
2026-02-16 15:00:00,61,68015424;68012000;68012002
2026-02-16 16:00:00,79,68009473;68008290;68013202
2026-02-16 17:00:00,70,68013095;68010146;68011303
2026-02-16 18:00:00,93,68014813;68016643;68014267
2026-02-16 19:00:00,92,68013142;68010732;68015446
2026-02-16 20:00:00,85,68008902;68014231;68016605
2026-02-16 21:00:00,98,68008892;68012539;68014336
2026-02-16 22:00:00,134,68014315;68008299;68010760
2026-02-16 23:00:00,96,68010154;68012495;68011309
2026-02-17 00:00:00,120,68016613;68017202;68009547
2026-02-17 01:00:00,49,68014824;68016000;68016550
2026-02-17 02:00:00,56,68012511;68024151;68014832
2026-02-17 03:00:00,36,68025985;68017893;68026007
2026-02-17 04:00:00,27,68019153;68020536;68021941
2026-02-17 05:00:00,21,68023245;68017846;68021896
2026-02-17 06:00:00,23,68027166;68019205;68024577
2026-02-17 07:00:00,39,68023219;68026934;68024614
2026-02-17 08:00:00,23,68021834;68020610;68024657
2026-02-17 09:00:00,41,68017776;68027335;68023196
2026-02-17 10:00:00,42,68026067;68017772;68020585
2026-02-17 11:00:00,37,68019176;68027382;68018742
2026-02-17 12:00:00,47,68027345;68021927;68020344
2026-02-17 13:00:00,50,68025980;68019200;68027329
2026-02-17 14:00:00,53,68021880;68020498;68021850
2026-02-17 15:00:00,57,68021873;68027402;68023874
2026-02-17 16:00:00,54,68024673;68020558;68021932
2026-02-17 17:00:00,63,68017848;68020588;68027400
2026-02-17 18:00:00,64,68018772;68020625;68023295
2026-02-17 19:00:00,70,68020592;68021917;68026044
2026-02-17 20:00:00,90,68023261;68021822;68020091
2026-02-17 21:00:00,100,68017884;68023274;68019164
2026-02-17 22:00:00,137,68027396;68021914;68023253
2026-02-17 23:00:00,131,68027295;68025291;68024402
2026-02-18 00:00:00,116,68025830;68019258;68019242
2026-02-18 01:00:00,66,68017831;68022998;68026631
2026-02-18 02:00:00,33,68028002;68024562;68023887
2026-02-18 03:00:00,25,68029867;68036052;68032449
2026-02-18 04:00:00,28,68032433;68031171;68036038
2026-02-18 05:00:00,25,68029855;68033596;68032400
2026-02-18 06:00:00,26,68033666;68036050;68031098
2026-02-18 07:00:00,28,68031147;68032424;68036033
2026-02-18 08:00:00,34,68047354;68029891;68039761
2026-02-18 09:00:00,45,68028687;68036049;68028424
2026-02-18 10:00:00,49,68034861;68028610;68028651
2026-02-18 11:00:00,35,68036081;68034890;68029895
2026-02-18 12:00:00,46,68046073;68028685;68029860
2026-02-18 13:00:00,41,68029934;68030936;68028671
2026-02-18 14:00:00,37,68031097;68029874;68031108
2026-02-18 15:00:00,45,68031148;68029938;68034853
2026-02-18 16:00:00,40,68034915;68037325;68031104
2026-02-18 17:00:00,52,68037326;68028619;68033676
2026-02-18 18:00:00,46,68042786;68028641;68037969
2026-02-18 19:00:00,97,68033395;68037393;68033628
2026-02-18 20:00:00,77,68032396;68029942;68037364
2026-02-18 21:00:00,73,68033647;68037339;68034866
2026-02-18 22:00:00,114,68037395;68031186;68032418
2026-02-18 23:00:00,132,68035854;68031119;68037337
2026-02-19 00:00:00,100,68034888;68036056;68028663
2026-02-19 01:00:00,83,68037966;68030500;68028654
2026-02-19 02:00:00,55,68031759;68034235;68031753
2026-02-19 03:00:00,29,68043278;68049395;68043337
2026-02-19 04:00:00,14,68046290;68047811;68046238
2026-02-19 05:00:00,24,68043301;68047840;68046299
2026-02-19 06:00:00,22,68040219;68041197;68040226
2026-02-19 07:00:00,37,68044782;68047640;68049403
2026-02-19 08:00:00,50,68047309;68049326;68046973
2026-02-19 09:00:00,41,68040260;68046268;68044853
2026-02-19 10:00:00,42,68041813;68045742;68041737
2026-02-19 11:00:00,50,68040199;68043371;68040294
2026-02-19 12:00:00,60,68044771;68046231;68049392
2026-02-19 13:00:00,38,68047850;68044817;68041810
2026-02-19 14:00:00,42,68040245;68047841;68043260
2026-02-19 15:00:00,51,68046324;68040254;68042421
2026-02-19 16:00:00,73,68040280;68048508;68038812
2026-02-19 17:00:00,69,68049312;68038739;68038808
2026-02-19 18:00:00,57,68049436;68040183;68038765
2026-02-19 19:00:00,89,68040248;68039739;68046278
2026-02-19 20:00:00,107,68040195;68040257;68038271
2026-02-19 21:00:00,103,68044835;68043270;68038757
2026-02-19 22:00:00,117,68041730;68041248;68049388
2026-02-19 23:00:00,124,68044802;68042436;68046258
2026-02-20 00:00:00,106,68047910;68043255;68046226
2026-02-20 01:00:00,62,68049993;68048511;68046314
2026-02-20 02:00:00,46,68040910;68048517;68046984
2026-02-20 03:00:00,32,68052241;68057720;68052167
2026-02-20 04:00:00,34,68057791;68050834;68060460
2026-02-20 05:00:00,23,68050788;68054977;68057778
2026-02-20 06:00:00,15,68057451;68055865;68052152
2026-02-20 07:00:00,31,68055882;68051684;68054902
2026-02-20 08:00:00,37,68050768;68050562;68057696
2026-02-20 09:00:00,40,68057454;68050325;68060487
2026-02-20 10:00:00,44,68051672;68060502;68051674
2026-02-20 11:00:00,58,68057732;68050794;68056399
2026-02-20 12:00:00,34,68054932;68052182;68056457
2026-02-20 13:00:00,47,68052124;68051671;68058855
2026-02-20 14:00:00,39,68050795;68056334;68056362
2026-02-20 15:00:00,48,68056350;68054987;68055598
2026-02-20 16:00:00,60,68053518;68057263;68056398
2026-02-20 17:00:00,64,68059096;68057698;68050306
2026-02-20 18:00:00,71,68052173;68054727;68051682
2026-02-20 19:00:00,69,68053273;68059154;68056371
2026-02-20 20:00:00,88,68057769;68060544;68056345
2026-02-20 21:00:00,124,68050831;68060474;68050812
2026-02-20 22:00:00,141,68054982;68057674;68057796
2026-02-20 23:00:00,199,68059052;68057713;68050733
2026-02-21 00:00:00,149,68050545;68055582;68053563
2026-02-21 01:00:00,141,68056989;68059784;68052118
2026-02-21 02:00:00,87,68054174;68055619;68056990
2026-02-21 03:00:00,62,68070601;68069349;68069359
2026-02-21 04:00:00,39,68070090;68068130;68061997
2026-02-21 05:00:00,51,68068113;68064461;68070561
2026-02-21 06:00:00,23,68061886;68070297;68065499
2026-02-21 07:00:00,18,68067650;68064329;68066833
2026-02-21 08:00:00,44,68061890;68068071;68064390
2026-02-21 09:00:00,53,68066787;68064448;68068857
2026-02-21 10:00:00,86,68063158;68070088;68066907
2026-02-21 11:00:00,62,68065547;68063931;68065509
2026-02-21 12:00:00,53,68070558;68070451;68061448
2026-02-21 13:00:00,52,68066818;68066354;68068046
2026-02-21 14:00:00,70,68065546;68065544;68070074
2026-02-21 15:00:00,97,68065617;68065607;68070499
2026-02-21 16:00:00,72,68061858;68062017;68062008
2026-02-21 17:00:00,77,68064453;68061851;68065548
2026-02-21 18:00:00,87,68062492;68070588;68063172
2026-02-21 19:00:00,114,68065489;68063203;68068210
2026-02-21 20:00:00,91,68064378;68066817;68063213
2026-02-21 21:00:00,122,68067870;68063663;68068184
2026-02-21 22:00:00,203,68070594;68063107;68065602
2026-02-21 23:00:00,249,68063701;68071055;68061962
2026-02-22 00:00:00,246,68070621;68068604;68064368
2026-02-22 01:00:00,204,68065561;68071021;68062459
2026-02-22 02:00:00,142,68069883;68067396;68063703
2026-02-22 03:00:00,91,68071714;68071706;68079189
2026-02-22 04:00:00,71,68078150;68073837;68072713
2026-02-22 05:00:00,78,68077067;68073883;68071465
2026-02-22 06:00:00,32,68074880;68077004;68071655
2026-02-22 07:00:00,27,68077048;68074876;68077090
2026-02-22 08:00:00,61,68078825;68072754;68071603
2026-02-22 09:00:00,60,68073430;68075555;68079024
2026-02-22 10:00:00,45,68074923;68077749;68075968
2026-02-22 11:00:00,62,68078066;68073439;68079157
2026-02-22 12:00:00,43,68072740;68072711;68078100
2026-02-22 13:00:00,64,68071632;68078187;68074920
2026-02-22 14:00:00,55,68072707;68078093;68076834
2026-02-22 15:00:00,63,68073643;68073431;68073865
2026-02-22 16:00:00,66,68071713;68071599;68074821
2026-02-22 17:00:00,62,68079209;68073758;68073426
2026-02-22 18:00:00,66,68078043;68074877;68072732
2026-02-22 19:00:00,38,68079147;68072775;68073257
2026-02-22 20:00:00,55,68077013;68075935;68075936
2026-02-22 21:00:00,66,68078114;68079162;68077573
2026-02-22 22:00:00,104,68078081;68074327;68073760
2026-02-22 23:00:00,72,68074329;68077104;68072801
2026-02-23 00:00:00,56,68077103;68071718;68087717
2026-02-23 01:00:00,46,68073270;68081936;68074932
2026-02-23 02:00:00,24,68076459;68091731;68086028
2026-02-23 03:00:00,17,68090017;68080202;68088019
2026-02-23 04:00:00,13,68090073;68082139;68092059
2026-02-23 05:00:00,15,68087843;68094094;68082095
2026-02-23 06:00:00,19,68080164;68092047;68082070
2026-02-23 07:00:00,19,68080031;68084005;68094107
2026-02-23 08:00:00,17,68086049;68087991;68086068
2026-02-23 09:00:00,32,68094061;68082069;68094060
2026-02-23 10:00:00,30,68082056;68080165;68090055
2026-02-23 11:00:00,35,68090000;68081807;68086046
2026-02-23 12:00:00,33,68084034;68086020;68092050
2026-02-23 13:00:00,49,68083907;68092016;68082122
2026-02-23 14:00:00,40,68086057;68090043;68081806
2026-02-23 15:00:00,37,68086071;68094109;68087977
2026-02-23 16:00:00,53,68088062;68088053;68090033
2026-02-23 17:00:00,57,68080204;68094087;68094105
2026-02-23 18:00:00,47,68086014;68088070;68080150
2026-02-23 19:00:00,46,68082839;68083754;68092024
2026-02-23 20:00:00,42,68090041;68086065;68086042
2026-02-23 21:00:00,62,68083908;68090050;68082075
2026-02-23 22:00:00,80,68092035;68086775;68086779
2026-02-23 23:00:00,89,68094130;68084056;68092013
2026-02-24 00:00:00,63,68094865;68090053;68092805
2026-02-24 01:00:00,49,68084070;68080904;68094085
2026-02-24 02:00:00,52,68086777;68082825;68086769
2026-02-24 03:00:00,34,68108006;68099374;68107753
2026-02-24 04:00:00,28,68102197;68096476;68110952
2026-02-24 05:00:00,15,68108013;68099373;68096472
2026-02-24 06:00:00,11,68113485;68102183;68105093
2026-02-24 07:00:00,19,68105258;68113745;68116668
2026-02-24 08:00:00,28,68096312;68110943;68096488
2026-02-24 09:00:00,19,68116646;68113770;68108031
2026-02-24 10:00:00,24,68116579;68113762;68096398
2026-02-24 11:00:00,41,68099377;68113856;68104597
2026-02-24 12:00:00,33,68107512;68116064;68099255
2026-02-24 13:00:00,43,68101725;68105177;68099234
2026-02-24 14:00:00,36,68116576;68105146;68105136
2026-02-24 15:00:00,71,68099233;68113733;68116602
2026-02-24 16:00:00,96,68105169;68108110;68105104
2026-02-24 17:00:00,106,68096377;68102258;68108055
2026-02-24 18:00:00,117,68111625;68102283;68096463
2026-02-24 19:00:00,108,68110863;68113759;68096459
2026-02-24 20:00:00,146,68102219;68099345;68116545
2026-02-24 21:00:00,145,68096428;68110958;68102318
2026-02-24 22:00:00,159,68099324;68105219;68107974
2026-02-24 23:00:00,165,68113807;68099370;68110352
2026-02-25 00:00:00,84,68116564;68116613;68114501
2026-02-25 01:00:00,64,68111643;68114502;68099228
2026-02-25 02:00:00,39,68108728;68125829;68102991
2026-02-25 03:00:00,20,68126319;68124615;68129230
2026-02-25 04:00:00,27,68129690;68127962;68119501
2026-02-25 05:00:00,24,68119520;68131389;68130957
2026-02-25 06:00:00,32,68126256;68121229;68121228
2026-02-25 07:00:00,32,68122951;68131403;68119446
2026-02-25 08:00:00,35,68121305;68126285;68131469
2026-02-25 09:00:00,41,68124571;68126291;68124581
2026-02-25 10:00:00,29,68122708;68128052;68131440
2026-02-25 11:00:00,40,68122994;68126340;68119031
2026-02-25 12:00:00,37,68124617;68122970;68124616
2026-02-25 13:00:00,37,68131427;68130934;68119247
2026-02-25 14:00:00,58,68122928;68122470;68122959
2026-02-25 15:00:00,46,68129774;68123565;68119043
2026-02-25 16:00:00,44,68119526;68121232;68131458
2026-02-25 17:00:00,52,68124603;68127986;68129739
2026-02-25 18:00:00,53,68121258;68119485;68126955
2026-02-25 19:00:00,74,68131419;68123004;68129761
2026-02-25 20:00:00,87,68124576;68120725;68119550
2026-02-25 21:00:00,72,68132096;68119507;68121254
2026-02-25 22:00:00,138,68121280;68119463;68119481
2026-02-25 23:00:00,116,68129785;68120168;68119452
2026-02-26 00:00:00,88,68126247;68131445;68129677
2026-02-26 01:00:00,78,68130363;68121298;68121951
2026-02-26 02:00:00,69,68126969;68135949;68135950
2026-02-26 03:00:00,50,68134264;68144597;68135960
2026-02-26 04:00:00,37,68138059;68144658;68135962
2026-02-26 05:00:00,27,68139712;68133177;68142368
2026-02-26 06:00:00,29,68136469;68142941;68139706
2026-02-26 07:00:00,40,68141285;68136478;68144595
2026-02-26 08:00:00,40,68138081;68136443;68136526
2026-02-26 09:00:00,44,68139654;68141334;68142987
2026-02-26 10:00:00,35,68136448;68133231;68134881
2026-02-26 11:00:00,51,68140728;68134263;68134815
2026-02-26 12:00:00,53,68133158;68142926;68133844
2026-02-26 13:00:00,33,68133242;68134885;68144591
2026-02-26 14:00:00,49,68136540;68140737;68140295
2026-02-26 15:00:00,48,68141271;68138053;68137110
2026-02-26 16:00:00,50,68143582;68136463;68143028
2026-02-26 17:00:00,48,68141311;68141306;68134866
2026-02-26 18:00:00,66,68134840;68143003;68133152
2026-02-26 19:00:00,71,68145307;68144604;68134856
2026-02-26 20:00:00,65,68141297;68136531;68133243
2026-02-26 21:00:00,116,68142938;68141354;68139726
2026-02-26 22:00:00,126,68144294;68144607;68139692
2026-02-26 23:00:00,117,68142951;68145293;68144614
2026-02-27 00:00:00,105,68143598;68137799;68145301
2026-02-27 01:00:00,70,68138685;68141338;68145311
2026-02-27 02:00:00,57,68135536;68143589;68145312
2026-02-27 03:00:00,39,68152028;68153489;68150507
2026-02-27 04:00:00,25,68153464;68146237;68147635
2026-02-27 05:00:00,26,68146221;68155005;68153435
2026-02-27 06:00:00,26,68154685;68156373;68149155
2026-02-27 07:00:00,28,68155883;68146235;68156343
2026-02-27 08:00:00,35,68149058;68154684;68146230
2026-02-27 09:00:00,43,68156353;68147601;68153417
2026-02-27 10:00:00,40,68146130;68153450;68146184
2026-02-27 11:00:00,45,68155894;68151486;68155588
2026-02-27 12:00:00,42,68156330;68150524;68153459
2026-02-27 13:00:00,52,68147600;68150497;68146138
2026-02-27 14:00:00,39,68154904;68154925;68149080
2026-02-27 15:00:00,48,68150280;68146154;68154952
2026-02-27 16:00:00,59,68150536;68154933;68150492
2026-02-27 17:00:00,60,68145689;68155891;68151744
2026-02-27 18:00:00,70,68150495;68154906;68147708
2026-02-27 19:00:00,72,68147573;68149144;68147146
2026-02-27 20:00:00,94,68147587;68147613;68153514
2026-02-27 21:00:00,92,68147723;68147696;68146825
2026-02-27 22:00:00,163,68154905;68149738;68151505
2026-02-27 23:00:00,202,68149050;68154130;68150552
2026-02-28 00:00:00,193,68150562;68150606;68149087
2026-02-28 01:00:00,139,68156961;68149108;68146801
2026-02-28 02:00:00,69,68152592;68146822;68151212
2026-02-28 03:00:00,61,68161145;68160080;68164652
2026-02-28 04:00:00,56,68163549;68157706;68163537
2026-02-28 05:00:00,28,68161149;68162390;68160120
2026-02-28 06:00:00,39,68163593;68164675;68164628
2026-02-28 07:00:00,20,68160692;68163479;68165895
2026-02-28 08:00:00,46,68158930;68165845;68164746
2026-02-28 09:00:00,73,68161148;68157663;68157649
2026-02-28 10:00:00,54,68162229;68162228;68164273
2026-02-28 11:00:00,54,68158855;68157821;68159561
2026-02-28 12:00:00,59,68158874;68165426;68164003
2026-02-28 13:00:00,59,68165655;68165867;68163557
2026-02-28 14:00:00,66,68163598;68163456;68164733
2026-02-28 15:00:00,76,68163463;68164798;68163452
2026-02-28 16:00:00,68,68163587;68165951;68164265
2026-02-28 17:00:00,77,68162291;68164651;68165830
2026-02-28 18:00:00,82,68164639;68158809;68162372
2026-02-28 19:00:00,90,68159337;68166357;68160487
2026-02-28 20:00:00,102,68165929;68163426;68163575
2026-02-28 21:00:00,161,68157652;68163432;68162791
2026-02-28 22:00:00,242,68161189;68165923;68165981
2026-02-28 23:00:00,267,68162808;68162828;68159979
2026-03-01 00:00:00,230,68163601;68166371;68157778
2026-03-01 01:00:00,187,68164767;68166346;68161673
2026-03-01 02:00:00,101,68166383;68164018;68158206
2026-03-01 03:00:00,84,68170607;68167089;68173931
2026-03-01 04:00:00,66,68168053;68170664;68169432
2026-03-01 05:00:00,44,68171619;68170536;68169428
2026-03-01 06:00:00,29,68167128;68167077;68168262
2026-03-01 07:00:00,26,68173914;68169380;68171735
2026-03-01 08:00:00,36,68170558;68172396;68169381
2026-03-01 09:00:00,67,68167108;68168990;68170640
2026-03-01 10:00:00,50,68173851;68170574;68175149
2026-03-01 11:00:00,45,68169469;68170170;68172590
2026-03-01 12:00:00,56,68168337;68169379;68175148
2026-03-01 13:00:00,63,68169201;68172845;68172842
2026-03-01 14:00:00,65,68167054;68171630;68175131
2026-03-01 15:00:00,47,68168292;68175069;68169410
2026-03-01 16:00:00,74,68169927;68169463;68171675
2026-03-01 17:00:00,80,68171689;68173269;68173953
2026-03-01 18:00:00,70,68167171;68175167;68170547
2026-03-01 19:00:00,75,68170625;68171467;68172783
2026-03-01 20:00:00,99,68167048;68171463;68172771
2026-03-01 21:00:00,125,68172826;68172750;68167140
2026-03-01 22:00:00,132,68173271;68169348;68167629
2026-03-01 23:00:00,96,68171462;68167141;68170158
2026-03-02 00:00:00,85,68171747;68173858;68171677
2026-03-02 01:00:00,74,68172821;68169374;68167621
2026-03-02 02:00:00,68,68168792;68167632;68172159
2026-03-02 03:00:00,28,68183621;68177691;68181726
2026-03-02 04:00:00,32,68180664;68185109;68183530
2026-03-02 05:00:00,26,68182166;68185172;68176044
2026-03-02 06:00:00,28,68180682;68179113;68177696
2026-03-02 07:00:00,22,68176233;68179122;68182125
2026-03-02 08:00:00,38,68185081;68184695;68186580
2026-03-02 09:00:00,24,68180584;68176273;68180218
2026-03-02 10:00:00,35,68185080;68186188;68184711
2026-03-02 11:00:00,27,68179143;68178686;68179119
2026-03-02 12:00:00,39,68182100;68179196;68179188
2026-03-02 13:00:00,42,68186567;68182148;68176182
2026-03-02 14:00:00,57,68180619;68181403;68182156
2026-03-02 15:00:00,33,68177757;68179912;68186601
2026-03-02 16:00:00,34,68184675;68183628;68179134
2026-03-02 17:00:00,55,68180662;68177720;68186615
2026-03-02 18:00:00,60,68185103;68182186;68180613
2026-03-02 19:00:00,85,68176212;68182878;68182105
2026-03-02 20:00:00,91,68183545;68175821;68177672
2026-03-02 21:00:00,128,68185877;68186548;68181951
2026-03-02 22:00:00,184,68177760;68176278;68183526
2026-03-02 23:00:00,168,68179178;68187365;68179194
2026-03-03 00:00:00,142,68180652;68181429;68185882
2026-03-03 01:00:00,83,68179905;68177010;68186587
2026-03-03 02:00:00,40,68184407;68177029;68182906
2026-03-03 03:00:00,37,68195022;68189476;68195017
2026-03-03 04:00:00,29,68196420;68193568;68188097
2026-03-03 05:00:00,36,68192148;68193344;68194739
2026-03-03 06:00:00,22,68197776;68193610;68193129
2026-03-03 07:00:00,35,68196141;68193335;68192146
2026-03-03 08:00:00,40,68193556;68193345;68194954
2026-03-03 09:00:00,29,68189458;68190925;68193594
2026-03-03 10:00:00,45,68195425;68191755;68193545
2026-03-03 11:00:00,54,68194737;68190843;68188062
2026-03-03 12:00:00,41,68197697;68187669;68187871
2026-03-03 13:00:00,41,68188059;68197289;68188087
2026-03-03 14:00:00,43,68188162;68197769;68197779
2026-03-03 15:00:00,40,68197660;68193643;68191757
2026-03-03 16:00:00,31,68193641;68194988;68188093
2026-03-03 17:00:00,57,68194992;68192224;68192187
2026-03-03 18:00:00,51,68192164;68189537;68193109
2026-03-03 19:00:00,68,68189530;68197765;68194932
2026-03-03 20:00:00,91,68196308;68193571;68196429
2026-03-03 21:00:00,99,68196416;68197512;68193601
2026-03-03 22:00:00,148,68196398;68190860;68195007
2026-03-03 23:00:00,135,68193624;68188153;68188144
2026-03-04 00:00:00,110,68189547;68196440;68190671
2026-03-04 01:00:00,64,68190173;68196119;68191521
2026-03-04 02:00:00,39,68195656;68197023;68197035
2026-03-04 03:00:00,29,68206668;68205154;68205161
2026-03-04 04:00:00,19,68209750;68209190;68208201
2026-03-04 05:00:00,25,68208202;68206628;68208139
2026-03-04 06:00:00,36,68204662;68203654;68209685
2026-03-04 07:00:00,27,68203641;68203709;68206700
2026-03-04 08:00:00,40,68200651;68207641;68205146
2026-03-04 09:00:00,40,68206679;68208211;68207666
2026-03-04 10:00:00,31,68202161;68201645;68203117
2026-03-04 11:00:00,22,68199169;68201670;68200432
2026-03-04 12:00:00,40,68203678;68205222;68206166
2026-03-04 13:00:00,43,68200663;68209721;68202194
2026-03-04 14:00:00,38,68203640;68202084;68205186
2026-03-04 15:00:00,38,68202123;68202159;68200724
2026-03-04 16:00:00,54,68203637;68206632;68200691
2026-03-04 17:00:00,62,68200715;68209216;68203132
2026-03-04 18:00:00,78,68199148;68204684;68207912
2026-03-04 19:00:00,76,68199167;68209215;68199193
2026-03-04 20:00:00,103,68205163;68200679;68205194
2026-03-04 21:00:00,124,68203643;68202151;68203127
2026-03-04 22:00:00,159,68202833;68200731;68206676
2026-03-04 23:00:00,123,68210372;68205213;68205174
2026-03-05 00:00:00,124,68202153;68210368;68210376
2026-03-05 01:00:00,65,68199119;68202830;68210661
2026-03-05 02:00:00,25,68210378;68210370;68212555
2026-03-05 03:00:00,29,68219602;68213987;68212326
2026-03-05 04:00:00,16,68219577;68213950;68219678
2026-03-05 05:00:00,24,68216282;68211134;68211100
2026-03-05 06:00:00,35,68211105;68212575;68221062
2026-03-05 07:00:00,55,68219360;68210895;68212321
2026-03-05 08:00:00,25,68216839;68218218;68214005
2026-03-05 09:00:00,38,68212319;68217940;68211104
2026-03-05 10:00:00,30,68212538;68216835;68216784
2026-03-05 11:00:00,28,68215362;68216782;68214025
2026-03-05 12:00:00,43,68211102;68215384;68219673
2026-03-05 13:00:00,37,68212314;68215412;68221045
2026-03-05 14:00:00,40,68215140;68218182;68215383
2026-03-05 15:00:00,43,68219644;68219675;68212098
2026-03-05 16:00:00,41,68215143;68216795;68221095
2026-03-05 17:00:00,48,68221099;68218227;68221083
2026-03-05 18:00:00,49,68219363;68211101;68211160
2026-03-05 19:00:00,50,68215381;68219589;68211088
2026-03-05 20:00:00,92,68216827;68216819;68211140
2026-03-05 21:00:00,92,68215405;68219637;68217690
2026-03-05 22:00:00,98,68219652;68217415;68219084
2026-03-05 23:00:00,94,68214911;68215410;68213204
2026-03-06 00:00:00,71,68217414;68216770;68220247
2026-03-06 01:00:00,52,68220246;68225284;68211788
2026-03-06 02:00:00,27,68220245;68220250;68213208
2026-03-06 03:00:00,39,68232574;68229277;68222606
2026-03-06 04:00:00,31,68227490;68234165;68227512
2026-03-06 05:00:00,21,68230879;68222554;68222011
2026-03-06 06:00:00,33,68227228;68227535;68224203
2026-03-06 07:00:00,36,68222590;68226608;68224179
2026-03-06 08:00:00,46,68225848;68234254;68225862
2026-03-06 09:00:00,40,68222625;68224279;68234167
2026-03-06 10:00:00,60,68224195;68228953;68222633
2026-03-06 11:00:00,38,68230925;68228949;68227603
2026-03-06 12:00:00,43,68229293;68229288;68230348
2026-03-06 13:00:00,36,68232584;68233619;68230852
2026-03-06 14:00:00,44,68228685;68222589;68231973
2026-03-06 15:00:00,61,68231982;68222631;68230347
2026-03-06 16:00:00,59,68225931;68222560;68229273
2026-03-06 17:00:00,38,68234143;68234163;68232532
2026-03-06 18:00:00,50,68227557;68225935;68224219
2026-03-06 19:00:00,55,68229296;68234200;68229290
2026-03-06 20:00:00,102,68225851;68224258;68222577
2026-03-06 21:00:00,161,68228680;68225859;68229232
2026-03-06 22:00:00,183,68228678;68227516;68229196
2026-03-06 23:00:00,202,68222643;68229966;68225810
2026-03-07 00:00:00,175,68229249;68225813;68229179
2026-03-07 01:00:00,127,68231623;68233306;68223319
2026-03-07 02:00:00,72,68231654;68233317;68234874
2026-03-07 03:00:00,59,68241662;68242838;68242758
2026-03-07 04:00:00,44,68242913;68236828;68242941
2026-03-07 05:00:00,45,68236885;68242897;68241716
2026-03-07 06:00:00,43,68239419;68235700;68239434
2026-03-07 07:00:00,40,68242761;68236797;68244004
2026-03-07 08:00:00,57,68235743;68235721;68244106
2026-03-07 09:00:00,61,68235618;68237671;68238164
2026-03-07 10:00:00,92,68241265;68237665;68238048
2026-03-07 11:00:00,80,68235577;68244083;68242600
2026-03-07 12:00:00,75,68239374;68239330;68241753
2026-03-07 13:00:00,69,68241260;68244020;68235247
2026-03-07 14:00:00,68,68239074;68239270;68238116
2026-03-07 15:00:00,87,68236903;68239323;68235469
2026-03-07 16:00:00,92,68238114;68238183;68242934
2026-03-07 17:00:00,69,68238042;68238153;68238165
2026-03-07 18:00:00,96,68238881;68242155;68236810
2026-03-07 19:00:00,96,68242402;68236833;68241639
2026-03-07 20:00:00,127,68241759;68244096;68235720
2026-03-07 21:00:00,165,68235629;68241631;68236150
2026-03-07 22:00:00,290,68236843;68244018;68240539
2026-03-07 23:00:00,248,68240495;68238591;68241685
2026-03-08 00:00:00,321,68238112;68235584;68240994
2026-03-08 01:00:00,185,68236163;68240990;68237349
2026-03-08 03:00:00,129,68254808;68246801;68250711
2026-03-08 04:00:00,114,68255045;68253640;68246718
2026-03-08 05:00:00,90,68251976;68253471;68251833
2026-03-08 06:00:00,32,68251972;68246652;68245376
2026-03-08 07:00:00,31,68250946;68254802;68247635
2026-03-08 08:00:00,42,68254873;68253028;68248950
2026-03-08 09:00:00,45,68244886;68248005;68245310
2026-03-08 10:00:00,54,68244880;68248024;68245122
2026-03-08 11:00:00,67,68254368;68251644;68245281
2026-03-08 12:00:00,78,68255017;68245127;68255032
2026-03-08 13:00:00,88,68249313;68249351;68245335
2026-03-08 14:00:00,103,68253007;68250649;68249453
2026-03-08 15:00:00,143,68249484;68246642;68246649
2026-03-08 16:00:00,152,68247622;68252053;68248607
2026-03-08 17:00:00,154,68245475;68249448;68250723
2026-03-08 18:00:00,220,68250876;68250945;68254812
2026-03-08 19:00:00,220,68253487;68252136;68245504
2026-03-08 20:00:00,256,68250700;68250905;68254785
2026-03-08 21:00:00,322,68254841;68248253;68249414
2026-03-08 22:00:00,340,68246900;68248042;68250713
2026-03-08 23:00:00,387,68248666;68245973;68255024
2026-03-09 00:00:00,280,68255033;68252699;68252631
2026-03-09 01:00:00,220,68248176;68255034;68253595
2026-03-09 02:00:00,129,68265779;68255447;68248599
2026-03-09 03:00:00,88,68256498;68258521;68264578
2026-03-09 04:00:00,90,68258428;68256465;68264327
2026-03-09 05:00:00,65,68260373;68266468;68264503
2026-03-09 06:00:00,86,68268342;68258324;68266317
2026-03-09 07:00:00,89,68262391;68270483;68256271
2026-03-09 08:00:00,84,68270534;68268341;68266529
2026-03-09 09:00:00,101,68256305;68258371;68257765
2026-03-09 10:00:00,106,68264331;68266506;68261726
2026-03-09 11:00:00,93,68268377;68270561;68256393
2026-03-09 12:00:00,105,68262386;68264378;68256514
2026-03-09 13:00:00,113,68266320;68260365;68267305
2026-03-09 14:00:00,111,68258547;68256404;68264529
2026-03-09 15:00:00,98,68270558;68260542;68260469
2026-03-09 16:00:00,135,68262381;68258335;68260330
2026-03-09 17:00:00,152,68259283;68258563;68262283
2026-03-09 18:00:00,156,68260582;68256279;68264573
2026-03-09 19:00:00,184,68258536;68267345;68270478
2026-03-09 20:00:00,189,68270579;68269369;68262491
2026-03-09 21:00:00,189,68265312;68256329;68270488
2026-03-09 22:00:00,295,68265768;68255741;68258500
2026-03-09 23:00:00,241,68269859;68263307;68270507
2026-03-10 00:00:00,203,68269359;68269374;68266501
2026-03-10 01:00:00,119,68259324;68259281;68263351
2026-03-10 02:00:00,78,68271447;68257309;68263343
2026-03-10 03:00:00,49,68283703;68280425;68274049
2026-03-10 04:00:00,33,68279967;68283739;68275569
2026-03-10 05:00:00,23,68283273;68276923;68283235
2026-03-10 06:00:00,45,68276664;68277151;68271911
2026-03-10 07:00:00,49,68277127;68274098;68275534
2026-03-10 08:00:00,34,68277163;68275688;68271927
2026-03-10 09:00:00,48,68275086;68283505;68283227
2026-03-10 10:00:00,35,68276678;68276674;68281595
2026-03-10 11:00:00,45,68272363;68273979;68277122
2026-03-10 12:00:00,72,68273926;68278842;68283735
2026-03-10 13:00:00,41,68282155;68278854;68282075
2026-03-10 14:00:00,53,68281603;68275545;68278778
2026-03-10 15:00:00,54,68276700;68280472;68276708
2026-03-10 16:00:00,99,68280520;68273932;68280393
2026-03-10 17:00:00,92,68283820;68275581;68274074
2026-03-10 18:00:00,109,68273904;68272334;68275313
2026-03-10 19:00:00,154,68278768;68283750;68283704
2026-03-10 20:00:00,187,68278894;68282170;68274056
2026-03-10 21:00:00,202,68281148;68273486;68283747
2026-03-10 22:00:00,291,68283259;68278911;68282071
2026-03-10 23:00:00,207,68275518;68280561;68272127
2026-03-11 00:00:00,172,68275618;68280527;68279507
2026-03-11 01:00:00,117,68282136;68284871;68274670
2026-03-11 02:00:00,82,68283697;68282135;68276275
2026-03-11 03:00:00,41,68289788;68287090;68287151
2026-03-11 04:00:00,51,68286494;68296763;68293516
2026-03-11 05:00:00,25,68287155;68290395;68288765
2026-03-11 06:00:00,44,68296743;68286819;68296728
2026-03-11 07:00:00,54,68287072;68292984;68292999
2026-03-11 08:00:00,49,68296226;68294611;68288127
2026-03-11 09:00:00,48,68288395;68296791;68295105
2026-03-11 10:00:00,38,68296755;68287048;68291903
2026-03-11 11:00:00,37,68293557;68296730;68292030
2026-03-11 12:00:00,53,68293627;68290370;68293496
2026-03-11 13:00:00,55,68287047;68295108;68285466
2026-03-11 14:00:00,45,68295787;68295129;68293603
2026-03-11 15:00:00,43,68295130;68291337;68290304
2026-03-11 16:00:00,64,68296731;68287725;68285464
2026-03-11 17:00:00,69,68295199;68285497;68288691
2026-03-11 18:00:00,64,68288723;68291959;68293514
2026-03-11 19:00:00,92,68286111;68287056;68284864
2026-03-11 20:00:00,95,68291977;68285475;68293580
2026-03-11 21:00:00,110,68297402;68287064;68295101
2026-03-11 22:00:00,137,68288769;68290400;68295208
2026-03-11 23:00:00,149,68285391;68291926;68290347
2026-03-12 00:00:00,86,68293584;68287086;68296733
2026-03-12 01:00:00,69,68297835;68286098;68293551
2026-03-12 02:00:00,54,68297407;68286108;68308166
2026-03-12 03:00:00,30,68307174;68307236;68299835
2026-03-12 04:00:00,29,68308355;68304135;68300788
2026-03-12 05:00:00,33,68301003;68302458;68303928
2026-03-12 06:00:00,24,68298289;68299812;68307201
2026-03-12 07:00:00,30,68305666;68305151;68308578
2026-03-12 08:00:00,36,68305633;68302724;68301276
2026-03-12 09:00:00,33,68298264;68307166;68304156
2026-03-12 10:00:00,29,68301260;68307165;68302695
2026-03-12 11:00:00,35,68304220;68304193;68298320
2026-03-12 12:00:00,48,68304161;68305704;68305632
2026-03-12 13:00:00,51,68305148;68302203;68299811
2026-03-12 14:00:00,31,68299864;68306653;68308610
2026-03-12 15:00:00,35,68299578;68302202;68301246
2026-03-12 16:00:00,39,68307228;68302719;68299796
2026-03-12 17:00:00,51,68304221;68302662;68302728
2026-03-12 18:00:00,46,68302721;68307151;68304125
2026-03-12 19:00:00,54,68307129;68304131;68301890
2026-03-12 20:00:00,62,68302699;68304830;68300781
2026-03-12 21:00:00,95,68298287;68304188;68299838
2026-03-12 22:00:00,113,68307195;68304205;68297838
2026-03-12 23:00:00,106,68304152;68307175;68299325
2026-03-13 00:00:00,96,68300471;68304158;68309276
2026-03-13 01:00:00,62,68307131;68309258;68307222
2026-03-13 02:00:00,48,68306357;68309264;68301900
2026-03-13 03:00:00,32,68313355;68320689;68310034
2026-03-13 04:00:00,19,68310048;68319655;68321189
2026-03-13 05:00:00,51,68311712;68321168;68313378
2026-03-13 06:00:00,45,68319365;68314856;68321167
2026-03-13 07:00:00,37,68319119;68311763;68310132
2026-03-13 08:00:00,34,68310166;68311698;68311775
2026-03-13 09:00:00,41,68321174;68313327;68320682
2026-03-13 10:00:00,40,68311778;68313277;68321253
2026-03-13 11:00:00,35,68314950;68320693;68319556
2026-03-13 12:00:00,40,68319112;68317994;68309590
2026-03-13 13:00:00,54,68314962;68316496;68309845
2026-03-13 14:00:00,76,68318064;68319371;68321148
2026-03-13 15:00:00,58,68317952;68312790;68319654
2026-03-13 16:00:00,46,68314866;68313335;68313383
2026-03-13 17:00:00,49,68314416;68311666;68316447
2026-03-13 18:00:00,67,68310174;68313313;68316426
2026-03-13 19:00:00,69,68317981;68318027;68310090
2026-03-13 20:00:00,89,68318762;68316446;68316440
2026-03-13 21:00:00,104,68309847;68310121;68321235
2026-03-13 22:00:00,192,68311175;68316525;68316500
2026-03-13 23:00:00,203,68321146;68318066;68321198
2026-03-14 00:00:00,228,68318785;68312440;68321240
2026-03-14 01:00:00,146,68315567;68311740;68318773
2026-03-14 02:00:00,99,68321857;68320315;68314033
2026-03-14 03:00:00,68,68330343;68328851;68331521
2026-03-14 04:00:00,54,68322638;68325203;68328895
2026-03-14 05:00:00,41,68322738;68326319;68331483
2026-03-14 06:00:00,31,68324673;68322205;68323990
2026-03-14 07:00:00,31,68330254;68330253;68331548
2026-03-14 08:00:00,48,68331054;68326323;68328492
2026-03-14 09:00:00,66,68325941;68331426;68327602
2026-03-14 10:00:00,68,68330180;68327732;68331070
2026-03-14 11:00:00,74,68324864;68329037;68331582
2026-03-14 12:00:00,67,68322188;68331600;68322606
2026-03-14 13:00:00,59,68325237;68325056;68329035
2026-03-14 14:00:00,66,68326352;68326351;68325223
2026-03-14 15:00:00,62,68328883;68325133;68323839
2026-03-14 16:00:00,93,68330285;68328852;68329050
2026-03-14 17:00:00,73,68325083;68322624;68328958
2026-03-14 18:00:00,80,68330231;68330175;68325155
2026-03-14 19:00:00,102,68329483;68330268;68322636
2026-03-14 20:00:00,132,68328987;68328904;68322668
2026-03-14 21:00:00,122,68323867;68324430;68322628
2026-03-14 22:00:00,249,68329754;68327749;68328965
2026-03-14 23:00:00,284,68330134;68328944;68323872
2026-03-15 00:00:00,276,68329002;68326338;68322677
2026-03-15 01:00:00,176,68325675;68326464;68330804
2026-03-15 02:00:00,145,68324426;68332086;68328201
2026-03-15 03:00:00,87,68338734;68337401;68337594
2026-03-15 04:00:00,77,68334989;68333949;68332561
2026-03-15 05:00:00,70,68335146;68335847;68339892
2026-03-15 06:00:00,45,68335845;68335005;68335087
2026-03-15 07:00:00,41,68335088;68339929;68334432
2026-03-15 08:00:00,60,68338029;68340661;68338030
2026-03-15 09:00:00,55,68339799;68339964;68337558
2026-03-15 10:00:00,56,68341043;68332793;68332832
2026-03-15 11:00:00,64,68338454;68341097;68337593
2026-03-15 12:00:00,56,68341129;68336277;68339450
2026-03-15 13:00:00,66,68334425;68332676;68336228
2026-03-15 14:00:00,81,68332802;68339871;68339839
2026-03-15 15:00:00,57,68335595;68336224;68332711
2026-03-15 16:00:00,58,68333854;68338787;68337410
2026-03-15 17:00:00,83,68335594;68332841;68333928
2026-03-15 18:00:00,139,68339809;68339837;68339447
2026-03-15 19:00:00,162,68336388;68335610;68341149
2026-03-15 20:00:00,134,68338263;68334006;68339950
2026-03-15 21:00:00,100,68341000;68339808;68335849
2026-03-15 22:00:00,161,68341100;68334882;68332701
2026-03-15 23:00:00,187,68340448;68341054;68335612
2026-03-16 00:00:00,111,68332768;68335107;68339814
2026-03-16 01:00:00,64,68335600;68336805;68338035
2026-03-16 02:00:00,51,68333268;68339227;68343250
2026-03-16 03:00:00,37,68350655;68346578;68347986
2026-03-16 04:00:00,22,68343677;68349443;68349473
2026-03-16 05:00:00,31,68346555;68343457;68347774
2026-03-16 06:00:00,29,68346549;68347985;68347988
2026-03-16 07:00:00,32,68342310;68342304;68349457
2026-03-16 08:00:00,37,68352340;68351874;68347553
2026-03-16 09:00:00,51,68349211;68352387;68349472
2026-03-16 10:00:00,42,68341866;68352371;68350847
2026-03-16 11:00:00,41,68349390;68348032;68350853
2026-03-16 12:00:00,32,68343644;68348014;68351880
2026-03-16 13:00:00,39,68344911;68348049;68344687
2026-03-16 14:00:00,37,68352326;68350923;68345101
2026-03-16 15:00:00,50,68345087;68350856;68343219
2026-03-16 16:00:00,45,68345144;68350878;68342315
2026-03-16 17:00:00,38,68347966;68347965;68349480
2026-03-16 18:00:00,61,68347964;68347993;68352344
2026-03-16 19:00:00,70,68342266;68353054;68347971
2026-03-16 20:00:00,77,68349396;68342295;68346518
2026-03-16 21:00:00,95,68345158;68344694;68345143
2026-03-16 22:00:00,96,68352329;68349221;68343690
2026-03-16 23:00:00,108,68349463;68347233;68345151
2026-03-17 00:00:00,75,68352332;68352359;68350103
2026-03-17 01:00:00,51,68346344;68344372;68364852
2026-03-17 02:00:00,41,68342937;68348670;68347219
2026-03-17 03:00:00,22,68357286;68365379;68365105
2026-03-17 04:00:00,34,68357277;68358828;68362211
2026-03-17 05:00:00,49,68360505;68358856;68358855
2026-03-17 06:00:00,37,68355572;68363816;68353936
2026-03-17 07:00:00,33,68357215;68363185;68353964
2026-03-17 08:00:00,46,68363785;68356626;68360502
2026-03-17 09:00:00,41,68363505;68360440;68363482
2026-03-17 10:00:00,32,68358792;68363758;68353934
2026-03-17 11:00:00,31,68355558;68355530;68365389
2026-03-17 12:00:00,46,68360525;68361848;68357265
2026-03-17 13:00:00,48,68356625;68357283;68362134
2026-03-17 14:00:00,39,68355007;68355545;68358264
2026-03-17 15:00:00,46,68360459;68358259;68353357
2026-03-17 16:00:00,54,68355590;68355608;68357192
2026-03-17 17:00:00,52,68365408;68355519;68362215
2026-03-17 18:00:00,54,68362155;68355583;68354001
2026-03-17 19:00:00,84,68357199;68363717;68353931
2026-03-17 20:00:00,100,68363853;68354671;68357275
2026-03-17 21:00:00,92,68363837;68365113;68360496
2026-03-17 22:00:00,146,68354989;68353985;68355565
2026-03-17 23:00:00,95,68365462;68355498;68357285
2026-03-18 00:00:00,98,68358813;68361843;68365468
2026-03-18 01:00:00,67,68363793;68375267;68362088
2026-03-18 02:00:00,36,68362860;68354682;68359535
2026-03-18 03:00:00,22,68374260;68368353;68376914
2026-03-18 04:00:00,21,68372320;68375676;68372719
2026-03-18 05:00:00,20,68375697;68371316;68371309
2026-03-18 06:00:00,42,68366930;68366879;68371280
2026-03-18 07:00:00,56,68366679;68371330;68368462
2026-03-18 08:00:00,48,68377136;68369871;68375261
2026-03-18 09:00:00,46,68366444;68369882;68371287
2026-03-18 10:00:00,41,68375748;68366949;68377080
2026-03-18 11:00:00,26,68371276;68366453;68366943
2026-03-18 12:00:00,42,68374945;68375744;68367945
2026-03-18 13:00:00,44,68373819;68374271;68377114
2026-03-18 14:00:00,44,68372555;68368374;68370841
2026-03-18 15:00:00,68,68369406;68376672;68372306
2026-03-18 16:00:00,45,68372005;68371315;68371255
2026-03-18 17:00:00,40,68368408;68371245;68374220
2026-03-18 18:00:00,70,68369819;68369885;68377108
2026-03-18 19:00:00,85,68369429;68377090;68368367
2026-03-18 20:00:00,91,68369851;68375274;68371243
2026-03-18 21:00:00,85,68369890;68369823;68372334
2026-03-18 22:00:00,159,68366857;68374207;68375750
2026-03-18 23:00:00,119,68374024;68374204;68369103
2026-03-19 00:00:00,73,68379745;68372548;68368350
2026-03-19 01:00:00,72,68373509;68372015;68373504
2026-03-19 02:00:00,47,68377832;68389269;68373498
2026-03-19 03:00:00,31,68385103;68387981;68378646
2026-03-19 04:00:00,30,68380382;68378710;68385056
2026-03-19 05:00:00,26,68389784;68388227;68389813
2026-03-19 06:00:00,43,68388184;68378431;68386603
2026-03-19 07:00:00,54,68389825;68381732;68386071
2026-03-19 08:00:00,45,68382979;68386047;68385055
2026-03-19 09:00:00,41,68387314;68389833;68378729
2026-03-19 10:00:00,33,68386359;68385099;68389778
2026-03-19 11:00:00,40,68379786;68386357;68386358
2026-03-19 12:00:00,40,68385136;68378650;68380305
2026-03-19 13:00:00,41,68384803;68385079;68386656
2026-03-19 14:00:00,56,68388186;68386615;68389858
2026-03-19 15:00:00,46,68383532;68380375;68384200
2026-03-19 16:00:00,54,68384530;68380285;68378653
2026-03-19 17:00:00,72,68385117;68380405;68385132
2026-03-19 18:00:00,54,68380314;68383531;68386599
2026-03-19 19:00:00,76,68380396;68382647;68389842
2026-03-19 20:00:00,81,68387940;68383504;68383228
2026-03-19 21:00:00,109,68386586;68382028;68379779
2026-03-19 22:00:00,129,68388204;68382015;68380334
2026-03-19 23:00:00,136,68387313;68388932;68382019
2026-03-20 00:00:00,141,68387926;68381965;68378679
2026-03-20 01:00:00,79,68400650;68382037;68381973
2026-03-20 02:00:00,62,68399271;68390513;68379335
2026-03-20 03:00:00,32,68395642;68392747;68392709
2026-03-20 04:00:00,22,68398313;68398426;68395592
2026-03-20 05:00:00,29,68399256;68398298;68395664
2026-03-20 06:00:00,23,68398345;68400657;68394168
2026-03-20 07:00:00,58,68395089;68394179;68395677
2026-03-20 08:00:00,50,68395658;68398409;68396953
2026-03-20 09:00:00,46,68390841;68392821;68399709
2026-03-20 10:00:00,39,68398334;68395530;68396989
2026-03-20 11:00:00,44,68395564;68398314;68400648
2026-03-20 12:00:00,50,68393683;68399771;68398363
2026-03-20 13:00:00,61,68398425;68390828;68396489
2026-03-20 14:00:00,53,68394217;68397019;68397034
2026-03-20 15:00:00,64,68399737;68396959;68401064
2026-03-20 16:00:00,58,68391277;68397549;68393342
2026-03-20 17:00:00,63,68396919;68394160;68394157
2026-03-20 18:00:00,73,68395318;68392653;68401180
2026-03-20 19:00:00,78,68397857;68397003;68395574
2026-03-20 20:00:00,107,68391401;68394169;68401178
2026-03-20 21:00:00,113,68401222;68396501;68401126
2026-03-20 22:00:00,192,68399281;68401046;68392777
2026-03-20 23:00:00,211,68396208;68400354;68399774
2026-03-21 00:00:00,188,68405313;68400880;68398435
2026-03-21 01:00:00,158,68397033;68396986;68394248
2026-03-21 02:00:00,101,68398981;68396203;68397564
2026-03-21 03:00:00,84,68408138;68409227;68404876
2026-03-21 04:00:00,51,68404688;68404687;68408036
2026-03-21 05:00:00,43,68404793;68402533;68404755
2026-03-21 06:00:00,31,68404253;68403524;68404708
2026-03-21 07:00:00,27,68405747;68403711;68404706
2026-03-21 08:00:00,57,68403340;68403610;68408070
2026-03-21 09:00:00,69,68407734;68404718;68405301
2026-03-21 10:00:00,77,68409747;68404283;68403107
2026-03-21 11:00:00,83,68407511;68409780;68406422
2026-03-21 12:00:00,61,68409103;68403129;68404267
2026-03-21 13:00:00,88,68406980;68402558;68410322
2026-03-21 14:00:00,112,68404777;68406881;68406944
2026-03-21 15:00:00,106,68403700;68410607;68409055
2026-03-21 16:00:00,110,68408858;68402603;68405827
2026-03-21 17:00:00,114,68408131;68409011;68402660
2026-03-21 18:00:00,130,68403741;68403122;68408117
2026-03-21 19:00:00,129,68406847;68407005;68407990
2026-03-21 20:00:00,159,68410421;68402499;68410388
2026-03-21 21:00:00,182,68407968;68410209;68408145
2026-03-21 22:00:00,348,68410321;68407037;68405754
2026-03-21 23:00:00,376,68404705;68402586;68407018
2026-03-22 00:00:00,258,68407984;68406937;68408006
2026-03-22 01:00:00,213,68403804;68410604;68408118
2026-03-22 02:00:00,146,68402880;68406187;68407292
2026-03-22 03:00:00,84,68411253;68419528;68420746
2026-03-22 04:00:00,83,68419524;68420864;68413976
2026-03-22 05:00:00,37,68414172;68418202;68412693
2026-03-22 06:00:00,28,68411343;68418249;68416756
2026-03-22 07:00:00,50,68414102;68420809;68411293
2026-03-22 08:00:00,56,68410879;68412643;68413608
2026-03-22 09:00:00,79,68412217;68414996;68415387
2026-03-22 10:00:00,64,68411292;68412766;68415397
2026-03-22 11:00:00,57,68412587;68414020;68414125
2026-03-22 12:00:00,75,68418152;68414120;68415437
2026-03-22 13:00:00,75,68417951;68419118;68417752
2026-03-22 14:00:00,76,68415398;68420762;68420800
2026-03-22 15:00:00,118,68418119;68411290;68420942
2026-03-22 16:00:00,109,68420854;68411370;68414116
2026-03-22 17:00:00,116,68416852;68414057;68412769
2026-03-22 18:00:00,118,68419612;68420908;68412765
2026-03-22 19:00:00,132,68418097;68411110;68419589
2026-03-22 20:00:00,127,68420920;68412647;68419530
2026-03-22 21:00:00,158,68412196;68418116;68418255
2026-03-22 22:00:00,150,68421466;68418167;68410898
2026-03-22 23:00:00,121,68415370;68416701;68411968
2026-03-23 00:00:00,103,68412582;68418822;68418823
2026-03-23 01:00:00,76,68418159;68419607;68411939
2026-03-23 02:00:00,41,68413347;68417448;68417444
2026-03-23 03:00:00,44,68428373;68428356;68425314
2026-03-23 04:00:00,24,68426927;68432808;68428297
2026-03-23 05:00:00,24,68422346;68432883;68426930
2026-03-23 06:00:00,31,68422294;68426847;68429876
2026-03-23 07:00:00,40,68425143;68423843;68424855
2026-03-23 08:00:00,38,68430852;68426343;68428309
2026-03-23 09:00:00,34,68430840;68423596;68428370
2026-03-23 10:00:00,25,68431409;68426845;68421749
2026-03-23 11:00:00,43,68432796;68426327;68429329
2026-03-23 12:00:00,47,68426350;68425402;68431376
2026-03-23 13:00:00,36,68425397;68422281;68431295
2026-03-23 14:00:00,35,68428285;68423312;68432851
2026-03-23 15:00:00,41,68431319;68431344;68426324
2026-03-23 16:00:00,55,68422267;68428289;68423007
2026-03-23 17:00:00,70,68425391;68422250;68428357
2026-03-23 18:00:00,69,68431317;68422050;68432843
2026-03-23 19:00:00,71,68422334;68423860;68432864
2026-03-23 20:00:00,88,68424560;68432841;68423809
2026-03-23 21:00:00,96,68426358;68429822;68427837
2026-03-23 22:00:00,123,68432337;68432884;68422258
2026-03-23 23:00:00,127,68432029;68428354;68428362
2026-03-24 00:00:00,101,68439908;68426629;68432862
2026-03-24 01:00:00,59,68435268;68423013;68424556
2026-03-24 02:00:00,52,68427537;68429019;68430470
2026-03-24 03:00:00,35,68435729;68438902;68445132
2026-03-24 04:00:00,21,68434319;68438966;68445158
2026-03-24 05:00:00,30,68442014;68440504;68443337
2026-03-24 06:00:00,29,68434240;68442015;68443553
2026-03-24 07:00:00,31,68435784;68435547;68443054
2026-03-24 08:00:00,33,68437401;68443611;68442053
2026-03-24 09:00:00,38,68443560;68437365;68433768
2026-03-24 10:00:00,36,68433744;68443654;68445170
2026-03-24 11:00:00,52,68439916;68443060;68438933
2026-03-24 12:00:00,42,68438960;68435831;68443568
2026-03-24 13:00:00,57,68435781;68438913;68434304
2026-03-24 14:00:00,74,68438900;68445169;68444275
2026-03-24 15:00:00,62,68441509;68434287;68437393
2026-03-24 16:00:00,44,68435285;68442069;68440496
2026-03-24 17:00:00,63,68439905;68443655;68438369
2026-03-24 18:00:00,74,68445114;68434230;68434328
2026-03-24 19:00:00,98,68434280;68434270;68434283
2026-03-24 20:00:00,103,68440425;68443588;68437394
2026-03-24 21:00:00,128,68443585;68434958;68435757
2026-03-24 22:00:00,128,68433778;68442697;68443540
2026-03-24 23:00:00,106,68445088;68445162;68437397
2026-03-25 00:00:00,89,68434256;68438031;68437349
2026-03-25 01:00:00,75,68441151;68440471;68443629
2026-03-25 02:00:00,56,68437973;68441147;68436416
2026-03-25 03:00:00,29,68446125;68456459;68450924
2026-03-25 04:00:00,40,68455304;68456688;68455275
2026-03-25 05:00:00,19,68453814;68455274;68447962
2026-03-25 06:00:00,54,68456205;68449474;68446603
2026-03-25 07:00:00,71,68448020;68450392;68451464
2026-03-25 08:00:00,30,68456745;68453699;68454743
2026-03-25 09:00:00,41,68454742;68449492;68453730
2026-03-25 10:00:00,47,68454741;68453521;68446594
2026-03-25 11:00:00,48,68456736;68456761;68453235
2026-03-25 12:00:00,41,68455310;68455277;68453714
2026-03-25 13:00:00,36,68448029;68450854;68446639
2026-03-25 14:00:00,50,68447555;68456678;68452297
2026-03-25 15:00:00,51,68453728;68452262;68456716
2026-03-25 16:00:00,49,68452250;68448027;68447572
2026-03-25 17:00:00,61,68451821;68455249;68455305
2026-03-25 18:00:00,59,68450916;68451808;68450845
2026-03-25 19:00:00,80,68453264;68456197;68456203
2026-03-25 20:00:00,68,68456730;68455240;68446648
2026-03-25 21:00:00,119,68447560;68446635;68447794
2026-03-25 22:00:00,150,68456721;68453710;68449509
2026-03-25 23:00:00,130,68456199;68451814;68455865
2026-03-26 00:00:00,90,68465283;68456738;68456662
2026-03-26 01:00:00,47,68465279;68448627;68447209
2026-03-26 02:00:00,31,68451452;68450088;68455866
2026-03-26 03:00:00,28,68459580;68465777;68468891
2026-03-26 04:00:00,19,68459612;68459608;68464320
2026-03-26 05:00:00,48,68462818;68468818;68464346
2026-03-26 06:00:00,36,68465752;68462830;68463799
2026-03-26 07:00:00,36,68461323;68468272;68458218
2026-03-26 08:00:00,48,68461133;68463771;68461177
2026-03-26 09:00:00,43,68460616;68461255;68464430
2026-03-26 10:00:00,38,68458141;68465890;68467319
2026-03-26 11:00:00,60,68465767;68461209;68462811
2026-03-26 12:00:00,72,68465874;68461271;68461135
2026-03-26 13:00:00,53,68458255;68459690;68459689
2026-03-26 14:00:00,51,68457896;68458113;68467354
2026-03-26 15:00:00,72,68465837;68458145;68467064
2026-03-26 16:00:00,83,68465292;68461143;68459675
2026-03-26 17:00:00,102,68462883;68467237;68459566
2026-03-26 18:00:00,108,68462789;68467275;68461256
2026-03-26 19:00:00,121,68468586;68457869;68459650
2026-03-26 20:00:00,149,68459683;68468574;68460287
2026-03-26 21:00:00,193,68466746;68459654;68464282
2026-03-26 22:00:00,261,68460642;68458061;68464415
2026-03-26 23:00:00,187,68465772;68461288;68462755
2026-03-27 00:00:00,166,68466376;68466379;68467917
2026-03-27 01:00:00,83,68467343;68458135;68473971
2026-03-27 02:00:00,53,68463456;68467921;68464932
2026-03-27 03:00:00,30,68474437;68475860;68475885
2026-03-27 04:00:00,35,68475876;68473025;68477359
2026-03-27 05:00:00,25,68473003;68473034;68473127
2026-03-27 06:00:00,34,68471680;68474431;68480085
2026-03-27 07:00:00,25,68474503;68470305;68478715
2026-03-27 08:00:00,42,68473121;68474225;68470220
2026-03-27 09:00:00,34,68471149;68478277;68470208
2026-03-27 10:00:00,37,68471148;68480188;68476781
2026-03-27 11:00:00,45,68480090;68473088;68469807
2026-03-27 12:00:00,27,68473016;68475869;68470254
2026-03-27 13:00:00,34,68473024;68475896;68480193
2026-03-27 14:00:00,58,68471625;68470334;68470224
2026-03-27 15:00:00,48,68470328;68471581;68473084
2026-03-27 16:00:00,56,68470214;68477255;68471601
2026-03-27 17:00:00,46,68474567;68478772;68474561
2026-03-27 18:00:00,72,68469810;68475894;68471647
2026-03-27 19:00:00,93,68475657;68480190;68474509
2026-03-27 20:00:00,102,68474474;68476003;68474424
2026-03-27 21:00:00,118,68474512;68477265;68480170
2026-03-27 22:00:00,222,68475452;68470219;68474399
2026-03-27 23:00:00,247,68471639;68471662;68474571
2026-03-28 00:00:00,182,68477217;68475092;68477364
2026-03-28 01:00:00,107,68471635;68474421;68475091
2026-03-28 02:00:00,108,68479352;68477990;68482275
2026-03-28 03:00:00,61,68486060;68490330;68481611
2026-03-28 04:00:00,43,68486058;68482761;68481439
2026-03-28 05:00:00,44,68482746;68490374;68483947
2026-03-28 06:00:00,19,68481461;68489871;68485233
2026-03-28 07:00:00,42,68487278;68487764;68486491
2026-03-28 08:00:00,76,68490294;68487667;68484762
2026-03-28 09:00:00,78,68483509;68482635;68482261
2026-03-28 10:00:00,64,68489863;68489121;68483505
2026-03-28 11:00:00,77,68486042;68489879;68486527
2026-03-28 12:00:00,63,68489053;68482029;68485249
2026-03-28 13:00:00,66,68486557;68485324;68484023
2026-03-28 14:00:00,79,68490461;68485181;68482807
2026-03-28 15:00:00,78,68485276;68489077;68485223
2026-03-28 16:00:00,74,68488922;68485287;68481596
2026-03-28 17:00:00,88,68486487;68484774;68485207
2026-03-28 18:00:00,89,68488946;68490232;68486442
2026-03-28 19:00:00,105,68490328;68487762;68483842
2026-03-28 20:00:00,157,68482684;68481055;68486593
2026-03-28 21:00:00,185,68489056;68486612;68488289
2026-03-28 22:00:00,253,68485191;68487604;68484026
2026-03-28 23:00:00,329,68482815;68486565;68483847
2026-03-29 00:00:00,260,68497185;68487738;68490357
2026-03-29 01:00:00,187,68494734;68482071;68485246
2026-03-29 02:00:00,124,68483271;68487015;68490907
2026-03-29 03:00:00,97,68497617;68499965;68498760
2026-03-29 04:00:00,79,68495085;68499938;68493913
2026-03-29 05:00:00,43,68493973;68492838;68496339
2026-03-29 06:00:00,32,68493867;68496333;68491327
2026-03-29 07:00:00,38,68491574;68494043;68491487
2026-03-29 08:00:00,52,68494754;68497626;68498724
2026-03-29 09:00:00,58,68494736;68492318;68497181
2026-03-29 10:00:00,67,68496355;68492317;68495925
2026-03-29 11:00:00,60,68493509;68491127;68491109
2026-03-29 12:00:00,66,68498859;68492706;68491126
2026-03-29 13:00:00,91,68496459;68493929;68491440
2026-03-29 14:00:00,66,68497575;68493942;68499915
2026-03-29 15:00:00,97,68496347;68497588;68493911
2026-03-29 16:00:00,95,68497515;68498776;68496494
2026-03-29 17:00:00,105,68498740;68495128;68496295
2026-03-29 18:00:00,107,68497569;68492742;68495189
2026-03-29 19:00:00,114,68497488;68499920;68500515
2026-03-29 20:00:00,165,68492008;68493983;68496303
2026-03-29 21:00:00,188,68500484;68493876;68495241
2026-03-29 22:00:00,240,68497487;68496415;68499288
2026-03-29 23:00:00,225,68495916;68494034;68493954
2026-03-30 00:00:00,136,68498105;68495272;68492776
2026-03-30 01:00:00,87,68499929;68494497;68495687
2026-03-30 02:00:00,33,68492020;68495656;68498114
2026-03-30 03:00:00,32,68502721;68501327;68505836
2026-03-30 04:00:00,26,68512062;68502248;68512219
2026-03-30 05:00:00,21,68511629;68508527;68505767
2026-03-30 06:00:00,33,68508996;68508976;68507407
2026-03-30 07:00:00,37,68505316;68501056;68505781
2026-03-30 08:00:00,45,68505805;68506913;68506914
2026-03-30 09:00:00,50,68510081;68510646;68510640
2026-03-30 10:00:00,42,68504235;68505881;68503769
2026-03-30 11:00:00,37,68507449;68505882;68511261
2026-03-30 12:00:00,31,68507422;68502715;68508955
2026-03-30 13:00:00,47,68512146;68509096;68510541
2026-03-30 14:00:00,55,68503416;68510538;68512150
2026-03-30 15:00:00,67,68510652;68512214;68507430
2026-03-30 16:00:00,64,68508972;68502747;68501267
2026-03-30 17:00:00,72,68503755;68501257;68504301
2026-03-30 18:00:00,99,68512125;68502724;68512169
2026-03-30 19:00:00,115,68510509;68506522;68512182
2026-03-30 20:00:00,122,68504214;68505845;68512077
2026-03-30 21:00:00,172,68507358;68507393;68502791
2026-03-30 22:00:00,225,68500768;68508969;68512074
2026-03-30 23:00:00,183,68501289;68501307;68505818
2026-03-31 00:00:00,147,68505872;68512791;68512164
2026-03-31 01:00:00,72,68504932;68512114;68504926
2026-03-31 02:00:00,34,68512806;68514701;68520068
2026-03-31 03:00:00,36,68521283;68524172;68516759
2026-03-31 04:00:00,38,68520052;68515249;68523101
2026-03-31 05:00:00,24,68524842;68516803;68516867
2026-03-31 06:00:00,41,68513192;68523135;68516839
2026-03-31 07:00:00,40,68515173;68523121;68520992
2026-03-31 08:00:00,52,68524187;68518524;68523141
2026-03-31 09:00:00,45,68524704;68513654;68520027
2026-03-31 10:00:00,44,68513652;68516809;68514696
2026-03-31 11:00:00,49,68513650;68516796;68519962
2026-03-31 12:00:00,41,68521296;68522654;68523087
2026-03-31 13:00:00,51,68521668;68513662;68516854
2026-03-31 14:00:00,57,68523275;68518409;68516787
2026-03-31 15:00:00,45,68515903;68518469;68523150
2026-03-31 16:00:00,84,68521659;68521521;68518420
2026-03-31 17:00:00,67,68521514;68513728;68518391
2026-03-31 18:00:00,113,68514999;68515318;68519992
2026-03-31 19:00:00,141,68523231;68520030;68520087
2026-03-31 20:00:00,204,68516304;68524794;68524792
2026-03-31 21:00:00,213,68525399;68523287;68520103
2026-03-31 22:00:00,272,68513188;68523791;68516905
2026-03-31 23:00:00,219,68521603;68518157;68514971
2026-04-01 00:00:00,159,68520109;68515904;68521502
2026-04-01 01:00:00,121,68525404;68516813;68523167
2026-04-01 02:00:00,71,68530553;68526363;68534973
2026-04-01 03:00:00,27,68536442;68536161;68531740
2026-04-01 04:00:00,24,68530624;68531948;68527746
2026-04-01 05:00:00,26,68536398;68536370;68527833
2026-04-01 06:00:00,47,68525768;68534938;68529135
2026-04-01 07:00:00,43,68531488;68531987;68527724
2026-04-01 08:00:00,58,68534454;68525766;68527223
2026-04-01 09:00:00,49,68528677;68530336;68536366
2026-04-01 10:00:00,47,68530099;68525776;68530363
2026-04-01 11:00:00,43,68534692;68528671;68527249
2026-04-01 12:00:00,42,68535018;68526065;68533513
2026-04-01 13:00:00,39,68529713;68532573;68529714
2026-04-01 14:00:00,39,68531959;68529239;68529217
2026-04-01 15:00:00,58,68528679;68530530;68526244
2026-04-01 16:00:00,77,68530100;68536361;68526878
2026-04-01 17:00:00,68,68527784;68527750;68535004
2026-04-01 18:00:00,90,68533192;68529122;68532033
2026-04-01 19:00:00,105,68530658;68527709;68534888
2026-04-01 20:00:00,119,68535012;68530085;68532589
2026-04-01 21:00:00,139,68532927;68526241;68533475
2026-04-01 22:00:00,199,68533472;68534911;68529709
2026-04-01 23:00:00,143,68535875;68532001;68534892
2026-04-02 00:00:00,106,68528310;68536988;68531996
2026-04-02 01:00:00,67,68527482;68542481;68526893
2026-04-02 02:00:00,41,68541602;68541570;68541563
2026-04-02 03:00:00,23,68540336;68542669;68544077
2026-04-02 04:00:00,24,68539120;68540314;68539084
2026-04-02 05:00:00,23,68541634;68542836;68540320
2026-04-02 06:00:00,26,68541594;68546749;68539022
2026-04-02 07:00:00,42,68541210;68537698;68541598
2026-04-02 08:00:00,33,68542817;68539041;68537552
2026-04-02 09:00:00,38,68539102;68540276;68545843
2026-04-02 10:00:00,49,68537313;68540371;68545250
2026-04-02 11:00:00,33,68546340;68546781;68540397
2026-04-02 12:00:00,56,68539012;68546761;68539020
2026-04-02 13:00:00,63,68542672;68544132;68546753
2026-04-02 14:00:00,47,68546752;68541641;68546799
2026-04-02 15:00:00,43,68541666;68545498;68544094
2026-04-02 16:00:00,37,68542492;68541625;68545035
2026-04-02 17:00:00,53,68544162;68541566;68545518
2026-04-02 18:00:00,44,68542689;68546754;68540361
2026-04-02 19:00:00,71,68537749;68540356;68539047
2026-04-02 20:00:00,79,68537705;68545508;68540351
2026-04-02 21:00:00,128,68542892;68546776;68537791
2026-04-02 22:00:00,139,68537319;68539023;68546737
2026-04-02 23:00:00,123,68538846;68541604;68538350
2026-04-03 00:00:00,84,68546786;68544136;68545441
2026-04-03 01:00:00,75,68547363;68543438;68555512
2026-04-03 02:00:00,41,68550821;68551984;68548092
2026-04-03 03:00:00,25,68557322;68554623;68550668
2026-04-03 04:00:00,23,68548112;68554620;68549427
2026-04-03 05:00:00,34,68551967;68557053;68551797
2026-04-03 06:00:00,26,68554232;68557309;68553257
2026-04-03 07:00:00,27,68549439;68554708;68553375
2026-04-03 08:00:00,51,68555518;68557264;68548075
2026-04-03 09:00:00,50,68547672;68553290;68555890
2026-04-03 10:00:00,34,68548060;68557317;68556857
2026-04-03 11:00:00,53,68555961;68550661;68549009
2026-04-03 12:00:00,39,68549512;68554732;68548067
2026-04-03 13:00:00,39,68550673;68553306;68554237
2026-04-03 14:00:00,59,68553902;68557283;68557394
2026-04-03 15:00:00,84,68548045;68557250;68554604
2026-04-03 16:00:00,91,68556066;68549385;68553400
2026-04-03 17:00:00,85,68557332;68557429;68552014
2026-04-03 18:00:00,77,68556022;68557279;68556072
2026-04-03 19:00:00,164,68554765;68556083;68553399
2026-04-03 20:00:00,139,68554739;68550050;68553421
2026-04-03 21:00:00,151,68548201;68549399;68549481
2026-04-03 22:00:00,239,68554752;68551955;68551979
2026-04-03 23:00:00,302,68550778;68554443;68551956
2026-04-04 00:00:00,280,68562552;68548723;68549469
2026-04-04 01:00:00,214,68557390;68550049;68555219
2026-04-04 02:00:00,151,68565258;68565277;68566232
2026-04-04 03:00:00,96,68559298;68566182;68565241
2026-04-04 04:00:00,57,68559579;68564112;68566683
2026-04-04 05:00:00,32,68563045;68559778;68561931
2026-04-04 06:00:00,33,68565274;68559682;68559296
2026-04-04 07:00:00,40,68563569;68561810;68558714
2026-04-04 08:00:00,46,68560878;68560710;68563036
2026-04-04 09:00:00,65,68560379;68560561;68560358
2026-04-04 10:00:00,68,68566271;68562977;68558682
2026-04-04 11:00:00,58,68564726;68565086;68558580
2026-04-04 12:00:00,67,68564105;68566236;68565222
2026-04-04 13:00:00,75,68565843;68559283;68558543
2026-04-04 14:00:00,83,68565826;68558550;68565845
2026-04-04 15:00:00,99,68564069;68565265;68566169
2026-04-04 16:00:00,98,68566664;68564095;68563013
2026-04-04 17:00:00,66,68561928;68565045;68565823
2026-04-04 18:00:00,103,68561209;68566194;68560896
2026-04-04 19:00:00,112,68560791;68565184;68560824
2026-04-04 20:00:00,126,68561831;68563968;68565111
2026-04-04 21:00:00,183,68558686;68566229;68562540
2026-04-04 22:00:00,237,68560815;68561944;68560759
2026-04-04 23:00:00,272,68563577;68564439;68559659
2026-04-05 00:00:00,270,68563905;68564108;68560160
2026-04-05 01:00:00,151,68572505;68569704;68560151
2026-04-05 02:00:00,123,68566690;68563304;68559018
2026-04-05 03:00:00,82,68569151;68571819;68572855
2026-04-05 04:00:00,44,68573551;68573731;68571970
2026-04-05 05:00:00,47,68568267;68567280;68573758
2026-04-05 06:00:00,29,68568213;68570888;68571882
2026-04-05 07:00:00,34,68569697;68570086;68567322
2026-04-05 08:00:00,33,68569159;68571824;68567835
2026-04-05 09:00:00,71,68571930;68571971;68568176
2026-04-05 10:00:00,63,68571870;68571827;68568160
2026-04-05 11:00:00,49,68569526;68569113;68569108
2026-04-05 12:00:00,54,68571026;68569185;68573672
2026-04-05 13:00:00,46,68572795;68573754;68572493
2026-04-05 14:00:00,69,68573692;68570590;68567312
2026-04-05 15:00:00,52,68572298;68568204;68571956
2026-04-05 16:00:00,59,68569198;68571826;68570871
2026-04-05 17:00:00,81,68570077;68571979;68573806
2026-04-05 18:00:00,102,68569105;68567843;68570084
2026-04-05 19:00:00,101,68571914;68567326;68570913
2026-04-05 20:00:00,120,68571798;68569998;68569692
2026-04-05 21:00:00,140,68568952;68569997;68571894
2026-04-05 22:00:00,183,68569529;68568604;68568599
2026-04-05 23:00:00,116,68571837;68570399;68572311
2026-04-06 00:00:00,120,68571976;68572293;68572302
2026-04-06 01:00:00,66,68569517;68573767;68574128
2026-04-06 02:00:00,45,68579963;68571360;68571346
2026-04-06 03:00:00,37,68580452;68576185;68582881
2026-04-06 04:00:00,21,68583326;68574813;68583325
2026-04-06 05:00:00,16,68584325;68582889;68580418
2026-04-06 06:00:00,26,68579026;68578957;68584748
2026-04-06 07:00:00,18,68579976;68574335;68583348
2026-04-06 08:00:00,23,68584321;68574554;68578924
2026-04-06 09:00:00,47,68581814;68580169;68574770
2026-04-06 10:00:00,36,68576169;68574757;68583364
2026-04-06 11:00:00,39,68575728;68580171;68576793
2026-04-06 12:00:00,46,68578934;68576167;68577633
2026-04-06 13:00:00,67,68575922;68580359;68582561
2026-04-06 14:00:00,56,68580393;68578242;68577602
2026-04-06 15:00:00,68,68580460;68584782;68579008
2026-04-06 16:00:00,75,68577365;68576802;68581881
2026-04-06 17:00:00,78,68574724;68576187;68574761
2026-04-06 18:00:00,87,68580163;68574750;68581926
2026-04-06 19:00:00,88,68574719;68580380;68583287
2026-04-06 20:00:00,105,68582573;68584715;68581121
2026-04-06 21:00:00,131,68583337;68581841;68574792
2026-04-06 22:00:00,113,68581641;68580410;68578981
2026-04-06 23:00:00,127,68578970;68584726;68578251
2026-04-07 00:00:00,98,68576093;68580406;68580408
2026-04-07 01:00:00,76,68578260;68575446;68591351
2026-04-07 02:00:00,42,68584017;68579613;68576825
2026-04-07 03:00:00,35,68586254;68587522;68589025
2026-04-07 04:00:00,27,68586164;68593228;68594503
2026-04-07 05:00:00,22,68591793;68586244;68595980
2026-04-07 06:00:00,28,68586231;68595956;68593219
2026-04-07 07:00:00,34,68591802;68593216;68593160
2026-04-07 08:00:00,51,68587606;68591361;68595916
2026-04-07 09:00:00,47,68592728;68587348;68591551
2026-04-07 10:00:00,44,68594512;68592733;68589408
2026-04-07 11:00:00,69,68595515;68596004;68592730
2026-04-07 12:00:00,55,68589926;68589618;68590363
2026-04-07 13:00:00,47,68590336;68587565;68586186
2026-04-07 14:00:00,55,68587520;68586238;68593205
2026-04-07 15:00:00,60,68591805;68594566;68594085
2026-04-07 16:00:00,47,68595931;68587518;68585995
2026-04-07 17:00:00,66,68587614;68590328;68586277
2026-04-07 18:00:00,66,68595914;68595902;68595906
2026-04-07 19:00:00,84,68587621;68586183;68593232
2026-04-07 20:00:00,60,68594490;68594587;68589036
2026-04-07 21:00:00,84,68588950;68594586;68595941
2026-04-07 22:00:00,127,68589039;68591788;68595945
2026-04-07 23:00:00,97,68591721;68591796;68593213
2026-04-08 00:00:00,86,68606205;68590372;68593156
2026-04-08 01:00:00,65,68587537;68590378;68590375
2026-04-08 02:00:00,42,68605238;68596886;68601143
2026-04-08 03:00:00,42,68605223;68602244;68601298
2026-04-08 04:00:00,26,68599320;68600085;68601138
2026-04-08 05:00:00,49,68604881;68603946;68602623
2026-04-08 06:00:00,27,68606384;68601365;68601319
2026-04-08 07:00:00,25,68600665;68606620;68605182
2026-04-08 08:00:00,42,68596868;68597257;68603890
2026-04-08 09:00:00,31,68606574;68599598;68597321
2026-04-08 10:00:00,61,68603574;68603573;68598247
2026-04-08 11:00:00,45,68603931;68605216;68603889
2026-04-08 12:00:00,46,68606208;68606666;68603988
2026-04-08 13:00:00,41,68597324;68605205;68597317
2026-04-08 14:00:00,47,68600664;68599952;68605212
2026-04-08 15:00:00,47,68601383;68597342;68601315
2026-04-08 16:00:00,50,68602697;68600096;68598762
2026-04-08 17:00:00,60,68600098;68597273;68597331
2026-04-08 18:00:00,59,68597296;68599325;68599319
2026-04-08 19:00:00,77,68600051;68598649;68603953
2026-04-08 20:00:00,84,68600061;68600962;68597325
2026-04-08 21:00:00,111,68603908;68602672;68601353
2026-04-08 22:00:00,139,68605270;68599986;68607243
2026-04-08 23:00:00,157,68601355;68597948;68605297
2026-04-09 00:00:00,124,68601286;68604585;68602602
2026-04-09 01:00:00,55,68607247;68601292;68598672
2026-04-09 02:00:00,40,68610159;68603313;68605894
2026-04-09 03:00:00,31,68607535;68611893;68611972
2026-04-09 04:00:00,23,68614565;68607973;68614522
2026-04-09 05:00:00,31,68615668;68614145;68609229
2026-04-09 06:00:00,28,68615886;68616773;68611960
2026-04-09 07:00:00,33,68617191;68610575;68610574
2026-04-09 08:00:00,38,68615644;68616805;68617001
2026-04-09 09:00:00,48,68614535;68615907;68610564
2026-04-09 10:00:00,35,68614516;68611867;68607527
2026-04-09 11:00:00,56,68615916;68607526;68611889
2026-04-09 12:00:00,48,68611497;68614600;68610599
2026-04-09 13:00:00,58,68608006;68613275;68616792
2026-04-09 14:00:00,67,68615929;68607967;68610547
2026-04-09 15:00:00,72,68614124;68616769;68612495
2026-04-09 16:00:00,48,68616488;68611838;68610615
2026-04-09 17:00:00,67,68611929;68617201;68613218
2026-04-09 18:00:00,57,68610359;68608015;68609883
2026-04-09 19:00:00,71,68610627;68613180;68613227
2026-04-09 20:00:00,104,68617205;68614563;68607935
2026-04-09 21:00:00,122,68612800;68607999;68613254
2026-04-09 22:00:00,201,68610625;68610639;68617225
2026-04-09 23:00:00,125,68614581;68615646;68610572
2026-04-10 00:00:00,131,68612504;68609251;68615815
2026-04-10 01:00:00,64,68613871;68608599;68609891
2026-04-10 02:00:00,54,68626000;68621193;68627461
2026-04-10 03:00:00,36,68623629;68626353;68622487
2026-04-10 04:00:00,23,68622509;68622493;68623901
2026-04-10 05:00:00,17,68625099;68625098;68621303
2026-04-10 06:00:00,24,68618557;68626207;68618603
2026-04-10 07:00:00,26,68618107;68623388;68622059
2026-04-10 08:00:00,68,68619423;68627250;68625981
2026-04-10 09:00:00,47,68622076;68627641;68627612
2026-04-10 10:00:00,59,68620448;68624941;68619887
2026-04-10 11:00:00,57,68621304;68619438;68618324
2026-04-10 12:00:00,42,68628217;68628219;68623798
2026-04-10 13:00:00,62,68628222;68619839;68622060
2026-04-10 14:00:00,106,68625143;68626344;68622586
2026-04-10 15:00:00,108,68621196;68623816;68619879
2026-04-10 16:00:00,58,68627751;68618132;68623424
2026-04-10 17:00:00,80,68621300;68627773;68621288
2026-04-10 18:00:00,91,68627723;68619836;68618621
2026-04-10 19:00:00,103,68628231;68619937;68622490
2026-04-10 20:00:00,113,68626401;68623826;68618347
2026-04-10 21:00:00,136,68624405;68618141;68619901
2026-04-10 22:00:00,210,68627607;68627685;68627655
2026-04-10 23:00:00,267,68626934;68618606;68622581
2026-04-11 00:00:00,229,68624408;68618671;68628213
2026-04-11 01:00:00,159,68624421;68622560;68621753
2026-04-11 02:00:00,105,68629004;68630380;68635971
2026-04-11 03:00:00,67,68630108;68632668;68629168
2026-04-11 04:00:00,37,68637577;68632826;68632385
2026-04-11 05:00:00,32,68636478;68632727;68634033
2026-04-11 06:00:00,17,68628765;68637529;68632626
2026-04-11 07:00:00,34,68637662;68629026;68632714
2026-04-11 08:00:00,52,68632822;68629768;68631562
2026-04-11 09:00:00,82,68635983;68633800;68629083
2026-04-11 10:00:00,64,68631134;68631477;68632569
2026-04-11 11:00:00,60,68635672;68634912;68636388
2026-04-11 12:00:00,72,68631496;68630323;68636464
2026-04-11 13:00:00,73,68636384;68637178;68629066
2026-04-11 14:00:00,99,68632650;68629759;68635319
2026-04-11 15:00:00,102,68636550;68632805;68632793
2026-04-11 16:00:00,102,68634059;68637651;68637731
2026-04-11 17:00:00,129,68629506;68628757;68636392
2026-04-11 18:00:00,154,68632791;68636370;68632641
2026-04-11 19:00:00,188,68635235;68632815;68637659
2026-04-11 20:00:00,252,68636406;68632753;68635064
2026-04-11 21:00:00,261,68630137;68635258;68632743
2026-04-11 22:00:00,381,68629013;68637528;68629075
2026-04-11 23:00:00,394,68633895;68630201;68630106
2026-04-12 00:00:00,383,68635269;68629086;68635227
2026-04-12 01:00:00,196,68633188;68634085;68632520
2026-04-12 02:00:00,192,68631939;68634462;68630685
2026-04-12 03:00:00,93,68639508;68638786;68646821
2026-04-12 04:00:00,104,68639873;68647019;68641249
2026-04-12 05:00:00,44,68638904;68646900;68644666
2026-04-12 06:00:00,37,68646741;68643379;68644645
2026-04-12 07:00:00,23,68644691;68641000;68645782
2026-04-12 08:00:00,38,68645398;68641250;68638700
2026-04-12 09:00:00,47,68641033;68642308;68643434
2026-04-12 10:00:00,63,68641067;68643015;68641867
2026-04-12 11:00:00,62,68643028;68640876;68638718
2026-04-12 12:00:00,75,68639822;68639907;68641048
2026-04-12 13:00:00,85,68645829;68641204;68638711
2026-04-12 14:00:00,99,68645809;68644620;68644573
2026-04-12 15:00:00,100,68643429;68641064;68647002
2026-04-12 16:00:00,83,68645861;68644585;68644713
2026-04-12 17:00:00,102,68644599;68644807;68644782
2026-04-12 18:00:00,117,68643578;68647018;68644004
2026-04-12 19:00:00,170,68645150;68646271;68644616
2026-04-12 20:00:00,194,68642220;68642385;68643467
2026-04-12 21:00:00,183,68639956;68643579;68642229
2026-04-12 22:00:00,272,68647011;68644719;68638714
2026-04-12 23:00:00,209,68646298;68642375;68642796
2026-04-13 00:00:00,145,68642349;68639260;68638848
2026-04-13 01:00:00,83,68641612;68643589;68645776
2026-04-13 02:00:00,86,68647387;68652650;68658613
2026-04-13 03:00:00,68,68655591;68658670;68657131
2026-04-13 04:00:00,31,68648075;68656575;68651153
2026-04-13 05:00:00,16,68652488;68654033;68652524
2026-04-13 06:00:00,25,68649516;68648038;68658569
2026-04-13 07:00:00,35,68649549;68649561;68657022
2026-04-13 08:00:00,43,68651058;68657006;68657089
2026-04-13 09:00:00,38,68649153;68650861;68649574
2026-04-13 10:00:00,46,68656551;68651073;68656572
2026-04-13 11:00:00,50,68655491;68657053;68651050
2026-04-13 12:00:00,57,68654646;68654006;68653203
2026-04-13 13:00:00,44,68649126;68655484;68658567
2026-04-13 14:00:00,56,68647618;68655534;68655527
2026-04-13 15:00:00,59,68658117;68650590;68649603
2026-04-13 16:00:00,51,68651051;68651076;68658666
2026-04-13 17:00:00,76,68648119;68658593;68655320
2026-04-13 18:00:00,118,68654022;68651082;68651081
2026-04-13 19:00:00,130,68658555;68653238;68651112
2026-04-13 20:00:00,171,68651660;68650610;68652536
2026-04-13 21:00:00,205,68657720;68654016;68657080
2026-04-13 22:00:00,222,68658135;68653992;68648168
2026-04-13 23:00:00,242,68655040;68658588;68648043
2026-04-14 00:00:00,128,68648154;68652622;68650202
2026-04-14 01:00:00,94,68650235;68659270;68659653
2026-04-14 02:00:00,45,68654664;68659267;68648772
2026-04-14 03:00:00,45,68664980;68661981;68671558
2026-04-14 04:00:00,27,68667956;68671546;68671134
2026-04-14 05:00:00,27,68669974;68660118;68665214
2026-04-14 06:00:00,42,68664945;68663351;68665219
2026-04-14 07:00:00,38,68662911;68661715;68666129
2026-04-14 08:00:00,40,68671292;68665172;68671296
2026-04-14 09:00:00,58,68664740;68664511;68661745
2026-04-14 10:00:00,42,68664131;68671279;68668361
2026-04-14 11:00:00,114,68662881;68661516;68664479
2026-04-14 12:00:00,144,68668147;68665131;68668236
2026-04-14 13:00:00,143,68661852;68660182;68666589
2026-04-14 14:00:00,156,68665229;68668318;68668244
2026-04-14 15:00:00,149,68669906;68671447;68669893
2026-04-14 16:00:00,184,68668291;68666133;68660130
2026-04-14 17:00:00,191,68661977;68663387;68660185
2026-04-14 18:00:00,241,68665188;68666550;68671428
2026-04-14 19:00:00,277,68666674;68665059;68661964
2026-04-14 20:00:00,211,68668365;68668420;68660191
2026-04-14 21:00:00,215,68666803;68666738;68665171
2026-04-14 22:00:00,237,68668383;68662007;68665189
2026-04-14 23:00:00,193,68662901;68660313;68666748
2026-04-15 00:00:00,150,68670484;68660255;68671449
2026-04-15 01:00:00,118,68668326;68660875;68665763
2026-04-15 02:00:00,65,68670480;68665762;68667302
2026-04-15 03:00:00,51,68673165;68681818;68673144
2026-04-15 04:00:00,28,68682987;68681523;68675542
2026-04-15 05:00:00,28,68674025;68683488;68677596
2026-04-15 06:00:00,47,68672505;68678955;68678483
2026-04-15 07:00:00,39,68673010;68681816;68681527
2026-04-15 08:00:00,42,68682994;68676114;68680470
2026-04-15 09:00:00,46,68678767;68679643;68681532
2026-04-15 10:00:00,70,68683439;68683456;68675133
2026-04-15 11:00:00,147,68683474;68675942;68680513
2026-04-15 12:00:00,114,68676016;68682045;68676620
2026-04-15 13:00:00,38,68676013;68677619;68677543
2026-04-15 14:00:00,35,68683241;68676118;68673163
2026-04-15 15:00:00,53,68676021;68673046;68679065
2026-04-15 16:00:00,58,68676058;68673161;68674607
2026-04-15 17:00:00,75,68677459;68681983;68673120
2026-04-15 18:00:00,95,68676120;68673039;68672975
2026-04-15 19:00:00,126,68677453;68679041;68681505
2026-04-15 20:00:00,182,68672510;68680476;68675952
2026-04-15 21:00:00,253,68676990;68683601;68674613
2026-04-15 22:00:00,246,68683542;68677503;68673043
2026-04-15 23:00:00,155,68674564;68680628;68676008
2026-04-16 00:00:00,141,68690441;68676009;68683429
2026-04-16 01:00:00,107,68675159;68673652;68675135
2026-04-16 02:00:00,72,68690993;68686502;68688070
2026-04-16 03:00:00,36,68685084;68695321;68686596
2026-04-16 04:00:00,27,68695342;68695266;68685020
2026-04-16 05:00:00,24,68694818;68684931;68692546
2026-04-16 06:00:00,39,68691894;68687969;68689521
2026-04-16 07:00:00,39,68684455;68690711;68686450
2026-04-16 08:00:00,46,68693603;68691032;68695273
2026-04-16 09:00:00,46,68684767;68690954;68692398
2026-04-16 10:00:00,39,68688147;68686490;68695270
2026-04-16 11:00:00,41,68692408;68691876;68695426
2026-04-16 12:00:00,49,68694816;68694802;68693355
2026-04-16 13:00:00,46,68689559;68691860;68686821
2026-04-16 14:00:00,32,68689593;68688996;68686426
2026-04-16 15:00:00,62,68687945;68692500;68693345
2026-04-16 16:00:00,58,68684952;68690438;68691033
2026-04-16 17:00:00,124,68685604;68688983;68693798
2026-04-16 18:00:00,91,68693898;68685029;68684959
2026-04-16 19:00:00,121,68689451;68690943;68688025
2026-04-16 20:00:00,163,68695311;68686497;68689570
2026-04-16 21:00:00,224,68686472;68695366;68692535
2026-04-16 22:00:00,241,68688611;68695395;68685599
2026-04-16 23:00:00,229,68690452;68689500;68693891
2026-04-17 00:00:00,164,68690981;68695332;68688616
2026-04-17 01:00:00,92,68690075;68695398;68685014
2026-04-17 02:00:00,66,68687099;68690060;68688622
2026-04-17 03:00:00,44,68701290;68696918;68704292
2026-04-17 04:00:00,22,68703612;68702751;68697808
2026-04-17 05:00:00,24,68701176;68704202;68699717
2026-04-17 06:00:00,23,68706504;68704179;68696313
2026-04-17 07:00:00,29,68702618;68705346;68699730
2026-04-17 08:00:00,36,68705086;68702651;68703890
2026-04-17 09:00:00,43,68705642;68703889;68702173
2026-04-17 10:00:00,45,68701209;68705524;68701233
2026-04-17 11:00:00,39,68702158;68706503;68700712
2026-04-17 12:00:00,48,68703646;68702784;68702778
2026-04-17 13:00:00,32,68702776;68698257;68706995
2026-04-17 14:00:00,55,68702156;68701226;68702760
2026-04-17 15:00:00,55,68696302;68707011;68698387
2026-04-17 16:00:00,58,68702613;68706977;68707054
2026-04-17 17:00:00,69,68699709;68702143;68701274
2026-04-17 18:00:00,118,68698252;68699812;68696944
2026-04-17 19:00:00,133,68703644;68702685;68705532
2026-04-17 20:00:00,198,68706498;68702424;68700721
2026-04-17 21:00:00,191,68705585;68707072;68696975
2026-04-17 22:00:00,329,68704716;68701135;68702725
2026-04-17 23:00:00,321,68697437;68707031;68706136
2026-04-18 00:00:00,284,68707102;68697451;68702761
2026-04-18 01:00:00,200,68697340;68697414;68704748
2026-04-18 02:00:00,108,68697463;68706139;68706147
2026-04-18 03:00:00,90,68711691;68709802;68717317
2026-04-18 04:00:00,46,68708548;68716100;68713404
2026-04-18 05:00:00,29,68716067;68717108;68711089
2026-04-18 06:00:00,35,68707938;68714467;68712318
2026-04-18 07:00:00,45,68712920;68712980;68715523
2026-04-18 08:00:00,79,68713547;68713487;68711715
2026-04-18 09:00:00,66,68710484;68709578;68717232
2026-04-18 10:00:00,60,68713158;68710874;68709593
2026-04-18 11:00:00,70,68715736;68716083;68715722
2026-04-18 12:00:00,71,68710935;68714720;68713551
2026-04-18 13:00:00,98,68708368;68713379;68709580
2026-04-18 14:00:00,90,68709830;68717144;68710685
2026-04-18 15:00:00,91,68712282;68713365;68711951
2026-04-18 16:00:00,98,68715902;68714654;68708447
2026-04-18 17:00:00,131,68708540;68712118;68716064
2026-04-18 18:00:00,134,68707950;68709210;68711095
2026-04-18 19:00:00,157,68708561;68709632;68714843
2026-04-18 20:00:00,149,68717274;68715723;68709558
2026-04-18 21:00:00,264,68712084;68708520;68710857
2026-04-18 22:00:00,335,68709786;68709608;68708524
2026-04-18 23:00:00,354,68715719;68716416;68708907
2026-04-19 00:00:00,328,68717197;68715198;68712203
2026-04-19 01:00:00,239,68709696;68710154;68711444
2026-04-19 02:00:00,164,68722463;68718326;68725699
2026-04-19 03:00:00,99,68724660;68723640;68721477
2026-04-19 04:00:00,64,68724666;68723583;68719368
2026-04-19 05:00:00,44,68724724;68725611;68725674
2026-04-19 06:00:00,31,68720513;68721492;68720042
2026-04-19 07:00:00,47,68722142;68718398;68724559
2026-04-19 08:00:00,61,68722141;68720388;68718115
2026-04-19 09:00:00,53,68724620;68719175;68723180
2026-04-19 10:00:00,66,68725629;68720459;68722621
2026-04-19 11:00:00,70,68725656;68725735;68723631
2026-04-19 12:00:00,48,68723184;68721508;68721454
2026-04-19 13:00:00,44,68723607;68720411;68718351
2026-04-19 14:00:00,52,68722472;68725704;68720428
2026-04-19 15:00:00,62,68723512;68718331;68724616
2026-04-19 16:00:00,68,68720393;68721523;68722511
2026-04-19 17:00:00,88,68718950;68724241;68721580
2026-04-19 18:00:00,78,68722146;68718939;68722330
2026-04-19 19:00:00,114,68722604;68724576;68725477
2026-04-19 20:00:00,120,68722519;68725619;68720545
2026-04-19 21:00:00,95,68723554;68718926;68722550
2026-04-19 22:00:00,151,68721928;68724693;68725630
2026-04-19 23:00:00,145,68721463;68723541;68723626
2026-04-20 00:00:00,131,68718383;68724730;68725059
2026-04-20 01:00:00,62,68733652;68720420;68723997
2026-04-20 02:00:00,71,68722934;68725065;68725076
2026-04-20 03:00:00,39,68729195;68732625;68732677
2026-04-20 04:00:00,21,68728268;68733877;68732672
2026-04-20 05:00:00,33,68734055;68735528;68726709
2026-04-20 06:00:00,35,68735559;68729670;68735484
2026-04-20 07:00:00,37,68729211;68727441;68726734
2026-04-20 08:00:00,41,68726718;68726705;68737023
2026-04-20 09:00:00,41,68730752;68726302;68735342
2026-04-20 10:00:00,44,68735572;68726314;68729692
2026-04-20 11:00:00,41,68733882;68735588;68731001
2026-04-20 12:00:00,36,68737069;68736591;68728858
2026-04-20 13:00:00,31,68727751;68733881;68737092
2026-04-20 14:00:00,36,68732243;68731258;68734053
2026-04-20 15:00:00,63,68731207;68732276;68730744
2026-04-20 16:00:00,66,68729666;68734097;68737049
2026-04-20 17:00:00,65,68726756;68728857;68735530
2026-04-20 18:00:00,69,68728265;68726682;68728182
2026-04-20 19:00:00,80,68733315;68735501;68727439
2026-04-20 20:00:00,101,68735513;68726677;68736261
2026-04-20 21:00:00,101,68735112;68727415;68729616
2026-04-20 22:00:00,102,68734070;68731913;68737098
2026-04-20 23:00:00,114,68726311;68736839;68729205
2026-04-21 00:00:00,83,68736278;68728870;68729702
2026-04-21 01:00:00,55,68734769;68727423;68737746
2026-04-21 02:00:00,44,68743933;68748984;68742926
2026-04-21 03:00:00,37,68746973;68738577;68738509
2026-04-21 04:00:00,25,68738317;68739207;68739208
2026-04-21 05:00:00,36,68748924;68747489;68747469
2026-04-21 06:00:00,37,68742500;68738057;68748476
2026-04-21 07:00:00,29,68744463;68746950;68741427
2026-04-21 08:00:00,39,68747505;68745736;68742935
2026-04-21 09:00:00,57,68739528;68740055;68745451
2026-04-21 10:00:00,47,68739514;68742754;68741007
2026-04-21 11:00:00,51,68744495;68741507;68744511
2026-04-21 12:00:00,58,68749004;68749628;68743019
2026-04-21 13:00:00,41,68748152;68746019;68745941
2026-04-21 14:00:00,50,68745737;68741467;68740678
2026-04-21 15:00:00,71,68738541;68740987;68748968
2026-04-21 16:00:00,54,68740067;68741490;68741455
2026-04-21 17:00:00,57,68739996;68738540;68741442
2026-04-21 18:00:00,86,68745418;68738596;68740019
2026-04-21 19:00:00,101,68741488;68747438;68739987
2026-04-21 20:00:00,99,68744228;68744230;68742930
2026-04-21 21:00:00,114,68744474;68745904;68748920
2026-04-21 22:00:00,156,68748967;68738479;68742989
2026-04-21 23:00:00,116,68738059;68744457;68747478
2026-04-22 00:00:00,80,68740682;68748738;68741503
2026-04-22 01:00:00,62,68751346;68744507;68741449
2026-04-22 02:00:00,36,68748161;68755804;68755786
2026-04-22 03:00:00,16,68754465;68751808;68751789
2026-04-22 04:00:00,16,68756839;68751785;68757120
2026-04-22 05:00:00,42,68751800;68754046;68759704
2026-04-22 06:00:00,38,68751325;68755738;68750368
2026-04-22 07:00:00,28,68758350;68754458;68753166
2026-04-22 08:00:00,43,68756592;68754532;68756624
2026-04-22 09:00:00,40,68756599;68753728;68758403
2026-04-22 10:00:00,54,68750449;68758180;68755587
2026-04-22 11:00:00,36,68757631;68751315;68753129
2026-04-22 12:00:00,34,68757123;68757077;68754311
2026-04-22 13:00:00,34,68759277;68752699;68754464
2026-04-22 14:00:00,40,68750408;68754544;68759744
2026-04-22 15:00:00,42,68753210;68760259;68751324
2026-04-22 16:00:00,47,68757135;68755378;68760261
2026-04-22 17:00:00,58,68751796;68751771;68751345
2026-04-22 18:00:00,78,68759686;68759703;68759753
2026-04-22 19:00:00,72,68757041;68759735;68755780
2026-04-22 20:00:00,129,68750426;68751819;68753198
2026-04-22 21:00:00,144,68755793;68753185;68749960
2026-04-22 22:00:00,135,68753089;68751741;68750400
2026-04-22 23:00:00,104,68751578;68754533;68757078
2026-04-23 00:00:00,97,68751827;68763460;68759738
2026-04-23 01:00:00,53,68757632;68754467;68753725
2026-04-23 02:00:00,38,68753743;68762601;68768201
2026-04-23 03:00:00,26,68763707;68768214;68763461
2026-04-23 04:00:00,15,68769695;68766609;68770612
2026-04-23 05:00:00,20,68766814;68769634;68768008
2026-04-23 06:00:00,45,68763912;68768243;68769633
2026-04-23 07:00:00,27,68766904;68771242;68762472
2026-04-23 08:00:00,47,68769445;68766765;68760567
2026-04-23 09:00:00,52,68768166;68765095;68766811
2026-04-23 10:00:00,67,68771149;68771226;68765335
2026-04-23 11:00:00,53,68771212;68771131;68763993
2026-04-23 12:00:00,60,68771092;68761016;68761161
2026-04-23 13:00:00,54,68766920;68761040;68762505
2026-04-23 14:00:00,58,68762496;68764809;68766786
2026-04-23 15:00:00,64,68766872;68769604;68770593
2026-04-23 16:00:00,71,68762541;68771158;68766803
2026-04-23 17:00:00,70,68761000;68770882;68762266
2026-04-23 18:00:00,136,68761165;68764479;68771253
2026-04-23 19:00:00,144,68767738;68763908;68771145
2026-04-23 20:00:00,137,68762460;68765404;68769735
2026-04-23 21:00:00,197,68766889;68762615;68762458
2026-04-23 22:00:00,264,68771241;68771110;68761080
2026-04-23 23:00:00,207,68761011;68765459;68763884
2026-04-24 00:00:00,182,68761132;68768168;68771730
2026-04-24 01:00:00,128,68765977;68771232;68774814
2026-04-24 02:00:00,44,68782258;68773850;68776612
2026-04-24 03:00:00,69,68780859;68776251;68773852
2026-04-24 04:00:00,37,68776669;68772476;68776668
2026-04-24 05:00:00,22,68773900;68773883;68780378
2026-04-24 06:00:00,37,68775345;68775294;68778158
2026-04-24 07:00:00,43,68778024;68779434;68780797
2026-04-24 08:00:00,44,68773858;68777639;68775285
2026-04-24 09:00:00,35,68775318;68775426;68780796
2026-04-24 10:00:00,56,68774802;68776616;68776758
2026-04-24 11:00:00,59,68774422;68782281;68774795
2026-04-24 12:00:00,53,68782290;68772516;68781391
2026-04-24 13:00:00,73,68776738;68772590;68775343
2026-04-24 14:00:00,42,68775376;68773669;68778164
2026-04-24 15:00:00,56,68780830;68775231;68778141
2026-04-24 16:00:00,67,68773972;68782225;68780908
2026-04-24 17:00:00,63,68776760;68782169;68777272
2026-04-24 18:00:00,110,68776725;68781763;68773957
2026-04-24 19:00:00,128,68772531;68780847;68772561
2026-04-24 20:00:00,163,68779564;68779569;68775275
2026-04-24 21:00:00,190,68774003;68776714;68780821
2026-04-24 22:00:00,286,68777631;68779448;68780013
2026-04-24 23:00:00,256,68774454;68776685;68772461
2026-04-25 00:00:00,236,68773977;68780799;68773879
2026-04-25 01:00:00,169,68775890;68780034;68780875
2026-04-25 02:00:00,103,68783529;68789956;68784645
2026-04-25 03:00:00,58,68789849;68784207;68789445
2026-04-25 04:00:00,50,68786445;68784631;68788347
2026-04-25 05:00:00,24,68789885;68787718;68786786
2026-04-25 06:00:00,22,68790953;68787724;68787593
2026-04-25 07:00:00,36,68787624;68785565;68787780
2026-04-25 08:00:00,51,68788768;68788711;68790879
2026-04-25 09:00:00,66,68787763;68787328;68790897
2026-04-25 10:00:00,75,68783152;68784199;68786760
2026-04-25 11:00:00,52,68790919;68785570;68784533
2026-04-25 12:00:00,61,68783483;68784537;68783552
2026-04-25 13:00:00,70,68783595;68785622;68788721
2026-04-25 14:00:00,61,68788761;68786777;68786645
2026-04-25 15:00:00,65,68783510;68785566;68790952
2026-04-25 16:00:00,46,68790883;68786745;68787308
2026-04-25 17:00:00,66,68785244;68788726;68785716
2026-04-25 18:00:00,70,68786443;68783324;68787757
2026-04-25 19:00:00,85,68790707;68786654;68787706
2026-04-25 20:00:00,106,68784187;68783476;68791025
2026-04-25 21:00:00,132,68789664;68783587;68790976
2026-04-25 22:00:00,232,68788780;68787692;68784644
2026-04-25 23:00:00,198,68788643;68788758;68788745
2026-04-26 00:00:00,213,68786590;68790862;68791432
2026-04-26 01:00:00,196,68785694;68786576;68785057
2026-04-26 02:00:00,108,68789220;68791394;68785026
2026-04-26 03:00:00,52,68793058;68798983;68798898
2026-04-26 04:00:00,54,68791951;68799073;68796685
2026-04-26 05:00:00,41,68793187;68795636;68793115
2026-04-26 06:00:00,42,68792716;68798946;68795502
2026-04-26 07:00:00,47,68796649;68793144;68793265
2026-04-26 08:00:00,53,68797662;68794335;68798323
2026-04-26 09:00:00,73,68796654;68796614;68799918
2026-04-26 10:00:00,45,68794311;68798964;68796636
2026-04-26 11:00:00,80,68791644;68793120;68793100
2026-04-26 12:00:00,60,68794289;68795538;68791943
2026-04-26 13:00:00,73,68795082;68791833;68792120
2026-04-26 14:00:00,75,68793142;68797851;68796643
2026-04-26 15:00:00,82,68795626;68800086;68795647
2026-04-26 16:00:00,107,68794451;68800229;68800083
2026-04-26 17:00:00,121,68796732;68799689;68800053
2026-04-26 18:00:00,140,68792111;68800146;68796050
2026-04-26 19:00:00,187,68796775;68791958;68795561
2026-04-26 20:00:00,185,68797146;68794483;68791966
2026-04-26 21:00:00,173,68793185;68796695;68793154
2026-04-26 22:00:00,231,68792096;68795453;68798948
2026-04-26 23:00:00,166,68793688;68796065;68798336
2026-04-27 00:00:00,125,68793691;68793639;68798360
2026-04-27 01:00:00,89,68806797;68800642;68793134
2026-04-27 02:00:00,67,68797160;68796045;68792503
2026-04-27 03:00:00,41,68807266;68805743;68807260
2026-04-27 04:00:00,33,68808755;68811619;68801402
2026-04-27 05:00:00,23,68807225;68804299;68811575
2026-04-27 06:00:00,30,68805789;68803814;68811581
2026-04-27 07:00:00,32,68811621;68804255;68804244
2026-04-27 08:00:00,39,68801314;68802848;68808279
2026-04-27 09:00:00,40,68808763;68801171;68808297
2026-04-27 10:00:00,43,68808299;68804269;68809705
2026-04-27 11:00:00,37,68805357;68802825;68810210
2026-04-27 12:00:00,54,68802828;68807184;68804234
2026-04-27 13:00:00,52,68801317;68810171;68805845
2026-04-27 14:00:00,55,68809716;68810741;68801993
2026-04-27 15:00:00,63,68802847;68805872;68807311
2026-04-27 16:00:00,85,68807883;68808742;68804972
2026-04-27 17:00:00,89,68808796;68804974;68802888
2026-04-27 18:00:00,100,68802886;68808758;68808787
2026-04-27 19:00:00,122,68803480;68802609;68805771
2026-04-27 20:00:00,146,68809325;68801415;68804349
2026-04-27 21:00:00,167,68809718;68807870;68801389
2026-04-27 22:00:00,177,68802377;68806413;68803469
2026-04-27 23:00:00,146,68801999;68803455;68810116
2026-04-28 00:00:00,81,68804977;68814018;68804293
2026-04-28 01:00:00,50,68805737;68812593;68812202
2026-04-28 02:00:00,32,68815983;68816904;68813045
2026-04-28 03:00:00,28,68816897;68815913;68817372
2026-04-28 04:00:00,20,68818657;68815954;68818689
2026-04-28 05:00:00,32,68820166;68813080;68821164
2026-04-28 06:00:00,36,68821417;68822993;68821422
2026-04-28 07:00:00,34,68822822;68822568;68818750
2026-04-28 08:00:00,43,68812990;68815440;68818275
2026-04-28 09:00:00,45,68820162;68823034;68817322
2026-04-28 10:00:00,46,68818686;68822566;68820203
2026-04-28 11:00:00,46,68819935;68813042;68821639
2026-04-28 12:00:00,53,68815971;68817333;68813993
2026-04-28 13:00:00,55,68814315;68815937;68820146
2026-04-28 14:00:00,36,68821604;68820151;68814455
2026-04-28 15:00:00,54,68820119;68813036;68821713
2026-04-28 16:00:00,65,68815939;68813116;68820771
2026-04-28 17:00:00,48,68820212;68819263;68818698
2026-04-28 18:00:00,84,68821648;68820220;68821677
2026-04-28 19:00:00,95,68815438;68822987;68815423
2026-04-28 20:00:00,120,68822999;68822967;68821676
2026-04-28 21:00:00,134,68822210;68821636;68822197
2026-04-28 22:00:00,169,68817304;68823038;68817374
2026-04-28 23:00:00,136,68823108;68818254;68813113
2026-04-29 00:00:00,96,68812858;68815990;68822825
2026-04-29 01:00:00,79,68822207;68817402;68818762
2026-04-29 02:00:00,46,68816536;68822195;68816534
2026-04-29 03:00:00,35,68825804;68829813;68829791
2026-04-29 04:00:00,28,68828579;68828506;68825799
2026-04-29 05:00:00,14,68829773;68832532;68823960
2026-04-29 06:00:00,28,68833826;68828482;68824486
2026-04-29 07:00:00,43,68832085;68828533;68826322
2026-04-29 08:00:00,49,68833848;68828518;68828503
2026-04-29 09:00:00,43,68831188;68830949;68826932
2026-04-29 10:00:00,41,68825803;68831183;68826929
2026-04-29 11:00:00,34,68825825;68829878;68824462
2026-04-29 12:00:00,49,68829781;68833790;68824208
2026-04-29 13:00:00,40,68828050;68823945;68833892
2026-04-29 14:00:00,32,68829867;68825751;68825792
2026-04-29 15:00:00,48,68830950;68833885;68833390
2026-04-29 16:00:00,57,68833418;68831165;68827143
2026-04-29 17:00:00,64,68825808;68832492;68831127
2026-04-29 18:00:00,72,68824449;68828541;68832523
2026-04-29 19:00:00,98,68828542;68826320;68825336
2026-04-29 20:00:00,110,68825770;68833851;68829808
2026-04-29 21:00:00,92,68832084;68825785;68824389
2026-04-29 22:00:00,117,68824385;68833855;68831155
2026-04-29 23:00:00,89,68833791;68829784;68833057
2026-04-30 00:00:00,80,68825784;68829872;68829031
2026-04-30 01:00:00,55,68831108;68824982;68826327
2026-04-30 02:00:00,43,68831740;68824980;68830377
2026-04-30 03:00:00,31,68844704;68834995;68835215
2026-04-30 04:00:00,22,68844683;68835188;68844647
2026-04-30 05:00:00,28,68842875;68844700;68842887
2026-04-30 06:00:00,32,68834741;68844634;68840577
2026-04-30 07:00:00,42,68841767;68844699;68836074
2026-04-30 08:00:00,43,68839041;68836072;68835234
2026-04-30 09:00:00,40,68844657;68838796;68836549
2026-04-30 10:00:00,38,68841525;68835182;68835226
2026-04-30 11:00:00,42,68844666;68840581;68836066
2026-04-30 12:00:00,40,68836511;68834724;68839277
2026-04-30 13:00:00,53,68836052;68837843;68836076
2026-04-30 14:00:00,45,68840579;68840160;68844660
2026-04-30 15:00:00,49,68837970;68839217;68834723
2026-04-30 16:00:00,58,68841961;68835240;68842007
2026-04-30 17:00:00,58,68836575;68838781;68839214
2026-04-30 18:00:00,67,68841171;68839304;68839210
2026-04-30 19:00:00,96,68836483;68839233;68839216
2026-04-30 20:00:00,121,68840169;68834999;68842000
2026-04-30 21:00:00,114,68836501;68840644;68836526
2026-04-30 22:00:00,192,68836049;68840167;68836487
2026-04-30 23:00:00,163,68840172;68840177;68843836
2026-05-01 00:00:00,139,68839244;68835164;68837872
2026-05-01 01:00:00,78,68842530;68838464;68835754
2026-05-01 02:00:00,57,68842533;68837084;68837090
2026-05-01 03:00:00,27,68847295;68845838;68846042
2026-05-01 04:00:00,22,68853216;68853219;68850377
2026-05-01 05:00:00,23,68854683;68854682;68856017
2026-05-01 06:00:00,27,68847058;68856049;68854603
2026-05-01 07:00:00,31,68854572;68852732;68854198
2026-05-01 08:00:00,38,68854194;68848906;68854614
2026-05-01 09:00:00,47,68849899;68856198;68854626
2026-05-01 10:00:00,61,68854644;68850319;68851693
2026-05-01 11:00:00,56,68846186;68853798;68847026
2026-05-01 12:00:00,60,68851281;68846028;68851865
2026-05-01 13:00:00,76,68846195;68846027;68847643
2026-05-01 14:00:00,61,68845615;68845837;68847639
2026-05-01 15:00:00,69,68849917;68846039;68851684
2026-05-01 16:00:00,78,68854600;68851669;68846675
2026-05-01 17:00:00,89,68851796;68846015;68850138
2026-05-01 18:00:00,118,68856097;68853292;68848870
2026-05-01 19:00:00,126,68846145;68846067;68854733
2026-05-01 20:00:00,174,68856181;68851732;68846654
2026-05-01 21:00:00,200,68851862;68850364;68851671
2026-05-01 22:00:00,289,68856123;68851517;68850350
2026-05-01 23:00:00,313,68848521;68847600;68853814
2026-05-02 00:00:00,287,68852335;68855271;68849015
2026-05-02 01:00:00,187,68855221;68855264;68847443
2026-05-02 02:00:00,126,68853784;68848141;68848175
2026-05-02 03:00:00,84,68863911;68858979;68861419
2026-05-02 04:00:00,73,68857615;68865064;68866455
2026-05-02 05:00:00,42,68864825;68860231;68857417
2026-05-02 06:00:00,22,68861438;68860167;68860199
2026-05-02 07:00:00,52,68866316;68860160;68864831
2026-05-02 08:00:00,64,68864841;68862367;68861336
2026-05-02 09:00:00,79,68859994;68860877;68857486
2026-05-02 10:00:00,73,68858747;68857614;68862554
2026-05-02 11:00:00,78,68866268;68863957;68864933
2026-05-02 12:00:00,79,68862159;68866501;68864974
2026-05-02 13:00:00,76,68863064;68857545;68862734
2026-05-02 14:00:00,92,68862739;68862599;68863959
2026-05-02 15:00:00,74,68863752;68857554;68857489
2026-05-02 16:00:00,108,68857646;68860035;68857555
2026-05-02 17:00:00,103,68857467;68863984;68858559
2026-05-02 18:00:00,125,68862684;68865890;68860626
2026-05-02 19:00:00,179,68866366;68863944;68863986
2026-05-02 20:00:00,203,68863718;68862518;68865617
2026-05-02 21:00:00,255,68865013;68858694;68861453
2026-05-02 22:00:00,441,68859602;68857060;68865035
2026-05-02 23:00:00,387,68857406;68861374;68863701
2026-05-03 00:00:00,340,68858056;68864992;68860210
2026-05-03 01:00:00,224,68865623;68858921;68861397
2026-05-03 02:00:00,143,68869609;68869608;68867472
2026-05-03 03:00:00,82,68874096;68867409;68867313
2026-05-03 04:00:00,62,68871790;68868578;68871804
2026-05-03 05:00:00,34,68867407;68867528;68868441
2026-05-03 06:00:00,17,68867498;68868484;68874012
2026-05-03 07:00:00,39,68867531;68870063;68867143
2026-05-03 08:00:00,50,68874785;68872948;68872940
2026-05-03 09:00:00,66,68870303;68867137;68874205
2026-05-03 10:00:00,73,68874154;68875148;68869572
2026-05-03 11:00:00,70,68870602;68870610;68872575
2026-05-03 12:00:00,82,68871776;68873705;68867430
2026-05-03 13:00:00,93,68867536;68875266;68868584
2026-05-03 14:00:00,79,68868448;68868156;68870790
2026-05-03 15:00:00,105,68873102;68870305;68871783
2026-05-03 16:00:00,119,68871759;68868497;68870777
2026-05-03 17:00:00,127,68874039;68870738;68869702
2026-05-03 18:00:00,130,68868982;68875301;68867465
2026-05-03 19:00:00,139,68867556;68874152;68875277
2026-05-03 20:00:00,179,68867929;68875175;68869231
2026-05-03 21:00:00,180,68868515;68870739;68873083
2026-05-03 22:00:00,199,68875104;68867933;68869568
2026-05-03 23:00:00,156,68870323;68872302;68870607
2026-05-04 00:00:00,140,68871170;68868962;68867939
2026-05-04 01:00:00,79,68875664;68871160;68873428
2026-05-04 02:00:00,71,68870079;68867944;68875644
2026-05-04 03:00:00,40,68877864;68882476;68886868
2026-05-04 04:00:00,30,68877821;68883998;68879348
2026-05-04 05:00:00,19,68877939;68883916;68886480
2026-05-04 06:00:00,21,68880637;68880398;68883677
2026-05-04 07:00:00,60,68881929;68876362;68880932
2026-05-04 08:00:00,45,68885434;68882421;68886742
2026-05-04 09:00:00,38,68877880;68885344;68876314
2026-05-04 10:00:00,41,68881919;68877386;68886918
2026-05-04 11:00:00,40,68876364;68884554;68886921
2026-05-04 12:00:00,54,68880411;68887574;68880834
2026-05-04 13:00:00,32,68887064;68886879;68881903
2026-05-04 14:00:00,60,68880836;68887059;68876448
2026-05-04 15:00:00,50,68882331;68882367;68886911
2026-05-04 16:00:00,60,68879344;68881527;68886898
2026-05-04 17:00:00,84,68886078;68887569;68877807
2026-05-04 18:00:00,87,68885173;68882337;68875883
2026-05-04 19:00:00,100,68883056;68876350;68880879
2026-05-04 20:00:00,150,68883420;68885410;68883913
2026-05-04 21:00:00,251,68880864;68880422;68887612
2026-05-04 22:00:00,421,68886477;68886880;68887027
2026-05-04 23:00:00,260,68875887;68877848;68879312
2026-05-05 00:00:00,159,68877019;68880634;68878512
2026-05-05 01:00:00,67,68886954;68887578;68882419
2026-05-05 02:00:00,59,68896472;68891665;68897972
2026-05-05 03:00:00,43,68892649;68894811;68897948
2026-05-05 04:00:00,25,68898939;68890201;68897913
2026-05-05 05:00:00,30,68897466;68896568;68897945
2026-05-05 06:00:00,50,68898938;68896412;68899515
2026-05-05 07:00:00,44,68888529;68893218;68891522
2026-05-05 08:00:00,55,68893610;68896390;68889547
2026-05-05 09:00:00,43,68891097;68891655;68888500
2026-05-05 10:00:00,47,68899575;68894949;68896422
2026-05-05 11:00:00,75,68892892;68896548;68888261
2026-05-05 12:00:00,55,68891687;68896549;68891740
2026-05-05 13:00:00,56,68888259;68890036;68890212
2026-05-05 14:00:00,79,68893256;68890187;68894827
2026-05-05 15:00:00,99,68896405;68890178;68889138
2026-05-05 16:00:00,70,68897932;68897964;68889543
2026-05-05 17:00:00,90,68893260;68891663;68889534
2026-05-05 18:00:00,98,68894820;68889548;68894793
2026-05-05 19:00:00,146,68898030;68888583;68894845
2026-05-05 20:00:00,187,68892636;68891745;68893290
2026-05-05 21:00:00,278,68899408;68894790;68899517
2026-05-05 22:00:00,365,68892258;68898056;68894755
2026-05-05 23:00:00,313,68897458;68894710;68888594
2026-05-06 00:00:00,202,68890012;68892281;68893272
2026-05-06 01:00:00,113,68891582;68888637;68900469
2026-05-06 02:00:00,65,68893271;68900116;68900123
2026-05-06 03:00:00,48,68910386;68905021;68905004
2026-05-06 04:00:00,34,68907649;68907643;68903675
2026-05-06 05:00:00,27,68907549;68905005;68902248
2026-05-06 06:00:00,48,68907381;68904948;68903416
2026-05-06 07:00:00,52,68909889;68902315;68900747
2026-05-06 08:00:00,47,68900481;68904772;68910347
2026-05-06 09:00:00,46,68903683;68906270;68902308
2026-05-06 10:00:00,68,68907583;68908995;68903422
2026-05-06 11:00:00,39,68902347;68900997;68910312
2026-05-06 12:00:00,43,68909005;68910375;68909051
2026-05-06 13:00:00,43,68909024;68900942;68909857
2026-05-06 14:00:00,46,68903596;68907564;68904551
2026-05-06 15:00:00,53,68905837;68900967;68902354
2026-05-06 16:00:00,66,68905016;68907380;68904799
2026-05-06 17:00:00,55,68902269;68908993;68903692
2026-05-06 18:00:00,67,68908171;68902364;68901833
2026-05-06 19:00:00,85,68908991;68902072;68905816
2026-05-06 20:00:00,96,68904547;68907147;68906269
2026-05-06 21:00:00,119,68900941;68901841;68907615
2026-05-06 22:00:00,157,68907605;68909542;68906292
2026-05-06 23:00:00,110,68910332;68906255;68910340
2026-05-07 00:00:00,90,68904980;68905498;68904161
2026-05-07 01:00:00,61,68909534;68901494;68910896
2026-05-07 02:00:00,31,68914461;68915809;68914582
2026-05-07 03:00:00,19,68914023;68921419;68920903
2026-05-07 04:00:00,19,68918090;68919913;68911673
2026-05-07 05:00:00,35,68913030;68915658;68912984
2026-05-07 06:00:00,29,68918598;68915807;68911649
2026-05-07 07:00:00,35,68916390;68913011;68912583
2026-05-07 08:00:00,46,68918318;68914028;68918316
2026-05-07 09:00:00,39,68921161;68911207;68911677
2026-05-07 10:00:00,51,68921157;68911777;68912592
2026-05-07 11:00:00,51,68911670;68921369;68920029
2026-05-07 12:00:00,43,68919922;68919923;68918522
2026-05-07 13:00:00,52,68918595;68918571;68918642
2026-05-07 14:00:00,32,68911787;68911740;68920873
2026-05-07 15:00:00,53,68911192;68920035;68920526
2026-05-07 16:00:00,74,68920018;68914560;68918528
2026-05-07 17:00:00,84,68917279;68921313;68913088
2026-05-07 18:00:00,87,68911761;68921471;68917281
2026-05-07 19:00:00,129,68914479;68917251;68915799
2026-05-07 20:00:00,118,68920026;68914538;68913110
2026-05-07 21:00:00,158,68915861;68918607;68914543
2026-05-07 22:00:00,215,68921372;68920522;68912586
2026-05-07 23:00:00,184,68918083;68919471;68917750
2026-05-08 00:00:00,170,68920549;68917237;68917209
2026-05-08 01:00:00,106,68920527;68915058;68915885
2026-05-08 02:00:00,64,68928499;68924167;68932165
2026-05-08 03:00:00,27,68932695;68929547;68929580
2026-05-08 04:00:00,26,68925042;68924185;68925568
2026-05-08 05:00:00,25,68922722;68928523;68929721
2026-05-08 06:00:00,39,68932425;68929850;68926982
2026-05-08 07:00:00,36,68931185;68932666;68932736
2026-05-08 08:00:00,45,68925038;68924083;68929744
2026-05-08 09:00:00,41,68932664;68925291;68926943
2026-05-08 10:00:00,56,68929743;68929557;68929308
2026-05-08 11:00:00,58,68931125;68929907;68929880
2026-05-08 12:00:00,56,68932803;68922805;68928535
2026-05-08 13:00:00,52,68931234;68925261;68929555
2026-05-08 14:00:00,67,68928490;68928178;68925578
2026-05-08 15:00:00,58,68932678;68929869;68929837
2026-05-08 16:00:00,70,68925539;68925010;68922751
2026-05-08 17:00:00,77,68924137;68927126;68924217
2026-05-08 18:00:00,108,68932801;68932694;68931149
2026-05-08 19:00:00,128,68928427;68926950;68931224
2026-05-08 20:00:00,130,68928330;68931162;68925527
2026-05-08 21:00:00,166,68931303;68928424;68932423
2026-05-08 22:00:00,329,68927895;68931197;68928377
2026-05-08 23:00:00,329,68929794;68927002;68927128
2026-05-09 00:00:00,284,68924710;68925424;68926141
2026-05-09 01:00:00,141,68928337;68925490;68926931
2026-05-09 02:00:00,111,68941211;68939994;68941292
2026-05-09 03:00:00,75,68937338;68937628;68938680
2026-05-09 04:00:00,74,68941027;68939998;68939824
2026-05-09 05:00:00,37,68941300;68935288;68935376
2026-05-09 06:00:00,29,68934156;68940035;68938706
2026-05-09 07:00:00,39,68934219;68940083;68935200
2026-05-09 08:00:00,68,68935964;68939991;68938703
2026-05-09 09:00:00,84,68941318;68936341;68941864
2026-05-09 10:00:00,63,68937531;68941879;68941890
2026-05-09 11:00:00,80,68935947;68939827;68935946
2026-05-09 12:00:00,50,68939914;68938735;68941897
2026-05-09 13:00:00,89,68937509;68942454;68942309
2026-05-09 14:00:00,76,68939474;68940061;68934220
2026-05-09 15:00:00,78,68938856;68935201;68934228
2026-05-09 16:00:00,70,68941241;68938792;68934191
2026-05-09 17:00:00,74,68939472;68936353;68941061
2026-05-09 18:00:00,72,68938304;68942275;68937541
2026-05-09 19:00:00,112,68934129;68939969;68938514
2026-05-09 20:00:00,154,68936534;68940063;68941023
2026-05-09 21:00:00,222,68942339;68936385;68942087
2026-05-09 22:00:00,358,68938773;68938517;68937343
2026-05-09 23:00:00,375,68937335;68938804;68937465
2026-05-10 00:00:00,382,68938023;68941614;68942310
2026-05-10 01:00:00,294,68941201;68942795;68935253
2026-05-10 02:00:00,167,68938036;68936910;68935706
2026-05-10 03:00:00,114,68945747;68945756;68945755
2026-05-10 04:00:00,90,68944533;68950192;68950271
2026-05-10 05:00:00,41,68943399;68944212;68947910
2026-05-10 06:00:00,36,68946973;68948636;68946615
2026-05-10 07:00:00,62,68944602;68945819;68948067
2026-05-10 08:00:00,51,68946391;68947862;68947818
2026-05-10 09:00:00,48,68948611;68949801;68946394
2026-05-10 10:00:00,69,68949040;68945864;68948610
2026-05-10 11:00:00,61,68950909;68950243;68947903
2026-05-10 12:00:00,71,68951334;68945695;68946754
2026-05-10 13:00:00,121,68943578;68950119;68943920
2026-05-10 14:00:00,120,68947731;68945815;68945688
2026-05-10 15:00:00,132,68948602;68950135;68951421
2026-05-10 16:00:00,119,68951227;68951181;68949206
2026-05-10 17:00:00,132,68944470;68951205;68949177
2026-05-10 18:00:00,131,68943059;68946838;68951467
2026-05-10 19:00:00,184,68945660;68951372;68946835
2026-05-10 20:00:00,266,68951358;68945676;68950258
2026-05-10 21:00:00,303,68945828;68951397;68949167
2026-05-10 22:00:00,372,68945739;68951441;68944617
2026-05-10 23:00:00,249,68951723;68945578;68945835
2026-05-11 00:00:00,205,68945773;68950291;68946959
2026-05-11 01:00:00,112,68945628;68945082;68948404
2026-05-11 02:00:00,66,68954983;68948402;68943946
2026-05-11 03:00:00,37,68955486;68959914;68955496
2026-05-11 04:00:00,17,68961403;68956851;68962882
2026-05-11 05:00:00,20,68957249;68955432;68961426
2026-05-11 06:00:00,39,68959962;68961394;68955457
2026-05-11 07:00:00,28,68955528;68956875;68962375
2026-05-11 08:00:00,24,68953493;68958146;68960914
2026-05-11 09:00:00,55,68956842;68959895;68962823
2026-05-11 10:00:00,50,68957893;68955258;68955529
2026-05-11 11:00:00,43,68962822;68958472;68954981
2026-05-11 12:00:00,45,68958420;68956917;68956966
2026-05-11 13:00:00,37,68954037;68954032;68952467
2026-05-11 14:00:00,40,68961463;68959440;68958168
2026-05-11 15:00:00,52,68962812;68955524;68955451
2026-05-11 16:00:00,77,68951971;68955474;68953945
2026-05-11 17:00:00,77,68954003;68952442;68956925
2026-05-11 18:00:00,80,68953942;68963540;68958458
2026-05-11 19:00:00,99,68959431;68961456;68958341
2026-05-11 20:00:00,144,68956854;68952461;68954051
2026-05-11 21:00:00,145,68952446;68953971;68958435
2026-05-11 22:00:00,178,68962894;68952415;68961375
2026-05-11 23:00:00,140,68956415;68957564;68954031
2026-05-12 00:00:00,92,68962863;68968214;68960550
2026-05-12 01:00:00,55,68956084;68962779;68974103
2026-05-12 02:00:00,50,68957562;68956106;68953115
2026-05-12 03:00:00,31,68964331;68973107;68971601
2026-05-12 04:00:00,30,68970232;68971600;68971653
2026-05-12 05:00:00,24,68968744;68967091;68965915
2026-05-12 06:00:00,29,68973104;68974593;68970127
2026-05-12 07:00:00,34,68971615;68965023;68974515
2026-05-12 08:00:00,42,68972629;68972590;68969660
2026-05-12 09:00:00,45,68969679;68974500;68965412
2026-05-12 10:00:00,39,68973050;68967262;68965852
2026-05-12 11:00:00,48,68974527;68974541;68973133
2026-05-12 12:00:00,44,68970181;68965919;68967288
2026-05-12 13:00:00,47,68967240;68973049;68966465
2026-05-12 14:00:00,52,68970159;68967255;68971724
2026-05-12 15:00:00,49,68971628;68965833;68973048
2026-05-12 16:00:00,61,68964459;68967270;68972585
2026-05-12 17:00:00,69,68968791;68965914;68966467
2026-05-12 18:00:00,92,68970143;68973161;68974627
2026-05-12 19:00:00,107,68965829;68964406;68964369
2026-05-12 20:00:00,129,68968753;68966472;68970168
2026-05-12 21:00:00,132,68965022;68973100;68973722
2026-05-12 22:00:00,171,68965889;68971693;68965410
2026-05-12 23:00:00,157,68970141;68965908;68965891
2026-05-13 00:00:00,102,68973750;68973119;68965873
2026-05-13 01:00:00,68,68964396;68967867;68971696
2026-05-13 02:00:00,45,68980425;68984717;68977465
2026-05-13 03:00:00,35,68986147;68976061;68981753
2026-05-13 04:00:00,27,68976059;68983187;68986110
2026-05-13 05:00:00,24,68981878;68980136;68977527
2026-05-13 06:00:00,27,68978936;68983019;68981302
2026-05-13 07:00:00,52,68982758;68982759;68981777
2026-05-13 08:00:00,42,68978443;68976065;68975597
2026-05-13 09:00:00,43,68979866;68975561;68981763
2026-05-13 10:00:00,30,68985895;68975849;68978486
2026-05-13 11:00:00,49,68984622;68981333;68978441
2026-05-13 12:00:00,55,68978915;68981821;68983219
2026-05-13 13:00:00,36,68985645;68975828;68986053
2026-05-13 14:00:00,49,68986131;68980357;68986126
2026-05-13 15:00:00,58,68980130;68979871;68980155
2026-05-13 16:00:00,47,68981807;68980311;68984657
2026-05-13 17:00:00,55,68981874;68983286;68984708
2026-05-13 18:00:00,71,68980315;68976011;68977539
2026-05-13 19:00:00,103,68976000;68977431;68976102
2026-05-13 20:00:00,74,68976078;68975556;68984643
2026-05-13 21:00:00,150,68978464;68977475;68983257
2026-05-13 22:00:00,188,68983217;68980352;68981792
2026-05-13 23:00:00,118,68979849;68984610;68983213
2026-05-14 00:00:00,124,68983170;68982405;68994049
2026-05-14 01:00:00,85,68988478;68982399;68977533
2026-05-14 02:00:00,45,68995956;68987554;68995848
2026-05-14 03:00:00,29,68993097;68990411;68988970
2026-05-14 04:00:00,22,68997040;68991559;68988767
2026-05-14 05:00:00,21,68989016;68988484;68995951
2026-05-14 06:00:00,45,68990466;68997300;68997288
2026-05-14 07:00:00,46,68988474;68987079;68994514
2026-05-14 08:00:00,46,68992689;68992917;68992669
2026-05-14 09:00:00,52,68997226;68997214;68997185
2026-05-14 10:00:00,48,68988940;68988927;68991756
2026-05-14 11:00:00,38,68995801;68987582;68991755
2026-05-14 12:00:00,84,68987057;68989527;68993103
2026-05-14 13:00:00,59,68989018;68989924;68997293
2026-05-14 14:00:00,34,68997277;68990481;68990922
2026-05-14 15:00:00,48,68991740;68991558;68990470
2026-05-14 16:00:00,76,68987320;68995921;68995638
2026-05-14 17:00:00,55,68987592;68990474;68995821
2026-05-14 18:00:00,97,68987587;68990404;68991807
2026-05-14 19:00:00,110,68993123;68991810;68995850
2026-05-14 20:00:00,153,68992678;68987562;68991827
2026-05-14 21:00:00,153,68993178;68988090;68990331
2026-05-14 22:00:00,187,68995963;68997318;68997276
2026-05-14 23:00:00,157,68987083;68988996;68997266
2026-05-15 00:00:00,162,68987567;68992337;68999727
2026-05-15 01:00:00,77,69006049;68997267;68997852
2026-05-15 02:00:00,49,68995039;68995045;68990945
2026-05-15 03:00:00,33,69005761;69002934;69006233
2026-05-15 04:00:00,17,69001646;69004666;69006196
2026-05-15 05:00:00,26,68998187;69000228;69000261
2026-05-15 06:00:00,24,69005736;69007728;69000227
2026-05-15 07:00:00,46,69007236;69004162;69007743
2026-05-15 08:00:00,39,69004665;69006046;69000212
2026-05-15 09:00:00,53,69002683;68998619;69005755
2026-05-15 10:00:00,45,69004762;69004743;69002666
2026-05-15 11:00:00,55,69004676;69004152;69006346
2026-05-15 12:00:00,42,69000865;69001457;69004756
2026-05-15 13:00:00,34,69008771;69006404;69009214
2026-05-15 14:00:00,68,69007710;69003293;69006231
2026-05-15 15:00:00,63,69008783;69003264;68999734
2026-05-15 16:00:00,73,69009278;69000394;69003171
2026-05-15 17:00:00,98,69000207;69009189;69004755
2026-05-15 18:00:00,117,69007234;69007916;69003209
2026-05-15 19:00:00,162,69001752;69000206;69007280
2026-05-15 20:00:00,187,68998639;68998722;69006265
2026-05-15 21:00:00,261,69000280;68998727;68998746
2026-05-15 22:00:00,356,69001213;69000878;68998814
2026-05-15 23:00:00,399,69006377;69006276;69004828
2026-05-16 00:00:00,327,69009172;69008414;69009353
2026-05-16 01:00:00,236,69002331;69009887;68999368
2026-05-16 02:00:00,133,69015011;69018221;69013540
2026-05-16 03:00:00,86,69013684;69015099;69019811
2026-05-16 04:00:00,65,69016093;69021046;69010652
2026-05-16 05:00:00,44,69016560;69016637;69013773
2026-05-16 06:00:00,22,69016089;69010686;69019549
2026-05-16 07:00:00,52,69016837;69013512;69010657
2026-05-16 08:00:00,93,69012216;69019669;69021151
2026-05-16 09:00:00,85,69017600;69018374;69020597
2026-05-16 10:00:00,84,69015102;69020986;69016495
2026-05-16 11:00:00,117,69019315;69012404;69013797
2026-05-16 12:00:00,97,69013118;69013501;69018011
2026-05-16 13:00:00,81,69017999;69016276;69020965
2026-05-16 14:00:00,131,69013738;69016078;69016856
2026-05-16 15:00:00,146,69013337;69017592;69014953
2026-05-16 16:00:00,151,69020955;69019463;69016721
2026-05-16 17:00:00,128,69016505;69019651;69021233
2026-05-16 18:00:00,191,69018052;69010952;69021203
2026-05-16 19:00:00,220,69013770;69013591;69012162
2026-05-16 20:00:00,325,69018756;69013893;69019802
2026-05-16 21:00:00,476,69019690;69014811;69013839
2026-05-16 22:00:00,696,69012033;69019766;69019945
2026-05-16 23:00:00,624,69018293;69020289;69018033
2026-05-17 00:00:00,605,69022099;69013802;69016723
2026-05-17 01:00:00,445,69016414;69015712;69016475
2026-05-17 02:00:00,261,69015752;69015809;69014321
2026-05-17 03:00:00,162,69026246;69022480;69029545
2026-05-17 04:00:00,116,69026728;69025509;69025182
2026-05-17 05:00:00,53,69028057;69030954;69027986
2026-05-17 06:00:00,38,69029520;69028239;69028186
2026-05-17 07:00:00,49,69026632;69026618;69030843
2026-05-17 08:00:00,52,69031099;69030825;69025207
2026-05-17 09:00:00,84,69026208;69023933;69028964
2026-05-17 10:00:00,74,69022050;69022031;69030923
2026-05-17 11:00:00,83,69025875;69024813;69026906
2026-05-17 12:00:00,89,69032246;69028151;69032457
2026-05-17 13:00:00,86,69032219;69029673;69029530
2026-05-17 14:00:00,96,69028131;69031784;69030784
2026-05-17 15:00:00,130,69026850;69023939;69022412
2026-05-17 16:00:00,121,69025048;69022729;69031493
2026-05-17 17:00:00,176,69028150;69027974;69029421
2026-05-17 18:00:00,168,69026202;69028318;69025232
2026-05-17 19:00:00,253,69032384;69024075;69022521
2026-05-17 20:00:00,375,69023935;69025402;69026840
2026-05-17 21:00:00,478,69030999;69025924;69028226
2026-05-17 22:00:00,501,69025949;69027294;69029705
2026-05-17 23:00:00,331,69031094;69030957;69030755
